2026-10-10 00:48:41,483 LOG_FILE /Users/alex/IdeaProjects/ELM327wifi/captures/elm-20261010-004841-482940.log
2026-10-10 00:48:41,493 MODE=LIVE TCP=0.0.0.0:35000; partial ELM emulation; live fast-init on first read
2026-10-10 00:49:34,646 Client connected: ('192.168.3.8', 50252)
2026-10-10 00:49:35,134 TCP_COMMAND 'AT@1'
2026-10-10 00:49:35,136 TCP_RESPONSE 'Experimental Kalina TCP bridge'
2026-10-10 00:49:35,148 TCP_COMMAND 'ATZ'
2026-10-10 00:49:35,148 TCP_RESPONSE 'ELM327 v1.5'
2026-10-10 00:49:35,158 TCP_COMMAND 'ATE0'
2026-10-10 00:49:35,159 TCP_RESPONSE 'OK'
2026-10-10 00:49:35,178 TCP_COMMAND 'ATAL'
2026-10-10 00:49:35,179 TCP_RESPONSE 'OK'
2026-10-10 00:49:35,191 TCP_COMMAND 'ATAT1'
2026-10-10 00:49:35,191 TCP_RESPONSE 'OK'
2026-10-10 00:49:35,209 TCP_COMMAND 'ATS1'
2026-10-10 00:49:35,209 TCP_RESPONSE 'OK'
2026-10-10 00:49:35,225 TCP_COMMAND 'ATSTC8'
2026-10-10 00:49:35,225 TCP_RESPONSE 'OK'
2026-10-10 00:49:35,242 TCP_COMMAND 'ATSH81B1F1'
2026-10-10 00:49:35,242 TCP_RESPONSE 'OK'
2026-10-10 00:49:35,258 TCP_COMMAND 'ATIIAB1'
2026-10-10 00:49:35,258 TCP_RESPONSE 'OK'
2026-10-10 00:49:35,275 TCP_COMMAND 'ATSP5'
2026-10-10 00:49:35,275 TCP_RESPONSE 'OK'
2026-10-10 00:49:35,291 TCP_COMMAND 'ATSW00'
2026-10-10 00:49:35,291 TCP_RESPONSE 'OK'
2026-10-10 00:49:35,642 TCP_COMMAND 'ATBI'
2026-10-10 00:49:35,643 TCP_RESPONSE 'OK'
2026-10-10 00:49:36,055 TCP_COMMAND '82'
2026-10-10 00:49:36,056 INIT begin target=B1 tester=F1 attempts=30
2026-10-10 00:49:36,056 INIT attempt 1/30
2026-10-10 00:49:36,423 INIT low-baud wakeup 0x00 @360 sent, gap=65.1 ms (not wire measurement)
2026-10-10 00:49:36,466 INIT success key_bytes=D9 8F
2026-10-10 00:49:36,522 TX 81 B1 F1 82 A5
2026-10-10 00:49:36,532 RX_ECHO ignored
2026-10-10 00:49:36,580 RX 81 F1 B1 C2 E5
2026-10-10 00:49:36,580 TCP_RESPONSE 'C2'
2026-10-10 00:49:36,978 TCP_COMMAND 'AT@1'
2026-10-10 00:49:36,978 TCP_RESPONSE 'Experimental Kalina TCP bridge'
2026-10-10 00:49:37,090 TCP_COMMAND 'ATZ'
2026-10-10 00:49:37,090 TCP_RESPONSE 'ELM327 v1.5'
2026-10-10 00:49:37,108 TCP_COMMAND 'ATE0'
2026-10-10 00:49:37,108 TCP_RESPONSE 'OK'
2026-10-10 00:49:37,123 TCP_COMMAND 'ATAL'
2026-10-10 00:49:37,124 TCP_RESPONSE 'OK'
2026-10-10 00:49:37,222 TCP_COMMAND 'ATAT1'
2026-10-10 00:49:37,222 TCP_RESPONSE 'OK'
2026-10-10 00:49:37,241 TCP_COMMAND 'ATS1'
2026-10-10 00:49:37,242 TCP_RESPONSE 'OK'
2026-10-10 00:49:37,254 TCP_COMMAND 'ATSTC8'
2026-10-10 00:49:37,254 TCP_RESPONSE 'OK'
2026-10-10 00:49:37,271 TCP_COMMAND 'ATSH81B1F1'
2026-10-10 00:49:37,271 TCP_RESPONSE 'OK'
2026-10-10 00:49:37,291 TCP_COMMAND 'ATIIAB1'
2026-10-10 00:49:37,291 TCP_RESPONSE 'OK'
2026-10-10 00:49:37,305 TCP_COMMAND 'ATSP5'
2026-10-10 00:49:37,305 TCP_RESPONSE 'OK'
2026-10-10 00:49:37,324 TCP_COMMAND 'ATSW00'
2026-10-10 00:49:37,324 TCP_RESPONSE 'OK'
2026-10-10 00:49:37,597 TCP_COMMAND '2101'
2026-10-10 00:49:37,598 INIT begin target=B1 tester=F1 attempts=30
2026-10-10 00:49:37,598 INIT attempt 1/30
2026-10-10 00:49:37,965 INIT low-baud wakeup 0x00 @360 sent, gap=64.6 ms (not wire measurement)
2026-10-10 00:49:37,994 INIT success key_bytes=D9 8F
2026-10-10 00:49:38,049 TX 82 B1 F1 21 01 46
2026-10-10 00:49:38,060 RX_ECHO ignored
2026-10-10 00:49:38,122 RX 8B F1 B1 61 01 90 D2 AA 99 94 B0 FB 04 00 77
2026-10-10 00:49:38,122 TCP_RESPONSE '61 01 90 D2 AA 99 94 B0 FB 04 00'
2026-10-10 00:49:38,396 TCP_COMMAND '2101'
2026-10-10 00:49:38,397 TX 82 B1 F1 21 01 46
2026-10-10 00:49:38,407 RX_ECHO ignored
2026-10-10 00:49:38,476 RX 8B F1 B1 61 01 90 D2 AA 99 94 B0 FB 04 00 77
2026-10-10 00:49:38,477 TCP_RESPONSE '61 01 90 D2 AA 99 94 B0 FB 04 00'
2026-10-10 00:49:38,791 TCP_COMMAND '2101'
2026-10-10 00:49:38,791 TX 82 B1 F1 21 01 46
2026-10-10 00:49:38,801 RX_ECHO ignored
2026-10-10 00:49:38,838 RX 8B F1 B1 61 01 90 D2 AA 99 94 B0 FB 04 00 77
2026-10-10 00:49:38,839 TCP_RESPONSE '61 01 90 D2 AA 99 94 B0 FB 04 00'
2026-10-10 00:49:39,099 TCP_COMMAND '2101'
2026-10-10 00:49:39,101 TX 82 B1 F1 21 01 46
2026-10-10 00:49:39,111 RX_ECHO ignored
2026-10-10 00:49:39,199 RX 8B F1 B1 61 01 90 D2 AA 99 94 B0 FB 04 00 77
2026-10-10 00:49:39,199 TCP_RESPONSE '61 01 90 D2 AA 99 94 B0 FB 04 00'
2026-10-10 00:49:39,494 TCP_COMMAND '2101'
2026-10-10 00:49:39,495 TX 82 B1 F1 21 01 46
2026-10-10 00:49:39,505 RX_ECHO ignored
2026-10-10 00:49:39,555 RX 8B F1 B1 61 01 90 D2 AA 99 94 B0 FB 04 00 77
2026-10-10 00:49:39,555 TCP_RESPONSE '61 01 90 D2 AA 99 94 B0 FB 04 00'
2026-10-10 00:49:39,845 TCP_COMMAND '2101'
2026-10-10 00:49:39,846 TX 82 B1 F1 21 01 46
2026-10-10 00:49:39,856 RX_ECHO ignored
2026-10-10 00:49:39,917 RX 8B F1 B1 61 01 90 D2 AA 99 94 B0 FB 04 00 77
2026-10-10 00:49:39,917 TCP_RESPONSE '61 01 90 D2 AA 99 94 B0 FB 04 00'
2026-10-10 00:49:40,253 TCP_COMMAND '2101'
2026-10-10 00:49:40,254 TX 82 B1 F1 21 01 46
2026-10-10 00:49:40,265 RX_ECHO ignored
2026-10-10 00:49:40,386 RX 8B F1 B1 61 01 90 D2 AA 99 94 B0 FB 04 00 77
2026-10-10 00:49:40,386 TCP_RESPONSE '61 01 90 D2 AA 99 94 B0 FB 04 00'
2026-10-10 00:49:40,664 TCP_COMMAND '2101'
2026-10-10 00:49:40,665 TX 82 B1 F1 21 01 46
2026-10-10 00:49:40,675 RX_ECHO ignored
2026-10-10 00:49:40,747 RX 8B F1 B1 61 01 90 D2 AA 99 94 B0 FB 04 00 77
2026-10-10 00:49:40,748 TCP_RESPONSE '61 01 90 D2 AA 99 94 B0 FB 04 00'
2026-10-10 00:49:45,468 TCP_COMMAND '2101'
2026-10-10 00:49:45,469 INIT begin target=B1 tester=F1 attempts=30
2026-10-10 00:49:45,469 INIT attempt 1/30
2026-10-10 00:49:45,836 INIT low-baud wakeup 0x00 @360 sent, gap=64.1 ms (not wire measurement)
2026-10-10 00:49:46,849 INIT attempt: no valid C1 with two key bytes
2026-10-10 00:49:46,849 INIT attempt 2/30
2026-10-10 00:49:47,214 INIT low-baud wakeup 0x00 @360 sent, gap=63.3 ms (not wire measurement)
2026-10-10 00:49:47,307 INIT success key_bytes=D9 8F
2026-10-10 00:49:47,362 TX 82 B1 F1 21 01 46
2026-10-10 00:49:47,373 RX_ECHO ignored
2026-10-10 00:49:47,432 RX 8B F1 B1 61 01 90 D2 AA 99 94 B0 FB 04 00 77
2026-10-10 00:49:47,432 TCP_RESPONSE '61 01 90 D2 AA 99 94 B0 FB 04 00'
2026-10-10 00:49:47,475 TCP_COMMAND '2101'
2026-10-10 00:49:47,487 TX 82 B1 F1 21 01 46
2026-10-10 00:49:47,503 RX_ECHO ignored
2026-10-10 00:49:47,548 RX 8B F1 B1 61 01 90 D2 AA 99 94 B0 FB 04 00 77
2026-10-10 00:49:47,548 TCP_RESPONSE '61 01 90 D2 AA 99 94 B0 FB 04 00'
2026-10-10 00:49:47,735 TCP_COMMAND '2101'
2026-10-10 00:49:47,737 TX 82 B1 F1 21 01 46
2026-10-10 00:49:47,747 RX_ECHO ignored
2026-10-10 00:49:47,795 RX 8B F1 B1 61 01 90 D2 AA 99 94 B0 FB 04 00 77
2026-10-10 00:49:47,795 TCP_RESPONSE '61 01 90 D2 AA 99 94 B0 FB 04 00'
2026-10-10 00:49:48,141 TCP_COMMAND '2101'
2026-10-10 00:49:48,142 TX 82 B1 F1 21 01 46
2026-10-10 00:49:48,153 RX_ECHO ignored
2026-10-10 00:49:48,275 RX 8B F1 B1 61 01 90 D2 AA 99 94 B0 FB 04 00 77
2026-10-10 00:49:48,275 TCP_RESPONSE '61 01 90 D2 AA 99 94 B0 FB 04 00'
2026-10-10 00:49:48,652 TCP_COMMAND '2101'
2026-10-10 00:49:48,652 TX 82 B1 F1 21 01 46
2026-10-10 00:49:48,663 RX_ECHO ignored
2026-10-10 00:49:48,747 RX 8B F1 B1 61 01 90 D2 AA 99 94 B0 FB 04 00 77
2026-10-10 00:49:48,748 TCP_RESPONSE '61 01 90 D2 AA 99 94 B0 FB 04 00'
2026-10-10 00:49:49,065 TCP_COMMAND '2101'
2026-10-10 00:49:49,066 TX 82 B1 F1 21 01 46
2026-10-10 00:49:49,076 RX_ECHO ignored
2026-10-10 00:49:49,099 RX 8B F1 B1 61 01 90 D2 AA 99 94 B0 FB 04 00 77
2026-10-10 00:49:49,100 TCP_RESPONSE '61 01 90 D2 AA 99 94 B0 FB 04 00'
2026-10-10 00:49:49,361 TCP_COMMAND '2101'
2026-10-10 00:49:49,362 TX 82 B1 F1 21 01 46
2026-10-10 00:49:49,372 RX_ECHO ignored
2026-10-10 00:49:49,469 RX 8B F1 B1 61 01 90 D2 AA 99 94 B0 FB 04 00 77
2026-10-10 00:49:49,470 TCP_RESPONSE '61 01 90 D2 AA 99 94 B0 FB 04 00'
2026-10-10 00:49:49,848 TCP_COMMAND '2101'
2026-10-10 00:49:49,848 TX 82 B1 F1 21 01 46
2026-10-10 00:49:49,858 RX_ECHO ignored
2026-10-10 00:49:49,938 RX 8B F1 B1 61 01 90 D2 AA 99 94 B0 FB 04 00 77
2026-10-10 00:49:49,938 TCP_RESPONSE '61 01 90 D2 AA 99 94 B0 FB 04 00'
2026-10-10 00:49:50,324 TCP_COMMAND '2101'
2026-10-10 00:49:50,324 TX 82 B1 F1 21 01 46
2026-10-10 00:49:50,335 RX_ECHO ignored
2026-10-10 00:49:50,419 RX 8B F1 B1 61 01 90 D2 AA 99 94 B0 FB 04 00 77
2026-10-10 00:49:50,419 TCP_RESPONSE '61 01 90 D2 AA 99 94 B0 FB 04 00'
2026-10-10 00:49:50,904 TCP_COMMAND '2101'
2026-10-10 00:49:50,906 TX 82 B1 F1 21 01 46
2026-10-10 00:49:50,916 RX_ECHO ignored
2026-10-10 00:49:51,004 RX 8B F1 B1 61 01 90 D2 AA 99 94 B0 FB 04 00 77
2026-10-10 00:49:51,005 TCP_RESPONSE '61 01 90 D2 AA 99 94 B0 FB 04 00'
2026-10-10 00:49:51,272 TCP_COMMAND '2101'
2026-10-10 00:49:51,273 TX 82 B1 F1 21 01 46
2026-10-10 00:49:51,283 RX_ECHO ignored
2026-10-10 00:49:51,366 RX 8B F1 B1 61 01 90 D2 AA 99 94 B0 FB 04 00 77
2026-10-10 00:49:51,367 TCP_RESPONSE '61 01 90 D2 AA 99 94 B0 FB 04 00'
2026-10-10 00:49:51,722 TCP_COMMAND '18008000'
2026-10-10 00:49:51,723 TX 84 B1 F1 18 00 80 00 BE
2026-10-10 00:49:51,735 RX_ECHO ignored
2026-10-10 00:49:51,845 RX 94 F1 B1 58 06 13 89 00 13 28 00 13 75 00 13 89 20 13 28 20 13 75 20 B2
2026-10-10 00:49:51,845 TCP_RESPONSE '58 06 13 89 00 13 28 00 13 75 00 13 89 20 13 28 20 13 75 20'
2026-10-10 00:49:52,154 TCP_COMMAND '18008000'
2026-10-10 00:49:52,155 TX 84 B1 F1 18 00 80 00 BE
2026-10-10 00:49:52,177 RX_ECHO ignored
2026-10-10 00:49:52,225 RX 94 F1 B1 58 06 13 89 00 13 28 00 13 75 00 13 89 20 13 28 20 13 75 20 B2
2026-10-10 00:49:52,225 TCP_RESPONSE '58 06 13 89 00 13 28 00 13 75 00 13 89 20 13 28 20 13 75 20'
2026-10-10 00:49:52,487 TCP_COMMAND '18008000'
2026-10-10 00:49:52,488 TX 84 B1 F1 18 00 80 00 BE
2026-10-10 00:49:52,512 RX_ECHO ignored
2026-10-10 00:49:52,585 RX 94 F1 B1 58 06 13 89 00 13 28 00 13 75 00 13 89 20 13 28 20 13 75 20 B2
2026-10-10 00:49:52,585 TCP_RESPONSE '58 06 13 89 00 13 28 00 13 75 00 13 89 20 13 28 20 13 75 20'
2026-10-10 00:49:52,848 TCP_COMMAND '18008000'
2026-10-10 00:49:52,849 TX 84 B1 F1 18 00 80 00 BE
2026-10-10 00:49:52,871 RX_ECHO ignored
2026-10-10 00:49:52,954 RX 94 F1 B1 58 06 13 89 00 13 28 00 13 75 00 13 89 20 13 28 20 13 75 20 B2
2026-10-10 00:49:52,955 TCP_RESPONSE '58 06 13 89 00 13 28 00 13 75 00 13 89 20 13 28 20 13 75 20'
2026-10-10 00:49:53,327 TCP_COMMAND '18008000'
2026-10-10 00:49:53,329 TX 84 B1 F1 18 00 80 00 BE
2026-10-10 00:49:53,341 RX_ECHO ignored
2026-10-10 00:49:53,437 RX 94 F1 B1 58 06 13 89 00 13 28 00 13 75 00 13 89 20 13 28 20 13 75 20 B2
2026-10-10 00:49:53,437 TCP_RESPONSE '58 06 13 89 00 13 28 00 13 75 00 13 89 20 13 28 20 13 75 20'
2026-10-10 00:49:53,876 TCP_COMMAND '18008000'
2026-10-10 00:49:53,878 TX 84 B1 F1 18 00 80 00 BE
2026-10-10 00:49:53,900 RX_ECHO ignored
2026-10-10 00:49:53,933 RX 94 F1 B1 58 06 13 89 00 13 28 00 13 75 00 13 89 20 13 28 20 13 75 20 B2
2026-10-10 00:49:53,934 TCP_RESPONSE '58 06 13 89 00 13 28 00 13 75 00 13 89 20 13 28 20 13 75 20'
2026-10-10 00:49:54,384 TCP_COMMAND '18008000'
2026-10-10 00:49:54,385 TX 84 B1 F1 18 00 80 00 BE
2026-10-10 00:49:54,397 RX_ECHO ignored
2026-10-10 00:49:54,530 RX 94 F1 B1 58 06 13 89 00 13 28 00 13 75 00 13 89 20 13 28 20 13 75 20 B2
2026-10-10 00:49:54,531 TCP_RESPONSE '58 06 13 89 00 13 28 00 13 75 00 13 89 20 13 28 20 13 75 20'
2026-10-10 00:49:54,896 TCP_COMMAND '18008000'
2026-10-10 00:49:54,897 TX 84 B1 F1 18 00 80 00 BE
2026-10-10 00:49:54,909 RX_ECHO ignored
2026-10-10 00:49:55,015 RX 94 F1 B1 58 06 13 89 00 13 28 00 13 75 00 13 89 20 13 28 20 13 75 20 B2
2026-10-10 00:49:55,015 TCP_RESPONSE '58 06 13 89 00 13 28 00 13 75 00 13 89 20 13 28 20 13 75 20'
2026-10-10 00:49:55,373 TCP_COMMAND '18008000'
2026-10-10 00:49:55,374 TX 84 B1 F1 18 00 80 00 BE
2026-10-10 00:49:55,386 RX_ECHO ignored
2026-10-10 00:49:55,508 RX 94 F1 B1 58 06 13 89 00 13 28 00 13 75 00 13 89 20 13 28 20 13 75 20 B2
2026-10-10 00:49:55,508 TCP_RESPONSE '58 06 13 89 00 13 28 00 13 75 00 13 89 20 13 28 20 13 75 20'
2026-10-10 00:49:55,890 TCP_COMMAND '18008000'
2026-10-10 00:49:55,891 TX 84 B1 F1 18 00 80 00 BE
2026-10-10 00:49:55,905 RX_ECHO ignored
2026-10-10 00:49:55,986 RX 94 F1 B1 58 06 13 89 00 13 28 00 13 75 00 13 89 20 13 28 20 13 75 20 B2
2026-10-10 00:49:55,986 TCP_RESPONSE '58 06 13 89 00 13 28 00 13 75 00 13 89 20 13 28 20 13 75 20'
2026-10-10 00:49:56,331 TCP_COMMAND '18008000'
2026-10-10 00:49:56,332 TX 84 B1 F1 18 00 80 00 BE
2026-10-10 00:49:56,356 RX_ECHO ignored
2026-10-10 00:49:56,479 RX 94 F1 B1 58 06 13 89 00 13 28 00 13 75 00 13 89 20 13 28 20 13 75 20 B2
2026-10-10 00:49:56,479 TCP_RESPONSE '58 06 13 89 00 13 28 00 13 75 00 13 89 20 13 28 20 13 75 20'
2026-10-10 00:49:56,739 TCP_COMMAND '18008000'
2026-10-10 00:49:56,739 TX 84 B1 F1 18 00 80 00 BE
2026-10-10 00:49:56,761 RX_ECHO ignored
2026-10-10 00:49:56,847 RX 94 F1 B1 58 06 13 89 00 13 28 00 13 75 00 13 89 20 13 28 20 13 75 20 B2
2026-10-10 00:49:56,847 TCP_RESPONSE '58 06 13 89 00 13 28 00 13 75 00 13 89 20 13 28 20 13 75 20'
2026-10-10 00:49:57,141 TCP_COMMAND '18008000'
2026-10-10 00:49:57,141 TX 84 B1 F1 18 00 80 00 BE
2026-10-10 00:49:57,164 RX_ECHO ignored
2026-10-10 00:49:57,212 RX 94 F1 B1 58 06 13 89 00 13 28 00 13 75 00 13 89 20 13 28 20 13 75 20 B2
2026-10-10 00:49:57,212 TCP_RESPONSE '58 06 13 89 00 13 28 00 13 75 00 13 89 20 13 28 20 13 75 20'
2026-10-10 00:49:57,480 TCP_COMMAND '18008000'
2026-10-10 00:49:57,481 TX 84 B1 F1 18 00 80 00 BE
2026-10-10 00:49:57,493 RX_ECHO ignored
2026-10-10 00:49:57,588 RX 94 F1 B1 58 06 13 89 00 13 28 00 13 75 00 13 89 20 13 28 20 13 75 20 B2
2026-10-10 00:49:57,588 TCP_RESPONSE '58 06 13 89 00 13 28 00 13 75 00 13 89 20 13 28 20 13 75 20'
2026-10-10 00:49:57,970 TCP_COMMAND '18008000'
2026-10-10 00:49:57,971 TX 84 B1 F1 18 00 80 00 BE
2026-10-10 00:49:57,993 RX_ECHO ignored
2026-10-10 00:49:58,077 RX 9D F1 B1 58 07 13 89 00 13 28 00 13 75 00 13 84 00 13 84 00 13 84 00 13 89 20 13 28 20 13 75 20 81
2026-10-10 00:49:58,078 TCP_RESPONSE '58 07 13 89 00 13 28 00 13 75 00 13 84 00 13 84 00 13 84 00 13 89 20 13 28 20 13 75 20'
2026-10-10 00:49:58,337 TCP_COMMAND '18008000'
2026-10-10 00:49:58,338 TX 84 B1 F1 18 00 80 00 BE
2026-10-10 00:49:58,362 RX_ECHO ignored
2026-10-10 00:49:58,446 RX 94 F1 B1 58 06 13 89 00 13 28 00 13 75 00 13 89 20 13 28 20 13 75 20 B2
2026-10-10 00:49:58,447 TCP_RESPONSE '58 06 13 89 00 13 28 00 13 75 00 13 89 20 13 28 20 13 75 20'
2026-10-10 00:49:58,715 TCP_COMMAND '18008000'
2026-10-10 00:49:58,716 TX 84 B1 F1 18 00 80 00 BE
2026-10-10 00:49:58,728 RX_ECHO ignored
2026-10-10 00:49:58,811 RX 94 F1 B1 58 06 13 89 00 13 28 00 13 75 00 13 89 20 13 28 20 13 75 20 B2
2026-10-10 00:49:58,812 TCP_RESPONSE '58 06 13 89 00 13 28 00 13 75 00 13 89 20 13 28 20 13 75 20'
2026-10-10 00:49:59,241 TCP_COMMAND '18008000'
2026-10-10 00:49:59,244 TX 84 B1 F1 18 00 80 00 BE
2026-10-10 00:49:59,256 RX_ECHO ignored
2026-10-10 00:49:59,305 RX 94 F1 B1 58 06 13 89 00 13 28 00 13 75 00 13 89 20 13 28 20 13 75 20 B2
2026-10-10 00:49:59,305 TCP_RESPONSE '58 06 13 89 00 13 28 00 13 75 00 13 89 20 13 28 20 13 75 20'
2026-10-10 00:49:59,568 TCP_COMMAND '18008000'
2026-10-10 00:49:59,568 TX 84 B1 F1 18 00 80 00 BE
2026-10-10 00:49:59,580 RX_ECHO ignored
2026-10-10 00:49:59,686 RX 9D F1 B1 58 07 13 89 00 13 28 00 13 75 00 13 84 00 13 84 00 13 84 00 13 89 20 13 28 20 13 75 20 81
2026-10-10 00:49:59,687 TCP_RESPONSE '58 07 13 89 00 13 28 00 13 75 00 13 84 00 13 84 00 13 84 00 13 89 20 13 28 20 13 75 20'
2026-10-10 00:50:00,119 TCP_COMMAND '1A80'
2026-10-10 00:50:00,120 TX 82 B1 F1 1A 80 BE
2026-10-10 00:50:00,130 RX_ECHO ignored
2026-10-10 00:50:00,165 RX 96 F1 B1 5A 80 21 21 B5 08 01 02 D0 00 01 01 01 01 01 01 01 01 01 01 01 01 F0
2026-10-10 00:50:00,166 TCP_RESPONSE '5A 80 21 21 B5 08 01 02 D0 00 01 01 01 01 01 01 01 01 01 01 01 01'
2026-10-10 00:50:01,759 TCP_COMMAND '3E01'
2026-10-10 00:50:01,760 TX 82 B1 F1 3E 01 63
2026-10-10 00:50:01,770 RX_ECHO ignored
2026-10-10 00:50:01,804 RX 81 F1 B1 7E A1
2026-10-10 00:50:01,805 TCP_RESPONSE '7E'
2026-10-10 00:50:02,271 TCP_COMMAND '2101'
2026-10-10 00:50:02,272 TX 82 B1 F1 21 01 46
2026-10-10 00:50:02,283 RX_ECHO ignored
2026-10-10 00:50:02,401 RX 8B F1 B1 61 01 90 D2 AA 99 94 B0 FB 04 00 77
2026-10-10 00:50:02,402 TCP_RESPONSE '61 01 90 D2 AA 99 94 B0 FB 04 00'
2026-10-10 00:50:02,755 TCP_COMMAND '2101'
2026-10-10 00:50:02,756 TX 82 B1 F1 21 01 46
2026-10-10 00:50:02,767 RX_ECHO ignored
2026-10-10 00:50:02,876 RX 8B F1 B1 61 01 90 D2 AA 99 94 B0 FB 04 00 77
2026-10-10 00:50:02,877 TCP_RESPONSE '61 01 90 D2 AA 99 94 B0 FB 04 00'
2026-10-10 00:50:03,292 TCP_COMMAND '2101'
2026-10-10 00:50:03,294 TX 82 B1 F1 21 01 46
2026-10-10 00:50:03,304 RX_ECHO ignored
2026-10-10 00:50:03,354 RX 8B F1 B1 61 01 90 D2 AA 99 94 B0 FB 04 00 77
2026-10-10 00:50:03,354 TCP_RESPONSE '61 01 90 D2 AA 99 94 B0 FB 04 00'
2026-10-10 00:50:05,638 TCP_COMMAND '2101'
2026-10-10 00:50:05,639 TX 82 B1 F1 21 01 46
2026-10-10 00:50:05,649 RX_ECHO ignored
2026-10-10 00:50:05,695 RX 8B F1 B1 61 01 90 D2 AA 99 94 B0 FB 04 00 77
2026-10-10 00:50:05,695 TCP_RESPONSE '61 01 90 D2 AA 99 94 B0 FB 04 00'
2026-10-10 00:50:06,052 TCP_COMMAND '2101'
2026-10-10 00:50:06,053 TX 82 B1 F1 21 01 46
2026-10-10 00:50:06,064 RX_ECHO ignored
2026-10-10 00:50:06,180 RX 8B F1 B1 61 01 90 D2 AA 99 94 B0 FB 04 00 77
2026-10-10 00:50:06,181 TCP_RESPONSE '61 01 90 D2 AA 99 94 B0 FB 04 00'
2026-10-10 00:50:06,577 TCP_COMMAND '2101'
2026-10-10 00:50:06,578 TX 82 B1 F1 21 01 46
2026-10-10 00:50:06,588 RX_ECHO ignored
2026-10-10 00:50:06,647 RX 8B F1 B1 61 01 90 D2 AA 99 94 B0 FB 04 00 77
2026-10-10 00:50:06,647 TCP_RESPONSE '61 01 90 D2 AA 99 94 B0 FB 04 00'
2026-10-10 00:50:16,546 TCP_COMMAND '82'
2026-10-10 00:50:16,548 INIT begin target=B1 tester=F1 attempts=30
2026-10-10 00:50:16,548 INIT attempt 1/30
2026-10-10 00:50:16,915 INIT low-baud wakeup 0x00 @360 sent, gap=64.0 ms (not wire measurement)
2026-10-10 00:50:16,956 INIT success key_bytes=D9 8F
2026-10-10 00:50:17,011 TX 81 B1 F1 82 A5
2026-10-10 00:50:17,022 RX_ECHO ignored
2026-10-10 00:50:17,069 RX 81 F1 B1 C2 E5
2026-10-10 00:50:17,070 TCP_RESPONSE 'C2'
2026-10-10 00:50:17,425 TCP_COMMAND 'ATZ'
2026-10-10 00:50:17,425 TCP_RESPONSE 'ELM327 v1.5'
2026-10-10 00:50:19,702 Client connected: ('192.168.3.8', 41066)
2026-10-10 00:50:20,088 TCP_COMMAND 'AT@1'
2026-10-10 00:50:20,089 TCP_RESPONSE 'Experimental Kalina TCP bridge'
2026-10-10 00:50:20,095 TCP_COMMAND 'ATZ'
2026-10-10 00:50:20,096 TCP_RESPONSE 'ELM327 v1.5'
2026-10-10 00:50:20,104 TCP_COMMAND 'ATE0'
2026-10-10 00:50:20,105 TCP_RESPONSE 'OK'
2026-10-10 00:50:20,210 TCP_COMMAND 'ATAL'
2026-10-10 00:50:20,210 TCP_RESPONSE 'OK'
2026-10-10 00:50:20,217 TCP_COMMAND 'ATAT1'
2026-10-10 00:50:20,217 TCP_RESPONSE 'OK'
2026-10-10 00:50:20,223 TCP_COMMAND 'ATS1'
2026-10-10 00:50:20,223 TCP_RESPONSE 'OK'
2026-10-10 00:50:20,240 TCP_COMMAND 'ATSTC8'
2026-10-10 00:50:20,240 TCP_RESPONSE 'OK'
2026-10-10 00:50:20,255 TCP_COMMAND 'ATSH81B1F1'
2026-10-10 00:50:20,255 TCP_RESPONSE 'OK'
2026-10-10 00:50:20,271 TCP_COMMAND 'ATIIAB1'
2026-10-10 00:50:20,271 TCP_RESPONSE 'OK'
2026-10-10 00:50:20,287 TCP_COMMAND 'ATSP5'
2026-10-10 00:50:20,287 TCP_RESPONSE 'OK'
2026-10-10 00:50:20,305 TCP_COMMAND 'ATSW00'
2026-10-10 00:50:20,305 TCP_RESPONSE 'OK'
2026-10-10 00:50:20,578 TCP_COMMAND 'ATBI'
2026-10-10 00:50:20,579 TCP_RESPONSE 'OK'
2026-10-10 00:50:20,845 TCP_COMMAND '82'
2026-10-10 00:50:20,846 INIT begin target=B1 tester=F1 attempts=30
2026-10-10 00:50:20,846 INIT attempt 1/30
2026-10-10 00:50:21,213 INIT low-baud wakeup 0x00 @360 sent, gap=64.9 ms (not wire measurement)
2026-10-10 00:50:21,293 INIT success key_bytes=D9 8F
2026-10-10 00:50:21,348 TX 81 B1 F1 82 A5
2026-10-10 00:50:21,359 RX_ECHO ignored
2026-10-10 00:50:21,407 RX 81 F1 B1 C2 E5
2026-10-10 00:50:21,407 TCP_RESPONSE 'C2'
2026-10-10 00:50:21,784 TCP_COMMAND 'AT@1'
2026-10-10 00:50:21,785 TCP_RESPONSE 'Experimental Kalina TCP bridge'
2026-10-10 00:50:21,791 TCP_COMMAND 'ATZ'
2026-10-10 00:50:21,792 TCP_RESPONSE 'ELM327 v1.5'
2026-10-10 00:50:21,804 TCP_COMMAND 'ATE0'
2026-10-10 00:50:21,804 TCP_RESPONSE 'OK'
2026-10-10 00:50:21,821 TCP_COMMAND 'ATAL'
2026-10-10 00:50:21,822 TCP_RESPONSE 'OK'
2026-10-10 00:50:21,837 TCP_COMMAND 'ATAT1'
2026-10-10 00:50:21,837 TCP_RESPONSE 'OK'
2026-10-10 00:50:21,853 TCP_COMMAND 'ATS1'
2026-10-10 00:50:21,853 TCP_RESPONSE 'OK'
2026-10-10 00:50:21,869 TCP_COMMAND 'ATSTC8'
2026-10-10 00:50:21,869 TCP_RESPONSE 'OK'
2026-10-10 00:50:21,885 TCP_COMMAND 'ATSH81B1F1'
2026-10-10 00:50:21,886 TCP_RESPONSE 'OK'
2026-10-10 00:50:21,902 TCP_COMMAND 'ATIIAB1'
2026-10-10 00:50:21,903 TCP_RESPONSE 'OK'
2026-10-10 00:50:21,918 TCP_COMMAND 'ATSP5'
2026-10-10 00:50:21,918 TCP_RESPONSE 'OK'
2026-10-10 00:50:21,936 TCP_COMMAND 'ATSW00'
2026-10-10 00:50:21,936 TCP_RESPONSE 'OK'
2026-10-10 00:50:22,210 TCP_COMMAND '18008000'
2026-10-10 00:50:22,211 INIT begin target=B1 tester=F1 attempts=30
2026-10-10 00:50:22,211 INIT attempt 1/30
2026-10-10 00:50:22,580 INIT low-baud wakeup 0x00 @360 sent, gap=65.3 ms (not wire measurement)
2026-10-10 00:50:22,697 INIT success key_bytes=D9 8F
2026-10-10 00:50:22,752 TX 84 B1 F1 18 00 80 00 BE
2026-10-10 00:50:22,764 RX_ECHO ignored
2026-10-10 00:50:22,825 RX 94 F1 B1 58 06 13 89 00 13 28 00 13 75 00 13 89 20 13 28 20 13 75 20 B2
2026-10-10 00:50:22,826 TCP_RESPONSE '58 06 13 89 00 13 28 00 13 75 00 13 89 20 13 28 20 13 75 20'
2026-10-10 00:50:23,129 TCP_COMMAND '18008000'
2026-10-10 00:50:23,130 TX 84 B1 F1 18 00 80 00 BE
2026-10-10 00:50:23,142 RX_ECHO ignored
2026-10-10 00:50:23,202 RX 94 F1 B1 58 06 13 89 00 13 28 00 13 75 00 13 89 20 13 28 20 13 75 20 B2
2026-10-10 00:50:23,202 TCP_RESPONSE '58 06 13 89 00 13 28 00 13 75 00 13 89 20 13 28 20 13 75 20'
2026-10-10 00:50:23,528 TCP_COMMAND '18008000'
2026-10-10 00:50:23,529 TX 84 B1 F1 18 00 80 00 BE
2026-10-10 00:50:23,541 RX_ECHO ignored
2026-10-10 00:50:23,685 RX 94 F1 B1 58 06 13 89 00 13 28 00 13 75 00 13 89 20 13 28 20 13 75 20 B2
2026-10-10 00:50:23,685 TCP_RESPONSE '58 06 13 89 00 13 28 00 13 75 00 13 89 20 13 28 20 13 75 20'
2026-10-10 00:50:23,942 TCP_COMMAND '18008000'
2026-10-10 00:50:23,943 TX 84 B1 F1 18 00 80 00 BE
2026-10-10 00:50:23,955 RX_ECHO ignored
2026-10-10 00:50:24,054 RX 94 F1 B1 58 06 13 89 00 13 28 00 13 75 00 13 89 20 13 28 20 13 75 20 B2
2026-10-10 00:50:24,054 TCP_RESPONSE '58 06 13 89 00 13 28 00 13 75 00 13 89 20 13 28 20 13 75 20'
2026-10-10 00:50:24,312 TCP_COMMAND '18008000'
2026-10-10 00:50:24,313 TX 84 B1 F1 18 00 80 00 BE
2026-10-10 00:50:24,325 RX_ECHO ignored
2026-10-10 00:50:24,418 RX 94 F1 B1 58 06 13 89 00 13 28 00 13 75 00 13 89 20 13 28 20 13 75 20 B2
2026-10-10 00:50:24,418 TCP_RESPONSE '58 06 13 89 00 13 28 00 13 75 00 13 89 20 13 28 20 13 75 20'
2026-10-10 00:50:24,771 TCP_COMMAND '18008000'
2026-10-10 00:50:24,772 TX 84 B1 F1 18 00 80 00 BE
2026-10-10 00:50:24,784 RX_ECHO ignored
2026-10-10 00:50:24,913 RX 94 F1 B1 58 06 13 89 00 13 28 00 13 75 00 13 89 20 13 28 20 13 75 20 B2
2026-10-10 00:50:24,914 TCP_RESPONSE '58 06 13 89 00 13 28 00 13 75 00 13 89 20 13 28 20 13 75 20'
2026-10-10 00:50:25,190 TCP_COMMAND '18008000'
2026-10-10 00:50:25,190 TX 84 B1 F1 18 00 80 00 BE
2026-10-10 00:50:25,202 RX_ECHO ignored
2026-10-10 00:50:25,271 RX 94 F1 B1 58 06 13 89 00 13 28 00 13 75 00 13 89 20 13 28 20 13 75 20 B2
2026-10-10 00:50:25,271 TCP_RESPONSE '58 06 13 89 00 13 28 00 13 75 00 13 89 20 13 28 20 13 75 20'
2026-10-10 00:50:25,601 TCP_COMMAND '18008000'
2026-10-10 00:50:25,602 TX 84 B1 F1 18 00 80 00 BE
2026-10-10 00:50:25,614 RX_ECHO ignored
2026-10-10 00:50:25,767 RX 94 F1 B1 58 06 13 89 00 13 28 00 13 75 00 13 89 20 13 28 20 13 75 20 B2
2026-10-10 00:50:25,768 TCP_RESPONSE '58 06 13 89 00 13 28 00 13 75 00 13 89 20 13 28 20 13 75 20'
2026-10-10 00:50:26,023 TCP_COMMAND '18008000'
2026-10-10 00:50:26,023 TX 84 B1 F1 18 00 80 00 BE
2026-10-10 00:50:26,035 RX_ECHO ignored
2026-10-10 00:50:26,130 RX 94 F1 B1 58 06 13 89 00 13 28 00 13 75 00 13 89 20 13 28 20 13 75 20 B2
2026-10-10 00:50:26,130 TCP_RESPONSE '58 06 13 89 00 13 28 00 13 75 00 13 89 20 13 28 20 13 75 20'
2026-10-10 00:50:26,503 TCP_COMMAND '18008000'
2026-10-10 00:50:26,504 TX 84 B1 F1 18 00 80 00 BE
2026-10-10 00:50:26,516 RX_ECHO ignored
2026-10-10 00:50:26,618 RX 94 F1 B1 58 06 13 89 00 13 28 00 13 75 00 13 89 20 13 28 20 13 75 20 B2
2026-10-10 00:50:26,618 TCP_RESPONSE '58 06 13 89 00 13 28 00 13 75 00 13 89 20 13 28 20 13 75 20'
2026-10-10 00:50:27,053 TCP_COMMAND '18008000'
2026-10-10 00:50:27,054 TX 84 B1 F1 18 00 80 00 BE
2026-10-10 00:50:27,066 RX_ECHO ignored
2026-10-10 00:50:27,101 RX 94 F1 B1 58 06 13 89 00 13 28 00 13 75 00 13 89 20 13 28 20 13 75 20 B2
2026-10-10 00:50:27,101 TCP_RESPONSE '58 06 13 89 00 13 28 00 13 75 00 13 89 20 13 28 20 13 75 20'
2026-10-10 00:50:27,462 TCP_COMMAND '18008000'
2026-10-10 00:50:27,462 TX 84 B1 F1 18 00 80 00 BE
2026-10-10 00:50:27,474 RX_ECHO ignored
2026-10-10 00:50:27,594 RX 94 F1 B1 58 06 13 89 00 13 28 00 13 75 00 13 89 20 13 28 20 13 75 20 B2
2026-10-10 00:50:27,596 TCP_RESPONSE '58 06 13 89 00 13 28 00 13 75 00 13 89 20 13 28 20 13 75 20'
2026-10-10 00:50:33,207 Client connected: ('192.168.3.8', 44164)
2026-10-10 00:50:33,522 TCP_COMMAND 'AT@1'
2026-10-10 00:50:33,523 TCP_RESPONSE 'Experimental Kalina TCP bridge'
2026-10-10 00:50:33,528 TCP_COMMAND 'ATZ'
2026-10-10 00:50:33,528 TCP_RESPONSE 'ELM327 v1.5'
2026-10-10 00:50:33,538 TCP_COMMAND 'ATE0'
2026-10-10 00:50:33,539 TCP_RESPONSE 'OK'
2026-10-10 00:50:33,555 TCP_COMMAND 'ATAL'
2026-10-10 00:50:33,555 TCP_RESPONSE 'OK'
2026-10-10 00:50:33,574 TCP_COMMAND 'ATAT1'
2026-10-10 00:50:33,574 TCP_RESPONSE 'OK'
2026-10-10 00:50:33,590 TCP_COMMAND 'ATS1'
2026-10-10 00:50:33,590 TCP_RESPONSE 'OK'
2026-10-10 00:50:33,606 TCP_COMMAND 'ATSTC8'
2026-10-10 00:50:33,607 TCP_RESPONSE 'OK'
2026-10-10 00:50:33,623 TCP_COMMAND 'ATSH81B1F1'
2026-10-10 00:50:33,623 TCP_RESPONSE 'OK'
2026-10-10 00:50:33,640 TCP_COMMAND 'ATIIAB1'
2026-10-10 00:50:33,640 TCP_RESPONSE 'OK'
2026-10-10 00:50:33,656 TCP_COMMAND 'ATSP5'
2026-10-10 00:50:33,656 TCP_RESPONSE 'OK'
2026-10-10 00:50:33,673 TCP_COMMAND 'ATSW00'
2026-10-10 00:50:33,673 TCP_RESPONSE 'OK'
2026-10-10 00:50:33,945 TCP_COMMAND 'ATBI'
2026-10-10 00:50:33,945 TCP_RESPONSE 'OK'
2026-10-10 00:50:34,209 TCP_COMMAND '82'
2026-10-10 00:50:34,210 INIT begin target=B1 tester=F1 attempts=30
2026-10-10 00:50:34,210 INIT attempt 1/30
2026-10-10 00:50:34,578 INIT low-baud wakeup 0x00 @360 sent, gap=65.1 ms (not wire measurement)
2026-10-10 00:50:34,608 INIT success key_bytes=D9 8F
2026-10-10 00:50:34,663 TX 81 B1 F1 82 A5
2026-10-10 00:50:34,674 RX_ECHO ignored
2026-10-10 00:50:34,722 RX 81 F1 B1 C2 E5
2026-10-10 00:50:34,722 TCP_RESPONSE 'C2'
2026-10-10 00:50:34,948 TCP_COMMAND 'AT@1'
2026-10-10 00:50:34,949 TCP_RESPONSE 'Experimental Kalina TCP bridge'
2026-10-10 00:50:35,037 TCP_COMMAND 'ATZ'
2026-10-10 00:50:35,037 TCP_RESPONSE 'ELM327 v1.5'
2026-10-10 00:50:35,043 TCP_COMMAND 'ATE0'
2026-10-10 00:50:35,043 TCP_RESPONSE 'OK'
2026-10-10 00:50:35,053 TCP_COMMAND 'ATAL'
2026-10-10 00:50:35,054 TCP_RESPONSE 'OK'
2026-10-10 00:50:35,069 TCP_COMMAND 'ATAT1'
2026-10-10 00:50:35,070 TCP_RESPONSE 'OK'
2026-10-10 00:50:35,086 TCP_COMMAND 'ATS1'
2026-10-10 00:50:35,087 TCP_RESPONSE 'OK'
2026-10-10 00:50:35,103 TCP_COMMAND 'ATSTC8'
2026-10-10 00:50:35,103 TCP_RESPONSE 'OK'
2026-10-10 00:50:35,120 TCP_COMMAND 'ATSH81B1F1'
2026-10-10 00:50:35,120 TCP_RESPONSE 'OK'
2026-10-10 00:50:35,136 TCP_COMMAND 'ATIIAB1'
2026-10-10 00:50:35,136 TCP_RESPONSE 'OK'
2026-10-10 00:50:35,153 TCP_COMMAND 'ATSP5'
2026-10-10 00:50:35,153 TCP_RESPONSE 'OK'
2026-10-10 00:50:35,169 TCP_COMMAND 'ATSW00'
2026-10-10 00:50:35,170 TCP_RESPONSE 'OK'
2026-10-10 00:50:35,441 TCP_COMMAND '18008000'
2026-10-10 00:50:35,441 INIT begin target=B1 tester=F1 attempts=30
2026-10-10 00:50:35,442 INIT attempt 1/30
2026-10-10 00:50:35,811 INIT low-baud wakeup 0x00 @360 sent, gap=66.9 ms (not wire measurement)
2026-10-10 00:50:35,902 INIT success key_bytes=D9 8F
2026-10-10 00:50:35,957 TX 84 B1 F1 18 00 80 00 BE
2026-10-10 00:50:35,980 RX_ECHO ignored
2026-10-10 00:50:36,028 RX 94 F1 B1 58 06 13 89 00 13 28 00 13 75 00 13 89 20 13 28 20 13 75 20 B2
2026-10-10 00:50:36,029 TCP_RESPONSE '58 06 13 89 00 13 28 00 13 75 00 13 89 20 13 28 20 13 75 20'
2026-10-10 00:50:36,369 TCP_COMMAND '18008000'
2026-10-10 00:50:36,369 TX 84 B1 F1 18 00 80 00 BE
2026-10-10 00:50:36,381 RX_ECHO ignored
2026-10-10 00:50:36,511 RX 94 F1 B1 58 06 13 89 00 13 28 00 13 75 00 13 89 20 13 28 20 13 75 20 B2
2026-10-10 00:50:36,511 TCP_RESPONSE '58 06 13 89 00 13 28 00 13 75 00 13 89 20 13 28 20 13 75 20'
2026-10-10 00:50:36,847 TCP_COMMAND '18008000'
2026-10-10 00:50:36,848 TX 84 B1 F1 18 00 80 00 BE
2026-10-10 00:50:36,870 RX_ECHO ignored
2026-10-10 00:50:36,999 RX 94 F1 B1 58 06 13 89 00 13 28 00 13 75 00 13 89 20 13 28 20 13 75 20 B2
2026-10-10 00:50:36,999 TCP_RESPONSE '58 06 13 89 00 13 28 00 13 75 00 13 89 20 13 28 20 13 75 20'
2026-10-10 00:50:37,360 TCP_COMMAND '18008000'
2026-10-10 00:50:37,361 TX 84 B1 F1 18 00 80 00 BE
2026-10-10 00:50:37,372 RX_ECHO ignored
2026-10-10 00:50:37,492 RX 94 F1 B1 58 06 13 89 00 13 28 00 13 75 00 13 89 20 13 28 20 13 75 20 B2
2026-10-10 00:50:37,492 TCP_RESPONSE '58 06 13 89 00 13 28 00 13 75 00 13 89 20 13 28 20 13 75 20'
2026-10-10 00:50:37,906 TCP_COMMAND '2101'
2026-10-10 00:50:37,907 TX 82 B1 F1 21 01 46
2026-10-10 00:50:37,917 RX_ECHO ignored
2026-10-10 00:50:37,964 RX 8B F1 B1 61 01 90 D2 AA 99 94 B0 FB 04 00 77
2026-10-10 00:50:37,965 TCP_RESPONSE '61 01 90 D2 AA 99 94 B0 FB 04 00'
2026-10-10 00:50:38,417 TCP_COMMAND '2101'
2026-10-10 00:50:38,418 TX 82 B1 F1 21 01 46
2026-10-10 00:50:38,433 RX_ECHO ignored
2026-10-10 00:50:38,560 RX 8B F1 B1 61 01 90 D2 AA 99 94 B0 FB 04 00 77
2026-10-10 00:50:38,562 TCP_RESPONSE '61 01 90 D2 AA 99 94 B0 FB 04 00'
2026-10-10 00:50:38,896 TCP_COMMAND '2101'
2026-10-10 00:50:38,897 TX 82 B1 F1 21 01 46
2026-10-10 00:50:38,907 RX_ECHO ignored
2026-10-10 00:50:39,029 RX 8B F1 B1 61 01 90 D2 AA 99 94 B0 FB 04 00 77
2026-10-10 00:50:39,029 TCP_RESPONSE '61 01 90 D2 AA 99 94 B0 FB 04 00'
2026-10-10 00:50:39,408 TCP_COMMAND '2101'
2026-10-10 00:50:39,409 TX 82 B1 F1 21 01 46
2026-10-10 00:50:39,419 RX_ECHO ignored
2026-10-10 00:50:39,515 RX 8B F1 B1 61 01 90 D2 AA 99 94 B0 FB 04 00 77
2026-10-10 00:50:39,516 TCP_RESPONSE '61 01 90 D2 AA 99 94 B0 FB 04 00'
2026-10-10 00:50:39,804 TCP_COMMAND '2101'
2026-10-10 00:50:39,805 TX 82 B1 F1 21 01 46
2026-10-10 00:50:39,815 RX_ECHO ignored
2026-10-10 00:50:39,862 RX 8B F1 B1 61 01 90 D2 AA 99 94 B0 FB 04 00 77
2026-10-10 00:50:39,863 TCP_RESPONSE '61 01 90 D2 AA 99 94 B0 FB 04 00'
2026-10-10 00:50:40,134 TCP_COMMAND '2101'
2026-10-10 00:50:40,135 TX 82 B1 F1 21 01 46
2026-10-10 00:50:40,145 RX_ECHO ignored
2026-10-10 00:50:40,229 RX 8B F1 B1 61 01 90 D2 AA 99 94 B0 FB 04 00 77
2026-10-10 00:50:40,230 TCP_RESPONSE '61 01 90 D2 AA 99 94 B0 FB 04 00'
2026-10-10 00:50:40,490 TCP_COMMAND '2101'
2026-10-10 00:50:40,491 TX 82 B1 F1 21 01 46
2026-10-10 00:50:40,501 RX_ECHO ignored
2026-10-10 00:50:40,585 RX 8B F1 B1 61 01 90 D2 AA 99 94 B0 FB 04 00 77
2026-10-10 00:50:40,586 TCP_RESPONSE '61 01 90 D2 AA 99 94 B0 FB 04 00'
2026-10-10 00:50:40,916 TCP_COMMAND '2101'
2026-10-10 00:50:40,917 TX 82 B1 F1 21 01 46
2026-10-10 00:50:40,927 RX_ECHO ignored
2026-10-10 00:50:41,057 RX 8B F1 B1 61 01 90 D2 AA 99 94 B0 FB 04 00 77
2026-10-10 00:50:41,057 TCP_RESPONSE '61 01 90 D2 AA 99 94 B0 FB 04 00'
2026-10-10 00:50:41,386 TCP_COMMAND '2101'
2026-10-10 00:50:41,387 TX 82 B1 F1 21 01 46
2026-10-10 00:50:41,397 RX_ECHO ignored
2026-10-10 00:50:41,420 RX 8B F1 B1 61 01 90 D2 AA 99 94 B0 FB 04 00 77
2026-10-10 00:50:41,421 TCP_RESPONSE '61 01 90 D2 AA 99 94 B0 FB 04 00'
2026-10-10 00:50:41,798 TCP_COMMAND '2101'
2026-10-10 00:50:41,799 TX 82 B1 F1 21 01 46
2026-10-10 00:50:41,809 RX_ECHO ignored
2026-10-10 00:50:41,893 RX 8B F1 B1 61 01 90 D2 AA 99 94 B0 FB 04 00 77
2026-10-10 00:50:41,894 TCP_RESPONSE '61 01 90 D2 AA 99 94 B0 FB 04 00'
2026-10-10 00:50:42,310 TCP_COMMAND '2101'
2026-10-10 00:50:42,311 TX 82 B1 F1 21 01 46
2026-10-10 00:50:42,321 RX_ECHO ignored
2026-10-10 00:50:42,370 RX 8B F1 B1 61 01 90 D2 AA 99 94 B0 FB 04 00 77
2026-10-10 00:50:42,370 TCP_RESPONSE '61 01 90 D2 AA 99 94 B0 FB 04 00'
2026-10-10 00:50:42,821 TCP_COMMAND '2101'
2026-10-10 00:50:42,822 TX 82 B1 F1 21 01 46
2026-10-10 00:50:42,832 RX_ECHO ignored
2026-10-10 00:50:42,963 RX 8B F1 B1 61 01 90 D2 AA 99 94 B0 FB 04 00 77
2026-10-10 00:50:42,963 TCP_RESPONSE '61 01 90 D2 AA 99 94 B0 FB 04 00'
2026-10-10 00:50:43,280 TCP_COMMAND '2101'
2026-10-10 00:50:43,281 TX 82 B1 F1 21 01 46
2026-10-10 00:50:43,291 RX_ECHO ignored
2026-10-10 00:50:43,327 RX 8B F1 B1 61 01 90 D2 AA 99 94 B0 FB 04 00 77
2026-10-10 00:50:43,327 TCP_RESPONSE '61 01 90 D2 AA 99 94 B0 FB 04 00'
2026-10-10 00:50:43,710 TCP_COMMAND '2101'
2026-10-10 00:50:43,711 TX 82 B1 F1 21 01 46
2026-10-10 00:50:43,722 RX_ECHO ignored
2026-10-10 00:50:43,804 RX 8B F1 B1 61 01 90 D2 AA 99 94 B0 FB 04 00 77
2026-10-10 00:50:43,804 TCP_RESPONSE '61 01 90 D2 AA 99 94 B0 FB 04 00'
2026-10-10 00:50:44,152 TCP_COMMAND '2101'
2026-10-10 00:50:44,154 TX 82 B1 F1 21 01 46
2026-10-10 00:50:44,164 RX_ECHO ignored
2026-10-10 00:50:44,284 RX 8B F1 B1 61 01 90 D2 AA 99 94 B0 FB 04 00 77
2026-10-10 00:50:44,285 TCP_RESPONSE '61 01 90 D2 AA 99 94 B0 FB 04 00'
2026-10-10 00:50:44,587 TCP_COMMAND '2101'
2026-10-10 00:50:44,588 TX 82 B1 F1 21 01 46
2026-10-10 00:50:44,598 RX_ECHO ignored
2026-10-10 00:50:44,633 RX 8B F1 B1 61 01 90 D2 AA 99 94 B0 FB 04 00 77
2026-10-10 00:50:44,633 TCP_RESPONSE '61 01 90 D2 AA 99 94 B0 FB 04 00'
2026-10-10 00:50:44,972 TCP_COMMAND '2101'
2026-10-10 00:50:44,973 TX 82 B1 F1 21 01 46
2026-10-10 00:50:44,983 RX_ECHO ignored
2026-10-10 00:50:45,112 RX 8B F1 B1 61 01 90 D2 AA 99 94 B0 FB 04 00 77
2026-10-10 00:50:45,112 TCP_RESPONSE '61 01 90 D2 AA 99 94 B0 FB 04 00'
2026-10-10 00:50:45,380 TCP_COMMAND '2101'
2026-10-10 00:50:45,380 TX 82 B1 F1 21 01 46
2026-10-10 00:50:45,391 RX_ECHO ignored
2026-10-10 00:50:45,477 RX 8B F1 B1 61 01 90 D2 AA 99 94 B0 FB 04 00 77
2026-10-10 00:50:45,477 TCP_RESPONSE '61 01 90 D2 AA 99 94 B0 FB 04 00'
2026-10-10 00:50:45,736 TCP_COMMAND '2101'
2026-10-10 00:50:45,737 TX 82 B1 F1 21 01 46
2026-10-10 00:50:45,747 RX_ECHO ignored
2026-10-10 00:50:45,827 RX 8B F1 B1 61 01 90 D2 AA 99 94 B0 FB 04 00 77
2026-10-10 00:50:45,827 TCP_RESPONSE '61 01 90 D2 AA 99 94 B0 FB 04 00'
2026-10-10 00:50:46,201 TCP_COMMAND '2101'
2026-10-10 00:50:46,201 TX 82 B1 F1 21 01 46
2026-10-10 00:50:46,212 RX_ECHO ignored
2026-10-10 00:50:46,308 RX 8B F1 B1 61 01 90 D2 AA 99 94 B0 FB 04 00 77
2026-10-10 00:50:46,308 TCP_RESPONSE '61 01 90 D2 AA 99 94 B0 FB 04 00'
2026-10-10 00:50:46,569 TCP_COMMAND '2101'
2026-10-10 00:50:46,569 TX 82 B1 F1 21 01 46
2026-10-10 00:50:46,580 RX_ECHO ignored
2026-10-10 00:50:46,660 RX 8B F1 B1 61 01 90 D2 AA 99 94 B0 FB 04 00 77
2026-10-10 00:50:46,661 TCP_RESPONSE '61 01 90 D2 AA 99 94 B0 FB 04 00'
2026-10-10 00:50:46,950 TCP_COMMAND '2101'
2026-10-10 00:50:46,951 TX 82 B1 F1 21 01 46
2026-10-10 00:50:46,961 RX_ECHO ignored
2026-10-10 00:50:47,020 RX 8B F1 B1 61 01 90 D2 AA 99 94 B0 FB 04 00 77
2026-10-10 00:50:47,021 TCP_RESPONSE '61 01 90 D2 AA 99 94 B0 FB 04 00'
2026-10-10 00:50:47,491 TCP_COMMAND '2101'
2026-10-10 00:50:47,492 TX 82 B1 F1 21 01 46
2026-10-10 00:50:47,502 RX_ECHO ignored
2026-10-10 00:50:47,610 RX 8B F1 B1 61 01 90 D2 AA 99 94 B0 FB 04 00 77
2026-10-10 00:50:47,610 TCP_RESPONSE '61 01 90 D2 AA 99 94 B0 FB 04 00'
2026-10-10 00:50:48,044 TCP_COMMAND '2101'
2026-10-10 00:50:48,045 TX 82 B1 F1 21 01 46
2026-10-10 00:50:48,055 RX_ECHO ignored
2026-10-10 00:50:48,092 RX 8B F1 B1 61 01 90 D2 AA 99 94 B0 FB 04 00 77
2026-10-10 00:50:48,092 TCP_RESPONSE '61 01 90 D2 AA 99 94 B0 FB 04 00'
2026-10-10 00:50:48,361 TCP_COMMAND '2101'
2026-10-10 00:50:48,362 TX 82 B1 F1 21 01 46
2026-10-10 00:50:48,372 RX_ECHO ignored
2026-10-10 00:50:48,444 RX 8B F1 B1 61 01 90 D2 AA 99 94 B0 FB 04 00 77
2026-10-10 00:50:48,445 TCP_RESPONSE '61 01 90 D2 AA 99 94 B0 FB 04 00'
2026-10-10 00:50:48,781 TCP_COMMAND '2101'
2026-10-10 00:50:48,782 TX 82 B1 F1 21 01 46
2026-10-10 00:50:48,792 RX_ECHO ignored
2026-10-10 00:50:48,921 RX 8B F1 B1 61 01 90 D2 AA 99 94 B0 FB 04 00 77
2026-10-10 00:50:48,922 TCP_RESPONSE '61 01 90 D2 AA 99 94 B0 FB 04 00'
2026-10-10 00:50:49,190 TCP_COMMAND '2101'
2026-10-10 00:50:49,191 TX 82 B1 F1 21 01 46
2026-10-10 00:50:49,201 RX_ECHO ignored
2026-10-10 00:50:49,286 RX 8B F1 B1 61 01 90 D2 AA 99 94 B0 FB 04 00 77
2026-10-10 00:50:49,286 TCP_RESPONSE '61 01 90 D2 AA 99 94 B0 FB 04 00'
2026-10-10 00:50:49,571 TCP_COMMAND '2101'
2026-10-10 00:50:49,572 TX 82 B1 F1 21 01 46
2026-10-10 00:50:49,583 RX_ECHO ignored
2026-10-10 00:50:49,641 RX 8B F1 B1 61 01 90 D2 AA 99 94 B0 FB 04 00 77
2026-10-10 00:50:49,641 TCP_RESPONSE '61 01 90 D2 AA 99 94 B0 FB 04 00'
2026-10-10 00:50:49,910 TCP_COMMAND '2101'
2026-10-10 00:50:49,911 TX 82 B1 F1 21 01 46
2026-10-10 00:50:49,921 RX_ECHO ignored
2026-10-10 00:50:50,005 RX 8B F1 B1 61 01 90 D2 AA 99 94 B0 FB 04 00 77
2026-10-10 00:50:50,005 TCP_RESPONSE '61 01 90 D2 AA 99 94 B0 FB 04 00'
2026-10-10 00:50:50,399 TCP_COMMAND '2101'
2026-10-10 00:50:50,400 TX 82 B1 F1 21 01 46
2026-10-10 00:50:50,410 RX_ECHO ignored
2026-10-10 00:50:50,484 RX 8B F1 B1 61 01 90 D2 AA 99 94 B0 FB 04 00 77
2026-10-10 00:50:50,485 TCP_RESPONSE '61 01 90 D2 AA 99 94 B0 FB 04 00'
2026-10-10 00:50:50,744 TCP_COMMAND '2101'
2026-10-10 00:50:50,745 TX 82 B1 F1 21 01 46
2026-10-10 00:50:50,756 RX_ECHO ignored
2026-10-10 00:50:50,843 RX 8B F1 B1 61 01 90 D2 AA 99 94 B0 FB 04 00 77
2026-10-10 00:50:50,844 TCP_RESPONSE '61 01 90 D2 AA 99 94 B0 FB 04 00'
2026-10-10 00:50:51,218 TCP_COMMAND '2101'
2026-10-10 00:50:51,219 TX 82 B1 F1 21 01 46
2026-10-10 00:50:51,229 RX_ECHO ignored
2026-10-10 00:50:51,311 RX 8B F1 B1 61 01 90 D2 AA 99 94 B0 FB 04 00 77
2026-10-10 00:50:51,312 TCP_RESPONSE '61 01 90 D2 AA 99 94 B0 FB 04 00'
2026-10-10 00:50:51,730 TCP_COMMAND '2101'
2026-10-10 00:50:51,731 TX 82 B1 F1 21 01 46
2026-10-10 00:50:51,741 RX_ECHO ignored
2026-10-10 00:50:51,788 RX 8B F1 B1 61 01 90 D2 AA 99 94 B0 FB 04 00 77
2026-10-10 00:50:51,789 TCP_RESPONSE '61 01 90 D2 AA 99 94 B0 FB 04 00'
2026-10-10 00:50:52,195 TCP_COMMAND '2101'
2026-10-10 00:50:52,196 TX 82 B1 F1 21 01 46
2026-10-10 00:50:52,206 RX_ECHO ignored
2026-10-10 00:50:52,267 RX 8B F1 B1 61 01 90 D2 AA 99 94 B0 FB 04 00 77
2026-10-10 00:50:52,268 TCP_RESPONSE '61 01 90 D2 AA 99 94 B0 FB 04 00'
2026-10-10 00:50:52,548 TCP_COMMAND '2101'
2026-10-10 00:50:52,552 TX 82 B1 F1 21 01 46
2026-10-10 00:50:52,563 RX_ECHO ignored
2026-10-10 00:50:52,622 RX 8B F1 B1 61 01 90 D2 AA 99 94 B0 FB 04 00 77
2026-10-10 00:50:52,623 TCP_RESPONSE '61 01 90 D2 AA 99 94 B0 FB 04 00'
2026-10-10 00:50:52,884 TCP_COMMAND '2101'
2026-10-10 00:50:52,885 TX 82 B1 F1 21 01 46
2026-10-10 00:50:52,896 RX_ECHO ignored
2026-10-10 00:50:52,977 RX 8B F1 B1 61 01 90 D2 AA 99 94 B0 FB 04 00 77
2026-10-10 00:50:52,977 TCP_RESPONSE '61 01 90 D2 AA 99 94 B0 FB 04 00'
2026-10-10 00:50:53,338 TCP_COMMAND '2101'
2026-10-10 00:50:53,339 TX 82 B1 F1 21 01 46
2026-10-10 00:50:53,349 RX_ECHO ignored
2026-10-10 00:50:53,453 RX 8B F1 B1 61 01 90 D2 AA 99 94 B0 FB 04 00 77
2026-10-10 00:50:53,453 TCP_RESPONSE '61 01 90 D2 AA 99 94 B0 FB 04 00'
2026-10-10 00:50:53,770 TCP_COMMAND '2101'
2026-10-10 00:50:53,771 TX 82 B1 F1 21 01 46
2026-10-10 00:50:53,782 RX_ECHO ignored
2026-10-10 00:50:53,819 RX 8B F1 B1 61 01 90 D2 AA 99 94 B0 FB 04 00 77
2026-10-10 00:50:53,819 TCP_RESPONSE '61 01 90 D2 AA 99 94 B0 FB 04 00'
2026-10-10 00:50:54,084 TCP_COMMAND '2101'
2026-10-10 00:50:54,085 TX 82 B1 F1 21 01 46
2026-10-10 00:50:54,096 RX_ECHO ignored
2026-10-10 00:50:54,181 RX 8B F1 B1 61 01 90 D2 AA 99 94 B0 FB 04 00 77
2026-10-10 00:50:54,181 TCP_RESPONSE '61 01 90 D2 AA 99 94 B0 FB 04 00'
2026-10-10 00:50:54,442 TCP_COMMAND '2101'
2026-10-10 00:50:54,442 TX 82 B1 F1 21 01 46
2026-10-10 00:50:54,453 RX_ECHO ignored
2026-10-10 00:50:54,537 RX 8B F1 B1 61 01 90 D2 AA 99 94 B0 FB 04 00 77
2026-10-10 00:50:54,538 TCP_RESPONSE '61 01 90 D2 AA 99 94 B0 FB 04 00'
2026-10-10 00:50:54,816 TCP_COMMAND '2101'
2026-10-10 00:50:54,816 TX 82 B1 F1 21 01 46
2026-10-10 00:50:54,827 RX_ECHO ignored
2026-10-10 00:50:54,886 RX 8B F1 B1 61 01 90 D2 AA 99 94 B0 FB 04 00 77
2026-10-10 00:50:54,886 TCP_RESPONSE '61 01 90 D2 AA 99 94 B0 FB 04 00'
2026-10-10 00:50:55,167 TCP_COMMAND '2101'
2026-10-10 00:50:55,168 TX 82 B1 F1 21 01 46
2026-10-10 00:50:55,178 RX_ECHO ignored
2026-10-10 00:50:55,249 RX 8B F1 B1 61 01 90 D2 AA 99 94 B0 FB 04 00 77
2026-10-10 00:50:55,250 TCP_RESPONSE '61 01 90 D2 AA 99 94 B0 FB 04 00'
2026-10-10 00:50:55,597 TCP_COMMAND '2101'
2026-10-10 00:50:55,598 TX 82 B1 F1 21 01 46
2026-10-10 00:50:55,608 RX_ECHO ignored
2026-10-10 00:50:55,730 RX 8B F1 B1 61 01 90 D2 AA 99 94 B0 FB 04 00 77
2026-10-10 00:50:55,730 TCP_RESPONSE '61 01 90 D2 AA 99 94 B0 FB 04 00'
2026-10-10 00:50:55,998 TCP_COMMAND '2101'
2026-10-10 00:50:55,999 TX 82 B1 F1 21 01 46
2026-10-10 00:50:56,010 RX_ECHO ignored
2026-10-10 00:50:56,080 RX 8B F1 B1 61 01 90 D2 AA 99 94 B0 FB 04 00 77
2026-10-10 00:50:56,080 TCP_RESPONSE '61 01 90 D2 AA 99 94 B0 FB 04 00'
2026-10-10 00:50:56,398 TCP_COMMAND '2101'
2026-10-10 00:50:56,399 TX 82 B1 F1 21 01 46
2026-10-10 00:50:56,410 RX_ECHO ignored
2026-10-10 00:50:56,444 RX 8B F1 B1 61 01 90 D2 AA 99 94 B0 FB 04 00 77
2026-10-10 00:50:56,445 TCP_RESPONSE '61 01 90 D2 AA 99 94 B0 FB 04 00'
2026-10-10 00:50:56,703 TCP_COMMAND '2101'
2026-10-10 00:50:56,704 TX 82 B1 F1 21 01 46
2026-10-10 00:50:56,714 RX_ECHO ignored
2026-10-10 00:50:56,796 RX 8B F1 B1 61 01 90 D2 AA 99 94 B0 FB 04 00 77
2026-10-10 00:50:56,796 TCP_RESPONSE '61 01 90 D2 AA 99 94 B0 FB 04 00'
2026-10-10 00:50:57,065 TCP_COMMAND '2101'
2026-10-10 00:50:57,066 TX 82 B1 F1 21 01 46
2026-10-10 00:50:57,076 RX_ECHO ignored
2026-10-10 00:50:57,162 RX 8B F1 B1 61 01 90 D2 AA 99 94 B0 FB 04 00 77
2026-10-10 00:50:57,163 TCP_RESPONSE '61 01 90 D2 AA 99 94 B0 FB 04 00'
2026-10-10 00:50:57,534 TCP_COMMAND '2101'
2026-10-10 00:50:57,535 TX 82 B1 F1 21 01 46
2026-10-10 00:50:57,545 RX_ECHO ignored
2026-10-10 00:50:57,642 RX 8B F1 B1 61 01 90 D2 AA 99 94 B0 FB 04 00 77
2026-10-10 00:50:57,642 TCP_RESPONSE '61 01 90 D2 AA 99 94 B0 FB 04 00'
2026-10-10 00:50:57,960 TCP_COMMAND '2101'
2026-10-10 00:50:57,961 TX 82 B1 F1 21 01 46
2026-10-10 00:50:57,972 RX_ECHO ignored
2026-10-10 00:50:57,995 RX 8B F1 B1 61 01 90 D2 AA 99 94 B0 FB 04 00 77
2026-10-10 00:50:57,996 TCP_RESPONSE '61 01 90 D2 AA 99 94 B0 FB 04 00'
2026-10-10 00:50:58,283 TCP_COMMAND '2101'
2026-10-10 00:50:58,284 TX 82 B1 F1 21 01 46
2026-10-10 00:50:58,295 RX_ECHO ignored
2026-10-10 00:50:58,355 RX 8B F1 B1 61 01 90 D2 AA 99 94 B0 FB 04 00 77
2026-10-10 00:50:58,356 TCP_RESPONSE '61 01 90 D2 AA 99 94 B0 FB 04 00'
2026-10-10 00:50:58,616 TCP_COMMAND '2101'
2026-10-10 00:50:58,617 TX 82 B1 F1 21 01 46
2026-10-10 00:50:58,627 RX_ECHO ignored
2026-10-10 00:50:58,712 RX 8B F1 B1 61 01 90 D2 AA 99 94 B0 FB 04 00 77
2026-10-10 00:50:58,712 TCP_RESPONSE '61 01 90 D2 AA 99 94 B0 FB 04 00'
2026-10-10 00:50:59,007 TCP_COMMAND '2101'
2026-10-10 00:50:59,008 TX 82 B1 F1 21 01 46
2026-10-10 00:50:59,018 RX_ECHO ignored
2026-10-10 00:50:59,066 RX 8B F1 B1 61 01 90 D2 AA 99 94 B0 FB 04 00 77
2026-10-10 00:50:59,066 TCP_RESPONSE '61 01 90 D2 AA 99 94 B0 FB 04 00'
2026-10-10 00:50:59,378 TCP_COMMAND '2101'
2026-10-10 00:50:59,379 TX 82 B1 F1 21 01 46
2026-10-10 00:50:59,389 RX_ECHO ignored
2026-10-10 00:50:59,425 RX 8B F1 B1 61 01 90 D2 AA 99 94 B0 FB 04 00 77
2026-10-10 00:50:59,425 TCP_RESPONSE '61 01 90 D2 AA 99 94 B0 FB 04 00'
2026-10-10 00:50:59,694 TCP_COMMAND '2101'
2026-10-10 00:50:59,695 TX 82 B1 F1 21 01 46
2026-10-10 00:50:59,706 RX_ECHO ignored
2026-10-10 00:50:59,787 RX 8B F1 B1 61 01 90 D2 AA 99 94 B0 FB 04 00 77
2026-10-10 00:50:59,787 TCP_RESPONSE '61 01 90 D2 AA 99 94 B0 FB 04 00'
2026-10-10 00:51:00,084 TCP_COMMAND '2101'
2026-10-10 00:51:00,084 TX 82 B1 F1 21 01 46
2026-10-10 00:51:00,095 RX_ECHO ignored
2026-10-10 00:51:00,143 RX 8B F1 B1 61 01 90 D2 AA 99 94 B0 FB 04 00 77
2026-10-10 00:51:00,144 TCP_RESPONSE '61 01 90 D2 AA 99 94 B0 FB 04 00'
2026-10-10 00:51:00,412 TCP_COMMAND '2101'
2026-10-10 00:51:00,413 TX 82 B1 F1 21 01 46
2026-10-10 00:51:00,423 RX_ECHO ignored
2026-10-10 00:51:00,505 RX 8B F1 B1 61 01 90 D2 AA 99 94 B0 FB 04 00 77
2026-10-10 00:51:00,505 TCP_RESPONSE '61 01 90 D2 AA 99 94 B0 FB 04 00'
2026-10-10 00:51:00,945 TCP_COMMAND '2101'
2026-10-10 00:51:00,945 TX 82 B1 F1 21 01 46
2026-10-10 00:51:00,956 RX_ECHO ignored
2026-10-10 00:51:00,979 RX 8B F1 B1 61 01 90 D2 AA 99 94 B0 FB 04 00 77
2026-10-10 00:51:00,979 TCP_RESPONSE '61 01 90 D2 AA 99 94 B0 FB 04 00'
2026-10-10 00:51:01,245 TCP_COMMAND '2101'
2026-10-10 00:51:01,245 TX 82 B1 F1 21 01 46
2026-10-10 00:51:01,256 RX_ECHO ignored
2026-10-10 00:51:01,339 RX 8B F1 B1 61 01 90 D2 AA 99 94 B0 FB 04 00 77
2026-10-10 00:51:01,339 TCP_RESPONSE '61 01 90 D2 AA 99 94 B0 FB 04 00'
2026-10-10 00:51:01,735 TCP_COMMAND '2101'
2026-10-10 00:51:01,736 TX 82 B1 F1 21 01 46
2026-10-10 00:51:01,746 RX_ECHO ignored
2026-10-10 00:51:01,818 RX 8B F1 B1 61 01 90 D2 AA 99 94 B0 FB 04 00 77
2026-10-10 00:51:01,819 TCP_RESPONSE '61 01 90 D2 AA 99 94 B0 FB 04 00'
2026-10-10 00:51:02,155 TCP_COMMAND '2101'
2026-10-10 00:51:02,156 TX 82 B1 F1 21 01 46
2026-10-10 00:51:02,166 RX_ECHO ignored
2026-10-10 00:51:02,297 RX 8B F1 B1 61 01 90 D2 AA 99 94 B0 FB 04 00 77
2026-10-10 00:51:02,298 TCP_RESPONSE '61 01 90 D2 AA 99 94 B0 FB 04 00'
2026-10-10 00:51:02,680 TCP_COMMAND '2101'
2026-10-10 00:51:02,681 TX 82 B1 F1 21 01 46
2026-10-10 00:51:02,691 RX_ECHO ignored
2026-10-10 00:51:02,775 RX 8B F1 B1 61 01 90 D2 AA 99 94 B0 FB 04 00 77
2026-10-10 00:51:02,775 TCP_RESPONSE '61 01 90 D2 AA 99 94 B0 FB 04 00'
2026-10-10 00:51:03,110 TCP_COMMAND '2101'
2026-10-10 00:51:03,111 TX 82 B1 F1 21 01 46
2026-10-10 00:51:03,121 RX_ECHO ignored
2026-10-10 00:51:03,253 RX 8B F1 B1 61 01 90 D2 AA 99 94 B0 FB 04 00 77
2026-10-10 00:51:03,253 TCP_RESPONSE '61 01 90 D2 AA 99 94 B0 FB 04 00'
2026-10-10 00:51:03,610 TCP_COMMAND '2101'
2026-10-10 00:51:03,610 TX 82 B1 F1 21 01 46
2026-10-10 00:51:03,621 RX_ECHO ignored
2026-10-10 00:51:03,727 RX 8B F1 B1 61 01 90 D2 AA 99 94 B0 FB 04 00 77
2026-10-10 00:51:03,727 TCP_RESPONSE '61 01 90 D2 AA 99 94 B0 FB 04 00'
2026-10-10 00:51:03,995 TCP_COMMAND '2101'
2026-10-10 00:51:03,996 TX 82 B1 F1 21 01 46
2026-10-10 00:51:04,006 RX_ECHO ignored
2026-10-10 00:51:04,080 RX 8B F1 B1 61 01 90 D2 AA 99 94 B0 FB 04 00 77
2026-10-10 00:51:04,081 TCP_RESPONSE '61 01 90 D2 AA 99 94 B0 FB 04 00'
2026-10-10 00:51:04,387 TCP_COMMAND '2101'
2026-10-10 00:51:04,388 TX 82 B1 F1 21 01 46
2026-10-10 00:51:04,398 RX_ECHO ignored
2026-10-10 00:51:04,435 RX 8B F1 B1 61 01 90 D2 AA 99 94 B0 FB 04 00 77
2026-10-10 00:51:04,435 TCP_RESPONSE '61 01 90 D2 AA 99 94 B0 FB 04 00'
2026-10-10 00:51:04,781 TCP_COMMAND '2101'
2026-10-10 00:51:04,782 TX 82 B1 F1 21 01 46
2026-10-10 00:51:04,792 RX_ECHO ignored
2026-10-10 00:51:04,910 RX 8B F1 B1 61 01 90 D2 AA 99 94 B0 FB 04 00 77
2026-10-10 00:51:04,910 TCP_RESPONSE '61 01 90 D2 AA 99 94 B0 FB 04 00'
2026-10-10 00:51:05,170 TCP_COMMAND '2101'
2026-10-10 00:51:05,171 TX 82 B1 F1 21 01 46
2026-10-10 00:51:05,181 RX_ECHO ignored
2026-10-10 00:51:05,274 RX 8B F1 B1 61 01 90 D2 AA 99 94 B0 FB 04 00 77
2026-10-10 00:51:05,275 TCP_RESPONSE '61 01 90 D2 AA 99 94 B0 FB 04 00'
2026-10-10 00:51:05,567 TCP_COMMAND '2101'
2026-10-10 00:51:05,568 TX 82 B1 F1 21 01 46
2026-10-10 00:51:05,578 RX_ECHO ignored
2026-10-10 00:51:05,626 RX 8B F1 B1 61 01 90 D2 AA 99 94 B0 FB 04 00 77
2026-10-10 00:51:05,627 TCP_RESPONSE '61 01 90 D2 AA 99 94 B0 FB 04 00'
2026-10-10 00:51:05,920 TCP_COMMAND '2101'
2026-10-10 00:51:05,920 TX 82 B1 F1 21 01 46
2026-10-10 00:51:05,931 RX_ECHO ignored
2026-10-10 00:51:05,988 RX 8B F1 B1 61 01 90 D2 AA 99 94 B0 FB 04 00 77
2026-10-10 00:51:05,988 TCP_RESPONSE '61 01 90 D2 AA 99 94 B0 FB 04 00'
2026-10-10 00:51:06,249 TCP_COMMAND '2101'
2026-10-10 00:51:06,249 TX 82 B1 F1 21 01 46
2026-10-10 00:51:06,260 RX_ECHO ignored
2026-10-10 00:51:06,355 RX 8B F1 B1 61 01 90 D2 AA 99 94 B0 FB 04 00 77
2026-10-10 00:51:06,355 TCP_RESPONSE '61 01 90 D2 AA 99 94 B0 FB 04 00'
2026-10-10 00:51:06,615 TCP_COMMAND '2101'
2026-10-10 00:51:06,615 TX 82 B1 F1 21 01 46
2026-10-10 00:51:06,626 RX_ECHO ignored
2026-10-10 00:51:06,706 RX 8B F1 B1 61 01 90 D2 AA 99 94 B0 FB 04 00 77
2026-10-10 00:51:06,706 TCP_RESPONSE '61 01 90 D2 AA 99 94 B0 FB 04 00'
2026-10-10 00:51:06,973 TCP_COMMAND '2101'
2026-10-10 00:51:06,974 TX 82 B1 F1 21 01 46
2026-10-10 00:51:06,984 RX_ECHO ignored
2026-10-10 00:51:07,068 RX 8B F1 B1 61 01 90 D2 AA 99 94 B0 FB 04 00 77
2026-10-10 00:51:07,068 TCP_RESPONSE '61 01 90 D2 AA 99 94 B0 FB 04 00'
2026-10-10 00:51:07,398 TCP_COMMAND '2101'
2026-10-10 00:51:07,398 TX 82 B1 F1 21 01 46
2026-10-10 00:51:07,408 RX_ECHO ignored
2026-10-10 00:51:07,540 RX 8B F1 B1 61 01 90 D2 AA 99 94 B0 FB 04 00 77
2026-10-10 00:51:07,540 TCP_RESPONSE '61 01 90 D2 AA 99 94 B0 FB 04 00'
2026-10-10 00:51:07,921 TCP_COMMAND '2101'
2026-10-10 00:51:07,922 TX 82 B1 F1 21 01 46
2026-10-10 00:51:07,933 RX_ECHO ignored
2026-10-10 00:51:08,019 RX 8B F1 B1 61 01 90 D2 AA 99 94 B0 FB 04 00 77
2026-10-10 00:51:08,019 TCP_RESPONSE '61 01 90 D2 AA 99 94 B0 FB 04 00'
2026-10-10 00:51:08,287 TCP_COMMAND '2101'
2026-10-10 00:51:08,288 TX 82 B1 F1 21 01 46
2026-10-10 00:51:08,299 RX_ECHO ignored
2026-10-10 00:51:08,381 RX 8B F1 B1 61 01 90 D2 AA 99 94 B0 FB 04 00 77
2026-10-10 00:51:08,381 TCP_RESPONSE '61 01 90 D2 AA 99 94 B0 FB 04 00'
2026-10-10 00:51:08,798 TCP_COMMAND '2101'
2026-10-10 00:51:08,799 TX 82 B1 F1 21 01 46
2026-10-10 00:51:08,809 RX_ECHO ignored
2026-10-10 00:51:08,858 RX 8B F1 B1 61 01 90 D2 AA 99 94 B0 FB 04 00 77
2026-10-10 00:51:08,858 TCP_RESPONSE '61 01 90 D2 AA 99 94 B0 FB 04 00'
2026-10-10 00:51:09,127 TCP_COMMAND '2101'
2026-10-10 00:51:09,127 TX 82 B1 F1 21 01 46
2026-10-10 00:51:09,138 RX_ECHO ignored
2026-10-10 00:51:09,210 RX 8B F1 B1 61 01 90 D2 AA 99 94 B0 FB 04 00 77
2026-10-10 00:51:09,210 TCP_RESPONSE '61 01 90 D2 AA 99 94 B0 FB 04 00'
2026-10-10 00:51:09,507 TCP_COMMAND '2101'
2026-10-10 00:51:09,508 TX 82 B1 F1 21 01 46
2026-10-10 00:51:09,518 RX_ECHO ignored
2026-10-10 00:51:09,566 RX 8B F1 B1 61 01 90 D2 AA 99 94 B0 FB 04 00 77
2026-10-10 00:51:09,566 TCP_RESPONSE '61 01 90 D2 AA 99 94 B0 FB 04 00'
2026-10-10 00:51:09,829 TCP_COMMAND '2101'
2026-10-10 00:51:09,830 TX 82 B1 F1 21 01 46
2026-10-10 00:51:09,840 RX_ECHO ignored
2026-10-10 00:51:09,924 RX 8B F1 B1 61 01 90 D2 AA 99 94 B0 FB 04 00 77
2026-10-10 00:51:09,924 TCP_RESPONSE '61 01 90 D2 AA 99 94 B0 FB 04 00'
2026-10-10 00:51:10,225 TCP_COMMAND '2101'
2026-10-10 00:51:10,226 TX 82 B1 F1 21 01 46
2026-10-10 00:51:10,236 RX_ECHO ignored
2026-10-10 00:51:10,284 RX 8B F1 B1 61 01 90 D2 AA 99 94 B0 FB 04 00 77
2026-10-10 00:51:10,284 TCP_RESPONSE '61 01 90 D2 AA 99 94 B0 FB 04 00'
2026-10-10 00:51:10,572 TCP_COMMAND '2101'
2026-10-10 00:51:10,573 TX 82 B1 F1 21 01 46
2026-10-10 00:51:10,583 RX_ECHO ignored
2026-10-10 00:51:10,641 RX 8B F1 B1 61 01 90 D2 AA 99 94 B0 FB 04 00 77
2026-10-10 00:51:10,642 TCP_RESPONSE '61 01 90 D2 AA 99 94 B0 FB 04 00'
2026-10-10 00:51:10,902 TCP_COMMAND '2101'
2026-10-10 00:51:10,903 TX 82 B1 F1 21 01 46
2026-10-10 00:51:10,913 RX_ECHO ignored
2026-10-10 00:51:11,005 RX 8B F1 B1 61 01 90 D2 AA 99 94 B0 FB 04 00 77
2026-10-10 00:51:11,006 TCP_RESPONSE '61 01 90 D2 AA 99 94 B0 FB 04 00'
2026-10-10 00:51:11,327 TCP_COMMAND '2101'
2026-10-10 00:51:11,327 TX 82 B1 F1 21 01 46
2026-10-10 00:51:11,338 RX_ECHO ignored
2026-10-10 00:51:11,361 RX 8B F1 B1 61 01 90 D2 AA 99 94 B0 FB 04 00 77
2026-10-10 00:51:11,361 TCP_RESPONSE '61 01 90 D2 AA 99 94 B0 FB 04 00'
2026-10-10 00:51:11,622 TCP_COMMAND '2101'
2026-10-10 00:51:11,623 TX 82 B1 F1 21 01 46
2026-10-10 00:51:11,633 RX_ECHO ignored
2026-10-10 00:51:11,716 RX 8B F1 B1 61 01 90 D2 AA 99 94 B0 FB 04 00 77
2026-10-10 00:51:11,717 TCP_RESPONSE '61 01 90 D2 AA 99 94 B0 FB 04 00'
2026-10-10 00:51:11,985 TCP_COMMAND '2101'
2026-10-10 00:51:11,986 TX 82 B1 F1 21 01 46
2026-10-10 00:51:11,996 RX_ECHO ignored
2026-10-10 00:51:12,078 RX 8B F1 B1 61 01 90 D2 AA 99 94 B0 FB 04 00 77
2026-10-10 00:51:12,078 TCP_RESPONSE '61 01 90 D2 AA 99 94 B0 FB 04 00'
2026-10-10 00:51:12,486 TCP_COMMAND '2101'
2026-10-10 00:51:12,487 TX 82 B1 F1 21 01 46
2026-10-10 00:51:12,497 RX_ECHO ignored
2026-10-10 00:51:12,560 RX 8B F1 B1 61 01 90 D2 AA 99 94 B0 FB 04 00 77
2026-10-10 00:51:12,560 TCP_RESPONSE '61 01 90 D2 AA 99 94 B0 FB 04 00'
2026-10-10 00:51:12,999 TCP_COMMAND '2101'
2026-10-10 00:51:13,000 TX 82 B1 F1 21 01 46
2026-10-10 00:51:13,010 RX_ECHO ignored
2026-10-10 00:51:13,035 RX 8B F1 B1 61 01 90 D2 AA 99 94 B0 FB 04 00 77
2026-10-10 00:51:13,035 TCP_RESPONSE '61 01 90 D2 AA 99 94 B0 FB 04 00'
2026-10-10 00:51:13,296 TCP_COMMAND '2101'
2026-10-10 00:51:13,296 TX 82 B1 F1 21 01 46
2026-10-10 00:51:13,307 RX_ECHO ignored
2026-10-10 00:51:13,388 RX 8B F1 B1 61 01 90 D2 AA 99 94 B0 FB 04 00 77
2026-10-10 00:51:13,388 TCP_RESPONSE '61 01 90 D2 AA 99 94 B0 FB 04 00'
2026-10-10 00:51:13,704 TCP_COMMAND '2101'
2026-10-10 00:51:13,704 TX 82 B1 F1 21 01 46
2026-10-10 00:51:13,715 RX_ECHO ignored
2026-10-10 00:51:13,751 RX 8B F1 B1 61 01 90 D2 AA 99 94 B0 FB 04 00 77
2026-10-10 00:51:13,751 TCP_RESPONSE '61 01 90 D2 AA 99 94 B0 FB 04 00'
2026-10-10 00:51:14,012 TCP_COMMAND '2101'
2026-10-10 00:51:14,013 TX 82 B1 F1 21 01 46
2026-10-10 00:51:14,023 RX_ECHO ignored
2026-10-10 00:51:14,105 RX 8B F1 B1 61 01 90 D2 AA 99 94 B0 FB 04 00 77
2026-10-10 00:51:14,105 TCP_RESPONSE '61 01 90 D2 AA 99 94 B0 FB 04 00'
2026-10-10 00:51:14,373 TCP_COMMAND '2101'
2026-10-10 00:51:14,374 TX 82 B1 F1 21 01 46
2026-10-10 00:51:14,384 RX_ECHO ignored
2026-10-10 00:51:14,465 RX 8B F1 B1 61 01 90 D2 AA 99 94 B0 FB 04 00 77
2026-10-10 00:51:14,466 TCP_RESPONSE '61 01 90 D2 AA 99 94 B0 FB 04 00'
2026-10-10 00:51:14,738 TCP_COMMAND '2101'
2026-10-10 00:51:14,739 TX 82 B1 F1 21 01 46
2026-10-10 00:51:14,749 RX_ECHO ignored
2026-10-10 00:51:14,820 RX 8B F1 B1 61 01 90 D2 AA 99 94 B0 FB 04 00 77
2026-10-10 00:51:14,821 TCP_RESPONSE '61 01 90 D2 AA 99 94 B0 FB 04 00'
2026-10-10 00:51:15,097 TCP_COMMAND '2101'
2026-10-10 00:51:15,098 TX 82 B1 F1 21 01 46
2026-10-10 00:51:15,109 RX_ECHO ignored
2026-10-10 00:51:15,183 RX 8B F1 B1 61 01 90 D2 AA 99 94 B0 FB 04 00 77
2026-10-10 00:51:15,183 TCP_RESPONSE '61 01 90 D2 AA 99 94 B0 FB 04 00'
2026-10-10 00:51:15,520 TCP_COMMAND '2101'
2026-10-10 00:51:15,521 TX 82 B1 F1 21 01 46
2026-10-10 00:51:15,531 RX_ECHO ignored
2026-10-10 00:51:15,660 RX 8B F1 B1 61 01 90 D2 AA 99 94 B0 FB 04 00 77
2026-10-10 00:51:15,660 TCP_RESPONSE '61 01 90 D2 AA 99 94 B0 FB 04 00'
2026-10-10 00:51:15,920 TCP_COMMAND '2101'
2026-10-10 00:51:15,921 TX 82 B1 F1 21 01 46
2026-10-10 00:51:15,931 RX_ECHO ignored
2026-10-10 00:51:16,013 RX 8B F1 B1 61 01 90 D2 AA 99 94 B0 FB 04 00 77
2026-10-10 00:51:16,013 TCP_RESPONSE '61 01 90 D2 AA 99 94 B0 FB 04 00'
2026-10-10 00:51:16,408 TCP_COMMAND '2101'
2026-10-10 00:51:16,409 TX 82 B1 F1 21 01 46
2026-10-10 00:51:16,420 RX_ECHO ignored
2026-10-10 00:51:16,501 RX 8B F1 B1 61 01 90 D2 AA 99 94 B0 FB 04 00 77
2026-10-10 00:51:16,501 TCP_RESPONSE '61 01 90 D2 AA 99 94 B0 FB 04 00'
2026-10-10 00:51:16,835 TCP_COMMAND '2101'
2026-10-10 00:51:16,836 TX 82 B1 F1 21 01 46
2026-10-10 00:51:16,846 RX_ECHO ignored
2026-10-10 00:51:16,964 RX 8B F1 B1 61 01 90 D2 AA 99 94 B0 FB 04 00 77
2026-10-10 00:51:16,964 TCP_RESPONSE '61 01 90 D2 AA 99 94 B0 FB 04 00'
2026-10-10 00:51:17,257 TCP_COMMAND '2101'
2026-10-10 00:51:17,258 TX 82 B1 F1 21 01 46
2026-10-10 00:51:17,268 RX_ECHO ignored
2026-10-10 00:51:17,325 RX 8B F1 B1 61 01 90 D2 AA 99 94 B0 FB 04 00 77
2026-10-10 00:51:17,326 TCP_RESPONSE '61 01 90 D2 AA 99 94 B0 FB 04 00'
2026-10-10 00:51:17,615 TCP_COMMAND '2101'
2026-10-10 00:51:17,616 TX 82 B1 F1 21 01 46
2026-10-10 00:51:17,626 RX_ECHO ignored
2026-10-10 00:51:17,686 RX 8B F1 B1 61 01 90 D2 AA 99 94 B0 FB 04 00 77
2026-10-10 00:51:17,686 TCP_RESPONSE '61 01 90 D2 AA 99 94 B0 FB 04 00'
2026-10-10 00:51:17,946 TCP_COMMAND '2101'
2026-10-10 00:51:17,947 TX 82 B1 F1 21 01 46
2026-10-10 00:51:17,957 RX_ECHO ignored
2026-10-10 00:51:18,041 RX 8B F1 B1 61 01 90 D2 AA 99 94 B0 FB 04 00 77
2026-10-10 00:51:18,041 TCP_RESPONSE '61 01 90 D2 AA 99 94 B0 FB 04 00'
2026-10-10 00:51:18,301 TCP_COMMAND '2101'
2026-10-10 00:51:18,302 TX 82 B1 F1 21 01 46
2026-10-10 00:51:18,312 RX_ECHO ignored
2026-10-10 00:51:18,409 RX 8B F1 B1 61 01 90 D2 AA 99 94 B0 FB 04 00 77
2026-10-10 00:51:18,409 TCP_RESPONSE '61 01 90 D2 AA 99 94 B0 FB 04 00'
2026-10-10 00:51:18,762 TCP_COMMAND '2101'
2026-10-10 00:51:18,763 TX 82 B1 F1 21 01 46
2026-10-10 00:51:18,774 RX_ECHO ignored
2026-10-10 00:51:18,881 RX 8B F1 B1 61 01 90 D2 AA 99 94 B0 FB 04 00 77
2026-10-10 00:51:18,882 TCP_RESPONSE '61 01 90 D2 AA 99 94 B0 FB 04 00'
2026-10-10 00:51:19,235 TCP_COMMAND '2101'
2026-10-10 00:51:19,236 TX 82 B1 F1 21 01 46
2026-10-10 00:51:19,246 RX_ECHO ignored
2026-10-10 00:51:19,354 RX 8B F1 B1 61 01 90 D2 AA 99 94 B0 FB 04 00 77
2026-10-10 00:51:19,354 TCP_RESPONSE '61 01 90 D2 AA 99 94 B0 FB 04 00'
2026-10-10 00:51:19,612 TCP_COMMAND '2101'
2026-10-10 00:51:19,615 TX 82 B1 F1 21 01 46
2026-10-10 00:51:19,625 RX_ECHO ignored
2026-10-10 00:51:19,709 RX 8B F1 B1 61 01 90 D2 AA 99 94 B0 FB 04 00 77
2026-10-10 00:51:19,709 TCP_RESPONSE '61 01 90 D2 AA 99 94 B0 FB 04 00'
2026-10-10 00:51:19,994 TCP_COMMAND '2101'
2026-10-10 00:51:19,995 TX 82 B1 F1 21 01 46
2026-10-10 00:51:20,005 RX_ECHO ignored
2026-10-10 00:51:20,076 RX 8B F1 B1 61 01 90 D2 AA 99 94 B0 FB 04 00 77
2026-10-10 00:51:20,076 TCP_RESPONSE '61 01 90 D2 AA 99 94 B0 FB 04 00'
2026-10-10 00:51:20,404 TCP_COMMAND '2101'
2026-10-10 00:51:20,405 TX 82 B1 F1 21 01 46
2026-10-10 00:51:20,416 RX_ECHO ignored
2026-10-10 00:51:20,549 RX 8B F1 B1 61 01 90 D2 AA 99 94 B0 FB 04 00 77
2026-10-10 00:51:20,550 TCP_RESPONSE '61 01 90 D2 AA 99 94 B0 FB 04 00'
2026-10-10 00:51:20,816 TCP_COMMAND '2101'
2026-10-10 00:51:20,817 TX 82 B1 F1 21 01 46
2026-10-10 00:51:20,827 RX_ECHO ignored
2026-10-10 00:51:20,908 RX 8B F1 B1 61 01 90 D2 AA 99 94 B0 FB 04 00 77
2026-10-10 00:51:20,909 TCP_RESPONSE '61 01 90 D2 AA 99 94 B0 FB 04 00'
2026-10-10 00:51:21,324 TCP_COMMAND '2101'
2026-10-10 00:51:21,325 TX 82 B1 F1 21 01 46
2026-10-10 00:51:21,336 RX_ECHO ignored
2026-10-10 00:51:21,383 RX 8B F1 B1 61 01 90 D2 AA 99 94 B0 FB 04 00 77
2026-10-10 00:51:21,384 TCP_RESPONSE '61 01 90 D2 AA 99 94 B0 FB 04 00'
2026-10-10 00:51:21,693 TCP_COMMAND '2101'
2026-10-10 00:51:21,694 TX 82 B1 F1 21 01 46
2026-10-10 00:51:21,704 RX_ECHO ignored
2026-10-10 00:51:21,738 RX 8B F1 B1 61 01 90 D2 AA 99 94 B0 FB 04 00 77
2026-10-10 00:51:21,739 TCP_RESPONSE '61 01 90 D2 AA 99 94 B0 FB 04 00'
2026-10-10 00:51:22,079 TCP_COMMAND '2101'
2026-10-10 00:51:22,079 TX 82 B1 F1 21 01 46
2026-10-10 00:51:22,090 RX_ECHO ignored
2026-10-10 00:51:22,221 RX 8B F1 B1 61 01 90 D2 AA 99 94 B0 FB 04 00 77
2026-10-10 00:51:22,222 TCP_RESPONSE '61 01 90 D2 AA 99 94 B0 FB 04 00'
2026-10-10 00:51:22,512 TCP_COMMAND '2101'
2026-10-10 00:51:22,513 TX 82 B1 F1 21 01 46
2026-10-10 00:51:22,524 RX_ECHO ignored
2026-10-10 00:51:22,572 RX 8B F1 B1 61 01 90 D2 AA 99 94 B0 FB 04 00 77
2026-10-10 00:51:22,573 TCP_RESPONSE '61 01 90 D2 AA 99 94 B0 FB 04 00'
2026-10-10 00:51:22,873 TCP_COMMAND '2101'
2026-10-10 00:51:22,874 TX 82 B1 F1 21 01 46
2026-10-10 00:51:22,884 RX_ECHO ignored
2026-10-10 00:51:22,931 RX 8B F1 B1 61 01 90 D2 AA 99 94 B0 FB 04 00 77
2026-10-10 00:51:22,932 TCP_RESPONSE '61 01 90 D2 AA 99 94 B0 FB 04 00'
2026-10-10 00:51:23,225 TCP_COMMAND '2101'
2026-10-10 00:51:23,227 TX 82 B1 F1 21 01 46
2026-10-10 00:51:23,237 RX_ECHO ignored
2026-10-10 00:51:23,295 RX 8B F1 B1 61 01 90 D2 AA 99 94 B0 FB 04 00 77
2026-10-10 00:51:23,296 TCP_RESPONSE '61 01 90 D2 AA 99 94 B0 FB 04 00'
2026-10-10 00:51:23,679 TCP_COMMAND '2101'
2026-10-10 00:51:23,680 TX 82 B1 F1 21 01 46
2026-10-10 00:51:23,691 RX_ECHO ignored
2026-10-10 00:51:23,774 RX 8B F1 B1 61 01 90 D2 AA 99 94 B0 FB 04 00 77
2026-10-10 00:51:23,774 TCP_RESPONSE '61 01 90 D2 AA 99 94 B0 FB 04 00'
2026-10-10 00:51:29,253 TCP_COMMAND '2101'
2026-10-10 00:51:29,254 INIT begin target=B1 tester=F1 attempts=30
2026-10-10 00:51:29,254 INIT attempt 1/30
2026-10-10 00:51:29,625 INIT low-baud wakeup 0x00 @360 sent, gap=65.0 ms (not wire measurement)
2026-10-10 00:51:29,742 INIT success key_bytes=D9 8F
2026-10-10 00:51:29,797 TX 82 B1 F1 21 01 46
2026-10-10 00:51:29,807 RX_ECHO ignored
2026-10-10 00:51:29,867 RX 8B F1 B1 61 01 90 D2 AA 99 94 B0 FB 04 00 77
2026-10-10 00:51:29,867 TCP_RESPONSE '61 01 90 D2 AA 99 94 B0 FB 04 00'
2026-10-10 00:51:30,335 TCP_COMMAND '2101'
2026-10-10 00:51:30,336 TX 82 B1 F1 21 01 46
2026-10-10 00:51:30,347 RX_ECHO ignored
2026-10-10 00:51:30,465 RX 8B F1 B1 61 01 90 D2 AA 99 94 B0 FB 04 00 77
2026-10-10 00:51:30,466 TCP_RESPONSE '61 01 90 D2 AA 99 94 B0 FB 04 00'
2026-10-10 00:51:30,806 TCP_COMMAND '2101'
2026-10-10 00:51:30,807 TX 82 B1 F1 21 01 46
2026-10-10 00:51:30,817 RX_ECHO ignored
2026-10-10 00:51:30,934 RX 8B F1 B1 61 01 90 D2 AA 99 94 B0 FB 04 00 77
2026-10-10 00:51:30,934 TCP_RESPONSE '61 01 90 D2 AA 99 94 B0 FB 04 00'
2026-10-10 00:51:33,408 TCP_COMMAND '82'
2026-10-10 00:51:33,409 TX 81 B1 F1 82 A5
2026-10-10 00:51:33,419 RX_ECHO ignored
2026-10-10 00:51:33,514 RX 81 F1 B1 C2 E5
2026-10-10 00:51:33,515 TCP_RESPONSE 'C2'
2026-10-10 00:51:33,919 TCP_COMMAND 'ATZ'
2026-10-10 00:51:33,920 TCP_RESPONSE 'ELM327 v1.5'
2026-10-10 00:51:34,313 TCP_COMMAND 'ATZ'
2026-10-10 00:51:34,313 TCP_RESPONSE 'ELM327 v1.5'
2026-10-10 00:51:37,920 Client connected: ('192.168.3.8', 60784)
2026-10-10 00:51:38,425 TCP_COMMAND 'AT@1'
2026-10-10 00:51:38,426 TCP_RESPONSE 'Experimental Kalina TCP bridge'
2026-10-10 00:51:38,528 TCP_COMMAND 'ATZ'
2026-10-10 00:51:38,529 TCP_RESPONSE 'ELM327 v1.5'
2026-10-10 00:51:38,540 TCP_COMMAND 'ATE0'
2026-10-10 00:51:38,540 TCP_RESPONSE 'OK'
2026-10-10 00:51:38,558 TCP_COMMAND 'ATAL'
2026-10-10 00:51:38,559 TCP_RESPONSE 'OK'
2026-10-10 00:51:38,573 TCP_COMMAND 'ATAT1'
2026-10-10 00:51:38,574 TCP_RESPONSE 'OK'
2026-10-10 00:51:38,592 TCP_COMMAND 'ATS1'
2026-10-10 00:51:38,592 TCP_RESPONSE 'OK'
2026-10-10 00:51:38,607 TCP_COMMAND 'ATSTC8'
2026-10-10 00:51:38,607 TCP_RESPONSE 'OK'
2026-10-10 00:51:38,623 TCP_COMMAND 'ATSH81B1F1'
2026-10-10 00:51:38,623 TCP_RESPONSE 'OK'
2026-10-10 00:51:38,642 TCP_COMMAND 'ATIIAB1'
2026-10-10 00:51:38,643 TCP_RESPONSE 'OK'
2026-10-10 00:51:38,657 TCP_COMMAND 'ATSP5'
2026-10-10 00:51:38,657 TCP_RESPONSE 'OK'
2026-10-10 00:51:38,673 TCP_COMMAND 'ATSW00'
2026-10-10 00:51:38,673 TCP_RESPONSE 'OK'
2026-10-10 00:51:38,947 TCP_COMMAND 'ATBI'
2026-10-10 00:51:38,948 TCP_RESPONSE 'OK'
2026-10-10 00:51:39,245 TCP_COMMAND '82'
2026-10-10 00:51:39,245 INIT begin target=B1 tester=F1 attempts=30
2026-10-10 00:51:39,245 INIT attempt 1/30
2026-10-10 00:51:39,613 INIT low-baud wakeup 0x00 @360 sent, gap=64.9 ms (not wire measurement)
2026-10-10 00:51:39,715 INIT success key_bytes=D9 8F
2026-10-10 00:51:39,771 TX 81 B1 F1 82 A5
2026-10-10 00:51:39,781 RX_ECHO ignored
2026-10-10 00:51:39,829 RX 81 F1 B1 C2 E5
2026-10-10 00:51:39,830 TCP_RESPONSE 'C2'
2026-10-10 00:51:40,267 TCP_COMMAND 'AT@1'
2026-10-10 00:51:40,268 TCP_RESPONSE 'Experimental Kalina TCP bridge'
2026-10-10 00:51:40,429 TCP_COMMAND 'ATZ'
2026-10-10 00:51:40,430 TCP_RESPONSE 'ELM327 v1.5'
2026-10-10 00:51:40,437 TCP_COMMAND 'ATE0'
2026-10-10 00:51:40,437 TCP_RESPONSE 'OK'
2026-10-10 00:51:40,453 TCP_COMMAND 'ATAL'
2026-10-10 00:51:40,453 TCP_RESPONSE 'OK'
2026-10-10 00:51:40,471 TCP_COMMAND 'ATAT1'
2026-10-10 00:51:40,471 TCP_RESPONSE 'OK'
2026-10-10 00:51:40,486 TCP_COMMAND 'ATS1'
2026-10-10 00:51:40,487 TCP_RESPONSE 'OK'
2026-10-10 00:51:40,504 TCP_COMMAND 'ATSTC8'
2026-10-10 00:51:40,504 TCP_RESPONSE 'OK'
2026-10-10 00:51:40,520 TCP_COMMAND 'ATSH81B1F1'
2026-10-10 00:51:40,520 TCP_RESPONSE 'OK'
2026-10-10 00:51:40,536 TCP_COMMAND 'ATIIAB1'
2026-10-10 00:51:40,537 TCP_RESPONSE 'OK'
2026-10-10 00:51:40,553 TCP_COMMAND 'ATSP5'
2026-10-10 00:51:40,553 TCP_RESPONSE 'OK'
2026-10-10 00:51:40,570 TCP_COMMAND 'ATSW00'
2026-10-10 00:51:40,570 TCP_RESPONSE 'OK'
2026-10-10 00:51:40,985 TCP_COMMAND '18008000'
2026-10-10 00:51:40,986 INIT begin target=B1 tester=F1 attempts=30
2026-10-10 00:51:40,986 INIT attempt 1/30
2026-10-10 00:51:41,355 INIT low-baud wakeup 0x00 @360 sent, gap=66.6 ms (not wire measurement)
2026-10-10 00:51:41,464 INIT success key_bytes=D9 8F
2026-10-10 00:51:41,520 TX 84 B1 F1 18 00 80 00 BE
2026-10-10 00:51:41,532 RX_ECHO ignored
2026-10-10 00:51:41,601 RX 94 F1 B1 58 06 13 89 00 13 28 00 13 75 00 13 89 20 13 28 20 13 75 20 B2
2026-10-10 00:51:41,601 TCP_RESPONSE '58 06 13 89 00 13 28 00 13 75 00 13 89 20 13 28 20 13 75 20'
2026-10-10 00:51:42,001 TCP_COMMAND '18008000'
2026-10-10 00:51:42,001 TX 84 B1 F1 18 00 80 00 BE
2026-10-10 00:51:42,023 RX_ECHO ignored
2026-10-10 00:51:42,093 RX 94 F1 B1 58 06 13 89 00 13 28 00 13 75 00 13 89 20 13 28 20 13 75 20 B2
2026-10-10 00:51:42,094 TCP_RESPONSE '58 06 13 89 00 13 28 00 13 75 00 13 89 20 13 28 20 13 75 20'
2026-10-10 00:51:42,419 TCP_COMMAND '18008000'
2026-10-10 00:51:42,420 TX 84 B1 F1 18 00 80 00 BE
2026-10-10 00:51:42,432 RX_ECHO ignored
2026-10-10 00:51:42,577 RX 94 F1 B1 58 06 13 89 00 13 28 00 13 75 00 13 89 20 13 28 20 13 75 20 B2
2026-10-10 00:51:42,577 TCP_RESPONSE '58 06 13 89 00 13 28 00 13 75 00 13 89 20 13 28 20 13 75 20'
2026-10-10 00:51:42,931 TCP_COMMAND '18008000'
2026-10-10 00:51:42,932 TX 84 B1 F1 18 00 80 00 BE
2026-10-10 00:51:42,944 RX_ECHO ignored
2026-10-10 00:51:43,056 RX 94 F1 B1 58 06 13 89 00 13 28 00 13 75 00 13 89 20 13 28 20 13 75 20 B2
2026-10-10 00:51:43,056 TCP_RESPONSE '58 06 13 89 00 13 28 00 13 75 00 13 89 20 13 28 20 13 75 20'
2026-10-10 00:51:43,406 TCP_COMMAND '18008000'
2026-10-10 00:51:43,407 TX 84 B1 F1 18 00 80 00 BE
2026-10-10 00:51:43,419 RX_ECHO ignored
2026-10-10 00:51:43,551 RX 94 F1 B1 58 06 13 89 00 13 28 00 13 75 00 13 89 20 13 28 20 13 75 20 B2
2026-10-10 00:51:43,552 TCP_RESPONSE '58 06 13 89 00 13 28 00 13 75 00 13 89 20 13 28 20 13 75 20'
2026-10-10 00:51:43,953 TCP_COMMAND '18008000'
2026-10-10 00:51:43,954 TX 84 B1 F1 18 00 80 00 BE
2026-10-10 00:51:43,976 RX_ECHO ignored
2026-10-10 00:51:44,026 RX 94 F1 B1 58 06 13 89 00 13 28 00 13 75 00 13 89 20 13 28 20 13 75 20 B2
2026-10-10 00:51:44,026 TCP_RESPONSE '58 06 13 89 00 13 28 00 13 75 00 13 89 20 13 28 20 13 75 20'
2026-10-10 00:51:44,426 TCP_COMMAND '18008000'
2026-10-10 00:51:44,427 TX 84 B1 F1 18 00 80 00 BE
2026-10-10 00:51:44,451 RX_ECHO ignored
2026-10-10 00:51:44,511 RX 94 F1 B1 58 06 13 89 00 13 28 00 13 75 00 13 89 20 13 28 20 13 75 20 B2
2026-10-10 00:51:44,512 TCP_RESPONSE '58 06 13 89 00 13 28 00 13 75 00 13 89 20 13 28 20 13 75 20'
2026-10-10 00:51:44,876 TCP_COMMAND '18008000'
2026-10-10 00:51:44,877 TX 84 B1 F1 18 00 80 00 BE
2026-10-10 00:51:44,889 RX_ECHO ignored
2026-10-10 00:51:45,006 RX 94 F1 B1 58 06 13 89 00 13 28 00 13 75 00 13 89 20 13 28 20 13 75 20 B2
2026-10-10 00:51:45,006 TCP_RESPONSE '58 06 13 89 00 13 28 00 13 75 00 13 89 20 13 28 20 13 75 20'
2026-10-10 00:51:45,273 TCP_COMMAND '18008000'
2026-10-10 00:51:45,275 TX 84 B1 F1 18 00 80 00 BE
2026-10-10 00:51:45,286 RX_ECHO ignored
2026-10-10 00:51:45,369 RX 94 F1 B1 58 06 13 89 00 13 28 00 13 75 00 13 89 20 13 28 20 13 75 20 B2
2026-10-10 00:51:45,370 TCP_RESPONSE '58 06 13 89 00 13 28 00 13 75 00 13 89 20 13 28 20 13 75 20'
2026-10-10 00:51:45,672 TCP_COMMAND '18008000'
2026-10-10 00:51:45,673 TX 84 B1 F1 18 00 80 00 BE
2026-10-10 00:51:45,684 RX_ECHO ignored
2026-10-10 00:51:45,744 RX 94 F1 B1 58 06 13 89 00 13 28 00 13 75 00 13 89 20 13 28 20 13 75 20 B2
2026-10-10 00:51:45,745 TCP_RESPONSE '58 06 13 89 00 13 28 00 13 75 00 13 89 20 13 28 20 13 75 20'
2026-10-10 00:51:46,061 TCP_COMMAND '18008000'
2026-10-10 00:51:46,062 TX 84 B1 F1 18 00 80 00 BE
2026-10-10 00:51:46,074 RX_ECHO ignored
2026-10-10 00:51:46,110 RX 94 F1 B1 58 06 13 89 00 13 28 00 13 75 00 13 89 20 13 28 20 13 75 20 B2
2026-10-10 00:51:46,110 TCP_RESPONSE '58 06 13 89 00 13 28 00 13 75 00 13 89 20 13 28 20 13 75 20'
2026-10-10 00:51:46,454 TCP_COMMAND '18008000'
2026-10-10 00:51:46,455 TX 84 B1 F1 18 00 80 00 BE
2026-10-10 00:51:46,467 RX_ECHO ignored
2026-10-10 00:51:46,594 RX 94 F1 B1 58 06 13 89 00 13 28 00 13 75 00 13 89 20 13 28 20 13 75 20 B2
2026-10-10 00:51:46,595 TCP_RESPONSE '58 06 13 89 00 13 28 00 13 75 00 13 89 20 13 28 20 13 75 20'
2026-10-10 00:51:46,854 TCP_COMMAND '18008000'
2026-10-10 00:51:46,855 TX 84 B1 F1 18 00 80 00 BE
2026-10-10 00:51:46,866 RX_ECHO ignored
2026-10-10 00:51:46,961 RX 94 F1 B1 58 06 13 89 00 13 28 00 13 75 00 13 89 20 13 28 20 13 75 20 B2
2026-10-10 00:51:46,961 TCP_RESPONSE '58 06 13 89 00 13 28 00 13 75 00 13 89 20 13 28 20 13 75 20'
2026-10-10 00:51:47,334 TCP_COMMAND '18008000'
2026-10-10 00:51:47,335 TX 84 B1 F1 18 00 80 00 BE
2026-10-10 00:51:47,346 RX_ECHO ignored
2026-10-10 00:51:47,453 RX 94 F1 B1 58 06 13 89 00 13 28 00 13 75 00 13 89 20 13 28 20 13 75 20 B2
2026-10-10 00:51:47,454 TCP_RESPONSE '58 06 13 89 00 13 28 00 13 75 00 13 89 20 13 28 20 13 75 20'
2026-10-10 00:51:47,769 TCP_COMMAND '18008000'
2026-10-10 00:51:47,770 TX 84 B1 F1 18 00 80 00 BE
2026-10-10 00:51:47,793 RX_ECHO ignored
2026-10-10 00:51:47,815 RX 94 F1 B1 58 06 13 89 00 13 28 00 13 75 00 13 89 20 13 28 20 13 75 20 B2
2026-10-10 00:51:47,815 TCP_RESPONSE '58 06 13 89 00 13 28 00 13 75 00 13 89 20 13 28 20 13 75 20'
2026-10-10 00:51:48,152 TCP_COMMAND '18008000'
2026-10-10 00:51:48,152 TX 84 B1 F1 18 00 80 00 BE
2026-10-10 00:51:48,164 RX_ECHO ignored
2026-10-10 00:51:48,304 RX 94 F1 B1 58 06 13 89 00 13 28 00 13 75 00 13 89 20 13 28 20 13 75 20 B2
2026-10-10 00:51:48,305 TCP_RESPONSE '58 06 13 89 00 13 28 00 13 75 00 13 89 20 13 28 20 13 75 20'
2026-10-10 00:51:48,664 TCP_COMMAND '18008000'
2026-10-10 00:51:48,665 TX 84 B1 F1 18 00 80 00 BE
2026-10-10 00:51:48,687 RX_ECHO ignored
2026-10-10 00:51:48,795 RX 94 F1 B1 58 06 13 89 00 13 28 00 13 75 00 13 89 20 13 28 20 13 75 20 B2
2026-10-10 00:51:48,796 TCP_RESPONSE '58 06 13 89 00 13 28 00 13 75 00 13 89 20 13 28 20 13 75 20'
2026-10-10 00:51:49,176 TCP_COMMAND '18008000'
2026-10-10 00:51:49,177 TX 84 B1 F1 18 00 80 00 BE
2026-10-10 00:51:49,200 RX_ECHO ignored
2026-10-10 00:51:49,272 RX 94 F1 B1 58 06 13 89 00 13 28 00 13 75 00 13 89 20 13 28 20 13 75 20 B2
2026-10-10 00:51:49,273 TCP_RESPONSE '58 06 13 89 00 13 28 00 13 75 00 13 89 20 13 28 20 13 75 20'
2026-10-10 00:51:49,688 TCP_COMMAND '18008000'
2026-10-10 00:51:49,689 TX 84 B1 F1 18 00 80 00 BE
2026-10-10 00:51:49,702 RX_ECHO ignored
2026-10-10 00:51:49,762 RX 94 F1 B1 58 06 13 89 00 13 28 00 13 75 00 13 89 20 13 28 20 13 75 20 B2
2026-10-10 00:51:49,763 TCP_RESPONSE '58 06 13 89 00 13 28 00 13 75 00 13 89 20 13 28 20 13 75 20'
2026-10-10 00:51:50,098 TCP_COMMAND '18008000'
2026-10-10 00:51:50,099 TX 84 B1 F1 18 00 80 00 BE
2026-10-10 00:51:50,111 RX_ECHO ignored
2026-10-10 00:51:50,255 RX 94 F1 B1 58 06 13 89 00 13 28 00 13 75 00 13 89 20 13 28 20 13 75 20 B2
2026-10-10 00:51:50,256 TCP_RESPONSE '58 06 13 89 00 13 28 00 13 75 00 13 89 20 13 28 20 13 75 20'
2026-10-10 00:51:50,611 TCP_COMMAND '18008000'
2026-10-10 00:51:50,612 TX 84 B1 F1 18 00 80 00 BE
2026-10-10 00:51:50,624 RX_ECHO ignored
2026-10-10 00:51:50,730 RX 94 F1 B1 58 06 13 89 00 13 28 00 13 75 00 13 89 20 13 28 20 13 75 20 B2
2026-10-10 00:51:50,730 TCP_RESPONSE '58 06 13 89 00 13 28 00 13 75 00 13 89 20 13 28 20 13 75 20'
2026-10-10 00:51:50,990 TCP_COMMAND '18008000'
2026-10-10 00:51:50,990 TX 84 B1 F1 18 00 80 00 BE
2026-10-10 00:51:51,002 RX_ECHO ignored
2026-10-10 00:51:51,109 RX 94 F1 B1 58 06 13 89 00 13 28 00 13 75 00 13 89 20 13 28 20 13 75 20 B2
2026-10-10 00:51:51,109 TCP_RESPONSE '58 06 13 89 00 13 28 00 13 75 00 13 89 20 13 28 20 13 75 20'
2026-10-10 00:51:51,442 TCP_COMMAND '18008000'
2026-10-10 00:51:51,443 TX 84 B1 F1 18 00 80 00 BE
2026-10-10 00:51:51,455 RX_ECHO ignored
2026-10-10 00:51:51,586 RX 94 F1 B1 58 06 13 89 00 13 28 00 13 75 00 13 89 20 13 28 20 13 75 20 B2
2026-10-10 00:51:51,586 TCP_RESPONSE '58 06 13 89 00 13 28 00 13 75 00 13 89 20 13 28 20 13 75 20'
2026-10-10 00:51:51,855 TCP_COMMAND '18008000'
2026-10-10 00:51:51,855 TX 84 B1 F1 18 00 80 00 BE
2026-10-10 00:51:51,878 RX_ECHO ignored
2026-10-10 00:51:51,962 RX 94 F1 B1 58 06 13 89 00 13 28 00 13 75 00 13 89 20 13 28 20 13 75 20 B2
2026-10-10 00:51:51,963 TCP_RESPONSE '58 06 13 89 00 13 28 00 13 75 00 13 89 20 13 28 20 13 75 20'
2026-10-10 00:51:52,308 TCP_COMMAND '18008000'
2026-10-10 00:51:52,309 TX 84 B1 F1 18 00 80 00 BE
2026-10-10 00:51:52,332 RX_ECHO ignored
2026-10-10 00:51:52,453 RX 94 F1 B1 58 06 13 89 00 13 28 00 13 75 00 13 89 20 13 28 20 13 75 20 B2
2026-10-10 00:51:52,454 TCP_RESPONSE '58 06 13 89 00 13 28 00 13 75 00 13 89 20 13 28 20 13 75 20'
2026-10-10 00:51:52,745 TCP_COMMAND '18008000'
2026-10-10 00:51:52,746 TX 84 B1 F1 18 00 80 00 BE
2026-10-10 00:51:52,757 RX_ECHO ignored
2026-10-10 00:51:52,818 RX 94 F1 B1 58 06 13 89 00 13 28 00 13 75 00 13 89 20 13 28 20 13 75 20 B2
2026-10-10 00:51:52,818 TCP_RESPONSE '58 06 13 89 00 13 28 00 13 75 00 13 89 20 13 28 20 13 75 20'
2026-10-10 00:51:53,076 TCP_COMMAND '18008000'
2026-10-10 00:51:53,077 TX 84 B1 F1 18 00 80 00 BE
2026-10-10 00:51:53,098 RX_ECHO ignored
2026-10-10 00:51:53,183 RX 94 F1 B1 58 06 13 89 00 13 28 00 13 75 00 13 89 20 13 28 20 13 75 20 B2
2026-10-10 00:51:53,184 TCP_RESPONSE '58 06 13 89 00 13 28 00 13 75 00 13 89 20 13 28 20 13 75 20'
2026-10-10 00:51:53,543 TCP_COMMAND '18008000'
2026-10-10 00:51:53,544 TX 84 B1 F1 18 00 80 00 BE
2026-10-10 00:51:53,556 RX_ECHO ignored
2026-10-10 00:51:53,677 RX 94 F1 B1 58 06 13 89 00 13 28 00 13 75 00 13 89 20 13 28 20 13 75 20 B2
2026-10-10 00:51:53,678 TCP_RESPONSE '58 06 13 89 00 13 28 00 13 75 00 13 89 20 13 28 20 13 75 20'
2026-10-10 00:51:53,937 TCP_COMMAND '18008000'
2026-10-10 00:51:53,938 TX 84 B1 F1 18 00 80 00 BE
2026-10-10 00:51:53,950 RX_ECHO ignored
2026-10-10 00:51:54,045 RX 9D F1 B1 58 07 13 89 00 13 28 00 13 75 00 13 84 00 13 84 00 13 84 00 13 89 20 13 28 20 13 75 20 81
2026-10-10 00:51:54,045 TCP_RESPONSE '58 07 13 89 00 13 28 00 13 75 00 13 84 00 13 84 00 13 84 00 13 89 20 13 28 20 13 75 20'
2026-10-10 00:51:54,319 TCP_COMMAND '18008000'
2026-10-10 00:51:54,321 TX 84 B1 F1 18 00 80 00 BE
2026-10-10 00:51:54,343 RX_ECHO ignored
2026-10-10 00:51:54,422 RX 94 F1 B1 58 06 13 89 00 13 28 00 13 75 00 13 89 20 13 28 20 13 75 20 B2
2026-10-10 00:51:54,425 TCP_RESPONSE '58 06 13 89 00 13 28 00 13 75 00 13 89 20 13 28 20 13 75 20'
2026-10-10 00:51:54,701 TCP_COMMAND '18008000'
2026-10-10 00:51:54,702 TX 84 B1 F1 18 00 80 00 BE
2026-10-10 00:51:54,727 RX_ECHO ignored
2026-10-10 00:51:54,789 RX 94 F1 B1 58 06 13 89 00 13 28 00 13 75 00 13 89 20 13 28 20 13 75 20 B2
2026-10-10 00:51:54,789 TCP_RESPONSE '58 06 13 89 00 13 28 00 13 75 00 13 89 20 13 28 20 13 75 20'
2026-10-10 00:51:55,110 TCP_COMMAND '18008000'
2026-10-10 00:51:55,111 TX 84 B1 F1 18 00 80 00 BE
2026-10-10 00:51:55,123 RX_ECHO ignored
2026-10-10 00:51:55,160 RX 94 F1 B1 58 06 13 89 00 13 28 00 13 75 00 13 89 20 13 28 20 13 75 20 B2
2026-10-10 00:51:55,160 TCP_RESPONSE '58 06 13 89 00 13 28 00 13 75 00 13 89 20 13 28 20 13 75 20'
2026-10-10 00:51:55,424 TCP_COMMAND '18008000'
2026-10-10 00:51:55,424 TX 84 B1 F1 18 00 80 00 BE
2026-10-10 00:51:55,435 RX_ECHO ignored
2026-10-10 00:51:55,532 RX 94 F1 B1 58 06 13 89 00 13 28 00 13 75 00 13 89 20 13 28 20 13 75 20 B2
2026-10-10 00:51:55,532 TCP_RESPONSE '58 06 13 89 00 13 28 00 13 75 00 13 89 20 13 28 20 13 75 20'
2026-10-10 00:51:55,791 TCP_COMMAND '18008000'
2026-10-10 00:51:55,792 TX 84 B1 F1 18 00 80 00 BE
2026-10-10 00:51:55,815 RX_ECHO ignored
2026-10-10 00:51:55,895 RX 94 F1 B1 58 06 13 89 00 13 28 00 13 75 00 13 89 20 13 28 20 13 75 20 B2
2026-10-10 00:51:55,895 TCP_RESPONSE '58 06 13 89 00 13 28 00 13 75 00 13 89 20 13 28 20 13 75 20'
2026-10-10 00:51:56,161 TCP_COMMAND '18008000'
2026-10-10 00:51:56,162 TX 84 B1 F1 18 00 80 00 BE
2026-10-10 00:51:56,174 RX_ECHO ignored
2026-10-10 00:51:56,266 RX 94 F1 B1 58 06 13 89 00 13 28 00 13 75 00 13 89 20 13 28 20 13 75 20 B2
2026-10-10 00:51:56,266 TCP_RESPONSE '58 06 13 89 00 13 28 00 13 75 00 13 89 20 13 28 20 13 75 20'
2026-10-10 00:51:56,533 TCP_COMMAND '18008000'
2026-10-10 00:51:56,533 TX 84 B1 F1 18 00 80 00 BE
2026-10-10 00:51:56,546 RX_ECHO ignored
2026-10-10 00:51:56,629 RX 94 F1 B1 58 06 13 89 00 13 28 00 13 75 00 13 89 20 13 28 20 13 75 20 B2
2026-10-10 00:51:56,629 TCP_RESPONSE '58 06 13 89 00 13 28 00 13 75 00 13 89 20 13 28 20 13 75 20'
2026-10-10 00:51:56,960 TCP_COMMAND '18008000'
2026-10-10 00:51:56,961 TX 84 B1 F1 18 00 80 00 BE
2026-10-10 00:51:56,984 RX_ECHO ignored
2026-10-10 00:51:57,118 RX 94 F1 B1 58 06 13 89 00 13 28 00 13 75 00 13 89 20 13 28 20 13 75 20 B2
2026-10-10 00:51:57,118 TCP_RESPONSE '58 06 13 89 00 13 28 00 13 75 00 13 89 20 13 28 20 13 75 20'
2026-10-10 00:51:57,577 TCP_COMMAND '18008000'
2026-10-10 00:51:57,581 TX 84 B1 F1 18 00 80 00 BE
2026-10-10 00:51:57,594 RX_ECHO ignored
2026-10-10 00:51:57,722 RX 94 F1 B1 58 06 13 89 00 13 28 00 13 75 00 13 89 20 13 28 20 13 75 20 B2
2026-10-10 00:51:57,722 TCP_RESPONSE '58 06 13 89 00 13 28 00 13 75 00 13 89 20 13 28 20 13 75 20'
2026-10-10 00:51:57,997 TCP_COMMAND '18008000'
2026-10-10 00:51:57,998 TX 84 B1 F1 18 00 80 00 BE
2026-10-10 00:51:58,010 RX_ECHO ignored
2026-10-10 00:51:58,105 RX 9D F1 B1 58 07 13 89 00 13 28 00 13 75 00 13 84 00 13 84 00 13 84 00 13 89 20 13 28 20 13 75 20 81
2026-10-10 00:51:58,105 TCP_RESPONSE '58 07 13 89 00 13 28 00 13 75 00 13 84 00 13 84 00 13 84 00 13 89 20 13 28 20 13 75 20'
2026-10-10 00:51:58,453 TCP_COMMAND '18008000'
2026-10-10 00:51:58,453 TX 84 B1 F1 18 00 80 00 BE
2026-10-10 00:51:58,479 RX_ECHO ignored
2026-10-10 00:51:58,590 RX 94 F1 B1 58 06 13 89 00 13 28 00 13 75 00 13 89 20 13 28 20 13 75 20 B2
2026-10-10 00:51:58,591 TCP_RESPONSE '58 06 13 89 00 13 28 00 13 75 00 13 89 20 13 28 20 13 75 20'
2026-10-10 00:51:58,973 TCP_COMMAND '18008000'
2026-10-10 00:51:58,973 TX 84 B1 F1 18 00 80 00 BE
2026-10-10 00:51:58,986 RX_ECHO ignored
2026-10-10 00:51:59,069 RX 94 F1 B1 58 06 13 89 00 13 28 00 13 75 00 13 89 20 13 28 20 13 75 20 B2
2026-10-10 00:51:59,069 TCP_RESPONSE '58 06 13 89 00 13 28 00 13 75 00 13 89 20 13 28 20 13 75 20'
2026-10-10 00:51:59,377 TCP_COMMAND '18008000'
2026-10-10 00:51:59,378 TX 84 B1 F1 18 00 80 00 BE
2026-10-10 00:51:59,399 RX_ECHO ignored
2026-10-10 00:51:59,437 RX 94 F1 B1 58 06 13 89 00 13 28 00 13 75 00 13 89 20 13 28 20 13 75 20 B2
2026-10-10 00:51:59,437 TCP_RESPONSE '58 06 13 89 00 13 28 00 13 75 00 13 89 20 13 28 20 13 75 20'
2026-10-10 00:51:59,697 TCP_COMMAND '18008000'
2026-10-10 00:51:59,698 TX 84 B1 F1 18 00 80 00 BE
2026-10-10 00:51:59,709 RX_ECHO ignored
2026-10-10 00:51:59,815 RX 94 F1 B1 58 06 13 89 00 13 28 00 13 75 00 13 89 20 13 28 20 13 75 20 B2
2026-10-10 00:51:59,815 TCP_RESPONSE '58 06 13 89 00 13 28 00 13 75 00 13 89 20 13 28 20 13 75 20'
2026-10-10 00:52:00,085 TCP_COMMAND '18008000'
2026-10-10 00:52:00,086 TX 84 B1 F1 18 00 80 00 BE
2026-10-10 00:52:00,098 RX_ECHO ignored
2026-10-10 00:52:00,173 RX 94 F1 B1 58 06 13 89 00 13 28 00 13 75 00 13 89 20 13 28 20 13 75 20 B2
2026-10-10 00:52:00,173 TCP_RESPONSE '58 06 13 89 00 13 28 00 13 75 00 13 89 20 13 28 20 13 75 20'
2026-10-10 00:52:00,437 TCP_COMMAND '18008000'
2026-10-10 00:52:00,438 TX 84 B1 F1 18 00 80 00 BE
2026-10-10 00:52:00,450 RX_ECHO ignored
2026-10-10 00:52:00,552 RX 94 F1 B1 58 06 13 89 00 13 28 00 13 75 00 13 89 20 13 28 20 13 75 20 B2
2026-10-10 00:52:00,553 TCP_RESPONSE '58 06 13 89 00 13 28 00 13 75 00 13 89 20 13 28 20 13 75 20'
2026-10-10 00:52:00,919 TCP_COMMAND '18008000'
2026-10-10 00:52:00,920 TX 84 B1 F1 18 00 80 00 BE
2026-10-10 00:52:00,932 RX_ECHO ignored
2026-10-10 00:52:01,030 RX 94 F1 B1 58 06 13 89 00 13 28 00 13 75 00 13 89 20 13 28 20 13 75 20 B2
2026-10-10 00:52:01,031 TCP_RESPONSE '58 06 13 89 00 13 28 00 13 75 00 13 89 20 13 28 20 13 75 20'
2026-10-10 00:52:01,404 TCP_COMMAND '18008000'
2026-10-10 00:52:01,405 TX 84 B1 F1 18 00 80 00 BE
2026-10-10 00:52:01,422 RX_ECHO ignored
2026-10-10 00:52:01,522 RX 94 F1 B1 58 06 13 89 00 13 28 00 13 75 00 13 89 20 13 28 20 13 75 20 B2
2026-10-10 00:52:01,522 TCP_RESPONSE '58 06 13 89 00 13 28 00 13 75 00 13 89 20 13 28 20 13 75 20'
2026-10-10 00:52:01,930 TCP_COMMAND '18008000'
2026-10-10 00:52:01,931 TX 84 B1 F1 18 00 80 00 BE
2026-10-10 00:52:01,947 RX_ECHO ignored
2026-10-10 00:52:02,011 RX 94 F1 B1 58 06 13 89 00 13 28 00 13 75 00 13 89 20 13 28 20 13 75 20 B2
2026-10-10 00:52:02,011 TCP_RESPONSE '58 06 13 89 00 13 28 00 13 75 00 13 89 20 13 28 20 13 75 20'
2026-10-10 00:52:02,452 TCP_COMMAND '18008000'
2026-10-10 00:52:02,456 TX 84 B1 F1 18 00 80 00 BE
2026-10-10 00:52:02,468 RX_ECHO ignored
2026-10-10 00:52:02,603 RX 94 F1 B1 58 06 13 89 00 13 28 00 13 75 00 13 89 20 13 28 20 13 75 20 B2
2026-10-10 00:52:02,603 TCP_RESPONSE '58 06 13 89 00 13 28 00 13 75 00 13 89 20 13 28 20 13 75 20'
2026-10-10 00:52:03,001 TCP_COMMAND '18008000'
2026-10-10 00:52:03,005 TX 84 B1 F1 18 00 80 00 BE
2026-10-10 00:52:03,017 RX_ECHO ignored
2026-10-10 00:52:03,089 RX 94 F1 B1 58 06 13 89 00 13 28 00 13 75 00 13 89 20 13 28 20 13 75 20 B2
2026-10-10 00:52:03,089 TCP_RESPONSE '58 06 13 89 00 13 28 00 13 75 00 13 89 20 13 28 20 13 75 20'
2026-10-10 00:52:03,412 TCP_COMMAND '18008000'
2026-10-10 00:52:03,413 TX 84 B1 F1 18 00 80 00 BE
2026-10-10 00:52:03,425 RX_ECHO ignored
2026-10-10 00:52:03,459 RX 94 F1 B1 58 06 13 89 00 13 28 00 13 75 00 13 89 20 13 28 20 13 75 20 B2
2026-10-10 00:52:03,459 TCP_RESPONSE '58 06 13 89 00 13 28 00 13 75 00 13 89 20 13 28 20 13 75 20'
2026-10-10 00:52:03,923 TCP_COMMAND '18008000'
2026-10-10 00:52:03,924 TX 84 B1 F1 18 00 80 00 BE
2026-10-10 00:52:03,952 RX_ECHO ignored
2026-10-10 00:52:04,071 RX 94 F1 B1 58 06 13 89 00 13 28 00 13 75 00 13 89 20 13 28 20 13 75 20 B2
2026-10-10 00:52:04,071 TCP_RESPONSE '58 06 13 89 00 13 28 00 13 75 00 13 89 20 13 28 20 13 75 20'
2026-10-10 00:52:04,435 TCP_COMMAND '18008000'
2026-10-10 00:52:04,435 TX 84 B1 F1 18 00 80 00 BE
2026-10-10 00:52:04,450 RX_ECHO ignored
2026-10-10 00:52:04,551 RX 94 F1 B1 58 06 13 89 00 13 28 00 13 75 00 13 89 20 13 28 20 13 75 20 B2
2026-10-10 00:52:04,551 TCP_RESPONSE '58 06 13 89 00 13 28 00 13 75 00 13 89 20 13 28 20 13 75 20'
2026-10-10 00:52:04,814 TCP_COMMAND '18008000'
2026-10-10 00:52:04,814 TX 84 B1 F1 18 00 80 00 BE
2026-10-10 00:52:04,826 RX_ECHO ignored
2026-10-10 00:52:04,924 RX 94 F1 B1 58 06 13 89 00 13 28 00 13 75 00 13 89 20 13 28 20 13 75 20 B2
2026-10-10 00:52:04,924 TCP_RESPONSE '58 06 13 89 00 13 28 00 13 75 00 13 89 20 13 28 20 13 75 20'
2026-10-10 00:52:05,184 TCP_COMMAND '18008000'
2026-10-10 00:52:05,185 TX 84 B1 F1 18 00 80 00 BE
2026-10-10 00:52:05,207 RX_ECHO ignored
2026-10-10 00:52:05,293 RX 94 F1 B1 58 06 13 89 00 13 28 00 13 75 00 13 89 20 13 28 20 13 75 20 B2
2026-10-10 00:52:05,293 TCP_RESPONSE '58 06 13 89 00 13 28 00 13 75 00 13 89 20 13 28 20 13 75 20'
2026-10-10 00:52:05,600 TCP_COMMAND '18008000'
2026-10-10 00:52:05,602 TX 84 B1 F1 18 00 80 00 BE
2026-10-10 00:52:05,614 RX_ECHO ignored
2026-10-10 00:52:05,661 RX 94 F1 B1 58 06 13 89 00 13 28 00 13 75 00 13 89 20 13 28 20 13 75 20 B2
2026-10-10 00:52:05,661 TCP_RESPONSE '58 06 13 89 00 13 28 00 13 75 00 13 89 20 13 28 20 13 75 20'
2026-10-10 00:52:05,935 TCP_COMMAND '18008000'
2026-10-10 00:52:05,936 TX 84 B1 F1 18 00 80 00 BE
2026-10-10 00:52:05,958 RX_ECHO ignored
2026-10-10 00:52:06,031 RX 94 F1 B1 58 06 13 89 00 13 28 00 13 75 00 13 89 20 13 28 20 13 75 20 B2
2026-10-10 00:52:06,032 TCP_RESPONSE '58 06 13 89 00 13 28 00 13 75 00 13 89 20 13 28 20 13 75 20'
2026-10-10 00:52:06,484 TCP_COMMAND '18008000'
2026-10-10 00:52:06,490 TX 84 B1 F1 18 00 80 00 BE
2026-10-10 00:52:06,514 RX_ECHO ignored
2026-10-10 00:52:06,634 RX 94 F1 B1 58 06 13 89 00 13 28 00 13 75 00 13 89 20 13 28 20 13 75 20 B2
2026-10-10 00:52:06,634 TCP_RESPONSE '58 06 13 89 00 13 28 00 13 75 00 13 89 20 13 28 20 13 75 20'
2026-10-10 00:52:06,961 TCP_COMMAND '18008000'
2026-10-10 00:52:06,962 TX 84 B1 F1 18 00 80 00 BE
2026-10-10 00:52:06,974 RX_ECHO ignored
2026-10-10 00:52:07,116 RX 94 F1 B1 58 06 13 89 00 13 28 00 13 75 00 13 89 20 13 28 20 13 75 20 B2
2026-10-10 00:52:07,117 TCP_RESPONSE '58 06 13 89 00 13 28 00 13 75 00 13 89 20 13 28 20 13 75 20'
2026-10-10 00:52:07,506 TCP_COMMAND '18008000'
2026-10-10 00:52:07,506 TX 84 B1 F1 18 00 80 00 BE
2026-10-10 00:52:07,518 RX_ECHO ignored
2026-10-10 00:52:07,612 RX 9D F1 B1 58 07 13 89 00 13 28 00 13 75 00 13 84 00 13 84 00 13 84 00 13 89 20 13 28 20 13 75 20 81
2026-10-10 00:52:07,613 TCP_RESPONSE '58 07 13 89 00 13 28 00 13 75 00 13 84 00 13 84 00 13 84 00 13 89 20 13 28 20 13 75 20'
2026-10-10 00:52:07,998 TCP_COMMAND '18008000'
2026-10-10 00:52:07,998 TX 84 B1 F1 18 00 80 00 BE
2026-10-10 00:52:08,021 RX_ECHO ignored
2026-10-10 00:52:08,094 RX 94 F1 B1 58 06 13 89 00 13 28 00 13 75 00 13 89 20 13 28 20 13 75 20 B2
2026-10-10 00:52:08,095 TCP_RESPONSE '58 06 13 89 00 13 28 00 13 75 00 13 89 20 13 28 20 13 75 20'
2026-10-10 00:52:08,385 TCP_COMMAND '18008000'
2026-10-10 00:52:08,386 TX 84 B1 F1 18 00 80 00 BE
2026-10-10 00:52:08,398 RX_ECHO ignored
2026-10-10 00:52:08,469 RX 94 F1 B1 58 06 13 89 00 13 28 00 13 75 00 13 89 20 13 28 20 13 75 20 B2
2026-10-10 00:52:08,469 TCP_RESPONSE '58 06 13 89 00 13 28 00 13 75 00 13 89 20 13 28 20 13 75 20'
2026-10-10 00:52:08,795 TCP_COMMAND '18008000'
2026-10-10 00:52:08,796 TX 84 B1 F1 18 00 80 00 BE
2026-10-10 00:52:08,820 RX_ECHO ignored
2026-10-10 00:52:08,953 RX 94 F1 B1 58 06 13 89 00 13 28 00 13 75 00 13 89 20 13 28 20 13 75 20 B2
2026-10-10 00:52:08,954 TCP_RESPONSE '58 06 13 89 00 13 28 00 13 75 00 13 89 20 13 28 20 13 75 20'
2026-10-10 00:52:09,267 TCP_COMMAND '18008000'
2026-10-10 00:52:09,267 TX 84 B1 F1 18 00 80 00 BE
2026-10-10 00:52:09,291 RX_ECHO ignored
2026-10-10 00:52:09,327 RX 94 F1 B1 58 06 13 89 00 13 28 00 13 75 00 13 89 20 13 28 20 13 75 20 B2
2026-10-10 00:52:09,328 TCP_RESPONSE '58 06 13 89 00 13 28 00 13 75 00 13 89 20 13 28 20 13 75 20'
2026-10-10 00:52:09,588 TCP_COMMAND '18008000'
2026-10-10 00:52:09,588 TX 84 B1 F1 18 00 80 00 BE
2026-10-10 00:52:09,600 RX_ECHO ignored
2026-10-10 00:52:09,699 RX 9D F1 B1 58 07 13 89 00 13 28 00 13 75 00 13 84 00 13 84 00 13 84 00 13 89 20 13 28 20 13 75 20 81
2026-10-10 00:52:09,699 TCP_RESPONSE '58 07 13 89 00 13 28 00 13 75 00 13 84 00 13 84 00 13 84 00 13 89 20 13 28 20 13 75 20'
2026-10-10 00:52:10,048 TCP_COMMAND '18008000'
2026-10-10 00:52:10,049 TX 84 B1 F1 18 00 80 00 BE
2026-10-10 00:52:10,063 RX_ECHO ignored
2026-10-10 00:52:10,193 RX 94 F1 B1 58 06 13 89 00 13 28 00 13 75 00 13 89 20 13 28 20 13 75 20 B2
2026-10-10 00:52:10,193 TCP_RESPONSE '58 06 13 89 00 13 28 00 13 75 00 13 89 20 13 28 20 13 75 20'
2026-10-10 00:52:10,456 TCP_COMMAND '18008000'
2026-10-10 00:52:10,457 TX 84 B1 F1 18 00 80 00 BE
2026-10-10 00:52:10,480 RX_ECHO ignored
2026-10-10 00:52:10,552 RX 94 F1 B1 58 06 13 89 00 13 28 00 13 75 00 13 89 20 13 28 20 13 75 20 B2
2026-10-10 00:52:10,552 TCP_RESPONSE '58 06 13 89 00 13 28 00 13 75 00 13 89 20 13 28 20 13 75 20'
2026-10-10 00:52:10,886 TCP_COMMAND '18008000'
2026-10-10 00:52:10,888 TX 84 B1 F1 18 00 80 00 BE
2026-10-10 00:52:10,900 RX_ECHO ignored
2026-10-10 00:52:11,040 RX 94 F1 B1 58 06 13 89 00 13 28 00 13 75 00 13 89 20 13 28 20 13 75 20 B2
2026-10-10 00:52:11,041 TCP_RESPONSE '58 06 13 89 00 13 28 00 13 75 00 13 89 20 13 28 20 13 75 20'
2026-10-10 00:52:11,364 TCP_COMMAND '18008000'
2026-10-10 00:52:11,364 TX 84 B1 F1 18 00 80 00 BE
2026-10-10 00:52:11,376 RX_ECHO ignored
2026-10-10 00:52:11,414 RX 94 F1 B1 58 06 13 89 00 13 28 00 13 75 00 13 89 20 13 28 20 13 75 20 B2
2026-10-10 00:52:11,414 TCP_RESPONSE '58 06 13 89 00 13 28 00 13 75 00 13 89 20 13 28 20 13 75 20'
2026-10-10 00:52:11,704 TCP_COMMAND '18008000'
2026-10-10 00:52:11,705 TX 84 B1 F1 18 00 80 00 BE
2026-10-10 00:52:11,717 RX_ECHO ignored
2026-10-10 00:52:11,775 RX 94 F1 B1 58 06 13 89 00 13 28 00 13 75 00 13 89 20 13 28 20 13 75 20 B2
2026-10-10 00:52:11,776 TCP_RESPONSE '58 06 13 89 00 13 28 00 13 75 00 13 89 20 13 28 20 13 75 20'
2026-10-10 00:52:12,115 TCP_COMMAND '18008000'
2026-10-10 00:52:12,116 TX 84 B1 F1 18 00 80 00 BE
2026-10-10 00:52:12,139 RX_ECHO ignored
2026-10-10 00:52:12,262 RX 94 F1 B1 58 06 13 89 00 13 28 00 13 75 00 13 89 20 13 28 20 13 75 20 B2
2026-10-10 00:52:12,262 TCP_RESPONSE '58 06 13 89 00 13 28 00 13 75 00 13 89 20 13 28 20 13 75 20'
2026-10-10 00:52:12,593 TCP_COMMAND '18008000'
2026-10-10 00:52:12,594 TX 84 B1 F1 18 00 80 00 BE
2026-10-10 00:52:12,616 RX_ECHO ignored
2026-10-10 00:52:12,750 RX 94 F1 B1 58 06 13 89 00 13 28 00 13 75 00 13 89 20 13 28 20 13 75 20 B2
2026-10-10 00:52:12,750 TCP_RESPONSE '58 06 13 89 00 13 28 00 13 75 00 13 89 20 13 28 20 13 75 20'
2026-10-10 00:52:13,093 TCP_COMMAND '18008000'
2026-10-10 00:52:13,093 TX 84 B1 F1 18 00 80 00 BE
2026-10-10 00:52:13,105 RX_ECHO ignored
2026-10-10 00:52:13,239 RX 94 F1 B1 58 06 13 89 00 13 28 00 13 75 00 13 89 20 13 28 20 13 75 20 B2
2026-10-10 00:52:13,239 TCP_RESPONSE '58 06 13 89 00 13 28 00 13 75 00 13 89 20 13 28 20 13 75 20'
2026-10-10 00:52:13,498 TCP_COMMAND '18008000'
2026-10-10 00:52:13,499 TX 84 B1 F1 18 00 80 00 BE
2026-10-10 00:52:13,523 RX_ECHO ignored
2026-10-10 00:52:13,609 RX 94 F1 B1 58 06 13 89 00 13 28 00 13 75 00 13 89 20 13 28 20 13 75 20 B2
2026-10-10 00:52:13,610 TCP_RESPONSE '58 06 13 89 00 13 28 00 13 75 00 13 89 20 13 28 20 13 75 20'
2026-10-10 00:52:14,064 TCP_COMMAND '18008000'
2026-10-10 00:52:14,065 TX 84 B1 F1 18 00 80 00 BE
2026-10-10 00:52:14,079 RX_ECHO ignored
2026-10-10 00:52:14,202 RX 94 F1 B1 58 06 13 89 00 13 28 00 13 75 00 13 89 20 13 28 20 13 75 20 B2
2026-10-10 00:52:14,202 TCP_RESPONSE '58 06 13 89 00 13 28 00 13 75 00 13 89 20 13 28 20 13 75 20'
2026-10-10 00:52:14,510 TCP_COMMAND '18008000'
2026-10-10 00:52:14,511 TX 84 B1 F1 18 00 80 00 BE
2026-10-10 00:52:14,522 RX_ECHO ignored
2026-10-10 00:52:14,571 RX 94 F1 B1 58 06 13 89 00 13 28 00 13 75 00 13 89 20 13 28 20 13 75 20 B2
2026-10-10 00:52:14,573 TCP_RESPONSE '58 06 13 89 00 13 28 00 13 75 00 13 89 20 13 28 20 13 75 20'
2026-10-10 00:52:14,858 TCP_COMMAND '18008000'
2026-10-10 00:52:14,859 TX 84 B1 F1 18 00 80 00 BE
2026-10-10 00:52:14,871 RX_ECHO ignored
2026-10-10 00:52:14,942 RX 94 F1 B1 58 06 13 89 00 13 28 00 13 75 00 13 89 20 13 28 20 13 75 20 B2
2026-10-10 00:52:14,942 TCP_RESPONSE '58 06 13 89 00 13 28 00 13 75 00 13 89 20 13 28 20 13 75 20'
2026-10-10 00:52:15,390 TCP_COMMAND '18008000'
2026-10-10 00:52:15,391 TX 84 B1 F1 18 00 80 00 BE
2026-10-10 00:52:15,415 RX_ECHO ignored
2026-10-10 00:52:15,543 RX 94 F1 B1 58 06 13 89 00 13 28 00 13 75 00 13 89 20 13 28 20 13 75 20 B2
2026-10-10 00:52:15,544 TCP_RESPONSE '58 06 13 89 00 13 28 00 13 75 00 13 89 20 13 28 20 13 75 20'
2026-10-10 00:52:15,903 TCP_COMMAND '18008000'
2026-10-10 00:52:15,903 TX 84 B1 F1 18 00 80 00 BE
2026-10-10 00:52:15,915 RX_ECHO ignored
2026-10-10 00:52:16,032 RX 94 F1 B1 58 06 13 89 00 13 28 00 13 75 00 13 89 20 13 28 20 13 75 20 B2
2026-10-10 00:52:16,035 TCP_RESPONSE '58 06 13 89 00 13 28 00 13 75 00 13 89 20 13 28 20 13 75 20'
2026-10-10 00:52:16,385 TCP_COMMAND '18008000'
2026-10-10 00:52:16,386 TX 84 B1 F1 18 00 80 00 BE
2026-10-10 00:52:16,408 RX_ECHO ignored
2026-10-10 00:52:16,525 RX 94 F1 B1 58 06 13 89 00 13 28 00 13 75 00 13 89 20 13 28 20 13 75 20 B2
2026-10-10 00:52:16,525 TCP_RESPONSE '58 06 13 89 00 13 28 00 13 75 00 13 89 20 13 28 20 13 75 20'
2026-10-10 00:52:16,995 TCP_COMMAND '18008000'
2026-10-10 00:52:16,996 TX 84 B1 F1 18 00 80 00 BE
2026-10-10 00:52:17,008 RX_ECHO ignored
2026-10-10 00:52:17,122 RX 94 F1 B1 58 06 13 89 00 13 28 00 13 75 00 13 89 20 13 28 20 13 75 20 B2
2026-10-10 00:52:17,123 TCP_RESPONSE '58 06 13 89 00 13 28 00 13 75 00 13 89 20 13 28 20 13 75 20'
2026-10-10 00:52:17,543 TCP_COMMAND '18008000'
2026-10-10 00:52:17,544 TX 84 B1 F1 18 00 80 00 BE
2026-10-10 00:52:17,556 RX_ECHO ignored
2026-10-10 00:52:17,612 RX 94 F1 B1 58 06 13 89 00 13 28 00 13 75 00 13 89 20 13 28 20 13 75 20 B2
2026-10-10 00:52:17,612 TCP_RESPONSE '58 06 13 89 00 13 28 00 13 75 00 13 89 20 13 28 20 13 75 20'
2026-10-10 00:52:18,021 TCP_COMMAND '18008000'
2026-10-10 00:52:18,021 TX 84 B1 F1 18 00 80 00 BE
2026-10-10 00:52:18,044 RX_ECHO ignored
2026-10-10 00:52:18,093 RX 94 F1 B1 58 06 13 89 00 13 28 00 13 75 00 13 89 20 13 28 20 13 75 20 B2
2026-10-10 00:52:18,093 TCP_RESPONSE '58 06 13 89 00 13 28 00 13 75 00 13 89 20 13 28 20 13 75 20'
2026-10-10 00:52:18,563 TCP_COMMAND '18008000'
2026-10-10 00:52:18,564 TX 84 B1 F1 18 00 80 00 BE
2026-10-10 00:52:18,576 RX_ECHO ignored
2026-10-10 00:52:18,695 RX 94 F1 B1 58 06 13 89 00 13 28 00 13 75 00 13 89 20 13 28 20 13 75 20 B2
2026-10-10 00:52:18,696 TCP_RESPONSE '58 06 13 89 00 13 28 00 13 75 00 13 89 20 13 28 20 13 75 20'
2026-10-10 00:52:19,042 TCP_COMMAND '18008000'
2026-10-10 00:52:19,043 TX 84 B1 F1 18 00 80 00 BE
2026-10-10 00:52:19,055 RX_ECHO ignored
2026-10-10 00:52:19,187 RX 94 F1 B1 58 06 13 89 00 13 28 00 13 75 00 13 89 20 13 28 20 13 75 20 B2
2026-10-10 00:52:19,188 TCP_RESPONSE '58 06 13 89 00 13 28 00 13 75 00 13 89 20 13 28 20 13 75 20'
2026-10-10 00:52:19,559 TCP_COMMAND '18008000'
2026-10-10 00:52:19,560 TX 84 B1 F1 18 00 80 00 BE
2026-10-10 00:52:19,572 RX_ECHO ignored
2026-10-10 00:52:19,669 RX 94 F1 B1 58 06 13 89 00 13 28 00 13 75 00 13 89 20 13 28 20 13 75 20 B2
2026-10-10 00:52:19,669 TCP_RESPONSE '58 06 13 89 00 13 28 00 13 75 00 13 89 20 13 28 20 13 75 20'
2026-10-10 00:52:20,101 TCP_COMMAND '18008000'
2026-10-10 00:52:20,102 TX 84 B1 F1 18 00 80 00 BE
2026-10-10 00:52:20,124 RX_ECHO ignored
2026-10-10 00:52:20,162 RX 94 F1 B1 58 06 13 89 00 13 28 00 13 75 00 13 89 20 13 28 20 13 75 20 B2
2026-10-10 00:52:20,162 TCP_RESPONSE '58 06 13 89 00 13 28 00 13 75 00 13 89 20 13 28 20 13 75 20'
2026-10-10 00:52:20,471 TCP_COMMAND '18008000'
2026-10-10 00:52:20,472 TX 84 B1 F1 18 00 80 00 BE
2026-10-10 00:52:20,484 RX_ECHO ignored
2026-10-10 00:52:20,519 RX 94 F1 B1 58 06 13 89 00 13 28 00 13 75 00 13 89 20 13 28 20 13 75 20 B2
2026-10-10 00:52:20,519 TCP_RESPONSE '58 06 13 89 00 13 28 00 13 75 00 13 89 20 13 28 20 13 75 20'
2026-10-10 00:52:20,804 TCP_COMMAND '18008000'
2026-10-10 00:52:20,805 TX 84 B1 F1 18 00 80 00 BE
2026-10-10 00:52:20,817 RX_ECHO ignored
2026-10-10 00:52:20,888 RX 94 F1 B1 58 06 13 89 00 13 28 00 13 75 00 13 89 20 13 28 20 13 75 20 B2
2026-10-10 00:52:20,889 TCP_RESPONSE '58 06 13 89 00 13 28 00 13 75 00 13 89 20 13 28 20 13 75 20'
2026-10-10 00:52:21,185 TCP_COMMAND '18008000'
2026-10-10 00:52:21,186 TX 84 B1 F1 18 00 80 00 BE
2026-10-10 00:52:21,210 RX_ECHO ignored
2026-10-10 00:52:21,259 RX 94 F1 B1 58 06 13 89 00 13 28 00 13 75 00 13 89 20 13 28 20 13 75 20 B2
2026-10-10 00:52:21,259 TCP_RESPONSE '58 06 13 89 00 13 28 00 13 75 00 13 89 20 13 28 20 13 75 20'
2026-10-10 00:52:21,583 TCP_COMMAND '18008000'
2026-10-10 00:52:21,584 TX 84 B1 F1 18 00 80 00 BE
2026-10-10 00:52:21,607 RX_ECHO ignored
2026-10-10 00:52:21,631 RX 94 F1 B1 58 06 13 89 00 13 28 00 13 75 00 13 89 20 13 28 20 13 75 20 B2
2026-10-10 00:52:21,631 TCP_RESPONSE '58 06 13 89 00 13 28 00 13 75 00 13 89 20 13 28 20 13 75 20'
2026-10-10 00:52:21,891 TCP_COMMAND '18008000'
2026-10-10 00:52:21,892 TX 84 B1 F1 18 00 80 00 BE
2026-10-10 00:52:21,915 RX_ECHO ignored
2026-10-10 00:52:21,995 RX 94 F1 B1 58 06 13 89 00 13 28 00 13 75 00 13 89 20 13 28 20 13 75 20 B2
2026-10-10 00:52:21,995 TCP_RESPONSE '58 06 13 89 00 13 28 00 13 75 00 13 89 20 13 28 20 13 75 20'
2026-10-10 00:52:22,265 TCP_COMMAND '18008000'
2026-10-10 00:52:22,266 TX 84 B1 F1 18 00 80 00 BE
2026-10-10 00:52:22,290 RX_ECHO ignored
2026-10-10 00:52:22,372 RX 94 F1 B1 58 06 13 89 00 13 28 00 13 75 00 13 89 20 13 28 20 13 75 20 B2
2026-10-10 00:52:22,373 TCP_RESPONSE '58 06 13 89 00 13 28 00 13 75 00 13 89 20 13 28 20 13 75 20'
2026-10-10 00:52:22,730 TCP_COMMAND '18008000'
2026-10-10 00:52:22,730 TX 84 B1 F1 18 00 80 00 BE
2026-10-10 00:52:22,753 RX_ECHO ignored
2026-10-10 00:52:22,849 RX 94 F1 B1 58 06 13 89 00 13 28 00 13 75 00 13 89 20 13 28 20 13 75 20 B2
2026-10-10 00:52:22,850 TCP_RESPONSE '58 06 13 89 00 13 28 00 13 75 00 13 89 20 13 28 20 13 75 20'
2026-10-10 00:52:23,244 TCP_COMMAND '18008000'
2026-10-10 00:52:23,245 TX 84 B1 F1 18 00 80 00 BE
2026-10-10 00:52:23,269 RX_ECHO ignored
2026-10-10 00:52:23,339 RX 94 F1 B1 58 06 13 89 00 13 28 00 13 75 00 13 89 20 13 28 20 13 75 20 B2
2026-10-10 00:52:23,339 TCP_RESPONSE '58 06 13 89 00 13 28 00 13 75 00 13 89 20 13 28 20 13 75 20'
2026-10-10 00:52:23,787 TCP_COMMAND '18008000'
2026-10-10 00:52:23,788 TX 84 B1 F1 18 00 80 00 BE
2026-10-10 00:52:23,800 RX_ECHO ignored
2026-10-10 00:52:23,947 RX 94 F1 B1 58 06 13 89 00 13 28 00 13 75 00 13 89 20 13 28 20 13 75 20 B2
2026-10-10 00:52:23,947 TCP_RESPONSE '58 06 13 89 00 13 28 00 13 75 00 13 89 20 13 28 20 13 75 20'
2026-10-10 00:52:24,268 TCP_COMMAND '18008000'
2026-10-10 00:52:24,269 TX 84 B1 F1 18 00 80 00 BE
2026-10-10 00:52:24,293 RX_ECHO ignored
2026-10-10 00:52:24,423 RX 94 F1 B1 58 06 13 89 00 13 28 00 13 75 00 13 89 20 13 28 20 13 75 20 B2
2026-10-10 00:52:24,424 TCP_RESPONSE '58 06 13 89 00 13 28 00 13 75 00 13 89 20 13 28 20 13 75 20'
2026-10-10 00:52:24,814 TCP_COMMAND '18008000'
2026-10-10 00:52:24,815 TX 84 B1 F1 18 00 80 00 BE
2026-10-10 00:52:24,839 RX_ECHO ignored
2026-10-10 00:52:24,926 RX 9D F1 B1 58 07 13 89 00 13 28 00 13 75 00 13 84 00 13 84 00 13 84 00 13 89 20 13 28 20 13 75 20 81
2026-10-10 00:52:24,927 TCP_RESPONSE '58 07 13 89 00 13 28 00 13 75 00 13 84 00 13 84 00 13 84 00 13 89 20 13 28 20 13 75 20'
2026-10-10 00:52:25,290 TCP_COMMAND '18008000'
2026-10-10 00:52:25,291 TX 84 B1 F1 18 00 80 00 BE
2026-10-10 00:52:25,313 RX_ECHO ignored
2026-10-10 00:52:25,406 RX 94 F1 B1 58 06 13 89 00 13 28 00 13 75 00 13 89 20 13 28 20 13 75 20 B2
2026-10-10 00:52:25,407 TCP_RESPONSE '58 06 13 89 00 13 28 00 13 75 00 13 89 20 13 28 20 13 75 20'
2026-10-10 00:52:25,695 TCP_COMMAND '18008000'
2026-10-10 00:52:25,695 TX 84 B1 F1 18 00 80 00 BE
2026-10-10 00:52:25,718 RX_ECHO ignored
2026-10-10 00:52:25,780 RX 94 F1 B1 58 06 13 89 00 13 28 00 13 75 00 13 89 20 13 28 20 13 75 20 B2
2026-10-10 00:52:25,780 TCP_RESPONSE '58 06 13 89 00 13 28 00 13 75 00 13 89 20 13 28 20 13 75 20'
2026-10-10 00:52:26,101 TCP_COMMAND '18008000'
2026-10-10 00:52:26,101 TX 84 B1 F1 18 00 80 00 BE
2026-10-10 00:52:26,124 RX_ECHO ignored
2026-10-10 00:52:26,148 RX 94 F1 B1 58 06 13 89 00 13 28 00 13 75 00 13 89 20 13 28 20 13 75 20 B2
2026-10-10 00:52:26,148 TCP_RESPONSE '58 06 13 89 00 13 28 00 13 75 00 13 89 20 13 28 20 13 75 20'
2026-10-10 00:52:26,451 TCP_COMMAND '18008000'
2026-10-10 00:52:26,452 TX 84 B1 F1 18 00 80 00 BE
2026-10-10 00:52:26,476 RX_ECHO ignored
2026-10-10 00:52:26,512 RX 94 F1 B1 58 06 13 89 00 13 28 00 13 75 00 13 89 20 13 28 20 13 75 20 B2
2026-10-10 00:52:26,513 TCP_RESPONSE '58 06 13 89 00 13 28 00 13 75 00 13 89 20 13 28 20 13 75 20'
2026-10-10 00:52:26,860 TCP_COMMAND '18008000'
2026-10-10 00:52:26,861 TX 84 B1 F1 18 00 80 00 BE
2026-10-10 00:52:26,884 RX_ECHO ignored
2026-10-10 00:52:27,003 RX 94 F1 B1 58 06 13 89 00 13 28 00 13 75 00 13 89 20 13 28 20 13 75 20 B2
2026-10-10 00:52:27,004 TCP_RESPONSE '58 06 13 89 00 13 28 00 13 75 00 13 89 20 13 28 20 13 75 20'
2026-10-10 00:52:27,474 TCP_COMMAND '18008000'
2026-10-10 00:52:27,474 TX 84 B1 F1 18 00 80 00 BE
2026-10-10 00:52:27,486 RX_ECHO ignored
2026-10-10 00:52:27,607 RX 94 F1 B1 58 06 13 89 00 13 28 00 13 75 00 13 89 20 13 28 20 13 75 20 B2
2026-10-10 00:52:27,607 TCP_RESPONSE '58 06 13 89 00 13 28 00 13 75 00 13 89 20 13 28 20 13 75 20'
2026-10-10 00:52:27,986 TCP_COMMAND '18008000'
2026-10-10 00:52:27,987 TX 84 B1 F1 18 00 80 00 BE
2026-10-10 00:52:27,998 RX_ECHO ignored
2026-10-10 00:52:28,093 RX 94 F1 B1 58 06 13 89 00 13 28 00 13 75 00 13 89 20 13 28 20 13 75 20 B2
2026-10-10 00:52:28,093 TCP_RESPONSE '58 06 13 89 00 13 28 00 13 75 00 13 89 20 13 28 20 13 75 20'
2026-10-10 00:52:28,401 TCP_COMMAND '18008000'
2026-10-10 00:52:28,401 TX 84 B1 F1 18 00 80 00 BE
2026-10-10 00:52:28,424 RX_ECHO ignored
2026-10-10 00:52:28,460 RX 94 F1 B1 58 06 13 89 00 13 28 00 13 75 00 13 89 20 13 28 20 13 75 20 B2
2026-10-10 00:52:28,461 TCP_RESPONSE '58 06 13 89 00 13 28 00 13 75 00 13 89 20 13 28 20 13 75 20'
2026-10-10 00:52:28,720 TCP_COMMAND '18008000'
2026-10-10 00:52:28,721 TX 84 B1 F1 18 00 80 00 BE
2026-10-10 00:52:28,733 RX_ECHO ignored
2026-10-10 00:52:28,829 RX 94 F1 B1 58 06 13 89 00 13 28 00 13 75 00 13 89 20 13 28 20 13 75 20 B2
2026-10-10 00:52:28,830 TCP_RESPONSE '58 06 13 89 00 13 28 00 13 75 00 13 89 20 13 28 20 13 75 20'
2026-10-10 00:52:29,099 TCP_COMMAND '18008000'
2026-10-10 00:52:29,100 TX 84 B1 F1 18 00 80 00 BE
2026-10-10 00:52:29,126 RX_ECHO ignored
2026-10-10 00:52:29,197 RX 94 F1 B1 58 06 13 89 00 13 28 00 13 75 00 13 89 20 13 28 20 13 75 20 B2
2026-10-10 00:52:29,198 TCP_RESPONSE '58 06 13 89 00 13 28 00 13 75 00 13 89 20 13 28 20 13 75 20'
2026-10-10 00:52:29,491 TCP_COMMAND '18008000'
2026-10-10 00:52:29,492 TX 84 B1 F1 18 00 80 00 BE
2026-10-10 00:52:29,519 RX_ECHO ignored
2026-10-10 00:52:29,570 RX 94 F1 B1 58 06 13 89 00 13 28 00 13 75 00 13 89 20 13 28 20 13 75 20 B2
2026-10-10 00:52:29,570 TCP_RESPONSE '58 06 13 89 00 13 28 00 13 75 00 13 89 20 13 28 20 13 75 20'
2026-10-10 00:52:29,930 TCP_COMMAND '18008000'
2026-10-10 00:52:29,931 TX 84 B1 F1 18 00 80 00 BE
2026-10-10 00:52:29,943 RX_ECHO ignored
2026-10-10 00:52:30,051 RX 94 F1 B1 58 06 13 89 00 13 28 00 13 75 00 13 89 20 13 28 20 13 75 20 B2
2026-10-10 00:52:30,051 TCP_RESPONSE '58 06 13 89 00 13 28 00 13 75 00 13 89 20 13 28 20 13 75 20'
2026-10-10 00:52:30,313 TCP_COMMAND '18008000'
2026-10-10 00:52:30,314 TX 84 B1 F1 18 00 80 00 BE
2026-10-10 00:52:30,326 RX_ECHO ignored
2026-10-10 00:52:30,429 RX 94 F1 B1 58 06 13 89 00 13 28 00 13 75 00 13 89 20 13 28 20 13 75 20 B2
2026-10-10 00:52:30,430 TCP_RESPONSE '58 06 13 89 00 13 28 00 13 75 00 13 89 20 13 28 20 13 75 20'
2026-10-10 00:52:30,765 TCP_COMMAND '18008000'
2026-10-10 00:52:30,766 TX 84 B1 F1 18 00 80 00 BE
2026-10-10 00:52:30,778 RX_ECHO ignored
2026-10-10 00:52:30,917 RX 94 F1 B1 58 06 13 89 00 13 28 00 13 75 00 13 89 20 13 28 20 13 75 20 B2
2026-10-10 00:52:30,917 TCP_RESPONSE '58 06 13 89 00 13 28 00 13 75 00 13 89 20 13 28 20 13 75 20'
2026-10-10 00:52:31,184 TCP_COMMAND '18008000'
2026-10-10 00:52:31,185 TX 84 B1 F1 18 00 80 00 BE
2026-10-10 00:52:31,208 RX_ECHO ignored
2026-10-10 00:52:31,281 RX 94 F1 B1 58 06 13 89 00 13 28 00 13 75 00 13 89 20 13 28 20 13 75 20 B2
2026-10-10 00:52:31,281 TCP_RESPONSE '58 06 13 89 00 13 28 00 13 75 00 13 89 20 13 28 20 13 75 20'
2026-10-10 00:52:31,630 TCP_COMMAND '18008000'
2026-10-10 00:52:31,631 TX 84 B1 F1 18 00 80 00 BE
2026-10-10 00:52:31,643 RX_ECHO ignored
2026-10-10 00:52:31,762 RX 94 F1 B1 58 06 13 89 00 13 28 00 13 75 00 13 89 20 13 28 20 13 75 20 B2
2026-10-10 00:52:31,762 TCP_RESPONSE '58 06 13 89 00 13 28 00 13 75 00 13 89 20 13 28 20 13 75 20'
2026-10-10 00:52:32,075 TCP_COMMAND '18008000'
2026-10-10 00:52:32,076 TX 84 B1 F1 18 00 80 00 BE
2026-10-10 00:52:32,098 RX_ECHO ignored
2026-10-10 00:52:32,133 RX 94 F1 B1 58 06 13 89 00 13 28 00 13 75 00 13 89 20 13 28 20 13 75 20 B2
2026-10-10 00:52:32,133 TCP_RESPONSE '58 06 13 89 00 13 28 00 13 75 00 13 89 20 13 28 20 13 75 20'
2026-10-10 00:52:32,451 TCP_COMMAND '18008000'
2026-10-10 00:52:32,452 TX 84 B1 F1 18 00 80 00 BE
2026-10-10 00:52:32,476 RX_ECHO ignored
2026-10-10 00:52:32,500 RX 94 F1 B1 58 06 13 89 00 13 28 00 13 75 00 13 89 20 13 28 20 13 75 20 B2
2026-10-10 00:52:32,500 TCP_RESPONSE '58 06 13 89 00 13 28 00 13 75 00 13 89 20 13 28 20 13 75 20'
2026-10-10 00:52:32,899 TCP_COMMAND '18008000'
2026-10-10 00:52:32,899 TX 84 B1 F1 18 00 80 00 BE
2026-10-10 00:52:32,922 RX_ECHO ignored
2026-10-10 00:52:32,995 RX 94 F1 B1 58 06 13 89 00 13 28 00 13 75 00 13 89 20 13 28 20 13 75 20 B2
2026-10-10 00:52:32,995 TCP_RESPONSE '58 06 13 89 00 13 28 00 13 75 00 13 89 20 13 28 20 13 75 20'
2026-10-10 00:52:33,386 TCP_COMMAND '18008000'
2026-10-10 00:52:33,387 TX 84 B1 F1 18 00 80 00 BE
2026-10-10 00:52:33,399 RX_ECHO ignored
2026-10-10 00:52:33,472 RX 94 F1 B1 58 06 13 89 00 13 28 00 13 75 00 13 89 20 13 28 20 13 75 20 B2
2026-10-10 00:52:33,473 TCP_RESPONSE '58 06 13 89 00 13 28 00 13 75 00 13 89 20 13 28 20 13 75 20'
2026-10-10 00:52:33,731 TCP_COMMAND '18008000'
2026-10-10 00:52:33,732 TX 84 B1 F1 18 00 80 00 BE
2026-10-10 00:52:33,744 RX_ECHO ignored
2026-10-10 00:52:33,850 RX 94 F1 B1 58 06 13 89 00 13 28 00 13 75 00 13 89 20 13 28 20 13 75 20 B2
2026-10-10 00:52:33,850 TCP_RESPONSE '58 06 13 89 00 13 28 00 13 75 00 13 89 20 13 28 20 13 75 20'
2026-10-10 00:52:34,165 TCP_COMMAND '18008000'
2026-10-10 00:52:34,166 TX 84 B1 F1 18 00 80 00 BE
2026-10-10 00:52:34,189 RX_ECHO ignored
2026-10-10 00:52:34,211 RX 94 F1 B1 58 06 13 89 00 13 28 00 13 75 00 13 89 20 13 28 20 13 75 20 B2
2026-10-10 00:52:34,212 TCP_RESPONSE '58 06 13 89 00 13 28 00 13 75 00 13 89 20 13 28 20 13 75 20'
2026-10-10 00:52:34,471 TCP_COMMAND '18008000'
2026-10-10 00:52:34,472 TX 84 B1 F1 18 00 80 00 BE
2026-10-10 00:52:34,484 RX_ECHO ignored
2026-10-10 00:52:34,590 RX 94 F1 B1 58 06 13 89 00 13 28 00 13 75 00 13 89 20 13 28 20 13 75 20 B2
2026-10-10 00:52:34,590 TCP_RESPONSE '58 06 13 89 00 13 28 00 13 75 00 13 89 20 13 28 20 13 75 20'
2026-10-10 00:52:34,858 TCP_COMMAND '18008000'
2026-10-10 00:52:34,858 TX 84 B1 F1 18 00 80 00 BE
2026-10-10 00:52:34,881 RX_ECHO ignored
2026-10-10 00:52:34,966 RX 9D F1 B1 58 07 13 89 00 13 28 00 13 75 00 13 84 00 13 84 00 13 84 00 13 89 20 13 28 20 13 75 20 81
2026-10-10 00:52:34,966 TCP_RESPONSE '58 07 13 89 00 13 28 00 13 75 00 13 84 00 13 84 00 13 84 00 13 89 20 13 28 20 13 75 20'
2026-10-10 00:52:35,255 TCP_COMMAND '18008000'
2026-10-10 00:52:35,256 TX 84 B1 F1 18 00 80 00 BE
2026-10-10 00:52:35,278 RX_ECHO ignored
2026-10-10 00:52:35,326 RX 94 F1 B1 58 06 13 89 00 13 28 00 13 75 00 13 89 20 13 28 20 13 75 20 B2
2026-10-10 00:52:35,326 TCP_RESPONSE '58 06 13 89 00 13 28 00 13 75 00 13 89 20 13 28 20 13 75 20'
2026-10-10 00:52:35,633 TCP_COMMAND '18008000'
2026-10-10 00:52:35,634 TX 84 B1 F1 18 00 80 00 BE
2026-10-10 00:52:35,658 RX_ECHO ignored
2026-10-10 00:52:35,706 RX 94 F1 B1 58 06 13 89 00 13 28 00 13 75 00 13 89 20 13 28 20 13 75 20 B2
2026-10-10 00:52:35,706 TCP_RESPONSE '58 06 13 89 00 13 28 00 13 75 00 13 89 20 13 28 20 13 75 20'
2026-10-10 00:52:36,036 TCP_COMMAND '18008000'
2026-10-10 00:52:36,037 TX 84 B1 F1 18 00 80 00 BE
2026-10-10 00:52:36,049 RX_ECHO ignored
2026-10-10 00:52:36,182 RX 94 F1 B1 58 06 13 89 00 13 28 00 13 75 00 13 89 20 13 28 20 13 75 20 B2
2026-10-10 00:52:36,183 TCP_RESPONSE '58 06 13 89 00 13 28 00 13 75 00 13 89 20 13 28 20 13 75 20'
2026-10-10 00:52:36,556 TCP_COMMAND '18008000'
2026-10-10 00:52:36,556 TX 84 B1 F1 18 00 80 00 BE
2026-10-10 00:52:36,580 RX_ECHO ignored
2026-10-10 00:52:36,675 RX 94 F1 B1 58 06 13 89 00 13 28 00 13 75 00 13 89 20 13 28 20 13 75 20 B2
2026-10-10 00:52:36,676 TCP_RESPONSE '58 06 13 89 00 13 28 00 13 75 00 13 89 20 13 28 20 13 75 20'
2026-10-10 00:52:37,069 TCP_COMMAND '18008000'
2026-10-10 00:52:37,069 TX 84 B1 F1 18 00 80 00 BE
2026-10-10 00:52:37,092 RX_ECHO ignored
2026-10-10 00:52:37,150 RX 94 F1 B1 58 06 13 89 00 13 28 00 13 75 00 13 89 20 13 28 20 13 75 20 B2
2026-10-10 00:52:37,151 TCP_RESPONSE '58 06 13 89 00 13 28 00 13 75 00 13 89 20 13 28 20 13 75 20'
2026-10-10 00:52:37,589 TCP_COMMAND '18008000'
2026-10-10 00:52:37,590 TX 84 B1 F1 18 00 80 00 BE
2026-10-10 00:52:37,602 RX_ECHO ignored
2026-10-10 00:52:37,636 RX 94 F1 B1 58 06 13 89 00 13 28 00 13 75 00 13 89 20 13 28 20 13 75 20 B2
2026-10-10 00:52:37,636 TCP_RESPONSE '58 06 13 89 00 13 28 00 13 75 00 13 89 20 13 28 20 13 75 20'
2026-10-10 00:52:37,897 TCP_COMMAND '18008000'
2026-10-10 00:52:37,898 TX 84 B1 F1 18 00 80 00 BE
2026-10-10 00:52:37,921 RX_ECHO ignored
2026-10-10 00:52:38,018 RX 94 F1 B1 58 06 13 89 00 13 28 00 13 75 00 13 89 20 13 28 20 13 75 20 B2
2026-10-10 00:52:38,018 TCP_RESPONSE '58 06 13 89 00 13 28 00 13 75 00 13 89 20 13 28 20 13 75 20'
2026-10-10 00:52:38,430 TCP_COMMAND '18008000'
2026-10-10 00:52:38,431 TX 84 B1 F1 18 00 80 00 BE
2026-10-10 00:52:38,455 RX_ECHO ignored
2026-10-10 00:52:38,492 RX 94 F1 B1 58 06 13 89 00 13 28 00 13 75 00 13 89 20 13 28 20 13 75 20 B2
2026-10-10 00:52:38,492 TCP_RESPONSE '58 06 13 89 00 13 28 00 13 75 00 13 89 20 13 28 20 13 75 20'
2026-10-10 00:52:38,750 TCP_COMMAND '18008000'
2026-10-10 00:52:38,751 TX 84 B1 F1 18 00 80 00 BE
2026-10-10 00:52:38,763 RX_ECHO ignored
2026-10-10 00:52:38,872 RX 94 F1 B1 58 06 13 89 00 13 28 00 13 75 00 13 89 20 13 28 20 13 75 20 B2
2026-10-10 00:52:38,873 TCP_RESPONSE '58 06 13 89 00 13 28 00 13 75 00 13 89 20 13 28 20 13 75 20'
2026-10-10 00:52:39,149 TCP_COMMAND '18008000'
2026-10-10 00:52:39,150 TX 84 B1 F1 18 00 80 00 BE
2026-10-10 00:52:39,173 RX_ECHO ignored
2026-10-10 00:52:39,232 RX 94 F1 B1 58 06 13 89 00 13 28 00 13 75 00 13 89 20 13 28 20 13 75 20 B2
2026-10-10 00:52:39,232 TCP_RESPONSE '58 06 13 89 00 13 28 00 13 75 00 13 89 20 13 28 20 13 75 20'
2026-10-10 00:52:39,491 TCP_COMMAND '18008000'
2026-10-10 00:52:39,492 TX 84 B1 F1 18 00 80 00 BE
2026-10-10 00:52:39,504 RX_ECHO ignored
2026-10-10 00:52:39,598 RX 94 F1 B1 58 06 13 89 00 13 28 00 13 75 00 13 89 20 13 28 20 13 75 20 B2
2026-10-10 00:52:39,599 TCP_RESPONSE '58 06 13 89 00 13 28 00 13 75 00 13 89 20 13 28 20 13 75 20'
2026-10-10 00:52:39,970 TCP_COMMAND '18008000'
2026-10-10 00:52:39,970 TX 84 B1 F1 18 00 80 00 BE
2026-10-10 00:52:39,982 RX_ECHO ignored
2026-10-10 00:52:40,093 RX 94 F1 B1 58 06 13 89 00 13 28 00 13 75 00 13 89 20 13 28 20 13 75 20 B2
2026-10-10 00:52:40,094 TCP_RESPONSE '58 06 13 89 00 13 28 00 13 75 00 13 89 20 13 28 20 13 75 20'
2026-10-10 00:52:40,354 TCP_COMMAND '18008000'
2026-10-10 00:52:40,355 TX 84 B1 F1 18 00 80 00 BE
2026-10-10 00:52:40,366 RX_ECHO ignored
2026-10-10 00:52:40,475 RX 9D F1 B1 58 07 13 89 00 13 28 00 13 75 00 13 84 00 13 84 00 13 84 00 13 89 20 13 28 20 13 75 20 81
2026-10-10 00:52:40,475 TCP_RESPONSE '58 07 13 89 00 13 28 00 13 75 00 13 84 00 13 84 00 13 84 00 13 89 20 13 28 20 13 75 20'
2026-10-10 00:52:40,753 TCP_COMMAND '18008000'
2026-10-10 00:52:40,754 TX 84 B1 F1 18 00 80 00 BE
2026-10-10 00:52:40,766 RX_ECHO ignored
2026-10-10 00:52:40,838 RX 94 F1 B1 58 06 13 89 00 13 28 00 13 75 00 13 89 20 13 28 20 13 75 20 B2
2026-10-10 00:52:40,839 TCP_RESPONSE '58 06 13 89 00 13 28 00 13 75 00 13 89 20 13 28 20 13 75 20'
2026-10-10 00:52:41,250 TCP_COMMAND '18008000'
2026-10-10 00:52:41,250 TX 84 B1 F1 18 00 80 00 BE
2026-10-10 00:52:41,273 RX_ECHO ignored
2026-10-10 00:52:41,322 RX 94 F1 B1 58 06 13 89 00 13 28 00 13 75 00 13 89 20 13 28 20 13 75 20 B2
2026-10-10 00:52:41,322 TCP_RESPONSE '58 06 13 89 00 13 28 00 13 75 00 13 89 20 13 28 20 13 75 20'
2026-10-10 00:52:41,605 TCP_COMMAND '18008000'
2026-10-10 00:52:41,606 TX 84 B1 F1 18 00 80 00 BE
2026-10-10 00:52:41,617 RX_ECHO ignored
2026-10-10 00:52:41,688 RX 94 F1 B1 58 06 13 89 00 13 28 00 13 75 00 13 89 20 13 28 20 13 75 20 B2
2026-10-10 00:52:41,689 TCP_RESPONSE '58 06 13 89 00 13 28 00 13 75 00 13 89 20 13 28 20 13 75 20'
2026-10-10 00:52:42,117 TCP_COMMAND '18008000'
2026-10-10 00:52:42,118 TX 84 B1 F1 18 00 80 00 BE
2026-10-10 00:52:42,131 RX_ECHO ignored
2026-10-10 00:52:42,181 RX 94 F1 B1 58 06 13 89 00 13 28 00 13 75 00 13 89 20 13 28 20 13 75 20 B2
2026-10-10 00:52:42,182 TCP_RESPONSE '58 06 13 89 00 13 28 00 13 75 00 13 89 20 13 28 20 13 75 20'
2026-10-10 00:52:42,528 TCP_COMMAND '18008000'
2026-10-10 00:52:42,529 TX 84 B1 F1 18 00 80 00 BE
2026-10-10 00:52:42,541 RX_ECHO ignored
2026-10-10 00:52:42,662 RX 94 F1 B1 58 06 13 89 00 13 28 00 13 75 00 13 89 20 13 28 20 13 75 20 B2
2026-10-10 00:52:42,662 TCP_RESPONSE '58 06 13 89 00 13 28 00 13 75 00 13 89 20 13 28 20 13 75 20'
2026-10-10 00:52:42,923 TCP_COMMAND '18008000'
2026-10-10 00:52:42,924 TX 84 B1 F1 18 00 80 00 BE
2026-10-10 00:52:42,947 RX_ECHO ignored
2026-10-10 00:52:43,030 RX 94 F1 B1 58 06 13 89 00 13 28 00 13 75 00 13 89 20 13 28 20 13 75 20 B2
2026-10-10 00:52:43,030 TCP_RESPONSE '58 06 13 89 00 13 28 00 13 75 00 13 89 20 13 28 20 13 75 20'
2026-10-10 00:52:43,345 TCP_COMMAND '18008000'
2026-10-10 00:52:43,347 TX 84 B1 F1 18 00 80 00 BE
2026-10-10 00:52:43,370 RX_ECHO ignored
2026-10-10 00:52:43,404 RX 94 F1 B1 58 06 13 89 00 13 28 00 13 75 00 13 89 20 13 28 20 13 75 20 B2
2026-10-10 00:52:43,404 TCP_RESPONSE '58 06 13 89 00 13 28 00 13 75 00 13 89 20 13 28 20 13 75 20'
2026-10-10 00:52:43,670 TCP_COMMAND '18008000'
2026-10-10 00:52:43,671 TX 84 B1 F1 18 00 80 00 BE
2026-10-10 00:52:43,694 RX_ECHO ignored
2026-10-10 00:52:43,767 RX 94 F1 B1 58 06 13 89 00 13 28 00 13 75 00 13 89 20 13 28 20 13 75 20 B2
2026-10-10 00:52:43,767 TCP_RESPONSE '58 06 13 89 00 13 28 00 13 75 00 13 89 20 13 28 20 13 75 20'
2026-10-10 00:52:44,027 TCP_COMMAND '18008000'
2026-10-10 00:52:44,028 TX 84 B1 F1 18 00 80 00 BE
2026-10-10 00:52:44,051 RX_ECHO ignored
2026-10-10 00:52:44,137 RX 94 F1 B1 58 06 13 89 00 13 28 00 13 75 00 13 89 20 13 28 20 13 75 20 B2
2026-10-10 00:52:44,137 TCP_RESPONSE '58 06 13 89 00 13 28 00 13 75 00 13 89 20 13 28 20 13 75 20'
2026-10-10 00:52:44,396 TCP_COMMAND '18008000'
2026-10-10 00:52:44,397 TX 84 B1 F1 18 00 80 00 BE
2026-10-10 00:52:44,420 RX_ECHO ignored
2026-10-10 00:52:44,512 RX 94 F1 B1 58 06 13 89 00 13 28 00 13 75 00 13 89 20 13 28 20 13 75 20 B2
2026-10-10 00:52:44,512 TCP_RESPONSE '58 06 13 89 00 13 28 00 13 75 00 13 89 20 13 28 20 13 75 20'
2026-10-10 00:52:44,932 TCP_COMMAND '18008000'
2026-10-10 00:52:44,932 TX 84 B1 F1 18 00 80 00 BE
2026-10-10 00:52:44,958 RX_ECHO ignored
2026-10-10 00:52:44,991 RX 94 F1 B1 58 06 13 89 00 13 28 00 13 75 00 13 89 20 13 28 20 13 75 20 B2
2026-10-10 00:52:44,992 TCP_RESPONSE '58 06 13 89 00 13 28 00 13 75 00 13 89 20 13 28 20 13 75 20'
2026-10-10 00:52:45,292 TCP_COMMAND '18008000'
2026-10-10 00:52:45,292 TX 84 B1 F1 18 00 80 00 BE
2026-10-10 00:52:45,304 RX_ECHO ignored
2026-10-10 00:52:45,361 RX 94 F1 B1 58 06 13 89 00 13 28 00 13 75 00 13 89 20 13 28 20 13 75 20 B2
2026-10-10 00:52:45,364 TCP_RESPONSE '58 06 13 89 00 13 28 00 13 75 00 13 89 20 13 28 20 13 75 20'
2026-10-10 00:52:45,708 TCP_COMMAND '18008000'
2026-10-10 00:52:45,709 TX 84 B1 F1 18 00 80 00 BE
2026-10-10 00:52:45,720 RX_ECHO ignored
2026-10-10 00:52:45,855 RX 94 F1 B1 58 06 13 89 00 13 28 00 13 75 00 13 89 20 13 28 20 13 75 20 B2
2026-10-10 00:52:45,855 TCP_RESPONSE '58 06 13 89 00 13 28 00 13 75 00 13 89 20 13 28 20 13 75 20'
2026-10-10 00:52:46,215 TCP_COMMAND '18008000'
2026-10-10 00:52:46,215 TX 84 B1 F1 18 00 80 00 BE
2026-10-10 00:52:46,227 RX_ECHO ignored
2026-10-10 00:52:46,344 RX 94 F1 B1 58 06 13 89 00 13 28 00 13 75 00 13 89 20 13 28 20 13 75 20 B2
2026-10-10 00:52:46,345 TCP_RESPONSE '58 06 13 89 00 13 28 00 13 75 00 13 89 20 13 28 20 13 75 20'
2026-10-10 00:52:46,693 TCP_COMMAND '18008000'
2026-10-10 00:52:46,694 TX 84 B1 F1 18 00 80 00 BE
2026-10-10 00:52:46,706 RX_ECHO ignored
2026-10-10 00:52:46,829 RX 94 F1 B1 58 06 13 89 00 13 28 00 13 75 00 13 89 20 13 28 20 13 75 20 B2
2026-10-10 00:52:46,830 TCP_RESPONSE '58 06 13 89 00 13 28 00 13 75 00 13 89 20 13 28 20 13 75 20'
2026-10-10 00:52:47,206 TCP_COMMAND '18008000'
2026-10-10 00:52:47,207 TX 84 B1 F1 18 00 80 00 BE
2026-10-10 00:52:47,218 RX_ECHO ignored
2026-10-10 00:52:47,316 RX 9D F1 B1 58 07 13 89 00 13 28 00 13 75 00 13 84 00 13 84 00 13 84 00 13 89 20 13 28 20 13 75 20 81
2026-10-10 00:52:47,316 TCP_RESPONSE '58 07 13 89 00 13 28 00 13 75 00 13 84 00 13 84 00 13 84 00 13 89 20 13 28 20 13 75 20'
2026-10-10 00:52:47,608 TCP_COMMAND '18008000'
2026-10-10 00:52:47,608 TX 84 B1 F1 18 00 80 00 BE
2026-10-10 00:52:47,620 RX_ECHO ignored
2026-10-10 00:52:47,692 RX 94 F1 B1 58 06 13 89 00 13 28 00 13 75 00 13 89 20 13 28 20 13 75 20 B2
2026-10-10 00:52:47,692 TCP_RESPONSE '58 06 13 89 00 13 28 00 13 75 00 13 89 20 13 28 20 13 75 20'
2026-10-10 00:52:48,065 TCP_COMMAND '18008000'
2026-10-10 00:52:48,066 TX 84 B1 F1 18 00 80 00 BE
2026-10-10 00:52:48,089 RX_ECHO ignored
2026-10-10 00:52:48,172 RX 94 F1 B1 58 06 13 89 00 13 28 00 13 75 00 13 89 20 13 28 20 13 75 20 B2
2026-10-10 00:52:48,172 TCP_RESPONSE '58 06 13 89 00 13 28 00 13 75 00 13 89 20 13 28 20 13 75 20'
2026-10-10 00:52:48,432 TCP_COMMAND '18008000'
2026-10-10 00:52:48,433 TX 84 B1 F1 18 00 80 00 BE
2026-10-10 00:52:48,457 RX_ECHO ignored
2026-10-10 00:52:48,550 RX 94 F1 B1 58 06 13 89 00 13 28 00 13 75 00 13 89 20 13 28 20 13 75 20 B2
2026-10-10 00:52:48,550 TCP_RESPONSE '58 06 13 89 00 13 28 00 13 75 00 13 89 20 13 28 20 13 75 20'
2026-10-10 00:52:48,876 TCP_COMMAND '18008000'
2026-10-10 00:52:48,877 TX 84 B1 F1 18 00 80 00 BE
2026-10-10 00:52:48,889 RX_ECHO ignored
2026-10-10 00:52:49,034 RX 94 F1 B1 58 06 13 89 00 13 28 00 13 75 00 13 89 20 13 28 20 13 75 20 B2
2026-10-10 00:52:49,034 TCP_RESPONSE '58 06 13 89 00 13 28 00 13 75 00 13 89 20 13 28 20 13 75 20'
2026-10-10 00:52:49,446 TCP_COMMAND '18008000'
2026-10-10 00:52:49,447 TX 84 B1 F1 18 00 80 00 BE
2026-10-10 00:52:49,472 RX_ECHO ignored
2026-10-10 00:52:49,521 RX 94 F1 B1 58 06 13 89 00 13 28 00 13 75 00 13 89 20 13 28 20 13 75 20 B2
2026-10-10 00:52:49,522 TCP_RESPONSE '58 06 13 89 00 13 28 00 13 75 00 13 89 20 13 28 20 13 75 20'
2026-10-10 00:52:49,782 TCP_COMMAND '18008000'
2026-10-10 00:52:49,783 TX 84 B1 F1 18 00 80 00 BE
2026-10-10 00:52:49,795 RX_ECHO ignored
2026-10-10 00:52:49,889 RX 94 F1 B1 58 06 13 89 00 13 28 00 13 75 00 13 89 20 13 28 20 13 75 20 B2
2026-10-10 00:52:49,889 TCP_RESPONSE '58 06 13 89 00 13 28 00 13 75 00 13 89 20 13 28 20 13 75 20'
2026-10-10 00:52:50,172 TCP_COMMAND '18008000'
2026-10-10 00:52:50,173 TX 84 B1 F1 18 00 80 00 BE
2026-10-10 00:52:50,185 RX_ECHO ignored
2026-10-10 00:52:50,255 RX 94 F1 B1 58 06 13 89 00 13 28 00 13 75 00 13 89 20 13 28 20 13 75 20 B2
2026-10-10 00:52:50,256 TCP_RESPONSE '58 06 13 89 00 13 28 00 13 75 00 13 89 20 13 28 20 13 75 20'
2026-10-10 00:52:50,721 TCP_COMMAND '18008000'
2026-10-10 00:52:50,722 TX 84 B1 F1 18 00 80 00 BE
2026-10-10 00:52:50,734 RX_ECHO ignored
2026-10-10 00:52:50,863 RX 94 F1 B1 58 06 13 89 00 13 28 00 13 75 00 13 89 20 13 28 20 13 75 20 B2
2026-10-10 00:52:50,864 TCP_RESPONSE '58 06 13 89 00 13 28 00 13 75 00 13 89 20 13 28 20 13 75 20'
2026-10-10 00:52:51,213 TCP_COMMAND '18008000'
2026-10-10 00:52:51,213 TX 84 B1 F1 18 00 80 00 BE
2026-10-10 00:52:51,225 RX_ECHO ignored
2026-10-10 00:52:51,342 RX 94 F1 B1 58 06 13 89 00 13 28 00 13 75 00 13 89 20 13 28 20 13 75 20 B2
2026-10-10 00:52:51,342 TCP_RESPONSE '58 06 13 89 00 13 28 00 13 75 00 13 89 20 13 28 20 13 75 20'
2026-10-10 00:52:51,611 TCP_COMMAND '18008000'
2026-10-10 00:52:51,611 TX 84 B1 F1 18 00 80 00 BE
2026-10-10 00:52:51,634 RX_ECHO ignored
2026-10-10 00:52:51,727 RX 9D F1 B1 58 07 13 89 00 13 28 00 13 75 00 13 84 00 13 84 00 13 84 00 13 89 20 13 28 20 13 75 20 81
2026-10-10 00:52:51,728 TCP_RESPONSE '58 07 13 89 00 13 28 00 13 75 00 13 84 00 13 84 00 13 84 00 13 89 20 13 28 20 13 75 20'
2026-10-10 00:52:52,017 TCP_COMMAND '18008000'
2026-10-10 00:52:52,018 TX 84 B1 F1 18 00 80 00 BE
2026-10-10 00:52:52,041 RX_ECHO ignored
2026-10-10 00:52:52,088 RX 94 F1 B1 58 06 13 89 00 13 28 00 13 75 00 13 89 20 13 28 20 13 75 20 B2
2026-10-10 00:52:52,089 TCP_RESPONSE '58 06 13 89 00 13 28 00 13 75 00 13 89 20 13 28 20 13 75 20'
2026-10-10 00:52:52,418 TCP_COMMAND '18008000'
2026-10-10 00:52:52,418 TX 84 B1 F1 18 00 80 00 BE
2026-10-10 00:52:52,463 RX_ECHO ignored
2026-10-10 00:52:52,463 RX 94 F1 B1 58 06 13 89 00 13 28 00 13 75 00 13 89 20 13 28 20 13 75 20 B2
2026-10-10 00:52:52,463 TCP_RESPONSE '58 06 13 89 00 13 28 00 13 75 00 13 89 20 13 28 20 13 75 20'
2026-10-10 00:52:52,786 TCP_COMMAND '18008000'
2026-10-10 00:52:52,787 TX 84 B1 F1 18 00 80 00 BE
2026-10-10 00:52:52,798 RX_ECHO ignored
2026-10-10 00:52:52,834 RX 94 F1 B1 58 06 13 89 00 13 28 00 13 75 00 13 89 20 13 28 20 13 75 20 B2
2026-10-10 00:52:52,834 TCP_RESPONSE '58 06 13 89 00 13 28 00 13 75 00 13 89 20 13 28 20 13 75 20'
2026-10-10 00:52:53,135 TCP_COMMAND '18008000'
2026-10-10 00:52:53,136 TX 84 B1 F1 18 00 80 00 BE
2026-10-10 00:52:53,157 RX_ECHO ignored
2026-10-10 00:52:53,207 RX 94 F1 B1 58 06 13 89 00 13 28 00 13 75 00 13 89 20 13 28 20 13 75 20 B2
2026-10-10 00:52:53,207 TCP_RESPONSE '58 06 13 89 00 13 28 00 13 75 00 13 89 20 13 28 20 13 75 20'
2026-10-10 00:52:53,474 TCP_COMMAND '18008000'
2026-10-10 00:52:53,475 TX 84 B1 F1 18 00 80 00 BE
2026-10-10 00:52:53,487 RX_ECHO ignored
2026-10-10 00:52:53,569 RX 94 F1 B1 58 06 13 89 00 13 28 00 13 75 00 13 89 20 13 28 20 13 75 20 B2
2026-10-10 00:52:53,569 TCP_RESPONSE '58 06 13 89 00 13 28 00 13 75 00 13 89 20 13 28 20 13 75 20'
2026-10-10 00:52:53,833 TCP_COMMAND '18008000'
2026-10-10 00:52:53,834 TX 84 B1 F1 18 00 80 00 BE
2026-10-10 00:52:53,858 RX_ECHO ignored
2026-10-10 00:52:53,950 RX 9D F1 B1 58 07 13 89 00 13 28 00 13 75 00 13 84 00 13 84 00 13 84 00 13 89 20 13 28 20 13 75 20 81
2026-10-10 00:52:53,951 TCP_RESPONSE '58 07 13 89 00 13 28 00 13 75 00 13 84 00 13 84 00 13 84 00 13 89 20 13 28 20 13 75 20'
2026-10-10 00:52:54,211 TCP_COMMAND '18008000'
2026-10-10 00:52:54,212 TX 84 B1 F1 18 00 80 00 BE
2026-10-10 00:52:54,224 RX_ECHO ignored
2026-10-10 00:52:54,321 RX 9D F1 B1 58 07 13 89 00 13 28 00 13 75 00 13 84 00 13 84 00 13 84 00 13 89 20 13 28 20 13 75 20 81
2026-10-10 00:52:54,321 TCP_RESPONSE '58 07 13 89 00 13 28 00 13 75 00 13 84 00 13 84 00 13 84 00 13 89 20 13 28 20 13 75 20'
2026-10-10 00:52:54,625 TCP_COMMAND '18008000'
2026-10-10 00:52:54,626 TX 84 B1 F1 18 00 80 00 BE
2026-10-10 00:52:54,638 RX_ECHO ignored
2026-10-10 00:52:54,697 RX 94 F1 B1 58 06 13 89 00 13 28 00 13 75 00 13 89 20 13 28 20 13 75 20 B2
2026-10-10 00:52:54,697 TCP_RESPONSE '58 06 13 89 00 13 28 00 13 75 00 13 89 20 13 28 20 13 75 20'
2026-10-10 00:52:54,984 TCP_COMMAND '18008000'
2026-10-10 00:52:54,985 TX 84 B1 F1 18 00 80 00 BE
2026-10-10 00:52:54,997 RX_ECHO ignored
2026-10-10 00:52:55,068 RX 94 F1 B1 58 06 13 89 00 13 28 00 13 75 00 13 89 20 13 28 20 13 75 20 B2
2026-10-10 00:52:55,068 TCP_RESPONSE '58 06 13 89 00 13 28 00 13 75 00 13 89 20 13 28 20 13 75 20'
2026-10-10 00:52:55,408 TCP_COMMAND '18008000'
2026-10-10 00:52:55,408 TX 84 B1 F1 18 00 80 00 BE
2026-10-10 00:52:55,430 RX_ECHO ignored
2026-10-10 00:52:55,546 RX 94 F1 B1 58 06 13 89 00 13 28 00 13 75 00 13 89 20 13 28 20 13 75 20 B2
2026-10-10 00:52:55,546 TCP_RESPONSE '58 06 13 89 00 13 28 00 13 75 00 13 89 20 13 28 20 13 75 20'
2026-10-10 00:52:55,806 TCP_COMMAND '18008000'
2026-10-10 00:52:55,807 TX 84 B1 F1 18 00 80 00 BE
2026-10-10 00:52:55,818 RX_ECHO ignored
2026-10-10 00:52:55,913 RX 94 F1 B1 58 06 13 89 00 13 28 00 13 75 00 13 89 20 13 28 20 13 75 20 B2
2026-10-10 00:52:55,914 TCP_RESPONSE '58 06 13 89 00 13 28 00 13 75 00 13 89 20 13 28 20 13 75 20'
2026-10-10 00:52:56,188 TCP_COMMAND '18008000'
2026-10-10 00:52:56,188 TX 84 B1 F1 18 00 80 00 BE
2026-10-10 00:52:56,210 RX_ECHO ignored
2026-10-10 00:52:56,283 RX 94 F1 B1 58 06 13 89 00 13 28 00 13 75 00 13 89 20 13 28 20 13 75 20 B2
2026-10-10 00:52:56,283 TCP_RESPONSE '58 06 13 89 00 13 28 00 13 75 00 13 89 20 13 28 20 13 75 20'
2026-10-10 00:52:56,547 TCP_COMMAND '18008000'
2026-10-10 00:52:56,547 TX 84 B1 F1 18 00 80 00 BE
2026-10-10 00:52:56,559 RX_ECHO ignored
2026-10-10 00:52:56,655 RX 94 F1 B1 58 06 13 89 00 13 28 00 13 75 00 13 89 20 13 28 20 13 75 20 B2
2026-10-10 00:52:56,655 TCP_RESPONSE '58 06 13 89 00 13 28 00 13 75 00 13 89 20 13 28 20 13 75 20'
2026-10-10 00:52:57,038 TCP_COMMAND '18008000'
2026-10-10 00:52:57,039 TX 84 B1 F1 18 00 80 00 BE
2026-10-10 00:52:57,062 RX_ECHO ignored
2026-10-10 00:52:57,158 RX 9D F1 B1 58 07 13 89 00 13 28 00 13 75 00 13 84 00 13 84 00 13 84 00 13 89 20 13 28 20 13 75 20 81
2026-10-10 00:52:57,158 TCP_RESPONSE '58 07 13 89 00 13 28 00 13 75 00 13 84 00 13 84 00 13 84 00 13 89 20 13 28 20 13 75 20'
2026-10-10 00:52:57,541 TCP_COMMAND '18008000'
2026-10-10 00:52:57,541 TX 84 B1 F1 18 00 80 00 BE
2026-10-10 00:52:57,563 RX_ECHO ignored
2026-10-10 00:52:57,646 RX 9D F1 B1 58 07 13 89 00 13 28 00 13 75 00 13 84 00 13 84 00 13 84 00 13 89 20 13 28 20 13 75 20 81
2026-10-10 00:52:57,646 TCP_RESPONSE '58 07 13 89 00 13 28 00 13 75 00 13 84 00 13 84 00 13 84 00 13 89 20 13 28 20 13 75 20'
2026-10-10 00:52:58,094 TCP_COMMAND '18008000'
2026-10-10 00:52:58,094 TX 84 B1 F1 18 00 80 00 BE
2026-10-10 00:52:58,118 RX_ECHO ignored
2026-10-10 00:52:58,250 RX 94 F1 B1 58 06 13 89 00 13 28 00 13 75 00 13 89 20 13 28 20 13 75 20 B2
2026-10-10 00:52:58,250 TCP_RESPONSE '58 06 13 89 00 13 28 00 13 75 00 13 89 20 13 28 20 13 75 20'
2026-10-10 00:52:58,551 TCP_COMMAND '18008000'
2026-10-10 00:52:58,552 TX 84 B1 F1 18 00 80 00 BE
2026-10-10 00:52:58,563 RX_ECHO ignored
2026-10-10 00:52:58,623 RX 94 F1 B1 58 06 13 89 00 13 28 00 13 75 00 13 89 20 13 28 20 13 75 20 B2
2026-10-10 00:52:58,623 TCP_RESPONSE '58 06 13 89 00 13 28 00 13 75 00 13 89 20 13 28 20 13 75 20'
2026-10-10 00:52:58,892 TCP_COMMAND '18008000'
2026-10-10 00:52:58,892 TX 84 B1 F1 18 00 80 00 BE
2026-10-10 00:52:58,915 RX_ECHO ignored
2026-10-10 00:52:58,984 RX 94 F1 B1 58 06 13 89 00 13 28 00 13 75 00 13 89 20 13 28 20 13 75 20 B2
2026-10-10 00:52:58,985 TCP_RESPONSE '58 06 13 89 00 13 28 00 13 75 00 13 89 20 13 28 20 13 75 20'
2026-10-10 00:52:59,420 TCP_COMMAND '18008000'
2026-10-10 00:52:59,421 TX 84 B1 F1 18 00 80 00 BE
2026-10-10 00:52:59,433 RX_ECHO ignored
2026-10-10 00:52:59,479 RX 94 F1 B1 58 06 13 89 00 13 28 00 13 75 00 13 89 20 13 28 20 13 75 20 B2
2026-10-10 00:52:59,479 TCP_RESPONSE '58 06 13 89 00 13 28 00 13 75 00 13 89 20 13 28 20 13 75 20'
2026-10-10 00:52:59,835 TCP_COMMAND '18008000'
2026-10-10 00:52:59,836 TX 84 B1 F1 18 00 80 00 BE
2026-10-10 00:52:59,857 RX_ECHO ignored
2026-10-10 00:52:59,961 RX 94 F1 B1 58 06 13 89 00 13 28 00 13 75 00 13 89 20 13 28 20 13 75 20 B2
2026-10-10 00:52:59,966 TCP_RESPONSE '58 06 13 89 00 13 28 00 13 75 00 13 89 20 13 28 20 13 75 20'
2026-10-10 00:53:00,226 TCP_COMMAND '18008000'
2026-10-10 00:53:00,226 TX 84 B1 F1 18 00 80 00 BE
2026-10-10 00:53:00,238 RX_ECHO ignored
2026-10-10 00:53:00,329 RX 94 F1 B1 58 06 13 89 00 13 28 00 13 75 00 13 89 20 13 28 20 13 75 20 B2
2026-10-10 00:53:00,330 TCP_RESPONSE '58 06 13 89 00 13 28 00 13 75 00 13 89 20 13 28 20 13 75 20'
2026-10-10 00:53:00,654 TCP_COMMAND '18008000'
2026-10-10 00:53:00,654 TX 84 B1 F1 18 00 80 00 BE
2026-10-10 00:53:00,678 RX_ECHO ignored
2026-10-10 00:53:00,701 RX 94 F1 B1 58 06 13 89 00 13 28 00 13 75 00 13 89 20 13 28 20 13 75 20 B2
2026-10-10 00:53:00,701 TCP_RESPONSE '58 06 13 89 00 13 28 00 13 75 00 13 89 20 13 28 20 13 75 20'
2026-10-10 00:53:00,966 TCP_COMMAND '18008000'
2026-10-10 00:53:00,967 TX 84 B1 F1 18 00 80 00 BE
2026-10-10 00:53:00,991 RX_ECHO ignored
2026-10-10 00:53:01,073 RX 94 F1 B1 58 06 13 89 00 13 28 00 13 75 00 13 89 20 13 28 20 13 75 20 B2
2026-10-10 00:53:01,073 TCP_RESPONSE '58 06 13 89 00 13 28 00 13 75 00 13 89 20 13 28 20 13 75 20'
2026-10-10 00:53:01,342 TCP_COMMAND '18008000'
2026-10-10 00:53:01,343 TX 84 B1 F1 18 00 80 00 BE
2026-10-10 00:53:01,354 RX_ECHO ignored
2026-10-10 00:53:01,436 RX 94 F1 B1 58 06 13 89 00 13 28 00 13 75 00 13 89 20 13 28 20 13 75 20 B2
2026-10-10 00:53:01,437 TCP_RESPONSE '58 06 13 89 00 13 28 00 13 75 00 13 89 20 13 28 20 13 75 20'
2026-10-10 00:53:01,746 TCP_COMMAND '18008000'
2026-10-10 00:53:01,746 TX 84 B1 F1 18 00 80 00 BE
2026-10-10 00:53:01,758 RX_ECHO ignored
2026-10-10 00:53:01,805 RX 94 F1 B1 58 06 13 89 00 13 28 00 13 75 00 13 89 20 13 28 20 13 75 20 B2
2026-10-10 00:53:01,805 TCP_RESPONSE '58 06 13 89 00 13 28 00 13 75 00 13 89 20 13 28 20 13 75 20'
2026-10-10 00:53:02,072 TCP_COMMAND '18008000'
2026-10-10 00:53:02,072 TX 84 B1 F1 18 00 80 00 BE
2026-10-10 00:53:02,084 RX_ECHO ignored
2026-10-10 00:53:02,180 RX 94 F1 B1 58 06 13 89 00 13 28 00 13 75 00 13 89 20 13 28 20 13 75 20 B2
2026-10-10 00:53:02,181 TCP_RESPONSE '58 06 13 89 00 13 28 00 13 75 00 13 89 20 13 28 20 13 75 20'
2026-10-10 00:53:02,484 TCP_COMMAND '18008000'
2026-10-10 00:53:02,484 TX 84 B1 F1 18 00 80 00 BE
2026-10-10 00:53:02,496 RX_ECHO ignored
2026-10-10 00:53:02,544 RX 94 F1 B1 58 06 13 89 00 13 28 00 13 75 00 13 89 20 13 28 20 13 75 20 B2
2026-10-10 00:53:02,544 TCP_RESPONSE '58 06 13 89 00 13 28 00 13 75 00 13 89 20 13 28 20 13 75 20'
2026-10-10 00:53:02,871 TCP_COMMAND '18008000'
2026-10-10 00:53:02,871 TX 84 B1 F1 18 00 80 00 BE
2026-10-10 00:53:02,894 RX_ECHO ignored
2026-10-10 00:53:03,026 RX 94 F1 B1 58 06 13 89 00 13 28 00 13 75 00 13 89 20 13 28 20 13 75 20 B2
2026-10-10 00:53:03,026 TCP_RESPONSE '58 06 13 89 00 13 28 00 13 75 00 13 89 20 13 28 20 13 75 20'
2026-10-10 00:53:03,386 TCP_COMMAND '18008000'
2026-10-10 00:53:03,387 TX 84 B1 F1 18 00 80 00 BE
2026-10-10 00:53:03,409 RX_ECHO ignored
2026-10-10 00:53:03,521 RX 94 F1 B1 58 06 13 89 00 13 28 00 13 75 00 13 89 20 13 28 20 13 75 20 B2
2026-10-10 00:53:03,521 TCP_RESPONSE '58 06 13 89 00 13 28 00 13 75 00 13 89 20 13 28 20 13 75 20'
2026-10-10 00:53:03,902 TCP_COMMAND '18008000'
2026-10-10 00:53:03,903 TX 84 B1 F1 18 00 80 00 BE
2026-10-10 00:53:03,925 RX_ECHO ignored
2026-10-10 00:53:04,008 RX 94 F1 B1 58 06 13 89 00 13 28 00 13 75 00 13 89 20 13 28 20 13 75 20 B2
2026-10-10 00:53:04,008 TCP_RESPONSE '58 06 13 89 00 13 28 00 13 75 00 13 89 20 13 28 20 13 75 20'
2026-10-10 00:53:04,321 TCP_COMMAND '18008000'
2026-10-10 00:53:04,322 TX 84 B1 F1 18 00 80 00 BE
2026-10-10 00:53:04,345 RX_ECHO ignored
2026-10-10 00:53:04,366 RX 94 F1 B1 58 06 13 89 00 13 28 00 13 75 00 13 89 20 13 28 20 13 75 20 B2
2026-10-10 00:53:04,367 TCP_RESPONSE '58 06 13 89 00 13 28 00 13 75 00 13 89 20 13 28 20 13 75 20'
2026-10-10 00:53:04,634 TCP_COMMAND '18008000'
2026-10-10 00:53:04,635 TX 84 B1 F1 18 00 80 00 BE
2026-10-10 00:53:04,647 RX_ECHO ignored
2026-10-10 00:53:04,740 RX 94 F1 B1 58 06 13 89 00 13 28 00 13 75 00 13 89 20 13 28 20 13 75 20 B2
2026-10-10 00:53:04,740 TCP_RESPONSE '58 06 13 89 00 13 28 00 13 75 00 13 89 20 13 28 20 13 75 20'
2026-10-10 00:53:05,125 TCP_COMMAND '18008000'
2026-10-10 00:53:05,125 TX 84 B1 F1 18 00 80 00 BE
2026-10-10 00:53:05,149 RX_ECHO ignored
2026-10-10 00:53:05,219 RX 94 F1 B1 58 06 13 89 00 13 28 00 13 75 00 13 89 20 13 28 20 13 75 20 B2
2026-10-10 00:53:05,219 TCP_RESPONSE '58 06 13 89 00 13 28 00 13 75 00 13 89 20 13 28 20 13 75 20'
2026-10-10 00:53:05,569 TCP_COMMAND '18008000'
2026-10-10 00:53:05,570 TX 84 B1 F1 18 00 80 00 BE
2026-10-10 00:53:05,582 RX_ECHO ignored
2026-10-10 00:53:05,704 RX 94 F1 B1 58 06 13 89 00 13 28 00 13 75 00 13 89 20 13 28 20 13 75 20 B2
2026-10-10 00:53:05,705 TCP_RESPONSE '58 06 13 89 00 13 28 00 13 75 00 13 89 20 13 28 20 13 75 20'
2026-10-10 00:53:06,042 TCP_COMMAND '18008000'
2026-10-10 00:53:06,043 TX 84 B1 F1 18 00 80 00 BE
2026-10-10 00:53:06,067 RX_ECHO ignored
2026-10-10 00:53:06,201 RX 94 F1 B1 58 06 13 89 00 13 28 00 13 75 00 13 89 20 13 28 20 13 75 20 B2
2026-10-10 00:53:06,201 TCP_RESPONSE '58 06 13 89 00 13 28 00 13 75 00 13 89 20 13 28 20 13 75 20'
2026-10-10 00:53:06,559 TCP_COMMAND '18008000'
2026-10-10 00:53:06,560 TX 84 B1 F1 18 00 80 00 BE
2026-10-10 00:53:06,572 RX_ECHO ignored
2026-10-10 00:53:06,685 RX 94 F1 B1 58 06 13 89 00 13 28 00 13 75 00 13 89 20 13 28 20 13 75 20 B2
2026-10-10 00:53:06,685 TCP_RESPONSE '58 06 13 89 00 13 28 00 13 75 00 13 89 20 13 28 20 13 75 20'
2026-10-10 00:53:07,067 TCP_COMMAND '18008000'
2026-10-10 00:53:07,067 TX 84 B1 F1 18 00 80 00 BE
2026-10-10 00:53:07,079 RX_ECHO ignored
2026-10-10 00:53:07,173 RX 94 F1 B1 58 06 13 89 00 13 28 00 13 75 00 13 89 20 13 28 20 13 75 20 B2
2026-10-10 00:53:07,173 TCP_RESPONSE '58 06 13 89 00 13 28 00 13 75 00 13 89 20 13 28 20 13 75 20'
2026-10-10 00:53:07,468 TCP_COMMAND '18008000'
2026-10-10 00:53:07,469 TX 84 B1 F1 18 00 80 00 BE
2026-10-10 00:53:07,493 RX_ECHO ignored
2026-10-10 00:53:07,538 RX 94 F1 B1 58 06 13 89 00 13 28 00 13 75 00 13 89 20 13 28 20 13 75 20 B2
2026-10-10 00:53:07,540 TCP_RESPONSE '58 06 13 89 00 13 28 00 13 75 00 13 89 20 13 28 20 13 75 20'
2026-10-10 00:53:07,803 TCP_COMMAND '18008000'
2026-10-10 00:53:07,803 TX 84 B1 F1 18 00 80 00 BE
2026-10-10 00:53:07,826 RX_ECHO ignored
2026-10-10 00:53:07,911 RX 94 F1 B1 58 06 13 89 00 13 28 00 13 75 00 13 89 20 13 28 20 13 75 20 B2
2026-10-10 00:53:07,911 TCP_RESPONSE '58 06 13 89 00 13 28 00 13 75 00 13 89 20 13 28 20 13 75 20'
2026-10-10 00:53:08,247 TCP_COMMAND '18008000'
2026-10-10 00:53:08,248 TX 84 B1 F1 18 00 80 00 BE
2026-10-10 00:53:08,259 RX_ECHO ignored
2026-10-10 00:53:08,391 RX 94 F1 B1 58 06 13 89 00 13 28 00 13 75 00 13 89 20 13 28 20 13 75 20 B2
2026-10-10 00:53:08,392 TCP_RESPONSE '58 06 13 89 00 13 28 00 13 75 00 13 89 20 13 28 20 13 75 20'
2026-10-10 00:53:08,660 TCP_COMMAND '18008000'
2026-10-10 00:53:08,661 TX 84 B1 F1 18 00 80 00 BE
2026-10-10 00:53:08,673 RX_ECHO ignored
2026-10-10 00:53:08,755 RX 94 F1 B1 58 06 13 89 00 13 28 00 13 75 00 13 89 20 13 28 20 13 75 20 B2
2026-10-10 00:53:08,755 TCP_RESPONSE '58 06 13 89 00 13 28 00 13 75 00 13 89 20 13 28 20 13 75 20'
2026-10-10 00:53:09,111 TCP_COMMAND '18008000'
2026-10-10 00:53:09,111 TX 84 B1 F1 18 00 80 00 BE
2026-10-10 00:53:09,135 RX_ECHO ignored
2026-10-10 00:53:09,242 RX 94 F1 B1 58 06 13 89 00 13 28 00 13 75 00 13 89 20 13 28 20 13 75 20 B2
2026-10-10 00:53:09,245 TCP_RESPONSE '58 06 13 89 00 13 28 00 13 75 00 13 89 20 13 28 20 13 75 20'
2026-10-10 00:53:09,633 TCP_COMMAND '18008000'
2026-10-10 00:53:09,633 TX 84 B1 F1 18 00 80 00 BE
2026-10-10 00:53:09,660 RX_ECHO ignored
2026-10-10 00:53:09,732 RX 94 F1 B1 58 06 13 89 00 13 28 00 13 75 00 13 89 20 13 28 20 13 75 20 B2
2026-10-10 00:53:09,733 TCP_RESPONSE '58 06 13 89 00 13 28 00 13 75 00 13 89 20 13 28 20 13 75 20'
2026-10-10 00:53:10,091 TCP_COMMAND '18008000'
2026-10-10 00:53:10,113 TX 84 B1 F1 18 00 80 00 BE
2026-10-10 00:53:10,129 RX_ECHO ignored
2026-10-10 00:53:10,232 RX 9D F1 B1 58 07 13 89 00 13 28 00 13 75 00 13 84 00 13 84 00 13 84 00 13 89 20 13 28 20 13 75 20 81
2026-10-10 00:53:10,233 TCP_RESPONSE '58 07 13 89 00 13 28 00 13 75 00 13 84 00 13 84 00 13 84 00 13 89 20 13 28 20 13 75 20'
2026-10-10 00:53:10,609 TCP_COMMAND '18008000'
2026-10-10 00:53:10,611 TX 84 B1 F1 18 00 80 00 BE
2026-10-10 00:53:10,636 RX_ECHO ignored
2026-10-10 00:53:10,712 RX 94 F1 B1 58 06 13 89 00 13 28 00 13 75 00 13 89 20 13 28 20 13 75 20 B2
2026-10-10 00:53:10,712 TCP_RESPONSE '58 06 13 89 00 13 28 00 13 75 00 13 89 20 13 28 20 13 75 20'
2026-10-10 00:53:11,135 TCP_COMMAND '18008000'
2026-10-10 00:53:11,141 TX 84 B1 F1 18 00 80 00 BE
2026-10-10 00:53:11,167 RX_ECHO ignored
2026-10-10 00:53:11,207 RX 94 F1 B1 58 06 13 89 00 13 28 00 13 75 00 13 89 20 13 28 20 13 75 20 B2
2026-10-10 00:53:11,207 TCP_RESPONSE '58 06 13 89 00 13 28 00 13 75 00 13 89 20 13 28 20 13 75 20'
2026-10-10 00:53:11,659 TCP_COMMAND '18008000'
2026-10-10 00:53:11,659 TX 84 B1 F1 18 00 80 00 BE
2026-10-10 00:53:11,671 RX_ECHO ignored
2026-10-10 00:53:11,805 RX 94 F1 B1 58 06 13 89 00 13 28 00 13 75 00 13 89 20 13 28 20 13 75 20 B2
2026-10-10 00:53:11,805 TCP_RESPONSE '58 06 13 89 00 13 28 00 13 75 00 13 89 20 13 28 20 13 75 20'
2026-10-10 00:53:12,063 TCP_COMMAND '18008000'
2026-10-10 00:53:12,063 TX 84 B1 F1 18 00 80 00 BE
2026-10-10 00:53:12,075 RX_ECHO ignored
2026-10-10 00:53:12,174 RX 94 F1 B1 58 06 13 89 00 13 28 00 13 75 00 13 89 20 13 28 20 13 75 20 B2
2026-10-10 00:53:12,174 TCP_RESPONSE '58 06 13 89 00 13 28 00 13 75 00 13 89 20 13 28 20 13 75 20'
2026-10-10 00:53:12,530 TCP_COMMAND '18008000'
2026-10-10 00:53:12,531 TX 84 B1 F1 18 00 80 00 BE
2026-10-10 00:53:12,544 RX_ECHO ignored
2026-10-10 00:53:12,657 RX 94 F1 B1 58 06 13 89 00 13 28 00 13 75 00 13 89 20 13 28 20 13 75 20 B2
2026-10-10 00:53:12,657 TCP_RESPONSE '58 06 13 89 00 13 28 00 13 75 00 13 89 20 13 28 20 13 75 20'
2026-10-10 00:53:12,965 TCP_COMMAND '18008000'
2026-10-10 00:53:12,966 TX 84 B1 F1 18 00 80 00 BE
2026-10-10 00:53:12,990 RX_ECHO ignored
2026-10-10 00:53:13,023 RX 94 F1 B1 58 06 13 89 00 13 28 00 13 75 00 13 89 20 13 28 20 13 75 20 B2
2026-10-10 00:53:13,024 TCP_RESPONSE '58 06 13 89 00 13 28 00 13 75 00 13 89 20 13 28 20 13 75 20'
2026-10-10 00:53:13,284 TCP_COMMAND '18008000'
2026-10-10 00:53:13,284 TX 84 B1 F1 18 00 80 00 BE
2026-10-10 00:53:13,296 RX_ECHO ignored
2026-10-10 00:53:13,392 RX 94 F1 B1 58 06 13 89 00 13 28 00 13 75 00 13 89 20 13 28 20 13 75 20 B2
2026-10-10 00:53:13,392 TCP_RESPONSE '58 06 13 89 00 13 28 00 13 75 00 13 89 20 13 28 20 13 75 20'
2026-10-10 00:53:13,654 TCP_COMMAND '18008000'
2026-10-10 00:53:13,655 TX 84 B1 F1 18 00 80 00 BE
2026-10-10 00:53:13,667 RX_ECHO ignored
2026-10-10 00:53:13,768 RX 94 F1 B1 58 06 13 89 00 13 28 00 13 75 00 13 89 20 13 28 20 13 75 20 B2
2026-10-10 00:53:13,769 TCP_RESPONSE '58 06 13 89 00 13 28 00 13 75 00 13 89 20 13 28 20 13 75 20'
2026-10-10 00:53:14,173 TCP_COMMAND '18008000'
2026-10-10 00:53:14,175 TX 84 B1 F1 18 00 80 00 BE
2026-10-10 00:53:14,198 RX_ECHO ignored
2026-10-10 00:53:14,250 RX 94 F1 B1 58 06 13 89 00 13 28 00 13 75 00 13 89 20 13 28 20 13 75 20 B2
2026-10-10 00:53:14,250 TCP_RESPONSE '58 06 13 89 00 13 28 00 13 75 00 13 89 20 13 28 20 13 75 20'
2026-10-10 00:53:14,649 TCP_COMMAND '18008000'
2026-10-10 00:53:14,650 TX 84 B1 F1 18 00 80 00 BE
2026-10-10 00:53:14,674 RX_ECHO ignored
2026-10-10 00:53:14,742 RX 94 F1 B1 58 06 13 89 00 13 28 00 13 75 00 13 89 20 13 28 20 13 75 20 B2
2026-10-10 00:53:14,742 TCP_RESPONSE '58 06 13 89 00 13 28 00 13 75 00 13 89 20 13 28 20 13 75 20'
2026-10-10 00:53:15,158 TCP_COMMAND '18008000'
2026-10-10 00:53:15,158 TX 84 B1 F1 18 00 80 00 BE
2026-10-10 00:53:15,181 RX_ECHO ignored
2026-10-10 00:53:15,218 RX 94 F1 B1 58 06 13 89 00 13 28 00 13 75 00 13 89 20 13 28 20 13 75 20 B2
2026-10-10 00:53:15,218 TCP_RESPONSE '58 06 13 89 00 13 28 00 13 75 00 13 89 20 13 28 20 13 75 20'
2026-10-10 00:53:15,487 TCP_COMMAND '18008000'
2026-10-10 00:53:15,488 TX 84 B1 F1 18 00 80 00 BE
2026-10-10 00:53:15,499 RX_ECHO ignored
2026-10-10 00:53:15,593 RX 94 F1 B1 58 06 13 89 00 13 28 00 13 75 00 13 89 20 13 28 20 13 75 20 B2
2026-10-10 00:53:15,594 TCP_RESPONSE '58 06 13 89 00 13 28 00 13 75 00 13 89 20 13 28 20 13 75 20'
2026-10-10 00:53:15,982 TCP_COMMAND '18008000'
2026-10-10 00:53:15,984 TX 84 B1 F1 18 00 80 00 BE
2026-10-10 00:53:16,017 RX_ECHO ignored
2026-10-10 00:53:16,081 RX 94 F1 B1 58 06 13 89 00 13 28 00 13 75 00 13 89 20 13 28 20 13 75 20 B2
2026-10-10 00:53:16,081 TCP_RESPONSE '58 06 13 89 00 13 28 00 13 75 00 13 89 20 13 28 20 13 75 20'
2026-10-10 00:53:16,380 TCP_COMMAND '18008000'
2026-10-10 00:53:16,381 TX 84 B1 F1 18 00 80 00 BE
2026-10-10 00:53:16,393 RX_ECHO ignored
2026-10-10 00:53:16,440 RX 94 F1 B1 58 06 13 89 00 13 28 00 13 75 00 13 89 20 13 28 20 13 75 20 B2
2026-10-10 00:53:16,440 TCP_RESPONSE '58 06 13 89 00 13 28 00 13 75 00 13 89 20 13 28 20 13 75 20'
2026-10-10 00:53:16,700 TCP_COMMAND '18008000'
2026-10-10 00:53:16,700 TX 84 B1 F1 18 00 80 00 BE
2026-10-10 00:53:16,723 RX_ECHO ignored
2026-10-10 00:53:16,819 RX 94 F1 B1 58 06 13 89 00 13 28 00 13 75 00 13 89 20 13 28 20 13 75 20 B2
2026-10-10 00:53:16,819 TCP_RESPONSE '58 06 13 89 00 13 28 00 13 75 00 13 89 20 13 28 20 13 75 20'
2026-10-10 00:53:17,167 TCP_COMMAND '18008000'
2026-10-10 00:53:17,168 TX 84 B1 F1 18 00 80 00 BE
2026-10-10 00:53:17,190 RX_ECHO ignored
2026-10-10 00:53:17,298 RX 94 F1 B1 58 06 13 89 00 13 28 00 13 75 00 13 89 20 13 28 20 13 75 20 B2
2026-10-10 00:53:17,298 TCP_RESPONSE '58 06 13 89 00 13 28 00 13 75 00 13 89 20 13 28 20 13 75 20'
2026-10-10 00:53:17,556 TCP_COMMAND '18008000'
2026-10-10 00:53:17,556 TX 84 B1 F1 18 00 80 00 BE
2026-10-10 00:53:17,578 RX_ECHO ignored
2026-10-10 00:53:17,674 RX 94 F1 B1 58 06 13 89 00 13 28 00 13 75 00 13 89 20 13 28 20 13 75 20 B2
2026-10-10 00:53:17,674 TCP_RESPONSE '58 06 13 89 00 13 28 00 13 75 00 13 89 20 13 28 20 13 75 20'
2026-10-10 00:53:17,950 TCP_COMMAND '18008000'
2026-10-10 00:53:17,951 TX 84 B1 F1 18 00 80 00 BE
2026-10-10 00:53:17,974 RX_ECHO ignored
2026-10-10 00:53:18,032 RX 94 F1 B1 58 06 13 89 00 13 28 00 13 75 00 13 89 20 13 28 20 13 75 20 B2
2026-10-10 00:53:18,033 TCP_RESPONSE '58 06 13 89 00 13 28 00 13 75 00 13 89 20 13 28 20 13 75 20'
2026-10-10 00:53:18,367 TCP_COMMAND '18008000'
2026-10-10 00:53:18,367 TX 84 B1 F1 18 00 80 00 BE
2026-10-10 00:53:18,379 RX_ECHO ignored
2026-10-10 00:53:18,526 RX 94 F1 B1 58 06 13 89 00 13 28 00 13 75 00 13 89 20 13 28 20 13 75 20 B2
2026-10-10 00:53:18,526 TCP_RESPONSE '58 06 13 89 00 13 28 00 13 75 00 13 89 20 13 28 20 13 75 20'
2026-10-10 00:53:18,785 TCP_COMMAND '18008000'
2026-10-10 00:53:18,786 TX 84 B1 F1 18 00 80 00 BE
2026-10-10 00:53:18,808 RX_ECHO ignored
2026-10-10 00:53:18,891 RX 94 F1 B1 58 06 13 89 00 13 28 00 13 75 00 13 89 20 13 28 20 13 75 20 B2
2026-10-10 00:53:18,891 TCP_RESPONSE '58 06 13 89 00 13 28 00 13 75 00 13 89 20 13 28 20 13 75 20'
2026-10-10 00:53:19,164 TCP_COMMAND '18008000'
2026-10-10 00:53:19,165 TX 84 B1 F1 18 00 80 00 BE
2026-10-10 00:53:19,189 RX_ECHO ignored
2026-10-10 00:53:19,266 RX 94 F1 B1 58 06 13 89 00 13 28 00 13 75 00 13 89 20 13 28 20 13 75 20 B2
2026-10-10 00:53:19,267 TCP_RESPONSE '58 06 13 89 00 13 28 00 13 75 00 13 89 20 13 28 20 13 75 20'
2026-10-10 00:53:19,533 TCP_COMMAND '18008000'
2026-10-10 00:53:19,534 TX 84 B1 F1 18 00 80 00 BE
2026-10-10 00:53:19,557 RX_ECHO ignored
2026-10-10 00:53:19,626 RX 94 F1 B1 58 06 13 89 00 13 28 00 13 75 00 13 89 20 13 28 20 13 75 20 B2
2026-10-10 00:53:19,627 TCP_RESPONSE '58 06 13 89 00 13 28 00 13 75 00 13 89 20 13 28 20 13 75 20'
2026-10-10 00:53:19,894 TCP_COMMAND '18008000'
2026-10-10 00:53:19,894 TX 84 B1 F1 18 00 80 00 BE
2026-10-10 00:53:19,906 RX_ECHO ignored
2026-10-10 00:53:19,999 RX 94 F1 B1 58 06 13 89 00 13 28 00 13 75 00 13 89 20 13 28 20 13 75 20 B2
2026-10-10 00:53:19,999 TCP_RESPONSE '58 06 13 89 00 13 28 00 13 75 00 13 89 20 13 28 20 13 75 20'
2026-10-10 00:53:20,378 TCP_COMMAND '18008000'
2026-10-10 00:53:20,378 TX 84 B1 F1 18 00 80 00 BE
2026-10-10 00:53:20,390 RX_ECHO ignored
2026-10-10 00:53:20,486 RX 94 F1 B1 58 06 13 89 00 13 28 00 13 75 00 13 89 20 13 28 20 13 75 20 B2
2026-10-10 00:53:20,486 TCP_RESPONSE '58 06 13 89 00 13 28 00 13 75 00 13 89 20 13 28 20 13 75 20'
2026-10-10 00:53:20,929 TCP_COMMAND '18008000'
2026-10-10 00:53:20,930 TX 84 B1 F1 18 00 80 00 BE
2026-10-10 00:53:20,943 RX_ECHO ignored
2026-10-10 00:53:21,090 RX 94 F1 B1 58 06 13 89 00 13 28 00 13 75 00 13 89 20 13 28 20 13 75 20 B2
2026-10-10 00:53:21,091 TCP_RESPONSE '58 06 13 89 00 13 28 00 13 75 00 13 89 20 13 28 20 13 75 20'
2026-10-10 00:53:21,438 TCP_COMMAND '18008000'
2026-10-10 00:53:21,439 TX 84 B1 F1 18 00 80 00 BE
2026-10-10 00:53:21,451 RX_ECHO ignored
2026-10-10 00:53:21,577 RX 94 F1 B1 58 06 13 89 00 13 28 00 13 75 00 13 89 20 13 28 20 13 75 20 B2
2026-10-10 00:53:21,578 TCP_RESPONSE '58 06 13 89 00 13 28 00 13 75 00 13 89 20 13 28 20 13 75 20'
2026-10-10 00:53:21,920 TCP_COMMAND '18008000'
2026-10-10 00:53:21,920 TX 84 B1 F1 18 00 80 00 BE
2026-10-10 00:53:21,932 RX_ECHO ignored
2026-10-10 00:53:22,062 RX 94 F1 B1 58 06 13 89 00 13 28 00 13 75 00 13 89 20 13 28 20 13 75 20 B2
2026-10-10 00:53:22,063 TCP_RESPONSE '58 06 13 89 00 13 28 00 13 75 00 13 89 20 13 28 20 13 75 20'
2026-10-10 00:53:22,534 TCP_COMMAND '18008000'
2026-10-10 00:53:22,535 TX 84 B1 F1 18 00 80 00 BE
2026-10-10 00:53:22,558 RX_ECHO ignored
2026-10-10 00:53:22,664 RX 94 F1 B1 58 06 13 89 00 13 28 00 13 75 00 13 89 20 13 28 20 13 75 20 B2
2026-10-10 00:53:22,664 TCP_RESPONSE '58 06 13 89 00 13 28 00 13 75 00 13 89 20 13 28 20 13 75 20'
2026-10-10 00:53:22,925 TCP_COMMAND '18008000'
2026-10-10 00:53:22,926 TX 84 B1 F1 18 00 80 00 BE
2026-10-10 00:53:22,949 RX_ECHO ignored
2026-10-10 00:53:23,035 RX 94 F1 B1 58 06 13 89 00 13 28 00 13 75 00 13 89 20 13 28 20 13 75 20 B2
2026-10-10 00:53:23,035 TCP_RESPONSE '58 06 13 89 00 13 28 00 13 75 00 13 89 20 13 28 20 13 75 20'
2026-10-10 00:53:23,355 TCP_COMMAND '18008000'
2026-10-10 00:53:23,355 TX 84 B1 F1 18 00 80 00 BE
2026-10-10 00:53:23,367 RX_ECHO ignored
2026-10-10 00:53:23,404 RX 94 F1 B1 58 06 13 89 00 13 28 00 13 75 00 13 89 20 13 28 20 13 75 20 B2
2026-10-10 00:53:23,404 TCP_RESPONSE '58 06 13 89 00 13 28 00 13 75 00 13 89 20 13 28 20 13 75 20'
2026-10-10 00:53:23,716 TCP_COMMAND '18008000'
2026-10-10 00:53:23,717 TX 84 B1 F1 18 00 80 00 BE
2026-10-10 00:53:23,729 RX_ECHO ignored
2026-10-10 00:53:23,774 RX 94 F1 B1 58 06 13 89 00 13 28 00 13 75 00 13 89 20 13 28 20 13 75 20 B2
2026-10-10 00:53:23,774 TCP_RESPONSE '58 06 13 89 00 13 28 00 13 75 00 13 89 20 13 28 20 13 75 20'
2026-10-10 00:53:24,059 TCP_COMMAND '18008000'
2026-10-10 00:53:24,066 TX 84 B1 F1 18 00 80 00 BE
2026-10-10 00:53:24,104 RX_ECHO ignored
2026-10-10 00:53:24,141 RX 94 F1 B1 58 06 13 89 00 13 28 00 13 75 00 13 89 20 13 28 20 13 75 20 B2
2026-10-10 00:53:24,141 TCP_RESPONSE '58 06 13 89 00 13 28 00 13 75 00 13 89 20 13 28 20 13 75 20'
2026-10-10 00:53:24,468 TCP_COMMAND '18008000'
2026-10-10 00:53:24,468 TX 84 B1 F1 18 00 80 00 BE
2026-10-10 00:53:24,491 RX_ECHO ignored
2026-10-10 00:53:24,621 RX 94 F1 B1 58 06 13 89 00 13 28 00 13 75 00 13 89 20 13 28 20 13 75 20 B2
2026-10-10 00:53:24,622 TCP_RESPONSE '58 06 13 89 00 13 28 00 13 75 00 13 89 20 13 28 20 13 75 20'
2026-10-10 00:53:24,881 TCP_COMMAND '18008000'
2026-10-10 00:53:24,882 TX 84 B1 F1 18 00 80 00 BE
2026-10-10 00:53:24,905 RX_ECHO ignored
2026-10-10 00:53:24,999 RX 94 F1 B1 58 06 13 89 00 13 28 00 13 75 00 13 89 20 13 28 20 13 75 20 B2
2026-10-10 00:53:25,000 TCP_RESPONSE '58 06 13 89 00 13 28 00 13 75 00 13 89 20 13 28 20 13 75 20'
2026-10-10 00:53:25,291 TCP_COMMAND '18008000'
2026-10-10 00:53:25,292 TX 84 B1 F1 18 00 80 00 BE
2026-10-10 00:53:25,304 RX_ECHO ignored
2026-10-10 00:53:25,365 RX 94 F1 B1 58 06 13 89 00 13 28 00 13 75 00 13 89 20 13 28 20 13 75 20 B2
2026-10-10 00:53:25,365 TCP_RESPONSE '58 06 13 89 00 13 28 00 13 75 00 13 89 20 13 28 20 13 75 20'
2026-10-10 00:53:25,625 TCP_COMMAND '18008000'
2026-10-10 00:53:25,625 TX 84 B1 F1 18 00 80 00 BE
2026-10-10 00:53:25,649 RX_ECHO ignored
2026-10-10 00:53:25,733 RX 94 F1 B1 58 06 13 89 00 13 28 00 13 75 00 13 89 20 13 28 20 13 75 20 B2
2026-10-10 00:53:25,734 TCP_RESPONSE '58 06 13 89 00 13 28 00 13 75 00 13 89 20 13 28 20 13 75 20'
2026-10-10 00:53:26,133 TCP_COMMAND '18008000'
2026-10-10 00:53:26,135 TX 84 B1 F1 18 00 80 00 BE
2026-10-10 00:53:26,159 RX_ECHO ignored
2026-10-10 00:53:26,221 RX 94 F1 B1 58 06 13 89 00 13 28 00 13 75 00 13 89 20 13 28 20 13 75 20 B2
2026-10-10 00:53:26,221 TCP_RESPONSE '58 06 13 89 00 13 28 00 13 75 00 13 89 20 13 28 20 13 75 20'
2026-10-10 00:53:26,559 TCP_COMMAND '18008000'
2026-10-10 00:53:26,559 TX 84 B1 F1 18 00 80 00 BE
2026-10-10 00:53:26,571 RX_ECHO ignored
2026-10-10 00:53:26,701 RX 94 F1 B1 58 06 13 89 00 13 28 00 13 75 00 13 89 20 13 28 20 13 75 20 B2
2026-10-10 00:53:26,702 TCP_RESPONSE '58 06 13 89 00 13 28 00 13 75 00 13 89 20 13 28 20 13 75 20'
2026-10-10 00:53:26,962 TCP_COMMAND '18008000'
2026-10-10 00:53:26,963 TX 84 B1 F1 18 00 80 00 BE
2026-10-10 00:53:26,987 RX_ECHO ignored
2026-10-10 00:53:27,069 RX 94 F1 B1 58 06 13 89 00 13 28 00 13 75 00 13 89 20 13 28 20 13 75 20 B2
2026-10-10 00:53:27,070 TCP_RESPONSE '58 06 13 89 00 13 28 00 13 75 00 13 89 20 13 28 20 13 75 20'
2026-10-10 00:53:27,387 TCP_COMMAND '18008000'
2026-10-10 00:53:27,388 TX 84 B1 F1 18 00 80 00 BE
2026-10-10 00:53:27,399 RX_ECHO ignored
2026-10-10 00:53:27,447 RX 94 F1 B1 58 06 13 89 00 13 28 00 13 75 00 13 89 20 13 28 20 13 75 20 B2
2026-10-10 00:53:27,447 TCP_RESPONSE '58 06 13 89 00 13 28 00 13 75 00 13 89 20 13 28 20 13 75 20'
2026-10-10 00:53:27,789 TCP_COMMAND '18008000'
2026-10-10 00:53:27,790 TX 84 B1 F1 18 00 80 00 BE
2026-10-10 00:53:27,801 RX_ECHO ignored
2026-10-10 00:53:27,921 RX 94 F1 B1 58 06 13 89 00 13 28 00 13 75 00 13 89 20 13 28 20 13 75 20 B2
2026-10-10 00:53:27,921 TCP_RESPONSE '58 06 13 89 00 13 28 00 13 75 00 13 89 20 13 28 20 13 75 20'
2026-10-10 00:53:28,181 TCP_COMMAND '18008000'
2026-10-10 00:53:28,181 TX 84 B1 F1 18 00 80 00 BE
2026-10-10 00:53:28,193 RX_ECHO ignored
2026-10-10 00:53:28,294 RX 94 F1 B1 58 06 13 89 00 13 28 00 13 75 00 13 89 20 13 28 20 13 75 20 B2
2026-10-10 00:53:28,294 TCP_RESPONSE '58 06 13 89 00 13 28 00 13 75 00 13 89 20 13 28 20 13 75 20'
2026-10-10 00:53:28,555 TCP_COMMAND '18008000'
2026-10-10 00:53:28,556 TX 84 B1 F1 18 00 80 00 BE
2026-10-10 00:53:28,567 RX_ECHO ignored
2026-10-10 00:53:28,668 RX 94 F1 B1 58 06 13 89 00 13 28 00 13 75 00 13 89 20 13 28 20 13 75 20 B2
2026-10-10 00:53:28,668 TCP_RESPONSE '58 06 13 89 00 13 28 00 13 75 00 13 89 20 13 28 20 13 75 20'
2026-10-10 00:53:28,961 TCP_COMMAND '18008000'
2026-10-10 00:53:28,962 TX 84 B1 F1 18 00 80 00 BE
2026-10-10 00:53:28,974 RX_ECHO ignored
2026-10-10 00:53:29,032 RX 94 F1 B1 58 06 13 89 00 13 28 00 13 75 00 13 89 20 13 28 20 13 75 20 B2
2026-10-10 00:53:29,033 TCP_RESPONSE '58 06 13 89 00 13 28 00 13 75 00 13 89 20 13 28 20 13 75 20'
2026-10-10 00:53:29,324 TCP_COMMAND '18008000'
2026-10-10 00:53:29,324 TX 84 B1 F1 18 00 80 00 BE
2026-10-10 00:53:29,348 RX_ECHO ignored
2026-10-10 00:53:29,396 RX 94 F1 B1 58 06 13 89 00 13 28 00 13 75 00 13 89 20 13 28 20 13 75 20 B2
2026-10-10 00:53:29,396 TCP_RESPONSE '58 06 13 89 00 13 28 00 13 75 00 13 89 20 13 28 20 13 75 20'
2026-10-10 00:53:29,835 TCP_COMMAND '18008000'
2026-10-10 00:53:29,836 TX 84 B1 F1 18 00 80 00 BE
2026-10-10 00:53:29,847 RX_ECHO ignored
2026-10-10 00:53:29,882 RX 94 F1 B1 58 06 13 89 00 13 28 00 13 75 00 13 89 20 13 28 20 13 75 20 B2
2026-10-10 00:53:29,883 TCP_RESPONSE '58 06 13 89 00 13 28 00 13 75 00 13 89 20 13 28 20 13 75 20'
2026-10-10 00:53:30,204 TCP_COMMAND '18008000'
2026-10-10 00:53:30,205 TX 84 B1 F1 18 00 80 00 BE
2026-10-10 00:53:30,229 RX_ECHO ignored
2026-10-10 00:53:30,251 RX 94 F1 B1 58 06 13 89 00 13 28 00 13 75 00 13 89 20 13 28 20 13 75 20 B2
2026-10-10 00:53:30,252 TCP_RESPONSE '58 06 13 89 00 13 28 00 13 75 00 13 89 20 13 28 20 13 75 20'
2026-10-10 00:53:30,535 TCP_COMMAND '18008000'
2026-10-10 00:53:30,536 TX 84 B1 F1 18 00 80 00 BE
2026-10-10 00:53:30,548 RX_ECHO ignored
2026-10-10 00:53:30,629 RX 94 F1 B1 58 06 13 89 00 13 28 00 13 75 00 13 89 20 13 28 20 13 75 20 B2
2026-10-10 00:53:30,630 TCP_RESPONSE '58 06 13 89 00 13 28 00 13 75 00 13 89 20 13 28 20 13 75 20'
2026-10-10 00:53:30,920 TCP_COMMAND '18008000'
2026-10-10 00:53:30,921 TX 84 B1 F1 18 00 80 00 BE
2026-10-10 00:53:30,944 RX_ECHO ignored
2026-10-10 00:53:30,990 RX 94 F1 B1 58 06 13 89 00 13 28 00 13 75 00 13 89 20 13 28 20 13 75 20 B2
2026-10-10 00:53:30,990 TCP_RESPONSE '58 06 13 89 00 13 28 00 13 75 00 13 89 20 13 28 20 13 75 20'
2026-10-10 00:53:31,315 TCP_COMMAND '18008000'
2026-10-10 00:53:31,315 TX 84 B1 F1 18 00 80 00 BE
2026-10-10 00:53:31,338 RX_ECHO ignored
2026-10-10 00:53:31,362 RX 94 F1 B1 58 06 13 89 00 13 28 00 13 75 00 13 89 20 13 28 20 13 75 20 B2
2026-10-10 00:53:31,362 TCP_RESPONSE '58 06 13 89 00 13 28 00 13 75 00 13 89 20 13 28 20 13 75 20'
2026-10-10 00:53:31,621 TCP_COMMAND '18008000'
2026-10-10 00:53:31,622 TX 84 B1 F1 18 00 80 00 BE
2026-10-10 00:53:31,646 RX_ECHO ignored
2026-10-10 00:53:31,729 RX 94 F1 B1 58 06 13 89 00 13 28 00 13 75 00 13 89 20 13 28 20 13 75 20 B2
2026-10-10 00:53:31,729 TCP_RESPONSE '58 06 13 89 00 13 28 00 13 75 00 13 89 20 13 28 20 13 75 20'
2026-10-10 00:53:31,989 TCP_COMMAND '18008000'
2026-10-10 00:53:31,990 TX 84 B1 F1 18 00 80 00 BE
2026-10-10 00:53:32,014 RX_ECHO ignored
2026-10-10 00:53:32,101 RX 94 F1 B1 58 06 13 89 00 13 28 00 13 75 00 13 89 20 13 28 20 13 75 20 B2
2026-10-10 00:53:32,101 TCP_RESPONSE '58 06 13 89 00 13 28 00 13 75 00 13 89 20 13 28 20 13 75 20'
2026-10-10 00:53:32,397 TCP_COMMAND '18008000'
2026-10-10 00:53:32,397 TX 84 B1 F1 18 00 80 00 BE
2026-10-10 00:53:32,409 RX_ECHO ignored
2026-10-10 00:53:32,471 RX 94 F1 B1 58 06 13 89 00 13 28 00 13 75 00 13 89 20 13 28 20 13 75 20 B2
2026-10-10 00:53:32,472 TCP_RESPONSE '58 06 13 89 00 13 28 00 13 75 00 13 89 20 13 28 20 13 75 20'
2026-10-10 00:53:32,731 TCP_COMMAND '18008000'
2026-10-10 00:53:32,732 TX 84 B1 F1 18 00 80 00 BE
2026-10-10 00:53:32,755 RX_ECHO ignored
2026-10-10 00:53:32,841 RX 9D F1 B1 58 07 13 89 00 13 28 00 13 75 00 13 84 00 13 84 00 13 84 00 13 89 20 13 28 20 13 75 20 81
2026-10-10 00:53:32,841 TCP_RESPONSE '58 07 13 89 00 13 28 00 13 75 00 13 84 00 13 84 00 13 84 00 13 89 20 13 28 20 13 75 20'
2026-10-10 00:53:33,158 TCP_COMMAND '18008000'
2026-10-10 00:53:33,158 TX 84 B1 F1 18 00 80 00 BE
2026-10-10 00:53:33,183 RX_ECHO ignored
2026-10-10 00:53:33,219 RX 94 F1 B1 58 06 13 89 00 13 28 00 13 75 00 13 89 20 13 28 20 13 75 20 B2
2026-10-10 00:53:33,219 TCP_RESPONSE '58 06 13 89 00 13 28 00 13 75 00 13 89 20 13 28 20 13 75 20'
2026-10-10 00:53:33,522 TCP_COMMAND '18008000'
2026-10-10 00:53:33,523 TX 84 B1 F1 18 00 80 00 BE
2026-10-10 00:53:33,535 RX_ECHO ignored
2026-10-10 00:53:33,584 RX 94 F1 B1 58 06 13 89 00 13 28 00 13 75 00 13 89 20 13 28 20 13 75 20 B2
2026-10-10 00:53:33,584 TCP_RESPONSE '58 06 13 89 00 13 28 00 13 75 00 13 89 20 13 28 20 13 75 20'
2026-10-10 00:53:33,933 TCP_COMMAND '18008000'
2026-10-10 00:53:33,934 TX 84 B1 F1 18 00 80 00 BE
2026-10-10 00:53:33,957 RX_ECHO ignored
2026-10-10 00:53:34,065 RX 94 F1 B1 58 06 13 89 00 13 28 00 13 75 00 13 89 20 13 28 20 13 75 20 B2
2026-10-10 00:53:34,065 TCP_RESPONSE '58 06 13 89 00 13 28 00 13 75 00 13 89 20 13 28 20 13 75 20'
2026-10-10 00:53:34,332 TCP_COMMAND '18008000'
2026-10-10 00:53:34,333 TX 84 B1 F1 18 00 80 00 BE
2026-10-10 00:53:34,356 RX_ECHO ignored
2026-10-10 00:53:34,438 RX 94 F1 B1 58 06 13 89 00 13 28 00 13 75 00 13 89 20 13 28 20 13 75 20 B2
2026-10-10 00:53:34,439 TCP_RESPONSE '58 06 13 89 00 13 28 00 13 75 00 13 89 20 13 28 20 13 75 20'
2026-10-10 00:53:34,815 TCP_COMMAND '18008000'
2026-10-10 00:53:34,815 TX 84 B1 F1 18 00 80 00 BE
2026-10-10 00:53:34,840 RX_ECHO ignored
2026-10-10 00:53:34,922 RX 94 F1 B1 58 06 13 89 00 13 28 00 13 75 00 13 89 20 13 28 20 13 75 20 B2
2026-10-10 00:53:34,923 TCP_RESPONSE '58 06 13 89 00 13 28 00 13 75 00 13 89 20 13 28 20 13 75 20'
2026-10-10 00:53:35,255 TCP_COMMAND '18008000'
2026-10-10 00:53:35,256 TX 84 B1 F1 18 00 80 00 BE
2026-10-10 00:53:35,268 RX_ECHO ignored
2026-10-10 00:53:35,416 RX 94 F1 B1 58 06 13 89 00 13 28 00 13 75 00 13 89 20 13 28 20 13 75 20 B2
2026-10-10 00:53:35,416 TCP_RESPONSE '58 06 13 89 00 13 28 00 13 75 00 13 89 20 13 28 20 13 75 20'
2026-10-10 00:53:35,775 TCP_COMMAND '18008000'
2026-10-10 00:53:35,776 TX 84 B1 F1 18 00 80 00 BE
2026-10-10 00:53:35,788 RX_ECHO ignored
2026-10-10 00:53:35,896 RX 94 F1 B1 58 06 13 89 00 13 28 00 13 75 00 13 89 20 13 28 20 13 75 20 B2
2026-10-10 00:53:35,896 TCP_RESPONSE '58 06 13 89 00 13 28 00 13 75 00 13 89 20 13 28 20 13 75 20'
2026-10-10 00:53:36,303 TCP_COMMAND '18008000'
2026-10-10 00:53:36,304 TX 84 B1 F1 18 00 80 00 BE
2026-10-10 00:53:36,327 RX_ECHO ignored
2026-10-10 00:53:36,386 RX 94 F1 B1 58 06 13 89 00 13 28 00 13 75 00 13 89 20 13 28 20 13 75 20 B2
2026-10-10 00:53:36,386 TCP_RESPONSE '58 06 13 89 00 13 28 00 13 75 00 13 89 20 13 28 20 13 75 20'
2026-10-10 00:53:36,825 TCP_COMMAND '18008000'
2026-10-10 00:53:36,825 TX 84 B1 F1 18 00 80 00 BE
2026-10-10 00:53:36,837 RX_ECHO ignored
2026-10-10 00:53:36,980 RX 94 F1 B1 58 06 13 89 00 13 28 00 13 75 00 13 89 20 13 28 20 13 75 20 B2
2026-10-10 00:53:36,980 TCP_RESPONSE '58 06 13 89 00 13 28 00 13 75 00 13 89 20 13 28 20 13 75 20'
2026-10-10 00:53:37,350 TCP_COMMAND '18008000'
2026-10-10 00:53:37,350 TX 84 B1 F1 18 00 80 00 BE
2026-10-10 00:53:37,362 RX_ECHO ignored
2026-10-10 00:53:37,466 RX 94 F1 B1 58 06 13 89 00 13 28 00 13 75 00 13 89 20 13 28 20 13 75 20 B2
2026-10-10 00:53:37,466 TCP_RESPONSE '58 06 13 89 00 13 28 00 13 75 00 13 89 20 13 28 20 13 75 20'
2026-10-10 00:53:37,874 TCP_COMMAND '18008000'
2026-10-10 00:53:37,875 TX 84 B1 F1 18 00 80 00 BE
2026-10-10 00:53:37,886 RX_ECHO ignored
2026-10-10 00:53:37,960 RX 94 F1 B1 58 06 13 89 00 13 28 00 13 75 00 13 89 20 13 28 20 13 75 20 B2
2026-10-10 00:53:37,961 TCP_RESPONSE '58 06 13 89 00 13 28 00 13 75 00 13 89 20 13 28 20 13 75 20'
2026-10-10 00:53:38,438 TCP_COMMAND '18008000'
2026-10-10 00:53:38,439 TX 84 B1 F1 18 00 80 00 BE
2026-10-10 00:53:38,450 RX_ECHO ignored
2026-10-10 00:53:38,556 RX 94 F1 B1 58 06 13 89 00 13 28 00 13 75 00 13 89 20 13 28 20 13 75 20 B2
2026-10-10 00:53:38,557 TCP_RESPONSE '58 06 13 89 00 13 28 00 13 75 00 13 89 20 13 28 20 13 75 20'
2026-10-10 00:53:39,054 TCP_COMMAND '18008000'
2026-10-10 00:53:39,201 TX 84 B1 F1 18 00 80 00 BE
2026-10-10 00:53:39,217 RX_ECHO ignored
2026-10-10 00:53:39,280 RX 94 F1 B1 58 06 13 89 00 13 28 00 13 75 00 13 89 20 13 28 20 13 75 20 B2
2026-10-10 00:53:39,280 TCP_RESPONSE '58 06 13 89 00 13 28 00 13 75 00 13 89 20 13 28 20 13 75 20'
2026-10-10 00:53:39,635 TCP_COMMAND '18008000'
2026-10-10 00:53:39,636 TX 84 B1 F1 18 00 80 00 BE
2026-10-10 00:53:39,649 RX_ECHO ignored
2026-10-10 00:53:39,771 RX 94 F1 B1 58 06 13 89 00 13 28 00 13 75 00 13 89 20 13 28 20 13 75 20 B2
2026-10-10 00:53:39,771 TCP_RESPONSE '58 06 13 89 00 13 28 00 13 75 00 13 89 20 13 28 20 13 75 20'
2026-10-10 00:53:40,046 TCP_COMMAND '18008000'
2026-10-10 00:53:40,047 TX 84 B1 F1 18 00 80 00 BE
2026-10-10 00:53:40,059 RX_ECHO ignored
2026-10-10 00:53:40,131 RX 94 F1 B1 58 06 13 89 00 13 28 00 13 75 00 13 89 20 13 28 20 13 75 20 B2
2026-10-10 00:53:40,132 TCP_RESPONSE '58 06 13 89 00 13 28 00 13 75 00 13 89 20 13 28 20 13 75 20'
2026-10-10 00:53:40,496 TCP_COMMAND '18008000'
2026-10-10 00:53:40,497 TX 84 B1 F1 18 00 80 00 BE
2026-10-10 00:53:40,509 RX_ECHO ignored
