2026-10-09 22:37:19,283 LOG_FILE /Users/alex/IdeaProjects/ELM327wifi/captures/elm-20261009-223719-282814.log
2026-10-09 22:37:19,326 INIT begin target=B1 tester=F1 attempts=30
2026-10-09 22:37:19,326 INIT attempt 1/30
2026-10-09 22:37:19,688 INIT wakeup 0x00 sent, gap=57.4 ms (not wire measurement)
2026-10-09 22:37:19,689 TX 81 B1 F1 81 A4
2026-10-09 22:37:19,689 RX_ECHO ignored
2026-10-09 22:37:19,689 RX_ECHO ignored
2026-10-09 22:37:19,689 RX_ECHO ignored
2026-10-09 22:37:19,690 RX_ECHO ignored
2026-10-09 22:37:19,690 RX_ECHO ignored
2026-10-09 22:37:19,690 RX_ECHO ignored
2026-10-09 22:37:19,690 RX_ECHO ignored
2026-10-09 22:37:19,690 RX_ECHO ignored
2026-10-09 22:37:19,690 RX_ECHO ignored
2026-10-09 22:37:19,690 RX_ECHO ignored
2026-10-09 22:37:19,690 RX_ECHO ignored
2026-10-09 22:37:19,690 RX_ECHO ignored
2026-10-09 22:37:19,690 RX_ECHO ignored
2026-10-09 22:37:19,690 RX_ECHO ignored
2026-10-09 22:37:19,690 RX_ECHO ignored
2026-10-09 22:37:19,690 RX_ECHO ignored
2026-10-09 22:37:19,690 RX_ECHO ignored
2026-10-09 22:37:19,690 RX_ECHO ignored
2026-10-09 22:37:19,690 RX_ECHO ignored
2026-10-09 22:37:19,690 RX_ECHO ignored
2026-10-09 22:37:19,690 RX_ECHO ignored
2026-10-09 22:37:19,690 RX_ECHO ignored
2026-10-09 22:37:19,690 RX_ECHO ignored
2026-10-09 22:37:19,690 RX_ECHO ignored
2026-10-09 22:37:19,690 RX_ECHO ignored
2026-10-09 22:37:19,690 RX_ECHO ignored
2026-10-09 22:37:19,690 RX_ECHO ignored
2026-10-09 22:37:19,690 RX_ECHO ignored
2026-10-09 22:37:19,690 RX_ECHO ignored
2026-10-09 22:37:19,690 RX_ECHO ignored
2026-10-09 22:37:19,690 RX_ECHO ignored
2026-10-09 22:37:19,690 RX_ECHO ignored
2026-10-09 22:37:19,690 RX_ECHO ignored
2026-10-09 22:37:19,690 RX_ECHO ignored
2026-10-09 22:37:19,690 RX_ECHO ignored
2026-10-09 22:37:19,690 RX_ECHO ignored
2026-10-09 22:37:19,691 RX_ECHO ignored
2026-10-09 22:37:19,691 RX_ECHO ignored
2026-10-09 22:37:19,691 RX_ECHO ignored
2026-10-09 22:37:19,691 RX_ECHO ignored
2026-10-09 22:37:19,691 RX_ECHO ignored
2026-10-09 22:37:19,691 RX_ECHO ignored
2026-10-09 22:37:19,691 RX_ECHO ignored
2026-10-09 22:37:19,691 RX_ECHO ignored
2026-10-09 22:37:19,691 RX_ECHO ignored
2026-10-09 22:37:19,691 RX_ECHO ignored
2026-10-09 22:37:19,691 RX_ECHO ignored
2026-10-09 22:37:19,691 RX_ECHO ignored
2026-10-09 22:37:19,691 RX_ECHO ignored
2026-10-09 22:37:19,691 RX_ECHO ignored
2026-10-09 22:37:19,691 RX_ECHO ignored
2026-10-09 22:37:19,691 RX_ECHO ignored
2026-10-09 22:37:19,691 RX_ECHO ignored
2026-10-09 22:37:19,691 RX_ECHO ignored
2026-10-09 22:37:19,691 RX_ECHO ignored
2026-10-09 22:37:19,691 RX_ECHO ignored
2026-10-09 22:37:19,691 RX_ECHO ignored
2026-10-09 22:37:19,691 RX_ECHO ignored
2026-10-09 22:37:19,691 RX_ECHO ignored
2026-10-09 22:37:19,691 RX_ECHO ignored
2026-10-09 22:37:19,691 RX_ECHO ignored
2026-10-09 22:37:19,691 RX_ECHO ignored
2026-10-09 22:37:19,691 RX_ECHO ignored
2026-10-09 22:37:19,691 RX_ECHO ignored
2026-10-09 22:37:19,691 RX_ECHO ignored
2026-10-09 22:37:19,691 RX_ECHO ignored
2026-10-09 22:37:19,691 RX_ECHO ignored
2026-10-09 22:37:19,691 RX_ECHO ignored
2026-10-09 22:37:19,692 RX_ECHO ignored
2026-10-09 22:37:19,692 RX_ECHO ignored
2026-10-09 22:37:19,692 RX_ECHO ignored
2026-10-09 22:37:19,692 RX_ECHO ignored
2026-10-09 22:37:19,692 RX_ECHO ignored
2026-10-09 22:37:19,692 RX_ECHO ignored
2026-10-09 22:37:19,692 RX_ECHO ignored
2026-10-09 22:37:19,692 RX_ECHO ignored
2026-10-09 22:37:19,692 RX_ECHO ignored
2026-10-09 22:37:19,692 RX_ECHO ignored
2026-10-09 22:37:19,692 RX_ECHO ignored
2026-10-09 22:37:19,692 RX_ECHO ignored
2026-10-09 22:37:19,692 RX_ECHO ignored
2026-10-09 22:37:19,692 RX_ECHO ignored
2026-10-09 22:37:19,692 RX_ECHO ignored
2026-10-09 22:37:19,692 RX_ECHO ignored
2026-10-09 22:37:19,692 RX_ECHO ignored
2026-10-09 22:37:19,692 RX_ECHO ignored
2026-10-09 22:37:19,692 RX_ECHO ignored
2026-10-09 22:37:19,692 RX_ECHO ignored
2026-10-09 22:37:19,692 RX_ECHO ignored
2026-10-09 22:37:19,692 RX_ECHO ignored
2026-10-09 22:37:19,692 RX_ECHO ignored
2026-10-09 22:37:19,692 RX_ECHO ignored
2026-10-09 22:37:19,692 RX_ECHO ignored
2026-10-09 22:37:19,692 RX_ECHO ignored
2026-10-09 22:37:19,693 RX_ECHO ignored
2026-10-09 22:37:19,693 RX_ECHO ignored
2026-10-09 22:37:19,693 RX_ECHO ignored
2026-10-09 22:37:19,693 RX_ECHO ignored
2026-10-09 22:37:19,693 RX_ECHO ignored
2026-10-09 22:37:19,693 RX_ECHO ignored
2026-10-09 22:37:19,693 RX_ECHO ignored
2026-10-09 22:37:19,693 RX_ECHO ignored
2026-10-09 22:37:19,693 RX_ECHO ignored
2026-10-09 22:37:19,693 RX_ECHO ignored
2026-10-09 22:37:19,693 RX_ECHO ignored
2026-10-09 22:37:19,693 RX_ECHO ignored
2026-10-09 22:37:19,693 RX_ECHO ignored
2026-10-09 22:37:19,693 RX_ECHO ignored
2026-10-09 22:37:19,693 RX_ECHO ignored
2026-10-09 22:37:19,693 RX_ECHO ignored
2026-10-09 22:37:19,693 RX_ECHO ignored
2026-10-09 22:37:19,693 RX_ECHO ignored
2026-10-09 22:37:19,693 RX_ECHO ignored
2026-10-09 22:37:19,693 RX_ECHO ignored
2026-10-09 22:37:19,693 RX_ECHO ignored
2026-10-09 22:37:19,693 RX_ECHO ignored
2026-10-09 22:37:19,693 RX_ECHO ignored
2026-10-09 22:37:19,693 RX_ECHO ignored
2026-10-09 22:37:19,693 RX_ECHO ignored
2026-10-09 22:37:19,693 RX_ECHO ignored
2026-10-09 22:37:19,693 RX_ECHO ignored
2026-10-09 22:37:19,693 RX_ECHO ignored
2026-10-09 22:37:19,693 RX_ECHO ignored
2026-10-09 22:37:19,693 RX_ECHO ignored
2026-10-09 22:37:19,693 RX_ECHO ignored
2026-10-09 22:37:19,693 RX_ECHO ignored
2026-10-09 22:37:19,693 RX_ECHO ignored
2026-10-09 22:37:19,693 RX_ECHO ignored
2026-10-09 22:37:19,693 RX_ECHO ignored
2026-10-09 22:37:19,693 RX_ECHO ignored
2026-10-09 22:37:19,693 RX_ECHO ignored
2026-10-09 22:37:19,693 RX_ECHO ignored
2026-10-09 22:37:19,693 RX_ECHO ignored
2026-10-09 22:37:19,693 RX_ECHO ignored
2026-10-09 22:37:19,694 RX_ECHO ignored
2026-10-09 22:37:19,694 RX_ECHO ignored
2026-10-09 22:37:19,694 RX_ECHO ignored
2026-10-09 22:37:19,694 RX_ECHO ignored
2026-10-09 22:37:19,694 RX_ECHO ignored
2026-10-09 22:37:19,694 RX_ECHO ignored
2026-10-09 22:37:19,694 RX_ECHO ignored
2026-10-09 22:37:19,694 RX_ECHO ignored
2026-10-09 22:37:19,694 RX_ECHO ignored
2026-10-09 22:37:19,694 RX_ECHO ignored
2026-10-09 22:37:19,694 RX_ECHO ignored
2026-10-09 22:37:19,694 RX_ECHO ignored
2026-10-09 22:37:19,694 RX_ECHO ignored
2026-10-09 22:37:19,694 RX_ECHO ignored
2026-10-09 22:37:19,694 RX_ECHO ignored
2026-10-09 22:37:19,694 RX_ECHO ignored
2026-10-09 22:37:19,694 RX_ECHO ignored
2026-10-09 22:37:19,694 RX_ECHO ignored
2026-10-09 22:37:19,694 RX_ECHO ignored
2026-10-09 22:37:19,694 RX_ECHO ignored
2026-10-09 22:37:19,694 RX_ECHO ignored
2026-10-09 22:37:19,694 RX_ECHO ignored
2026-10-09 22:37:19,694 RX_ECHO ignored
2026-10-09 22:37:19,694 RX_ECHO ignored
2026-10-09 22:37:19,694 RX_ECHO ignored
2026-10-09 22:37:19,694 RX_ECHO ignored
2026-10-09 22:37:19,694 RX_ECHO ignored
2026-10-09 22:37:19,694 RX_ECHO ignored
2026-10-09 22:37:19,694 RX_ECHO ignored
2026-10-09 22:37:19,694 RX_ECHO ignored
2026-10-09 22:37:19,694 RX_ECHO ignored
2026-10-09 22:37:19,694 RX_ECHO ignored
2026-10-09 22:37:19,694 RX_ECHO ignored
2026-10-09 22:37:19,694 RX_ECHO ignored
2026-10-09 22:37:19,694 RX_ECHO ignored
2026-10-09 22:37:19,694 RX_ECHO ignored
2026-10-09 22:37:19,695 RX_ECHO ignored
2026-10-09 22:37:19,695 RX_ECHO ignored
2026-10-09 22:37:19,695 RX_ECHO ignored
2026-10-09 22:37:19,695 RX_ECHO ignored
2026-10-09 22:37:19,695 RX_ECHO ignored
2026-10-09 22:37:19,695 RX_ECHO ignored
2026-10-09 22:37:19,695 RX_ECHO ignored
2026-10-09 22:37:19,695 RX_ECHO ignored
2026-10-09 22:37:19,695 RX_ECHO ignored
2026-10-09 22:37:19,695 RX_ECHO ignored
2026-10-09 22:37:19,695 RX_ECHO ignored
2026-10-09 22:37:19,695 RX_ECHO ignored
2026-10-09 22:37:19,695 RX_ECHO ignored
2026-10-09 22:37:19,695 RX_ECHO ignored
2026-10-09 22:37:19,695 RX_ECHO ignored
2026-10-09 22:37:19,695 RX_ECHO ignored
2026-10-09 22:37:19,695 RX_ECHO ignored
2026-10-09 22:37:19,695 RX_ECHO ignored
2026-10-09 22:37:19,695 RX_ECHO ignored
2026-10-09 22:37:19,695 RX_ECHO ignored
2026-10-09 22:37:19,695 RX_ECHO ignored
2026-10-09 22:37:19,695 RX_ECHO ignored
2026-10-09 22:37:19,695 RX_ECHO ignored
2026-10-09 22:37:19,695 RX_ECHO ignored
2026-10-09 22:37:19,695 RX_ECHO ignored
2026-10-09 22:37:19,695 RX_ECHO ignored
2026-10-09 22:37:19,695 RX_ECHO ignored
2026-10-09 22:37:19,695 RX_ECHO ignored
2026-10-09 22:37:19,695 RX_ECHO ignored
2026-10-09 22:37:19,695 RX_ECHO ignored
2026-10-09 22:37:19,695 RX_ECHO ignored
2026-10-09 22:37:19,695 RX_ECHO ignored
2026-10-09 22:37:19,695 RX_ECHO ignored
2026-10-09 22:37:19,695 RX_ECHO ignored
2026-10-09 22:37:19,695 RX_ECHO ignored
2026-10-09 22:37:19,695 RX_ECHO ignored
2026-10-09 22:37:19,695 RX_ECHO ignored
2026-10-09 22:37:19,695 RX_ECHO ignored
2026-10-09 22:37:19,695 RX_ECHO ignored
2026-10-09 22:37:19,695 RX_ECHO ignored
2026-10-09 22:37:19,695 RX_ECHO ignored
2026-10-09 22:37:19,695 RX_ECHO ignored
2026-10-09 22:37:19,695 RX_ECHO ignored
2026-10-09 22:37:19,695 RX_ECHO ignored
2026-10-09 22:37:19,695 RX_ECHO ignored
2026-10-09 22:37:19,695 RX_ECHO ignored
2026-10-09 22:37:19,695 RX_ECHO ignored
2026-10-09 22:37:19,696 RX_ECHO ignored
2026-10-09 22:37:19,696 RX_ECHO ignored
2026-10-09 22:37:19,696 RX_ECHO ignored
2026-10-09 22:37:19,696 RX_ECHO ignored
2026-10-09 22:37:19,696 RX_ECHO ignored
2026-10-09 22:37:19,696 RX_ECHO ignored
2026-10-09 22:37:19,696 RX_ECHO ignored
2026-10-09 22:37:19,696 RX_ECHO ignored
2026-10-09 22:37:19,696 RX_ECHO ignored
2026-10-09 22:37:19,696 RX_ECHO ignored
2026-10-09 22:37:19,696 RX_ECHO ignored
2026-10-09 22:37:19,696 RX_ECHO ignored
2026-10-09 22:37:19,696 RX_ECHO ignored
2026-10-09 22:37:19,696 RX_ECHO ignored
2026-10-09 22:37:19,696 RX_ECHO ignored
2026-10-09 22:37:19,696 RX_ECHO ignored
2026-10-09 22:37:19,696 RX_ECHO ignored
2026-10-09 22:37:19,696 RX_ECHO ignored
2026-10-09 22:37:19,696 RX_ECHO ignored
2026-10-09 22:37:19,696 RX_ECHO ignored
2026-10-09 22:37:19,696 RX_ECHO ignored
2026-10-09 22:37:19,696 RX_ECHO ignored
2026-10-09 22:37:19,696 RX_ECHO ignored
2026-10-09 22:37:19,696 RX_ECHO ignored
2026-10-09 22:37:19,696 RX_ECHO ignored
2026-10-09 22:37:19,696 RX_ECHO ignored
2026-10-09 22:37:19,696 RX_ECHO ignored
2026-10-09 22:37:19,696 RX_ECHO ignored
2026-10-09 22:37:19,696 RX_ECHO ignored
2026-10-09 22:37:19,696 RX_ECHO ignored
2026-10-09 22:37:19,696 RX_ECHO ignored
2026-10-09 22:37:19,696 RX_ECHO ignored
2026-10-09 22:37:19,696 RX_ECHO ignored
2026-10-09 22:37:19,696 RX_ECHO ignored
2026-10-09 22:37:19,696 RX_ECHO ignored
2026-10-09 22:37:19,696 RX_ECHO ignored
2026-10-09 22:37:19,696 RX_ECHO ignored
2026-10-09 22:37:19,696 RX_ECHO ignored
2026-10-09 22:37:19,696 RX_ECHO ignored
2026-10-09 22:37:19,696 RX_ECHO ignored
2026-10-09 22:37:19,696 RX_ECHO ignored
2026-10-09 22:37:19,696 RX_ECHO ignored
2026-10-09 22:37:19,696 RX_ECHO ignored
2026-10-09 22:37:19,696 RX_ECHO ignored
2026-10-09 22:37:19,697 RX_ECHO ignored
2026-10-09 22:37:19,697 RX_ECHO ignored
2026-10-09 22:37:19,697 RX_ECHO ignored
2026-10-09 22:37:19,697 RX_ECHO ignored
2026-10-09 22:37:19,697 RX_ECHO ignored
2026-10-09 22:37:19,697 RX_ECHO ignored
2026-10-09 22:37:19,697 RX_ECHO ignored
2026-10-09 22:37:19,697 RX_ECHO ignored
2026-10-09 22:37:19,697 RX_ECHO ignored
2026-10-09 22:37:19,697 RX_ECHO ignored
2026-10-09 22:37:19,697 RX_ECHO ignored
2026-10-09 22:37:19,697 RX_ECHO ignored
2026-10-09 22:37:19,697 RX_ECHO ignored
2026-10-09 22:37:19,697 RX_ECHO ignored
2026-10-09 22:37:19,697 RX_ECHO ignored
2026-10-09 22:37:19,697 RX_ECHO ignored
2026-10-09 22:37:19,697 RX_ECHO ignored
2026-10-09 22:37:19,697 RX_ECHO ignored
2026-10-09 22:37:19,697 RX_ECHO ignored
2026-10-09 22:37:19,697 RX_ECHO ignored
2026-10-09 22:37:19,697 RX_ECHO ignored
2026-10-09 22:37:19,697 RX_ECHO ignored
2026-10-09 22:37:19,697 RX_ECHO ignored
2026-10-09 22:37:19,697 RX_ECHO ignored
2026-10-09 22:37:19,697 RX_ECHO ignored
2026-10-09 22:37:19,697 RX_ECHO ignored
2026-10-09 22:37:19,697 RX_ECHO ignored
2026-10-09 22:37:19,697 RX_ECHO ignored
2026-10-09 22:37:19,697 RX_ECHO ignored
2026-10-09 22:37:19,697 RX_ECHO ignored
2026-10-09 22:37:19,697 RX_ECHO ignored
2026-10-09 22:37:19,697 RX_ECHO ignored
2026-10-09 22:37:19,697 RX_ECHO ignored
2026-10-09 22:37:19,697 RX_ECHO ignored
2026-10-09 22:37:19,697 RX_ECHO ignored
2026-10-09 22:37:19,697 RX_ECHO ignored
2026-10-09 22:37:19,697 RX_ECHO ignored
2026-10-09 22:37:19,697 RX_ECHO ignored
2026-10-09 22:37:19,697 RX_ECHO ignored
2026-10-09 22:37:19,697 RX_ECHO ignored
2026-10-09 22:37:19,697 RX_ECHO ignored
2026-10-09 22:37:19,697 RX_ECHO ignored
2026-10-09 22:37:19,697 RX_ECHO ignored
2026-10-09 22:37:19,697 RX_ECHO ignored
2026-10-09 22:37:19,697 RX_ECHO ignored
2026-10-09 22:37:19,697 RX_ECHO ignored
2026-10-09 22:37:19,697 RX_ECHO ignored
2026-10-09 22:37:19,697 RX_ECHO ignored
2026-10-09 22:37:19,698 RX_ECHO ignored
2026-10-09 22:37:19,698 RX_ECHO ignored
2026-10-09 22:37:19,698 RX_ECHO ignored
2026-10-09 22:37:19,698 RX_ECHO ignored
2026-10-09 22:37:19,698 RX_ECHO ignored
2026-10-09 22:37:19,698 RX_ECHO ignored
2026-10-09 22:37:19,698 RX_ECHO ignored
2026-10-09 22:37:19,698 RX_ECHO ignored
2026-10-09 22:37:19,698 RX_ECHO ignored
2026-10-09 22:37:19,698 RX_ECHO ignored
2026-10-09 22:37:19,698 RX_ECHO ignored
2026-10-09 22:37:19,698 RX_ECHO ignored
2026-10-09 22:37:19,698 RX_ECHO ignored
2026-10-09 22:37:19,698 RX_ECHO ignored
2026-10-09 22:37:19,698 RX_ECHO ignored
2026-10-09 22:37:19,698 RX_ECHO ignored
2026-10-09 22:37:19,698 RX_ECHO ignored
2026-10-09 22:37:19,698 RX_ECHO ignored
2026-10-09 22:37:19,698 RX_ECHO ignored
2026-10-09 22:37:19,698 RX_ECHO ignored
2026-10-09 22:37:19,698 RX_ECHO ignored
2026-10-09 22:37:19,698 RX_ECHO ignored
2026-10-09 22:37:19,698 RX_ECHO ignored
2026-10-09 22:37:19,698 RX_ECHO ignored
2026-10-09 22:37:19,698 RX_ECHO ignored
2026-10-09 22:37:19,698 RX_ECHO ignored
2026-10-09 22:37:19,698 RX_ECHO ignored
2026-10-09 22:37:19,698 RX_ECHO ignored
2026-10-09 22:37:19,698 RX_ECHO ignored
2026-10-09 22:37:19,698 RX_ECHO ignored
2026-10-09 22:37:19,698 RX_ECHO ignored
2026-10-09 22:37:19,698 RX_ECHO ignored
2026-10-09 22:37:19,698 RX_ECHO ignored
2026-10-09 22:37:19,698 RX_ECHO ignored
2026-10-09 22:37:19,698 RX_ECHO ignored
2026-10-09 22:37:19,698 RX_ECHO ignored
2026-10-09 22:37:19,698 RX_ECHO ignored
2026-10-09 22:37:19,698 RX_ECHO ignored
2026-10-09 22:37:19,698 RX_ECHO ignored
2026-10-09 22:37:19,698 RX_ECHO ignored
2026-10-09 22:37:19,698 RX_ECHO ignored
2026-10-09 22:37:19,698 RX_ECHO ignored
2026-10-09 22:37:19,698 RX_ECHO ignored
2026-10-09 22:37:19,698 RX_ECHO ignored
2026-10-09 22:37:19,698 RX_ECHO ignored
2026-10-09 22:37:19,698 RX_ECHO ignored
2026-10-09 22:37:19,699 RX_ECHO ignored
2026-10-09 22:37:19,699 RX_ECHO ignored
2026-10-09 22:37:19,699 RX_ECHO ignored
2026-10-09 22:37:19,699 RX_ECHO ignored
2026-10-09 22:37:19,699 RX_ECHO ignored
2026-10-09 22:37:19,699 RX_ECHO ignored
2026-10-09 22:37:19,699 RX_ECHO ignored
2026-10-09 22:37:19,699 RX_ECHO ignored
2026-10-09 22:37:19,699 RX_ECHO ignored
2026-10-09 22:37:19,699 RX_ECHO ignored
2026-10-09 22:37:19,699 RX_ECHO ignored
2026-10-09 22:37:19,699 RX_ECHO ignored
2026-10-09 22:37:19,699 RX_ECHO ignored
2026-10-09 22:37:19,699 RX_ECHO ignored
2026-10-09 22:37:19,699 RX_ECHO ignored
2026-10-09 22:37:19,699 RX_ECHO ignored
2026-10-09 22:37:19,699 RX_ECHO ignored
2026-10-09 22:37:19,699 RX_ECHO ignored
2026-10-09 22:37:19,699 RX_ECHO ignored
2026-10-09 22:37:19,699 RX_ECHO ignored
2026-10-09 22:37:19,699 RX_ECHO ignored
2026-10-09 22:37:19,699 RX_ECHO ignored
2026-10-09 22:37:19,699 RX_ECHO ignored
2026-10-09 22:37:19,699 RX_ECHO ignored
2026-10-09 22:37:19,699 RX_ECHO ignored
2026-10-09 22:37:19,699 RX_ECHO ignored
2026-10-09 22:37:19,699 RX_ECHO ignored
2026-10-09 22:37:19,699 RX_ECHO ignored
2026-10-09 22:37:19,699 RX_ECHO ignored
2026-10-09 22:37:19,699 RX_ECHO ignored
2026-10-09 22:37:19,699 RX_ECHO ignored
2026-10-09 22:37:19,699 RX_ECHO ignored
2026-10-09 22:37:19,699 RX_ECHO ignored
2026-10-09 22:37:19,699 RX_ECHO ignored
2026-10-09 22:37:19,699 RX_ECHO ignored
2026-10-09 22:37:19,699 RX_ECHO ignored
2026-10-09 22:37:19,699 RX_ECHO ignored
2026-10-09 22:37:19,699 RX_ECHO ignored
2026-10-09 22:37:19,699 RX_ECHO ignored
2026-10-09 22:37:19,699 RX_ECHO ignored
2026-10-09 22:37:19,699 RX_ECHO ignored
2026-10-09 22:37:19,700 RX_ECHO ignored
2026-10-09 22:37:19,700 RX_ECHO ignored
2026-10-09 22:37:19,700 RX_ECHO ignored
2026-10-09 22:37:19,700 RX_ECHO ignored
2026-10-09 22:37:19,700 RX_ECHO ignored
2026-10-09 22:37:19,700 RX_ECHO ignored
2026-10-09 22:37:19,700 RX_ECHO ignored
2026-10-09 22:37:19,700 RX_ECHO ignored
2026-10-09 22:37:19,700 RX_ECHO ignored
2026-10-09 22:37:19,700 RX_ECHO ignored
2026-10-09 22:37:19,700 RX_ECHO ignored
2026-10-09 22:37:19,700 RX_ECHO ignored
2026-10-09 22:37:19,700 RX_ECHO ignored
2026-10-09 22:37:19,700 RX_ECHO ignored
2026-10-09 22:37:19,700 RX_ECHO ignored
2026-10-09 22:37:19,700 RX_ECHO ignored
2026-10-09 22:37:19,700 RX_ECHO ignored
2026-10-09 22:37:19,700 RX_ECHO ignored
2026-10-09 22:37:19,700 RX_ECHO ignored
2026-10-09 22:37:19,700 RX_ECHO ignored
2026-10-09 22:37:19,700 RX_ECHO ignored
2026-10-09 22:37:19,700 RX_ECHO ignored
2026-10-09 22:37:19,700 RX_ECHO ignored
2026-10-09 22:37:19,700 RX_ECHO ignored
2026-10-09 22:37:19,700 RX_ECHO ignored
2026-10-09 22:37:19,700 RX_ECHO ignored
2026-10-09 22:37:19,700 RX_ECHO ignored
2026-10-09 22:37:19,700 RX_ECHO ignored
2026-10-09 22:37:19,700 RX_ECHO ignored
2026-10-09 22:37:19,700 RX_ECHO ignored
2026-10-09 22:37:19,701 RX_ECHO ignored
2026-10-09 22:37:19,701 RX_ECHO ignored
2026-10-09 22:37:19,701 RX_ECHO ignored
2026-10-09 22:37:19,701 RX_ECHO ignored
2026-10-09 22:37:19,701 RX_ECHO ignored
2026-10-09 22:37:19,701 RX_ECHO ignored
2026-10-09 22:37:19,701 RX_ECHO ignored
2026-10-09 22:37:19,701 RX_ECHO ignored
2026-10-09 22:37:19,701 RX_ECHO ignored
2026-10-09 22:37:19,701 RX_ECHO ignored
2026-10-09 22:37:19,701 RX_ECHO ignored
2026-10-09 22:37:19,701 RX_ECHO ignored
2026-10-09 22:37:19,701 RX_ECHO ignored
2026-10-09 22:37:19,701 RX_ECHO ignored
2026-10-09 22:37:19,701 RX_ECHO ignored
2026-10-09 22:37:19,701 RX_ECHO ignored
2026-10-09 22:37:19,701 RX_ECHO ignored
2026-10-09 22:37:19,701 RX_ECHO ignored
2026-10-09 22:37:19,701 RX_ECHO ignored
2026-10-09 22:37:19,701 RX_ECHO ignored
2026-10-09 22:37:19,701 RX_ECHO ignored
2026-10-09 22:37:19,701 RX_ECHO ignored
2026-10-09 22:37:19,701 RX_ECHO ignored
2026-10-09 22:37:19,701 RX_ECHO ignored
2026-10-09 22:37:19,701 RX_ECHO ignored
2026-10-09 22:37:19,701 RX_ECHO ignored
2026-10-09 22:37:19,701 RX_ECHO ignored
2026-10-09 22:37:19,701 RX_ECHO ignored
2026-10-09 22:37:19,701 RX_ECHO ignored
2026-10-09 22:37:19,701 RX_ECHO ignored
2026-10-09 22:37:19,701 RX_ECHO ignored
2026-10-09 22:37:19,701 RX_ECHO ignored
2026-10-09 22:37:19,701 RX_ECHO ignored
2026-10-09 22:37:19,701 RX_ECHO ignored
2026-10-09 22:37:19,701 RX_ECHO ignored
2026-10-09 22:37:19,701 RX_ECHO ignored
2026-10-09 22:37:19,701 RX_ECHO ignored
2026-10-09 22:37:19,702 RX_ECHO ignored
2026-10-09 22:37:19,702 RX_ECHO ignored
2026-10-09 22:37:19,702 RX_ECHO ignored
2026-10-09 22:37:19,702 RX_ECHO ignored
2026-10-09 22:37:19,702 RX_ECHO ignored
2026-10-09 22:37:19,702 RX_ECHO ignored
2026-10-09 22:37:19,702 RX_ECHO ignored
2026-10-09 22:37:19,702 RX_ECHO ignored
2026-10-09 22:37:19,702 RX_ECHO ignored
2026-10-09 22:37:19,702 RX_ECHO ignored
2026-10-09 22:37:19,702 RX_ECHO ignored
2026-10-09 22:37:19,702 RX_ECHO ignored
2026-10-09 22:37:19,702 RX_ECHO ignored
2026-10-09 22:37:19,702 RX_ECHO ignored
2026-10-09 22:37:19,702 RX_ECHO ignored
2026-10-09 22:37:19,702 RX_ECHO ignored
2026-10-09 22:37:19,702 RX_ECHO ignored
2026-10-09 22:37:19,702 RX_ECHO ignored
2026-10-09 22:37:19,702 RX_ECHO ignored
2026-10-09 22:37:19,702 RX_ECHO ignored
2026-10-09 22:37:19,702 RX_ECHO ignored
2026-10-09 22:37:19,702 RX_ECHO ignored
2026-10-09 22:37:19,702 RX_ECHO ignored
2026-10-09 22:37:19,702 RX_ECHO ignored
2026-10-09 22:37:19,702 RX_ECHO ignored
2026-10-09 22:37:19,702 RX_ECHO ignored
2026-10-09 22:37:19,702 RX_ECHO ignored
2026-10-09 22:37:19,702 RX_ECHO ignored
2026-10-09 22:37:19,702 RX_ECHO ignored
2026-10-09 22:37:19,702 RX_ECHO ignored
2026-10-09 22:37:19,702 RX_ECHO ignored
2026-10-09 22:37:19,702 RX_ECHO ignored
2026-10-09 22:37:19,702 RX_ECHO ignored
2026-10-09 22:37:19,702 RX_ECHO ignored
2026-10-09 22:37:19,703 RX_ECHO ignored
2026-10-09 22:37:19,703 RX_ECHO ignored
2026-10-09 22:37:19,703 RX_ECHO ignored
2026-10-09 22:37:19,703 RX_ECHO ignored
2026-10-09 22:37:19,703 RX_ECHO ignored
2026-10-09 22:37:19,703 RX_ECHO ignored
2026-10-09 22:37:19,703 RX_ECHO ignored
2026-10-09 22:37:19,703 RX_ECHO ignored
2026-10-09 22:37:19,703 RX_ECHO ignored
2026-10-09 22:37:19,703 RX_ECHO ignored
2026-10-09 22:37:19,703 RX_ECHO ignored
2026-10-09 22:37:19,703 RX_ECHO ignored
2026-10-09 22:37:19,703 RX_ECHO ignored
2026-10-09 22:37:19,703 RX_ECHO ignored
2026-10-09 22:37:19,703 RX_ECHO ignored
2026-10-09 22:37:19,703 RX_ECHO ignored
2026-10-09 22:37:19,703 RX_ECHO ignored
2026-10-09 22:37:19,703 RX_ECHO ignored
2026-10-09 22:37:19,703 RX_ECHO ignored
2026-10-09 22:37:19,703 RX_ECHO ignored
2026-10-09 22:37:19,703 RX_ECHO ignored
2026-10-09 22:37:19,703 RX_ECHO ignored
2026-10-09 22:37:19,703 RX_ECHO ignored
2026-10-09 22:37:19,703 RX_ECHO ignored
2026-10-09 22:37:19,703 RX_ECHO ignored
2026-10-09 22:37:19,704 RX_ECHO ignored
2026-10-09 22:37:19,704 RX_ECHO ignored
2026-10-09 22:37:19,704 RX_ECHO ignored
2026-10-09 22:37:19,704 RX_ECHO ignored
2026-10-09 22:37:19,704 RX_ECHO ignored
2026-10-09 22:37:19,704 RX_ECHO ignored
2026-10-09 22:37:19,704 RX_ECHO ignored
2026-10-09 22:37:19,704 RX_ECHO ignored
2026-10-09 22:37:19,704 RX_ECHO ignored
2026-10-09 22:37:19,704 RX_ECHO ignored
2026-10-09 22:37:19,704 RX_ECHO ignored
2026-10-09 22:37:19,704 RX_ECHO ignored
2026-10-09 22:37:19,704 RX_ECHO ignored
2026-10-09 22:37:19,704 RX_ECHO ignored
2026-10-09 22:37:19,704 RX_ECHO ignored
2026-10-09 22:37:19,704 RX_ECHO ignored
2026-10-09 22:37:19,704 RX_ECHO ignored
2026-10-09 22:37:19,704 RX_ECHO ignored
2026-10-09 22:37:19,704 RX_ECHO ignored
2026-10-09 22:37:19,704 RX_ECHO ignored
2026-10-09 22:37:19,704 RX_ECHO ignored
2026-10-09 22:37:19,704 RX_ECHO ignored
2026-10-09 22:37:19,704 RX_ECHO ignored
2026-10-09 22:37:19,704 RX_ECHO ignored
2026-10-09 22:37:19,704 RX_ECHO ignored
2026-10-09 22:37:19,705 RX_ECHO ignored
2026-10-09 22:37:19,705 RX_ECHO ignored
2026-10-09 22:37:19,705 RX_ECHO ignored
2026-10-09 22:37:19,705 RX_ECHO ignored
2026-10-09 22:37:19,705 RX_ECHO ignored
2026-10-09 22:37:19,705 RX_ECHO ignored
2026-10-09 22:37:19,705 RX_ECHO ignored
2026-10-09 22:37:19,705 RX_ECHO ignored
2026-10-09 22:37:19,705 RX_ECHO ignored
2026-10-09 22:37:19,705 RX_ECHO ignored
2026-10-09 22:37:19,705 RX_ECHO ignored
2026-10-09 22:37:19,705 RX_ECHO ignored
2026-10-09 22:37:19,705 RX_ECHO ignored
2026-10-09 22:37:19,705 RX_ECHO ignored
2026-10-09 22:37:19,705 RX_ECHO ignored
2026-10-09 22:37:19,705 RX_ECHO ignored
2026-10-09 22:37:19,705 RX_ECHO ignored
2026-10-09 22:37:19,705 RX_ECHO ignored
2026-10-09 22:37:19,705 RX_ECHO ignored
2026-10-09 22:37:19,705 RX_ECHO ignored
2026-10-09 22:37:19,705 RX_ECHO ignored
2026-10-09 22:37:19,705 RX_ECHO ignored
2026-10-09 22:37:19,705 RX_ECHO ignored
2026-10-09 22:37:19,705 RX_ECHO ignored
2026-10-09 22:37:19,705 RX_ECHO ignored
2026-10-09 22:37:19,705 RX_ECHO ignored
2026-10-09 22:37:19,705 RX_ECHO ignored
2026-10-09 22:37:19,705 RX_ECHO ignored
2026-10-09 22:37:19,705 RX_ECHO ignored
2026-10-09 22:37:19,705 RX_ECHO ignored
2026-10-09 22:37:19,705 RX_ECHO ignored
2026-10-09 22:37:19,705 RX_ECHO ignored
2026-10-09 22:37:19,705 RX_ECHO ignored
2026-10-09 22:37:19,706 RX_ECHO ignored
2026-10-09 22:37:19,706 RX_ECHO ignored
2026-10-09 22:37:19,706 RX_ECHO ignored
2026-10-09 22:37:19,706 RX_ECHO ignored
2026-10-09 22:37:19,706 RX_ECHO ignored
2026-10-09 22:37:19,706 RX_ECHO ignored
2026-10-09 22:37:19,706 RX_ECHO ignored
2026-10-09 22:37:19,706 RX_ECHO ignored
2026-10-09 22:37:19,706 RX_ECHO ignored
2026-10-09 22:37:19,706 RX_ECHO ignored
2026-10-09 22:37:19,706 RX_ECHO ignored
2026-10-09 22:37:19,706 RX_ECHO ignored
2026-10-09 22:37:19,706 RX_ECHO ignored
2026-10-09 22:37:19,706 RX_ECHO ignored
2026-10-09 22:37:19,706 RX_ECHO ignored
2026-10-09 22:37:19,706 RX_ECHO ignored
2026-10-09 22:37:19,706 RX_ECHO ignored
2026-10-09 22:37:19,706 RX_ECHO ignored
2026-10-09 22:37:19,706 RX_ECHO ignored
2026-10-09 22:37:19,706 RX_ECHO ignored
2026-10-09 22:37:19,706 RX_ECHO ignored
2026-10-09 22:37:19,706 RX_ECHO ignored
2026-10-09 22:37:19,706 RX_ECHO ignored
2026-10-09 22:37:19,706 RX_ECHO ignored
2026-10-09 22:37:19,706 RX_ECHO ignored
2026-10-09 22:37:19,707 RX_ECHO ignored
2026-10-09 22:37:19,707 RX_ECHO ignored
2026-10-09 22:37:19,707 RX_ECHO ignored
2026-10-09 22:37:19,707 RX_ECHO ignored
2026-10-09 22:37:19,707 RX_ECHO ignored
2026-10-09 22:37:19,707 RX_ECHO ignored
2026-10-09 22:37:19,707 RX_ECHO ignored
2026-10-09 22:37:19,707 RX_ECHO ignored
2026-10-09 22:37:19,707 RX_ECHO ignored
2026-10-09 22:37:19,707 RX_ECHO ignored
2026-10-09 22:37:19,707 RX_ECHO ignored
2026-10-09 22:37:19,707 RX_ECHO ignored
2026-10-09 22:37:19,707 RX_ECHO ignored
2026-10-09 22:37:19,707 RX_ECHO ignored
2026-10-09 22:37:19,707 RX_ECHO ignored
2026-10-09 22:37:19,707 RX_ECHO ignored
2026-10-09 22:37:19,707 RX_ECHO ignored
2026-10-09 22:37:19,707 RX_ECHO ignored
2026-10-09 22:37:19,707 RX_ECHO ignored
2026-10-09 22:37:19,707 RX_ECHO ignored
2026-10-09 22:37:19,707 RX_ECHO ignored
2026-10-09 22:37:19,707 RX_ECHO ignored
2026-10-09 22:37:19,707 RX_ECHO ignored
2026-10-09 22:37:19,707 RX_ECHO ignored
2026-10-09 22:37:19,707 RX_ECHO ignored
2026-10-09 22:37:19,707 RX_ECHO ignored
2026-10-09 22:37:19,707 RX_ECHO ignored
2026-10-09 22:37:19,707 RX_ECHO ignored
2026-10-09 22:37:19,707 RX_ECHO ignored
2026-10-09 22:37:19,707 RX_ECHO ignored
2026-10-09 22:37:19,707 RX_ECHO ignored
2026-10-09 22:37:19,707 RX_ECHO ignored
2026-10-09 22:37:19,707 RX_ECHO ignored
2026-10-09 22:37:19,707 RX_ECHO ignored
2026-10-09 22:37:19,707 RX_ECHO ignored
2026-10-09 22:37:19,707 RX_ECHO ignored
2026-10-09 22:37:19,707 RX_ECHO ignored
2026-10-09 22:37:19,707 RX_ECHO ignored
2026-10-09 22:37:19,708 RX_ECHO ignored
2026-10-09 22:37:19,708 RX_ECHO ignored
2026-10-09 22:37:19,708 RX_ECHO ignored
2026-10-09 22:37:19,708 RX_ECHO ignored
2026-10-09 22:37:19,708 RX_ECHO ignored
2026-10-09 22:37:19,708 RX_ECHO ignored
2026-10-09 22:37:19,708 RX_ECHO ignored
2026-10-09 22:37:19,708 RX_ECHO ignored
2026-10-09 22:37:19,708 RX_ECHO ignored
2026-10-09 22:37:19,708 RX_ECHO ignored
2026-10-09 22:37:19,708 RX_ECHO ignored
2026-10-09 22:37:19,708 RX_ECHO ignored
2026-10-09 22:37:19,708 RX_ECHO ignored
2026-10-09 22:37:19,708 RX_ECHO ignored
2026-10-09 22:37:19,708 RX_ECHO ignored
2026-10-09 22:37:19,708 RX_ECHO ignored
2026-10-09 22:37:19,708 RX_ECHO ignored
2026-10-09 22:37:19,708 RX_ECHO ignored
2026-10-09 22:37:19,708 RX_ECHO ignored
2026-10-09 22:37:19,708 RX_ECHO ignored
2026-10-09 22:37:19,708 RX_ECHO ignored
2026-10-09 22:37:19,708 RX_ECHO ignored
2026-10-09 22:37:19,708 RX_ECHO ignored
2026-10-09 22:37:19,708 RX_ECHO ignored
2026-10-09 22:37:19,708 RX_ECHO ignored
2026-10-09 22:37:19,708 RX_ECHO ignored
2026-10-09 22:37:19,708 RX_ECHO ignored
2026-10-09 22:37:19,708 RX_ECHO ignored
2026-10-09 22:37:19,708 RX_ECHO ignored
2026-10-09 22:37:19,708 RX_ECHO ignored
2026-10-09 22:37:19,708 RX_ECHO ignored
2026-10-09 22:37:19,708 RX_ECHO ignored
2026-10-09 22:37:19,708 RX_ECHO ignored
2026-10-09 22:37:19,708 RX_ECHO ignored
2026-10-09 22:37:19,708 RX_ECHO ignored
2026-10-09 22:37:19,708 RX_ECHO ignored
2026-10-09 22:37:19,708 RX_ECHO ignored
2026-10-09 22:37:19,708 RX_ECHO ignored
2026-10-09 22:37:19,709 RX_ECHO ignored
2026-10-09 22:37:19,709 RX_ECHO ignored
2026-10-09 22:37:19,709 RX_ECHO ignored
2026-10-09 22:37:19,709 RX_ECHO ignored
2026-10-09 22:37:19,709 RX_ECHO ignored
2026-10-09 22:37:19,709 RX_ECHO ignored
2026-10-09 22:37:19,709 RX_ECHO ignored
2026-10-09 22:37:19,709 RX_ECHO ignored
2026-10-09 22:37:19,709 RX_ECHO ignored
2026-10-09 22:37:19,709 RX_ECHO ignored
2026-10-09 22:37:19,709 RX_ECHO ignored
2026-10-09 22:37:19,709 RX_ECHO ignored
2026-10-09 22:37:19,709 RX_ECHO ignored
2026-10-09 22:37:19,709 RX_ECHO ignored
2026-10-09 22:37:19,709 RX_ECHO ignored
2026-10-09 22:37:19,709 RX_ECHO ignored
2026-10-09 22:37:19,709 RX_ECHO ignored
2026-10-09 22:37:19,709 RX_ECHO ignored
2026-10-09 22:37:19,709 RX_ECHO ignored
2026-10-09 22:37:19,709 RX_ECHO ignored
2026-10-09 22:37:19,709 RX_ECHO ignored
2026-10-09 22:37:19,709 RX_ECHO ignored
2026-10-09 22:37:19,709 RX_ECHO ignored
2026-10-09 22:37:19,709 RX_ECHO ignored
2026-10-09 22:37:19,709 RX_ECHO ignored
2026-10-09 22:37:19,709 RX_ECHO ignored
2026-10-09 22:37:19,709 RX_ECHO ignored
2026-10-09 22:37:19,709 RX_ECHO ignored
2026-10-09 22:37:19,709 RX_ECHO ignored
2026-10-09 22:37:19,709 RX_ECHO ignored
2026-10-09 22:37:19,709 RX_ECHO ignored
2026-10-09 22:37:19,709 RX_ECHO ignored
2026-10-09 22:37:19,709 RX_ECHO ignored
2026-10-09 22:37:19,709 RX_ECHO ignored
2026-10-09 22:37:19,709 RX_ECHO ignored
2026-10-09 22:37:19,709 RX_ECHO ignored
2026-10-09 22:37:19,709 RX_ECHO ignored
2026-10-09 22:37:19,709 RX_ECHO ignored
2026-10-09 22:37:19,710 RX_ECHO ignored
2026-10-09 22:37:19,710 RX_ECHO ignored
2026-10-09 22:37:19,710 RX_ECHO ignored
2026-10-09 22:37:19,710 RX_ECHO ignored
2026-10-09 22:37:19,710 RX_ECHO ignored
2026-10-09 22:37:19,710 RX_ECHO ignored
2026-10-09 22:37:19,710 RX_ECHO ignored
2026-10-09 22:37:19,710 RX_ECHO ignored
2026-10-09 22:37:19,710 RX_ECHO ignored
2026-10-09 22:37:19,710 RX_ECHO ignored
2026-10-09 22:37:19,710 RX_ECHO ignored
2026-10-09 22:37:19,710 RX_ECHO ignored
2026-10-09 22:37:19,710 RX_ECHO ignored
2026-10-09 22:37:19,710 RX_ECHO ignored
2026-10-09 22:37:19,710 RX_ECHO ignored
2026-10-09 22:37:19,710 RX_ECHO ignored
2026-10-09 22:37:19,710 RX_ECHO ignored
2026-10-09 22:37:19,710 RX_ECHO ignored
2026-10-09 22:37:19,710 RX_ECHO ignored
2026-10-09 22:37:19,710 RX_ECHO ignored
2026-10-09 22:37:19,710 RX_ECHO ignored
2026-10-09 22:37:19,710 RX_ECHO ignored
2026-10-09 22:37:19,710 RX_ECHO ignored
2026-10-09 22:37:19,710 RX_ECHO ignored
2026-10-09 22:37:19,710 RX_ECHO ignored
2026-10-09 22:37:19,710 RX_ECHO ignored
2026-10-09 22:37:19,710 RX_ECHO ignored
2026-10-09 22:37:19,710 RX_ECHO ignored
2026-10-09 22:37:19,710 RX_ECHO ignored
2026-10-09 22:37:19,710 RX_ECHO ignored
2026-10-09 22:37:19,710 RX_ECHO ignored
2026-10-09 22:37:19,710 RX_ECHO ignored
2026-10-09 22:37:19,710 RX_ECHO ignored
2026-10-09 22:37:19,710 RX_ECHO ignored
2026-10-09 22:37:19,710 RX_ECHO ignored
2026-10-09 22:37:19,710 RX_ECHO ignored
2026-10-09 22:37:19,710 RX_ECHO ignored
2026-10-09 22:37:19,710 RX_ECHO ignored
2026-10-09 22:37:19,710 RX_ECHO ignored
2026-10-09 22:37:19,711 RX_ECHO ignored
2026-10-09 22:37:19,711 RX_ECHO ignored
2026-10-09 22:37:19,711 RX_ECHO ignored
2026-10-09 22:37:19,711 RX_ECHO ignored
2026-10-09 22:37:19,711 RX_ECHO ignored
2026-10-09 22:37:19,711 RX_ECHO ignored
2026-10-09 22:37:19,711 RX_ECHO ignored
2026-10-09 22:37:19,711 RX_ECHO ignored
2026-10-09 22:37:19,711 RX_ECHO ignored
2026-10-09 22:37:19,711 RX_ECHO ignored
2026-10-09 22:37:19,711 RX_ECHO ignored
2026-10-09 22:37:19,711 RX_ECHO ignored
2026-10-09 22:37:19,711 RX_ECHO ignored
2026-10-09 22:37:19,711 RX_ECHO ignored
2026-10-09 22:37:19,711 RX_ECHO ignored
2026-10-09 22:37:19,711 RX_ECHO ignored
2026-10-09 22:37:19,711 RX_ECHO ignored
2026-10-09 22:37:19,711 RX_ECHO ignored
2026-10-09 22:37:19,711 RX_ECHO ignored
2026-10-09 22:37:19,711 RX_ECHO ignored
2026-10-09 22:37:19,711 RX_ECHO ignored
2026-10-09 22:37:19,711 RX_ECHO ignored
2026-10-09 22:37:19,711 RX_ECHO ignored
2026-10-09 22:37:19,711 RX_ECHO ignored
2026-10-09 22:37:19,711 RX_ECHO ignored
2026-10-09 22:37:19,711 RX_ECHO ignored
2026-10-09 22:37:19,711 RX_ECHO ignored
2026-10-09 22:37:19,711 RX_ECHO ignored
2026-10-09 22:37:19,711 RX_ECHO ignored
2026-10-09 22:37:19,711 RX_ECHO ignored
2026-10-09 22:37:19,711 RX_ECHO ignored
2026-10-09 22:37:19,711 RX_ECHO ignored
2026-10-09 22:37:19,711 RX_ECHO ignored
2026-10-09 22:37:19,711 RX_ECHO ignored
2026-10-09 22:37:19,711 RX_ECHO ignored
2026-10-09 22:37:19,711 RX_ECHO ignored
2026-10-09 22:37:19,711 RX_ECHO ignored
2026-10-09 22:37:19,711 RX_ECHO ignored
2026-10-09 22:37:19,711 RX_ECHO ignored
2026-10-09 22:37:19,712 RX_ECHO ignored
2026-10-09 22:37:19,712 RX_ECHO ignored
2026-10-09 22:37:19,712 RX_ECHO ignored
2026-10-09 22:37:19,712 RX_ECHO ignored
2026-10-09 22:37:19,712 RX_ECHO ignored
2026-10-09 22:37:19,712 RX_ECHO ignored
2026-10-09 22:37:19,712 RX_ECHO ignored
2026-10-09 22:37:19,712 RX_ECHO ignored
2026-10-09 22:37:19,712 RX_ECHO ignored
2026-10-09 22:37:19,712 RX_ECHO ignored
2026-10-09 22:37:19,712 RX_ECHO ignored
2026-10-09 22:37:19,712 RX_ECHO ignored
2026-10-09 22:37:19,712 RX_ECHO ignored
2026-10-09 22:37:19,712 RX_ECHO ignored
2026-10-09 22:37:19,712 RX_ECHO ignored
2026-10-09 22:37:19,712 RX_ECHO ignored
2026-10-09 22:37:19,712 RX_ECHO ignored
2026-10-09 22:37:19,712 RX_ECHO ignored
2026-10-09 22:37:19,712 RX_ECHO ignored
2026-10-09 22:37:19,712 RX_ECHO ignored
2026-10-09 22:37:19,712 RX_ECHO ignored
2026-10-09 22:37:19,712 RX_ECHO ignored
2026-10-09 22:37:19,712 RX_ECHO ignored
2026-10-09 22:37:19,712 RX_ECHO ignored
2026-10-09 22:37:19,712 RX_ECHO ignored
2026-10-09 22:37:19,712 RX_ECHO ignored
2026-10-09 22:37:19,712 RX_ECHO ignored
2026-10-09 22:37:19,712 RX_ECHO ignored
2026-10-09 22:37:19,712 RX_ECHO ignored
2026-10-09 22:37:19,712 RX_ECHO ignored
2026-10-09 22:37:19,712 RX_ECHO ignored
2026-10-09 22:37:19,712 RX_ECHO ignored
2026-10-09 22:37:19,712 RX_ECHO ignored
2026-10-09 22:37:19,712 RX_ECHO ignored
2026-10-09 22:37:19,712 RX_ECHO ignored
2026-10-09 22:37:19,712 RX_ECHO ignored
2026-10-09 22:37:19,712 RX_ECHO ignored
2026-10-09 22:37:19,712 RX_ECHO ignored
2026-10-09 22:37:19,712 RX_ECHO ignored
2026-10-09 22:37:19,712 RX_ECHO ignored
2026-10-09 22:37:19,712 RX_ECHO ignored
2026-10-09 22:37:19,712 RX_ECHO ignored
2026-10-09 22:37:19,712 RX_ECHO ignored
2026-10-09 22:37:19,712 RX_ECHO ignored
2026-10-09 22:37:19,712 RX_ECHO ignored
2026-10-09 22:37:19,713 RX_ECHO ignored
2026-10-09 22:37:19,713 RX_ECHO ignored
2026-10-09 22:37:19,713 RX_ECHO ignored
2026-10-09 22:37:19,713 RX_ECHO ignored
2026-10-09 22:37:19,713 RX_ECHO ignored
2026-10-09 22:37:19,713 RX_ECHO ignored
2026-10-09 22:37:19,713 RX_ECHO ignored
2026-10-09 22:37:19,713 RX_ECHO ignored
2026-10-09 22:37:19,713 RX_ECHO ignored
2026-10-09 22:37:19,713 RX_ECHO ignored
2026-10-09 22:37:19,713 RX_ECHO ignored
2026-10-09 22:37:19,713 RX_ECHO ignored
2026-10-09 22:37:19,713 RX_ECHO ignored
2026-10-09 22:37:19,713 RX_ECHO ignored
2026-10-09 22:37:19,713 RX_ECHO ignored
2026-10-09 22:37:19,713 RX_ECHO ignored
2026-10-09 22:37:19,713 RX_ECHO ignored
2026-10-09 22:37:19,713 RX_ECHO ignored
2026-10-09 22:37:19,713 RX_ECHO ignored
2026-10-09 22:37:19,713 RX_ECHO ignored
2026-10-09 22:37:19,713 RX_ECHO ignored
2026-10-09 22:37:19,713 RX_ECHO ignored
2026-10-09 22:37:19,713 RX_ECHO ignored
2026-10-09 22:37:19,713 RX_ECHO ignored
2026-10-09 22:37:19,713 RX_ECHO ignored
2026-10-09 22:37:19,713 RX_ECHO ignored
2026-10-09 22:37:19,713 RX_ECHO ignored
2026-10-09 22:37:19,713 RX_ECHO ignored
2026-10-09 22:37:19,713 RX_ECHO ignored
2026-10-09 22:37:19,713 RX_ECHO ignored
2026-10-09 22:37:19,713 RX_ECHO ignored
2026-10-09 22:37:19,713 RX_ECHO ignored
2026-10-09 22:37:19,713 RX_ECHO ignored
2026-10-09 22:37:19,713 RX_ECHO ignored
2026-10-09 22:37:19,713 RX_ECHO ignored
2026-10-09 22:37:19,713 RX_ECHO ignored
2026-10-09 22:37:19,713 RX_ECHO ignored
2026-10-09 22:37:19,713 RX_ECHO ignored
2026-10-09 22:37:19,713 RX_ECHO ignored
2026-10-09 22:37:19,713 RX_ECHO ignored
2026-10-09 22:37:19,713 RX_ECHO ignored
2026-10-09 22:37:19,713 RX_ECHO ignored
2026-10-09 22:37:19,713 RX_ECHO ignored
2026-10-09 22:37:19,713 RX_ECHO ignored
2026-10-09 22:37:19,714 RX_ECHO ignored
2026-10-09 22:37:19,714 RX_ECHO ignored
2026-10-09 22:37:19,714 RX_ECHO ignored
2026-10-09 22:37:19,714 RX_ECHO ignored
2026-10-09 22:37:19,714 RX_ECHO ignored
2026-10-09 22:37:19,714 RX_ECHO ignored
2026-10-09 22:37:19,714 RX_ECHO ignored
2026-10-09 22:37:19,714 RX_ECHO ignored
2026-10-09 22:37:19,714 RX_ECHO ignored
2026-10-09 22:37:19,714 RX_ECHO ignored
2026-10-09 22:37:19,714 RX_ECHO ignored
2026-10-09 22:37:19,714 RX_ECHO ignored
2026-10-09 22:37:19,714 RX_ECHO ignored
2026-10-09 22:37:19,714 RX_ECHO ignored
2026-10-09 22:37:19,714 RX_ECHO ignored
2026-10-09 22:37:19,714 RX_ECHO ignored
2026-10-09 22:37:19,714 RX_ECHO ignored
2026-10-09 22:37:19,714 RX_ECHO ignored
2026-10-09 22:37:19,714 RX_ECHO ignored
2026-10-09 22:37:19,714 RX_ECHO ignored
2026-10-09 22:37:19,714 RX_ECHO ignored
2026-10-09 22:37:19,714 RX_ECHO ignored
2026-10-09 22:37:19,714 RX_ECHO ignored
2026-10-09 22:37:19,714 RX_ECHO ignored
2026-10-09 22:37:19,714 RX_ECHO ignored
2026-10-09 22:37:19,714 RX_ECHO ignored
2026-10-09 22:37:19,714 RX_ECHO ignored
2026-10-09 22:37:19,714 RX_ECHO ignored
2026-10-09 22:37:19,714 RX_ECHO ignored
2026-10-09 22:37:19,714 RX_ECHO ignored
2026-10-09 22:37:19,714 RX_ECHO ignored
2026-10-09 22:37:19,714 RX_ECHO ignored
2026-10-09 22:37:19,714 RX_ECHO ignored
2026-10-09 22:37:19,714 RX_ECHO ignored
2026-10-09 22:37:19,714 RX_ECHO ignored
2026-10-09 22:37:19,714 RX_ECHO ignored
2026-10-09 22:37:19,714 RX_ECHO ignored
2026-10-09 22:37:19,714 RX_ECHO ignored
2026-10-09 22:37:19,714 RX_ECHO ignored
2026-10-09 22:37:19,714 RX_ECHO ignored
2026-10-09 22:37:19,715 RX_ECHO ignored
2026-10-09 22:37:19,715 RX_ECHO ignored
2026-10-09 22:37:19,715 RX_ECHO ignored
2026-10-09 22:37:19,715 RX_ECHO ignored
2026-10-09 22:37:19,715 RX_ECHO ignored
2026-10-09 22:37:19,715 RX_ECHO ignored
2026-10-09 22:37:19,715 RX_ECHO ignored
2026-10-09 22:37:19,715 RX_ECHO ignored
2026-10-09 22:37:19,715 RX_ECHO ignored
2026-10-09 22:37:19,715 RX_ECHO ignored
2026-10-09 22:37:19,715 RX_ECHO ignored
2026-10-09 22:37:19,715 RX_ECHO ignored
2026-10-09 22:37:19,715 RX_ECHO ignored
2026-10-09 22:37:19,715 RX_ECHO ignored
2026-10-09 22:37:19,715 RX_ECHO ignored
2026-10-09 22:37:19,715 RX_ECHO ignored
2026-10-09 22:37:19,715 RX_ECHO ignored
2026-10-09 22:37:19,715 RX_ECHO ignored
2026-10-09 22:37:19,715 RX_ECHO ignored
2026-10-09 22:37:19,715 RX_ECHO ignored
2026-10-09 22:37:19,715 RX_ECHO ignored
2026-10-09 22:37:19,715 RX_ECHO ignored
2026-10-09 22:37:19,715 RX_ECHO ignored
2026-10-09 22:37:19,715 RX_ECHO ignored
2026-10-09 22:37:19,715 RX_ECHO ignored
2026-10-09 22:37:19,715 RX_ECHO ignored
2026-10-09 22:37:19,715 RX_ECHO ignored
2026-10-09 22:37:19,715 RX_ECHO ignored
2026-10-09 22:37:19,715 RX_ECHO ignored
2026-10-09 22:37:19,715 RX_ECHO ignored
2026-10-09 22:37:19,715 RX_ECHO ignored
2026-10-09 22:37:19,715 RX_ECHO ignored
2026-10-09 22:37:19,715 RX_ECHO ignored
2026-10-09 22:37:19,715 RX_ECHO ignored
2026-10-09 22:37:19,715 RX_ECHO ignored
2026-10-09 22:37:19,716 RX_ECHO ignored
2026-10-09 22:37:19,716 RX_ECHO ignored
2026-10-09 22:37:19,716 RX_ECHO ignored
2026-10-09 22:37:19,716 RX_ECHO ignored
2026-10-09 22:37:19,716 RX_ECHO ignored
2026-10-09 22:37:19,716 RX_ECHO ignored
2026-10-09 22:37:19,716 RX_ECHO ignored
2026-10-09 22:37:19,716 RX_ECHO ignored
2026-10-09 22:37:19,716 RX_ECHO ignored
2026-10-09 22:37:19,716 RX_ECHO ignored
2026-10-09 22:37:19,716 RX_ECHO ignored
2026-10-09 22:37:19,716 RX_ECHO ignored
2026-10-09 22:37:19,716 RX_ECHO ignored
2026-10-09 22:37:19,716 RX_ECHO ignored
2026-10-09 22:37:19,716 RX_ECHO ignored
2026-10-09 22:37:19,716 RX_ECHO ignored
2026-10-09 22:37:19,716 RX_ECHO ignored
2026-10-09 22:37:19,716 RX_ECHO ignored
2026-10-09 22:37:19,716 RX_ECHO ignored
2026-10-09 22:37:19,716 RX_ECHO ignored
2026-10-09 22:37:19,716 RX_ECHO ignored
2026-10-09 22:37:19,716 RX_ECHO ignored
2026-10-09 22:37:19,716 RX_ECHO ignored
2026-10-09 22:37:19,716 RX_ECHO ignored
2026-10-09 22:37:19,716 RX_ECHO ignored
2026-10-09 22:37:19,716 RX_ECHO ignored
2026-10-09 22:37:19,716 RX_ECHO ignored
2026-10-09 22:37:19,716 RX_ECHO ignored
2026-10-09 22:37:19,716 RX_ECHO ignored
2026-10-09 22:37:19,716 RX_ECHO ignored
2026-10-09 22:37:19,716 RX_ECHO ignored
2026-10-09 22:37:19,716 RX_ECHO ignored
2026-10-09 22:37:19,716 RX_ECHO ignored
2026-10-09 22:37:19,716 RX_ECHO ignored
2026-10-09 22:37:19,716 RX_ECHO ignored
2026-10-09 22:37:19,717 RX_ECHO ignored
2026-10-09 22:37:19,717 RX_ECHO ignored
2026-10-09 22:37:19,717 RX_ECHO ignored
2026-10-09 22:37:19,717 RX_ECHO ignored
2026-10-09 22:37:19,717 RX_ECHO ignored
2026-10-09 22:37:19,717 RX_ECHO ignored
2026-10-09 22:37:19,717 RX_ECHO ignored
2026-10-09 22:37:19,717 RX_ECHO ignored
2026-10-09 22:37:19,717 RX_ECHO ignored
2026-10-09 22:37:19,717 RX_ECHO ignored
2026-10-09 22:37:19,717 RX_ECHO ignored
2026-10-09 22:37:19,717 RX_ECHO ignored
2026-10-09 22:37:19,717 RX_ECHO ignored
2026-10-09 22:37:19,717 RX_ECHO ignored
2026-10-09 22:37:19,717 RX_ECHO ignored
2026-10-09 22:37:19,717 RX_ECHO ignored
2026-10-09 22:37:19,717 RX_ECHO ignored
2026-10-09 22:37:19,717 RX_ECHO ignored
2026-10-09 22:37:19,717 RX_ECHO ignored
2026-10-09 22:37:19,717 RX_ECHO ignored
2026-10-09 22:37:19,717 RX_ECHO ignored
2026-10-09 22:37:19,717 RX_ECHO ignored
2026-10-09 22:37:19,717 RX_ECHO ignored
2026-10-09 22:37:19,717 RX_ECHO ignored
2026-10-09 22:37:19,717 RX_ECHO ignored
2026-10-09 22:37:19,717 RX_ECHO ignored
2026-10-09 22:37:19,717 RX_ECHO ignored
2026-10-09 22:37:19,717 RX_ECHO ignored
2026-10-09 22:37:19,717 RX_ECHO ignored
2026-10-09 22:37:19,717 RX_ECHO ignored
2026-10-09 22:37:19,717 RX_ECHO ignored
2026-10-09 22:37:19,717 RX_ECHO ignored
2026-10-09 22:37:19,717 RX_ECHO ignored
2026-10-09 22:37:19,717 RX_ECHO ignored
2026-10-09 22:37:19,717 RX_ECHO ignored
2026-10-09 22:37:19,717 RX_ECHO ignored
2026-10-09 22:37:19,717 RX_ECHO ignored
2026-10-09 22:37:19,718 RX_ECHO ignored
2026-10-09 22:37:19,718 RX_ECHO ignored
2026-10-09 22:37:19,718 RX_ECHO ignored
2026-10-09 22:37:19,718 RX_ECHO ignored
2026-10-09 22:37:19,718 RX_ECHO ignored
2026-10-09 22:37:19,718 RX_ECHO ignored
2026-10-09 22:37:19,718 RX_ECHO ignored
2026-10-09 22:37:19,718 RX_ECHO ignored
2026-10-09 22:37:19,718 RX_ECHO ignored
2026-10-09 22:37:19,718 RX_ECHO ignored
2026-10-09 22:37:19,718 RX_ECHO ignored
2026-10-09 22:37:19,718 RX_ECHO ignored
2026-10-09 22:37:19,718 RX_ECHO ignored
2026-10-09 22:37:19,718 RX_ECHO ignored
2026-10-09 22:37:19,718 RX_ECHO ignored
2026-10-09 22:37:19,718 RX_ECHO ignored
2026-10-09 22:37:19,718 RX_ECHO ignored
2026-10-09 22:37:19,718 RX_ECHO ignored
2026-10-09 22:37:19,718 RX_ECHO ignored
2026-10-09 22:37:19,718 RX_ECHO ignored
2026-10-09 22:37:19,718 RX_ECHO ignored
2026-10-09 22:37:19,718 RX_ECHO ignored
2026-10-09 22:37:19,719 RX_ECHO ignored
2026-10-09 22:37:19,719 RX_ECHO ignored
2026-10-09 22:37:19,719 RX_ECHO ignored
2026-10-09 22:37:19,719 RX_ECHO ignored
2026-10-09 22:37:19,719 RX_ECHO ignored
2026-10-09 22:37:19,719 RX_ECHO ignored
2026-10-09 22:37:19,719 RX_ECHO ignored
2026-10-09 22:37:19,719 RX_ECHO ignored
2026-10-09 22:37:19,719 RX_ECHO ignored
2026-10-09 22:37:19,719 RX_ECHO ignored
2026-10-09 22:37:19,719 RX_ECHO ignored
2026-10-09 22:37:19,719 RX_ECHO ignored
2026-10-09 22:37:19,719 RX_ECHO ignored
2026-10-09 22:37:19,719 RX_ECHO ignored
2026-10-09 22:37:19,719 RX_ECHO ignored
2026-10-09 22:37:19,719 RX_ECHO ignored
2026-10-09 22:37:19,719 RX_ECHO ignored
2026-10-09 22:37:19,719 RX_ECHO ignored
2026-10-09 22:37:19,719 RX_ECHO ignored
2026-10-09 22:37:19,719 RX_ECHO ignored
2026-10-09 22:37:19,719 RX_ECHO ignored
2026-10-09 22:37:19,719 RX_ECHO ignored
2026-10-09 22:37:19,719 RX_ECHO ignored
2026-10-09 22:37:19,719 RX_ECHO ignored
2026-10-09 22:37:19,719 RX_ECHO ignored
2026-10-09 22:37:19,719 RX_ECHO ignored
2026-10-09 22:37:19,719 RX_ECHO ignored
2026-10-09 22:37:19,719 RX_ECHO ignored
2026-10-09 22:37:19,719 RX_ECHO ignored
2026-10-09 22:37:19,719 RX_ECHO ignored
2026-10-09 22:37:19,719 RX_ECHO ignored
2026-10-09 22:37:19,719 RX_ECHO ignored
2026-10-09 22:37:19,719 RX_ECHO ignored
2026-10-09 22:37:19,719 RX_ECHO ignored
2026-10-09 22:37:19,719 RX_ECHO ignored
2026-10-09 22:37:19,719 RX_ECHO ignored
2026-10-09 22:37:19,719 RX_ECHO ignored
2026-10-09 22:37:19,719 RX_ECHO ignored
2026-10-09 22:37:19,720 RX_ECHO ignored
2026-10-09 22:37:19,720 RX_ECHO ignored
2026-10-09 22:37:19,720 RX_ECHO ignored
2026-10-09 22:37:19,720 RX_ECHO ignored
2026-10-09 22:37:19,720 RX_ECHO ignored
2026-10-09 22:37:19,720 RX_ECHO ignored
2026-10-09 22:37:19,720 RX_ECHO ignored
2026-10-09 22:37:19,720 RX_ECHO ignored
2026-10-09 22:37:19,720 RX_ECHO ignored
2026-10-09 22:37:19,720 RX_ECHO ignored
2026-10-09 22:37:19,720 RX_ECHO ignored
2026-10-09 22:37:19,720 RX_ECHO ignored
2026-10-09 22:37:19,720 RX_ECHO ignored
2026-10-09 22:37:19,720 RX_ECHO ignored
2026-10-09 22:37:19,720 RX_ECHO ignored
2026-10-09 22:37:19,720 RX_ECHO ignored
2026-10-09 22:37:19,720 RX_ECHO ignored
2026-10-09 22:37:19,720 RX_ECHO ignored
2026-10-09 22:37:19,720 RX_ECHO ignored
2026-10-09 22:37:19,720 RX_ECHO ignored
2026-10-09 22:37:19,720 RX_ECHO ignored
2026-10-09 22:37:19,720 RX_ECHO ignored
2026-10-09 22:37:19,720 RX_ECHO ignored
2026-10-09 22:37:19,720 RX_ECHO ignored
2026-10-09 22:37:19,720 RX_ECHO ignored
2026-10-09 22:37:19,720 RX_ECHO ignored
2026-10-09 22:37:19,720 RX_ECHO ignored
2026-10-09 22:37:19,720 RX_ECHO ignored
2026-10-09 22:37:19,720 RX_ECHO ignored
2026-10-09 22:37:19,720 RX_ECHO ignored
2026-10-09 22:37:19,720 RX_ECHO ignored
2026-10-09 22:37:19,720 RX_ECHO ignored
2026-10-09 22:37:19,720 RX_ECHO ignored
2026-10-09 22:37:19,720 RX_ECHO ignored
2026-10-09 22:37:19,720 RX_ECHO ignored
2026-10-09 22:37:19,720 RX_ECHO ignored
2026-10-09 22:37:19,720 RX_ECHO ignored
2026-10-09 22:37:19,720 RX_ECHO ignored
2026-10-09 22:37:19,720 RX_ECHO ignored
2026-10-09 22:37:19,720 RX_ECHO ignored
2026-10-09 22:37:19,720 RX_ECHO ignored
2026-10-09 22:37:19,720 RX_ECHO ignored
2026-10-09 22:37:19,720 RX_ECHO ignored
2026-10-09 22:37:19,720 RX_ECHO ignored
2026-10-09 22:37:19,720 RX_ECHO ignored
2026-10-09 22:37:19,720 RX_ECHO ignored
2026-10-09 22:37:19,720 RX_ECHO ignored
2026-10-09 22:37:19,720 RX_ECHO ignored
2026-10-09 22:37:19,720 RX_ECHO ignored
2026-10-09 22:37:19,720 RX_ECHO ignored
2026-10-09 22:37:19,720 RX_ECHO ignored
2026-10-09 22:37:19,721 RX_ECHO ignored
2026-10-09 22:37:19,721 RX_ECHO ignored
2026-10-09 22:37:19,721 RX_ECHO ignored
2026-10-09 22:37:19,721 RX_ECHO ignored
2026-10-09 22:37:19,721 RX_ECHO ignored
2026-10-09 22:37:19,721 RX_ECHO ignored
2026-10-09 22:37:19,721 RX_ECHO ignored
2026-10-09 22:37:19,721 RX_ECHO ignored
2026-10-09 22:37:19,721 RX_ECHO ignored
2026-10-09 22:37:19,721 RX_ECHO ignored
2026-10-09 22:37:19,721 RX_ECHO ignored
2026-10-09 22:37:19,721 RX_ECHO ignored
2026-10-09 22:37:19,721 RX_ECHO ignored
2026-10-09 22:37:19,721 RX_ECHO ignored
2026-10-09 22:37:19,721 RX_ECHO ignored
2026-10-09 22:37:19,721 RX_ECHO ignored
2026-10-09 22:37:19,721 RX_ECHO ignored
2026-10-09 22:37:19,721 RX_ECHO ignored
2026-10-09 22:37:19,721 RX_ECHO ignored
2026-10-09 22:37:19,721 RX_ECHO ignored
2026-10-09 22:37:19,721 RX_ECHO ignored
2026-10-09 22:37:19,721 RX_ECHO ignored
2026-10-09 22:37:19,721 RX_ECHO ignored
2026-10-09 22:37:19,721 RX_ECHO ignored
2026-10-09 22:37:19,721 RX_ECHO ignored
2026-10-09 22:37:19,721 RX_ECHO ignored
2026-10-09 22:37:19,721 RX_ECHO ignored
2026-10-09 22:37:19,721 RX_ECHO ignored
2026-10-09 22:37:19,721 RX_ECHO ignored
2026-10-09 22:37:19,721 RX_ECHO ignored
2026-10-09 22:37:19,721 RX_ECHO ignored
2026-10-09 22:37:19,721 RX_ECHO ignored
2026-10-09 22:37:19,721 RX_ECHO ignored
2026-10-09 22:37:19,721 RX_ECHO ignored
2026-10-09 22:37:19,721 RX_ECHO ignored
2026-10-09 22:37:19,721 RX_ECHO ignored
2026-10-09 22:37:19,721 RX_ECHO ignored
2026-10-09 22:37:19,721 RX_ECHO ignored
2026-10-09 22:37:19,721 RX_ECHO ignored
2026-10-09 22:37:19,721 RX_ECHO ignored
2026-10-09 22:37:19,721 RX_ECHO ignored
2026-10-09 22:37:19,721 RX_ECHO ignored
2026-10-09 22:37:19,721 RX_ECHO ignored
2026-10-09 22:37:19,721 RX_ECHO ignored
2026-10-09 22:37:19,721 RX_ECHO ignored
2026-10-09 22:37:19,721 RX_ECHO ignored
2026-10-09 22:37:19,722 RX_ECHO ignored
2026-10-09 22:37:19,722 RX_ECHO ignored
2026-10-09 22:37:19,722 RX_ECHO ignored
2026-10-09 22:37:19,722 RX_ECHO ignored
2026-10-09 22:37:19,722 RX_ECHO ignored
2026-10-09 22:37:19,722 RX_ECHO ignored
2026-10-09 22:37:19,722 RX_ECHO ignored
2026-10-09 22:37:19,722 RX_ECHO ignored
2026-10-09 22:37:19,722 RX_ECHO ignored
2026-10-09 22:37:19,722 RX_ECHO ignored
2026-10-09 22:37:19,722 RX_ECHO ignored
2026-10-09 22:37:19,722 RX_ECHO ignored
2026-10-09 22:37:19,722 RX_ECHO ignored
2026-10-09 22:37:19,722 RX_ECHO ignored
2026-10-09 22:37:19,722 RX_ECHO ignored
2026-10-09 22:37:19,722 RX_ECHO ignored
2026-10-09 22:37:19,722 RX_ECHO ignored
2026-10-09 22:37:19,722 RX_ECHO ignored
2026-10-09 22:37:19,722 RX_ECHO ignored
2026-10-09 22:37:19,722 RX_ECHO ignored
2026-10-09 22:37:19,722 RX_ECHO ignored
2026-10-09 22:37:19,722 RX_ECHO ignored
2026-10-09 22:37:19,722 RX_ECHO ignored
2026-10-09 22:37:19,722 RX_ECHO ignored
2026-10-09 22:37:19,722 RX_ECHO ignored
2026-10-09 22:37:19,722 RX_ECHO ignored
2026-10-09 22:37:19,722 RX_ECHO ignored
2026-10-09 22:37:19,722 RX_ECHO ignored
2026-10-09 22:37:19,722 RX_ECHO ignored
2026-10-09 22:37:19,722 RX_ECHO ignored
2026-10-09 22:37:19,722 RX_ECHO ignored
2026-10-09 22:37:19,722 RX_ECHO ignored
2026-10-09 22:37:19,722 RX_ECHO ignored
2026-10-09 22:37:19,722 RX_ECHO ignored
2026-10-09 22:37:19,722 RX_ECHO ignored
2026-10-09 22:37:19,722 RX_ECHO ignored
2026-10-09 22:37:19,722 RX_ECHO ignored
2026-10-09 22:37:19,722 RX_ECHO ignored
2026-10-09 22:37:19,722 RX_ECHO ignored
2026-10-09 22:37:19,722 RX_ECHO ignored
2026-10-09 22:37:19,722 RX_ECHO ignored
2026-10-09 22:37:19,722 RX_ECHO ignored
2026-10-09 22:37:19,722 RX_ECHO ignored
2026-10-09 22:37:19,722 RX_ECHO ignored
2026-10-09 22:37:19,722 RX_ECHO ignored
2026-10-09 22:37:19,722 RX_ECHO ignored
2026-10-09 22:37:19,722 RX_ECHO ignored
2026-10-09 22:37:19,722 RX_ECHO ignored
2026-10-09 22:37:19,722 RX_ECHO ignored
2026-10-09 22:37:19,722 RX_ECHO ignored
2026-10-09 22:37:19,722 RX_ECHO ignored
2026-10-09 22:37:19,723 RX_ECHO ignored
2026-10-09 22:37:19,723 RX_ECHO ignored
2026-10-09 22:37:19,723 RX_ECHO ignored
2026-10-09 22:37:19,723 RX_ECHO ignored
2026-10-09 22:37:19,723 RX_ECHO ignored
2026-10-09 22:37:19,723 RX_ECHO ignored
2026-10-09 22:37:19,723 RX_ECHO ignored
2026-10-09 22:37:19,723 RX_ECHO ignored
2026-10-09 22:37:19,723 RX_ECHO ignored
2026-10-09 22:37:19,723 RX_ECHO ignored
2026-10-09 22:37:19,723 RX_ECHO ignored
2026-10-09 22:37:19,723 RX_ECHO ignored
2026-10-09 22:37:19,723 RX_ECHO ignored
2026-10-09 22:37:19,723 RX_ECHO ignored
2026-10-09 22:37:19,723 RX_ECHO ignored
2026-10-09 22:37:19,723 RX_ECHO ignored
2026-10-09 22:37:19,723 RX_ECHO ignored
2026-10-09 22:37:19,723 RX_ECHO ignored
2026-10-09 22:37:19,723 RX_ECHO ignored
2026-10-09 22:37:19,723 RX_ECHO ignored
2026-10-09 22:37:19,723 RX_ECHO ignored
2026-10-09 22:37:19,723 RX_ECHO ignored
2026-10-09 22:37:19,723 RX_ECHO ignored
2026-10-09 22:37:19,723 RX_ECHO ignored
2026-10-09 22:37:19,723 RX_ECHO ignored
2026-10-09 22:37:19,723 RX_ECHO ignored
2026-10-09 22:37:19,723 RX_ECHO ignored
2026-10-09 22:37:19,723 RX_ECHO ignored
2026-10-09 22:37:19,723 RX_ECHO ignored
2026-10-09 22:37:19,723 RX_ECHO ignored
2026-10-09 22:37:19,723 RX_ECHO ignored
2026-10-09 22:37:19,723 RX_ECHO ignored
2026-10-09 22:37:19,723 RX_ECHO ignored
2026-10-09 22:37:19,723 RX_ECHO ignored
2026-10-09 22:37:19,723 RX_ECHO ignored
2026-10-09 22:37:19,723 RX_ECHO ignored
2026-10-09 22:37:19,723 RX_ECHO ignored
2026-10-09 22:37:19,723 RX_ECHO ignored
2026-10-09 22:37:19,723 RX_ECHO ignored
2026-10-09 22:37:19,723 RX_ECHO ignored
2026-10-09 22:37:19,723 RX_ECHO ignored
2026-10-09 22:37:19,723 RX_ECHO ignored
2026-10-09 22:37:19,723 RX_ECHO ignored
2026-10-09 22:37:19,723 RX_ECHO ignored
2026-10-09 22:37:19,723 RX_ECHO ignored
2026-10-09 22:37:19,723 RX_ECHO ignored
2026-10-09 22:37:19,723 RX_ECHO ignored
2026-10-09 22:37:19,723 RX_ECHO ignored
2026-10-09 22:37:19,723 RX_ECHO ignored
2026-10-09 22:37:19,723 RX_ECHO ignored
2026-10-09 22:37:19,724 RX_ECHO ignored
2026-10-09 22:37:19,724 RX_ECHO ignored
2026-10-09 22:37:19,724 RX_ECHO ignored
2026-10-09 22:37:19,724 RX_ECHO ignored
2026-10-09 22:37:19,724 RX_ECHO ignored
2026-10-09 22:37:19,724 RX_ECHO ignored
2026-10-09 22:37:19,724 RX_ECHO ignored
2026-10-09 22:37:19,724 RX_ECHO ignored
2026-10-09 22:37:19,724 RX_ECHO ignored
2026-10-09 22:37:19,724 RX_ECHO ignored
2026-10-09 22:37:19,724 RX_ECHO ignored
2026-10-09 22:37:19,724 RX_ECHO ignored
2026-10-09 22:37:19,724 RX_ECHO ignored
2026-10-09 22:37:19,724 RX_ECHO ignored
2026-10-09 22:37:19,724 RX_ECHO ignored
2026-10-09 22:37:19,724 RX_ECHO ignored
2026-10-09 22:37:19,724 RX_ECHO ignored
2026-10-09 22:37:19,724 RX_ECHO ignored
2026-10-09 22:37:19,724 RX_ECHO ignored
2026-10-09 22:37:19,724 RX_ECHO ignored
2026-10-09 22:37:19,724 RX_ECHO ignored
2026-10-09 22:37:19,724 RX_ECHO ignored
2026-10-09 22:37:19,724 RX_ECHO ignored
2026-10-09 22:37:19,724 RX_ECHO ignored
2026-10-09 22:37:19,724 RX_ECHO ignored
2026-10-09 22:37:19,724 RX_ECHO ignored
2026-10-09 22:37:19,724 RX_ECHO ignored
2026-10-09 22:37:19,724 RX_ECHO ignored
2026-10-09 22:37:19,724 RX_ECHO ignored
2026-10-09 22:37:19,724 RX_ECHO ignored
2026-10-09 22:37:19,724 RX_ECHO ignored
2026-10-09 22:37:19,724 RX_ECHO ignored
2026-10-09 22:37:19,724 RX_ECHO ignored
2026-10-09 22:37:19,724 RX_ECHO ignored
2026-10-09 22:37:19,724 RX_ECHO ignored
2026-10-09 22:37:19,724 RX_ECHO ignored
2026-10-09 22:37:19,724 RX_ECHO ignored
2026-10-09 22:37:19,724 RX_ECHO ignored
2026-10-09 22:37:19,724 RX_ECHO ignored
2026-10-09 22:37:19,724 RX_ECHO ignored
2026-10-09 22:37:19,724 RX_ECHO ignored
2026-10-09 22:37:19,724 RX_ECHO ignored
2026-10-09 22:37:19,724 RX_ECHO ignored
2026-10-09 22:37:19,724 RX_ECHO ignored
2026-10-09 22:37:19,724 RX_ECHO ignored
2026-10-09 22:37:19,724 RX_ECHO ignored
2026-10-09 22:37:19,724 RX_ECHO ignored
2026-10-09 22:37:19,724 RX_ECHO ignored
2026-10-09 22:37:19,724 RX_ECHO ignored
2026-10-09 22:37:19,724 RX_ECHO ignored
2026-10-09 22:37:19,724 RX_ECHO ignored
2026-10-09 22:37:19,725 RX_ECHO ignored
2026-10-09 22:37:19,725 RX_ECHO ignored
2026-10-09 22:37:19,725 RX_ECHO ignored
2026-10-09 22:37:19,725 RX_ECHO ignored
2026-10-09 22:37:19,725 RX_ECHO ignored
2026-10-09 22:37:19,725 RX_ECHO ignored
2026-10-09 22:37:19,725 RX_ECHO ignored
2026-10-09 22:37:19,725 RX_ECHO ignored
2026-10-09 22:37:19,725 RX_ECHO ignored
2026-10-09 22:37:19,725 RX_ECHO ignored
2026-10-09 22:37:19,725 RX_ECHO ignored
2026-10-09 22:37:19,725 RX_ECHO ignored
2026-10-09 22:37:19,725 RX_ECHO ignored
2026-10-09 22:37:19,725 RX_ECHO ignored
2026-10-09 22:37:19,725 RX_ECHO ignored
2026-10-09 22:37:19,725 RX_ECHO ignored
2026-10-09 22:37:19,725 RX_ECHO ignored
2026-10-09 22:37:19,725 RX_ECHO ignored
2026-10-09 22:37:19,725 RX_ECHO ignored
2026-10-09 22:37:19,725 RX_ECHO ignored
2026-10-09 22:37:19,725 RX_ECHO ignored
2026-10-09 22:37:19,725 RX_ECHO ignored
2026-10-09 22:37:19,725 RX_ECHO ignored
2026-10-09 22:37:19,725 RX_ECHO ignored
2026-10-09 22:37:19,725 RX_ECHO ignored
2026-10-09 22:37:19,725 RX_ECHO ignored
2026-10-09 22:37:19,725 RX_ECHO ignored
2026-10-09 22:37:19,725 RX_ECHO ignored
2026-10-09 22:37:19,725 RX_ECHO ignored
2026-10-09 22:37:19,725 RX_ECHO ignored
2026-10-09 22:37:19,725 RX_ECHO ignored
2026-10-09 22:37:19,725 RX_ECHO ignored
2026-10-09 22:37:19,725 RX_ECHO ignored
2026-10-09 22:37:19,725 RX_ECHO ignored
2026-10-09 22:37:19,725 RX_ECHO ignored
2026-10-09 22:37:19,725 RX_ECHO ignored
2026-10-09 22:37:19,725 RX_ECHO ignored
2026-10-09 22:37:19,725 RX_ECHO ignored
2026-10-09 22:37:19,725 RX_ECHO ignored
2026-10-09 22:37:19,725 RX_ECHO ignored
2026-10-09 22:37:19,725 RX_ECHO ignored
2026-10-09 22:37:19,725 RX_ECHO ignored
2026-10-09 22:37:19,725 RX_ECHO ignored
2026-10-09 22:37:19,725 RX_ECHO ignored
2026-10-09 22:37:19,725 RX_ECHO ignored
2026-10-09 22:37:19,725 RX_ECHO ignored
2026-10-09 22:37:19,725 RX_ECHO ignored
2026-10-09 22:37:19,725 RX_ECHO ignored
2026-10-09 22:37:19,725 RX_ECHO ignored
2026-10-09 22:37:19,725 RX_ECHO ignored
2026-10-09 22:37:19,725 RX_ECHO ignored
2026-10-09 22:37:19,725 RX_ECHO ignored
2026-10-09 22:37:19,725 RX_ECHO ignored
2026-10-09 22:37:19,725 RX_ECHO ignored
2026-10-09 22:37:19,725 RX_ECHO ignored
2026-10-09 22:37:19,725 RX_ECHO ignored
2026-10-09 22:37:19,725 RX_ECHO ignored
2026-10-09 22:37:19,726 RX_ECHO ignored
2026-10-09 22:37:19,726 RX_ECHO ignored
2026-10-09 22:37:19,726 RX_ECHO ignored
2026-10-09 22:37:19,726 RX_ECHO ignored
2026-10-09 22:37:19,726 RX_ECHO ignored
2026-10-09 22:37:19,726 RX_ECHO ignored
2026-10-09 22:37:19,726 RX_ECHO ignored
2026-10-09 22:37:19,726 RX_ECHO ignored
2026-10-09 22:37:19,726 RX_ECHO ignored
2026-10-09 22:37:19,726 RX_ECHO ignored
2026-10-09 22:37:19,726 RX_ECHO ignored
2026-10-09 22:37:19,726 RX_ECHO ignored
2026-10-09 22:37:19,726 RX_ECHO ignored
2026-10-09 22:37:19,726 RX_ECHO ignored
2026-10-09 22:37:19,726 RX_ECHO ignored
2026-10-09 22:37:19,726 RX_ECHO ignored
2026-10-09 22:37:19,726 RX_ECHO ignored
2026-10-09 22:37:19,726 RX_ECHO ignored
2026-10-09 22:37:19,726 RX_ECHO ignored
2026-10-09 22:37:19,726 RX_ECHO ignored
2026-10-09 22:37:19,726 RX_ECHO ignored
2026-10-09 22:37:19,726 RX_ECHO ignored
2026-10-09 22:37:19,726 RX_ECHO ignored
2026-10-09 22:37:19,726 RX_ECHO ignored
2026-10-09 22:37:19,726 RX_ECHO ignored
2026-10-09 22:37:19,726 RX_ECHO ignored
2026-10-09 22:37:19,726 RX_ECHO ignored
2026-10-09 22:37:19,726 RX_ECHO ignored
2026-10-09 22:37:19,726 RX_ECHO ignored
2026-10-09 22:37:19,726 RX_ECHO ignored
2026-10-09 22:37:19,726 RX_ECHO ignored
2026-10-09 22:37:19,726 RX_ECHO ignored
2026-10-09 22:37:19,726 RX_ECHO ignored
2026-10-09 22:37:19,726 RX_ECHO ignored
2026-10-09 22:37:19,726 RX_ECHO ignored
2026-10-09 22:37:19,726 RX_ECHO ignored
2026-10-09 22:37:19,726 RX_ECHO ignored
2026-10-09 22:37:19,726 RX_ECHO ignored
2026-10-09 22:37:19,726 RX_ECHO ignored
2026-10-09 22:37:19,726 RX_ECHO ignored
2026-10-09 22:37:19,726 RX_ECHO ignored
2026-10-09 22:37:19,726 RX_ECHO ignored
2026-10-09 22:37:19,726 RX_ECHO ignored
2026-10-09 22:37:19,726 RX_ECHO ignored
2026-10-09 22:37:19,726 RX_ECHO ignored
2026-10-09 22:37:19,726 RX_ECHO ignored
2026-10-09 22:37:19,727 RX_ECHO ignored
2026-10-09 22:37:19,727 RX_ECHO ignored
2026-10-09 22:37:19,727 RX_ECHO ignored
2026-10-09 22:37:19,727 RX_ECHO ignored
2026-10-09 22:37:19,727 RX_ECHO ignored
2026-10-09 22:37:19,727 RX_ECHO ignored
2026-10-09 22:37:19,727 RX_ECHO ignored
2026-10-09 22:37:19,727 RX_ECHO ignored
2026-10-09 22:37:19,727 RX_ECHO ignored
2026-10-09 22:37:19,727 RX_ECHO ignored
2026-10-09 22:37:19,727 RX_ECHO ignored
2026-10-09 22:37:19,727 RX_ECHO ignored
2026-10-09 22:37:19,727 RX_ECHO ignored
2026-10-09 22:37:19,727 RX_ECHO ignored
2026-10-09 22:37:19,727 RX_ECHO ignored
2026-10-09 22:37:19,727 RX_ECHO ignored
2026-10-09 22:37:19,727 RX_ECHO ignored
2026-10-09 22:37:19,727 RX_ECHO ignored
2026-10-09 22:37:19,727 RX_ECHO ignored
2026-10-09 22:37:19,727 RX_ECHO ignored
2026-10-09 22:37:19,727 RX_ECHO ignored
2026-10-09 22:37:19,727 RX_ECHO ignored
2026-10-09 22:37:19,727 RX_ECHO ignored
2026-10-09 22:37:19,727 RX_ECHO ignored
2026-10-09 22:37:19,727 RX_ECHO ignored
2026-10-09 22:37:19,727 RX_ECHO ignored
2026-10-09 22:37:19,727 RX_ECHO ignored
2026-10-09 22:37:19,727 RX_ECHO ignored
2026-10-09 22:37:19,727 RX_ECHO ignored
2026-10-09 22:37:19,727 RX_ECHO ignored
2026-10-09 22:37:19,727 RX_ECHO ignored
2026-10-09 22:37:19,727 RX_ECHO ignored
2026-10-09 22:37:19,727 RX_ECHO ignored
2026-10-09 22:37:19,727 RX_ECHO ignored
2026-10-09 22:37:19,727 RX_ECHO ignored
2026-10-09 22:37:19,727 RX_ECHO ignored
2026-10-09 22:37:19,727 RX_ECHO ignored
2026-10-09 22:37:19,727 RX_ECHO ignored
2026-10-09 22:37:19,727 RX_ECHO ignored
2026-10-09 22:37:19,727 RX_ECHO ignored
2026-10-09 22:37:19,727 RX_ECHO ignored
2026-10-09 22:37:19,727 RX_ECHO ignored
2026-10-09 22:37:19,727 RX_ECHO ignored
2026-10-09 22:37:19,727 RX_ECHO ignored
2026-10-09 22:37:19,727 RX_ECHO ignored
2026-10-09 22:37:19,727 RX_ECHO ignored
2026-10-09 22:37:19,727 RX_ECHO ignored
2026-10-09 22:37:19,727 RX_ECHO ignored
2026-10-09 22:37:19,727 RX_ECHO ignored
2026-10-09 22:37:19,727 RX_ECHO ignored
2026-10-09 22:37:19,727 RX_ECHO ignored
2026-10-09 22:37:19,728 RX_ECHO ignored
2026-10-09 22:37:19,728 RX_ECHO ignored
2026-10-09 22:37:19,728 RX_ECHO ignored
2026-10-09 22:37:19,728 RX_ECHO ignored
2026-10-09 22:37:19,728 RX_ECHO ignored
2026-10-09 22:37:19,728 RX_ECHO ignored
2026-10-09 22:37:19,728 RX_ECHO ignored
2026-10-09 22:37:19,728 RX_ECHO ignored
2026-10-09 22:37:19,728 RX_ECHO ignored
2026-10-09 22:37:19,728 RX_ECHO ignored
2026-10-09 22:37:19,728 RX_ECHO ignored
2026-10-09 22:37:19,728 RX_ECHO ignored
2026-10-09 22:37:19,728 RX_ECHO ignored
2026-10-09 22:37:19,728 RX_ECHO ignored
2026-10-09 22:37:19,728 RX_ECHO ignored
2026-10-09 22:37:19,728 RX_ECHO ignored
2026-10-09 22:37:19,728 RX_ECHO ignored
2026-10-09 22:37:19,728 RX_ECHO ignored
2026-10-09 22:37:19,728 RX_ECHO ignored
2026-10-09 22:37:19,728 RX_ECHO ignored
2026-10-09 22:37:19,728 RX_ECHO ignored
2026-10-09 22:37:19,728 RX_ECHO ignored
2026-10-09 22:37:19,728 RX_ECHO ignored
2026-10-09 22:37:19,728 RX_ECHO ignored
2026-10-09 22:37:19,728 RX_ECHO ignored
2026-10-09 22:37:19,728 RX_ECHO ignored
2026-10-09 22:37:19,728 RX_ECHO ignored
2026-10-09 22:37:19,728 RX_ECHO ignored
2026-10-09 22:37:19,728 RX_ECHO ignored
2026-10-09 22:37:19,728 RX_ECHO ignored
2026-10-09 22:37:19,728 RX_ECHO ignored
2026-10-09 22:37:19,728 RX_ECHO ignored
2026-10-09 22:37:19,728 RX_ECHO ignored
2026-10-09 22:37:19,728 RX_ECHO ignored
2026-10-09 22:37:19,728 RX_ECHO ignored
2026-10-09 22:37:19,728 RX_ECHO ignored
2026-10-09 22:37:19,728 RX_ECHO ignored
2026-10-09 22:37:19,728 RX_ECHO ignored
2026-10-09 22:37:19,728 RX_ECHO ignored
2026-10-09 22:37:19,728 RX_ECHO ignored
2026-10-09 22:37:19,728 RX_ECHO ignored
2026-10-09 22:37:19,728 RX_ECHO ignored
2026-10-09 22:37:19,729 RX_ECHO ignored
2026-10-09 22:37:19,729 RX_ECHO ignored
2026-10-09 22:37:19,729 RX_ECHO ignored
2026-10-09 22:37:19,729 RX_ECHO ignored
2026-10-09 22:37:19,729 RX_ECHO ignored
2026-10-09 22:37:19,729 RX_ECHO ignored
2026-10-09 22:37:19,729 RX_ECHO ignored
2026-10-09 22:37:19,729 RX_ECHO ignored
2026-10-09 22:37:19,729 RX_ECHO ignored
2026-10-09 22:37:19,729 RX_ECHO ignored
2026-10-09 22:37:19,729 RX_ECHO ignored
2026-10-09 22:37:19,729 RX_ECHO ignored
2026-10-09 22:37:19,729 RX_ECHO ignored
2026-10-09 22:37:19,729 RX_ECHO ignored
2026-10-09 22:37:19,729 RX_ECHO ignored
2026-10-09 22:37:19,729 RX_ECHO ignored
2026-10-09 22:37:19,729 RX_ECHO ignored
2026-10-09 22:37:19,729 RX_ECHO ignored
2026-10-09 22:37:19,729 RX_ECHO ignored
2026-10-09 22:37:19,729 RX_ECHO ignored
2026-10-09 22:37:19,729 RX_ECHO ignored
2026-10-09 22:37:19,729 RX_ECHO ignored
2026-10-09 22:37:19,729 RX_ECHO ignored
2026-10-09 22:37:19,729 RX_ECHO ignored
2026-10-09 22:37:19,729 RX_ECHO ignored
2026-10-09 22:37:19,729 RX_ECHO ignored
2026-10-09 22:37:19,729 RX_ECHO ignored
2026-10-09 22:37:19,729 RX_ECHO ignored
2026-10-09 22:37:19,729 RX_ECHO ignored
2026-10-09 22:37:19,729 RX_ECHO ignored
2026-10-09 22:37:19,729 RX_ECHO ignored
2026-10-09 22:37:19,730 RX_ECHO ignored
2026-10-09 22:37:19,730 RX_ECHO ignored
2026-10-09 22:37:19,730 RX_ECHO ignored
2026-10-09 22:37:19,730 RX_ECHO ignored
2026-10-09 22:37:19,730 RX_ECHO ignored
2026-10-09 22:37:19,730 RX_ECHO ignored
2026-10-09 22:37:19,730 RX_ECHO ignored
2026-10-09 22:37:19,730 RX_ECHO ignored
2026-10-09 22:37:19,730 RX_ECHO ignored
2026-10-09 22:37:19,730 RX_ECHO ignored
2026-10-09 22:37:19,730 RX_ECHO ignored
2026-10-09 22:37:19,730 RX_ECHO ignored
2026-10-09 22:37:19,730 RX_ECHO ignored
2026-10-09 22:37:19,730 RX_ECHO ignored
2026-10-09 22:37:19,730 RX_ECHO ignored
2026-10-09 22:37:19,730 RX_ECHO ignored
2026-10-09 22:37:19,730 RX_ECHO ignored
2026-10-09 22:37:19,730 RX_ECHO ignored
2026-10-09 22:37:19,730 RX_ECHO ignored
2026-10-09 22:37:19,730 RX_ECHO ignored
2026-10-09 22:37:19,730 RX_ECHO ignored
2026-10-09 22:37:19,730 RX_ECHO ignored
2026-10-09 22:37:19,730 RX_ECHO ignored
2026-10-09 22:37:19,730 RX_ECHO ignored
2026-10-09 22:37:19,730 RX_ECHO ignored
2026-10-09 22:37:19,730 RX_ECHO ignored
2026-10-09 22:37:19,730 RX_ECHO ignored
2026-10-09 22:37:19,730 RX_ECHO ignored
2026-10-09 22:37:19,730 RX_ECHO ignored
2026-10-09 22:37:19,730 RX_ECHO ignored
2026-10-09 22:37:19,730 RX_ECHO ignored
2026-10-09 22:37:19,730 RX_ECHO ignored
2026-10-09 22:37:19,730 RX_ECHO ignored
2026-10-09 22:37:19,730 RX_ECHO ignored
2026-10-09 22:37:19,730 RX_ECHO ignored
2026-10-09 22:37:19,730 RX_ECHO ignored
2026-10-09 22:37:19,731 RX_ECHO ignored
2026-10-09 22:37:19,731 RX_ECHO ignored
2026-10-09 22:37:19,731 RX_ECHO ignored
2026-10-09 22:37:19,731 RX_ECHO ignored
2026-10-09 22:37:19,731 RX_ECHO ignored
2026-10-09 22:37:19,731 RX_ECHO ignored
2026-10-09 22:37:19,731 RX_ECHO ignored
2026-10-09 22:37:19,731 RX_ECHO ignored
2026-10-09 22:37:19,731 RX_ECHO ignored
2026-10-09 22:37:19,731 RX_ECHO ignored
2026-10-09 22:37:19,731 RX_ECHO ignored
2026-10-09 22:37:19,731 RX_ECHO ignored
2026-10-09 22:37:19,731 RX_ECHO ignored
2026-10-09 22:37:19,731 RX_ECHO ignored
2026-10-09 22:37:19,731 RX_ECHO ignored
2026-10-09 22:37:19,731 RX_ECHO ignored
2026-10-09 22:37:19,731 RX_ECHO ignored
2026-10-09 22:37:19,731 RX_ECHO ignored
2026-10-09 22:37:19,731 RX_ECHO ignored
2026-10-09 22:37:19,731 RX_ECHO ignored
2026-10-09 22:37:19,731 RX_ECHO ignored
2026-10-09 22:37:19,731 RX_ECHO ignored
2026-10-09 22:37:19,731 RX_ECHO ignored
2026-10-09 22:37:19,731 RX_ECHO ignored
2026-10-09 22:37:19,731 RX_ECHO ignored
2026-10-09 22:37:19,731 RX_ECHO ignored
2026-10-09 22:37:19,731 RX_ECHO ignored
2026-10-09 22:37:19,731 RX_ECHO ignored
2026-10-09 22:37:19,731 RX_ECHO ignored
2026-10-09 22:37:19,731 RX_ECHO ignored
2026-10-09 22:37:19,731 RX_ECHO ignored
2026-10-09 22:37:19,731 RX_ECHO ignored
2026-10-09 22:37:19,731 RX_ECHO ignored
2026-10-09 22:37:19,731 RX_ECHO ignored
2026-10-09 22:37:19,731 RX_ECHO ignored
2026-10-09 22:37:19,731 RX_ECHO ignored
2026-10-09 22:37:19,731 RX_ECHO ignored
2026-10-09 22:37:19,731 RX_ECHO ignored
2026-10-09 22:37:19,731 RX_ECHO ignored
2026-10-09 22:37:19,731 RX_ECHO ignored
2026-10-09 22:37:19,731 RX_ECHO ignored
2026-10-09 22:37:19,731 RX_ECHO ignored
2026-10-09 22:37:19,731 RX_ECHO ignored
2026-10-09 22:37:19,731 RX_ECHO ignored
2026-10-09 22:37:19,731 RX_ECHO ignored
2026-10-09 22:37:19,731 RX_ECHO ignored
2026-10-09 22:37:19,731 RX_ECHO ignored
2026-10-09 22:37:19,731 RX_ECHO ignored
2026-10-09 22:37:19,731 RX_ECHO ignored
2026-10-09 22:37:19,731 RX_ECHO ignored
2026-10-09 22:37:19,732 RX_ECHO ignored
2026-10-09 22:37:19,732 RX_ECHO ignored
2026-10-09 22:37:19,732 RX_ECHO ignored
2026-10-09 22:37:19,732 RX_ECHO ignored
2026-10-09 22:37:19,732 RX_ECHO ignored
2026-10-09 22:37:19,732 RX_ECHO ignored
2026-10-09 22:37:19,732 RX_ECHO ignored
2026-10-09 22:37:19,732 RX_ECHO ignored
2026-10-09 22:37:19,732 RX_ECHO ignored
2026-10-09 22:37:19,732 RX_ECHO ignored
2026-10-09 22:37:19,732 RX_ECHO ignored
2026-10-09 22:37:19,732 RX_ECHO ignored
2026-10-09 22:37:19,732 RX_ECHO ignored
2026-10-09 22:37:19,732 RX_ECHO ignored
2026-10-09 22:37:19,732 RX_ECHO ignored
2026-10-09 22:37:19,732 RX_ECHO ignored
2026-10-09 22:37:19,732 RX_ECHO ignored
2026-10-09 22:37:19,732 RX_ECHO ignored
2026-10-09 22:37:19,732 RX_ECHO ignored
2026-10-09 22:37:19,732 RX_ECHO ignored
2026-10-09 22:37:19,732 RX_ECHO ignored
2026-10-09 22:37:19,732 RX_ECHO ignored
2026-10-09 22:37:19,732 RX_ECHO ignored
2026-10-09 22:37:19,732 RX_ECHO ignored
2026-10-09 22:37:19,732 RX_ECHO ignored
2026-10-09 22:37:19,732 RX_ECHO ignored
2026-10-09 22:37:19,732 RX_ECHO ignored
2026-10-09 22:37:19,732 RX_ECHO ignored
2026-10-09 22:37:19,732 RX_ECHO ignored
2026-10-09 22:37:19,732 RX_ECHO ignored
2026-10-09 22:37:19,732 RX_ECHO ignored
2026-10-09 22:37:19,732 RX_ECHO ignored
2026-10-09 22:37:19,732 RX_ECHO ignored
2026-10-09 22:37:19,732 RX_ECHO ignored
2026-10-09 22:37:19,732 RX_ECHO ignored
2026-10-09 22:37:19,732 RX_ECHO ignored
2026-10-09 22:37:19,732 RX_ECHO ignored
2026-10-09 22:37:19,732 RX_ECHO ignored
2026-10-09 22:37:19,732 RX_ECHO ignored
2026-10-09 22:37:19,732 RX_ECHO ignored
2026-10-09 22:37:19,732 RX_ECHO ignored
2026-10-09 22:37:19,732 RX_ECHO ignored
2026-10-09 22:37:19,732 RX_ECHO ignored
2026-10-09 22:37:19,732 RX_ECHO ignored
2026-10-09 22:37:19,732 RX_ECHO ignored
2026-10-09 22:37:19,732 RX_ECHO ignored
2026-10-09 22:37:19,732 RX_ECHO ignored
2026-10-09 22:37:19,732 RX_ECHO ignored
2026-10-09 22:37:19,732 RX_ECHO ignored
2026-10-09 22:37:19,732 RX_ECHO ignored
2026-10-09 22:37:19,732 RX_ECHO ignored
2026-10-09 22:37:19,732 RX_ECHO ignored
2026-10-09 22:37:19,733 RX_ECHO ignored
2026-10-09 22:37:19,733 RX_ECHO ignored
2026-10-09 22:37:19,733 RX_ECHO ignored
2026-10-09 22:37:19,733 RX_ECHO ignored
2026-10-09 22:37:19,733 RX_ECHO ignored
2026-10-09 22:37:19,733 RX_ECHO ignored
2026-10-09 22:37:19,733 RX_ECHO ignored
2026-10-09 22:37:19,733 RX_ECHO ignored
2026-10-09 22:37:19,733 RX_ECHO ignored
2026-10-09 22:37:19,733 RX_ECHO ignored
2026-10-09 22:37:19,733 RX_ECHO ignored
2026-10-09 22:37:19,733 RX_ECHO ignored
2026-10-09 22:37:19,733 RX_ECHO ignored
2026-10-09 22:37:19,733 RX_ECHO ignored
2026-10-09 22:37:19,733 RX_ECHO ignored
2026-10-09 22:37:19,733 RX_ECHO ignored
2026-10-09 22:37:19,733 RX_ECHO ignored
2026-10-09 22:37:19,733 RX_ECHO ignored
2026-10-09 22:37:19,733 RX_ECHO ignored
2026-10-09 22:37:19,733 RX_ECHO ignored
2026-10-09 22:37:19,733 RX_ECHO ignored
2026-10-09 22:37:19,733 RX_ECHO ignored
2026-10-09 22:37:19,733 RX_ECHO ignored
2026-10-09 22:37:19,733 RX_ECHO ignored
2026-10-09 22:37:19,733 RX_ECHO ignored
2026-10-09 22:37:19,733 RX_ECHO ignored
2026-10-09 22:37:19,733 RX_ECHO ignored
2026-10-09 22:37:19,733 RX_ECHO ignored
2026-10-09 22:37:19,733 RX_ECHO ignored
2026-10-09 22:37:19,733 RX_ECHO ignored
2026-10-09 22:37:19,733 RX_ECHO ignored
2026-10-09 22:37:19,733 RX_ECHO ignored
2026-10-09 22:37:19,733 RX_ECHO ignored
2026-10-09 22:37:19,733 RX_ECHO ignored
2026-10-09 22:37:19,733 RX_ECHO ignored
2026-10-09 22:37:19,733 RX_ECHO ignored
2026-10-09 22:37:19,733 RX_ECHO ignored
2026-10-09 22:37:19,733 RX_ECHO ignored
2026-10-09 22:37:19,733 RX_ECHO ignored
2026-10-09 22:37:19,733 RX_ECHO ignored
2026-10-09 22:37:19,733 RX_ECHO ignored
2026-10-09 22:37:19,733 RX_ECHO ignored
2026-10-09 22:37:19,733 RX_ECHO ignored
2026-10-09 22:37:19,733 RX_ECHO ignored
2026-10-09 22:37:19,733 RX_ECHO ignored
2026-10-09 22:37:19,733 RX_ECHO ignored
2026-10-09 22:37:19,733 RX_ECHO ignored
2026-10-09 22:37:19,733 RX_ECHO ignored
2026-10-09 22:37:19,733 RX_ECHO ignored
2026-10-09 22:37:19,733 RX_ECHO ignored
2026-10-09 22:37:19,733 RX_ECHO ignored
2026-10-09 22:37:19,733 RX_ECHO ignored
2026-10-09 22:37:19,733 RX_ECHO ignored
2026-10-09 22:37:19,733 RX_ECHO ignored
2026-10-09 22:37:19,733 RX_ECHO ignored
2026-10-09 22:37:19,733 RX_ECHO ignored
2026-10-09 22:37:19,733 RX_ECHO ignored
2026-10-09 22:37:19,733 RX_ECHO ignored
2026-10-09 22:37:19,733 RX_ECHO ignored
2026-10-09 22:37:19,734 RX_ECHO ignored
2026-10-09 22:37:19,734 RX_ECHO ignored
2026-10-09 22:37:19,734 RX_ECHO ignored
2026-10-09 22:37:19,734 RX_ECHO ignored
2026-10-09 22:37:19,734 RX_ECHO ignored
2026-10-09 22:37:19,734 RX_ECHO ignored
2026-10-09 22:37:19,734 RX_ECHO ignored
2026-10-09 22:37:19,734 RX_ECHO ignored
2026-10-09 22:37:19,734 RX_ECHO ignored
2026-10-09 22:37:19,734 RX_ECHO ignored
2026-10-09 22:37:19,734 RX_ECHO ignored
2026-10-09 22:37:19,734 RX_ECHO ignored
2026-10-09 22:37:19,734 RX_ECHO ignored
2026-10-09 22:37:19,734 RX_ECHO ignored
2026-10-09 22:37:19,734 RX_ECHO ignored
2026-10-09 22:37:19,734 RX_ECHO ignored
2026-10-09 22:37:19,734 RX_ECHO ignored
2026-10-09 22:37:19,734 RX_ECHO ignored
2026-10-09 22:37:19,734 RX_ECHO ignored
2026-10-09 22:37:19,734 RX_ECHO ignored
2026-10-09 22:37:19,734 RX_ECHO ignored
2026-10-09 22:37:19,734 RX_ECHO ignored
2026-10-09 22:37:19,734 RX_ECHO ignored
2026-10-09 22:37:19,734 RX_ECHO ignored
2026-10-09 22:37:19,734 RX_ECHO ignored
2026-10-09 22:37:19,734 RX_ECHO ignored
2026-10-09 22:37:19,734 RX_ECHO ignored
2026-10-09 22:37:19,734 RX_ECHO ignored
2026-10-09 22:37:19,734 RX_ECHO ignored
2026-10-09 22:37:19,734 RX_ECHO ignored
2026-10-09 22:37:19,734 RX_ECHO ignored
2026-10-09 22:37:19,734 RX_ECHO ignored
2026-10-09 22:37:19,734 RX_ECHO ignored
2026-10-09 22:37:19,734 RX_ECHO ignored
2026-10-09 22:37:19,734 RX_ECHO ignored
2026-10-09 22:37:19,734 RX_ECHO ignored
2026-10-09 22:37:19,734 RX_ECHO ignored
2026-10-09 22:37:19,734 RX_ECHO ignored
2026-10-09 22:37:19,734 RX_ECHO ignored
2026-10-09 22:37:19,734 RX_ECHO ignored
2026-10-09 22:37:19,734 RX_ECHO ignored
2026-10-09 22:37:19,734 RX_ECHO ignored
2026-10-09 22:37:19,734 RX_ECHO ignored
2026-10-09 22:37:19,734 RX_ECHO ignored
2026-10-09 22:37:19,734 RX_ECHO ignored
2026-10-09 22:37:19,734 RX_ECHO ignored
2026-10-09 22:37:19,734 RX_ECHO ignored
2026-10-09 22:37:19,734 RX_ECHO ignored
2026-10-09 22:37:19,734 RX_ECHO ignored
2026-10-09 22:37:19,734 RX_ECHO ignored
2026-10-09 22:37:19,734 RX_ECHO ignored
2026-10-09 22:37:19,734 RX_ECHO ignored
2026-10-09 22:37:19,734 RX_ECHO ignored
2026-10-09 22:37:19,734 RX_ECHO ignored
2026-10-09 22:37:19,734 RX_ECHO ignored
2026-10-09 22:37:19,734 RX_ECHO ignored
2026-10-09 22:37:19,734 RX_ECHO ignored
2026-10-09 22:37:19,734 RX_ECHO ignored
2026-10-09 22:37:19,734 RX_ECHO ignored
2026-10-09 22:37:19,734 RX_ECHO ignored
2026-10-09 22:37:19,735 RX_ECHO ignored
2026-10-09 22:37:19,735 RX_ECHO ignored
2026-10-09 22:37:19,735 RX_ECHO ignored
2026-10-09 22:37:19,735 RX_ECHO ignored
2026-10-09 22:37:19,735 RX_ECHO ignored
2026-10-09 22:37:19,735 RX_ECHO ignored
2026-10-09 22:37:19,735 RX_ECHO ignored
2026-10-09 22:37:19,735 RX_ECHO ignored
2026-10-09 22:37:19,735 RX_ECHO ignored
2026-10-09 22:37:19,735 RX_ECHO ignored
2026-10-09 22:37:19,735 RX_ECHO ignored
2026-10-09 22:37:19,735 RX_ECHO ignored
2026-10-09 22:37:19,735 RX_ECHO ignored
2026-10-09 22:37:19,735 RX_ECHO ignored
2026-10-09 22:37:19,735 RX_ECHO ignored
2026-10-09 22:37:19,735 RX_ECHO ignored
2026-10-09 22:37:19,735 RX_ECHO ignored
2026-10-09 22:37:19,735 RX_ECHO ignored
2026-10-09 22:37:19,735 RX_ECHO ignored
2026-10-09 22:37:19,735 RX_ECHO ignored
2026-10-09 22:37:19,735 RX_ECHO ignored
2026-10-09 22:37:19,735 RX_ECHO ignored
2026-10-09 22:37:19,735 RX_ECHO ignored
2026-10-09 22:37:19,735 RX_ECHO ignored
2026-10-09 22:37:19,735 RX_ECHO ignored
2026-10-09 22:37:19,735 RX_ECHO ignored
2026-10-09 22:37:19,735 RX_ECHO ignored
2026-10-09 22:37:19,735 RX_ECHO ignored
2026-10-09 22:37:19,735 RX_ECHO ignored
2026-10-09 22:37:19,735 RX_ECHO ignored
2026-10-09 22:37:19,735 RX_ECHO ignored
2026-10-09 22:37:19,735 RX_ECHO ignored
2026-10-09 22:37:19,735 RX_ECHO ignored
2026-10-09 22:37:19,735 RX_ECHO ignored
2026-10-09 22:37:19,735 RX_ECHO ignored
2026-10-09 22:37:19,735 RX_ECHO ignored
2026-10-09 22:37:19,735 RX_ECHO ignored
2026-10-09 22:37:19,735 RX_ECHO ignored
2026-10-09 22:37:19,735 RX_ECHO ignored
2026-10-09 22:37:19,735 RX_ECHO ignored
2026-10-09 22:37:19,735 RX_ECHO ignored
2026-10-09 22:37:19,735 RX_ECHO ignored
2026-10-09 22:37:19,735 RX_ECHO ignored
2026-10-09 22:37:19,735 RX_ECHO ignored
2026-10-09 22:37:19,735 RX_ECHO ignored
2026-10-09 22:37:19,735 RX_ECHO ignored
2026-10-09 22:37:19,735 RX_ECHO ignored
2026-10-09 22:37:19,735 RX_ECHO ignored
2026-10-09 22:37:19,735 RX_ECHO ignored
2026-10-09 22:37:19,736 RX_ECHO ignored
2026-10-09 22:37:19,736 RX_ECHO ignored
2026-10-09 22:37:19,736 RX_ECHO ignored
2026-10-09 22:37:19,736 RX_ECHO ignored
2026-10-09 22:37:19,736 RX_ECHO ignored
2026-10-09 22:37:19,736 RX_ECHO ignored
2026-10-09 22:37:19,736 RX_ECHO ignored
2026-10-09 22:37:19,736 RX_ECHO ignored
2026-10-09 22:37:19,736 RX_ECHO ignored
2026-10-09 22:37:19,736 RX_ECHO ignored
2026-10-09 22:37:19,736 RX_ECHO ignored
2026-10-09 22:37:19,736 RX_ECHO ignored
2026-10-09 22:37:19,736 RX_ECHO ignored
2026-10-09 22:37:19,736 RX_ECHO ignored
2026-10-09 22:37:19,736 RX_ECHO ignored
2026-10-09 22:37:19,736 RX_ECHO ignored
2026-10-09 22:37:19,736 RX_ECHO ignored
2026-10-09 22:37:19,736 RX_ECHO ignored
2026-10-09 22:37:19,736 RX_ECHO ignored
2026-10-09 22:37:19,736 RX_ECHO ignored
2026-10-09 22:37:19,736 RX_ECHO ignored
2026-10-09 22:37:19,736 RX_ECHO ignored
2026-10-09 22:37:19,736 RX_ECHO ignored
2026-10-09 22:37:19,736 RX_ECHO ignored
2026-10-09 22:37:19,736 RX_ECHO ignored
2026-10-09 22:37:19,736 RX_ECHO ignored
2026-10-09 22:37:19,736 RX_ECHO ignored
2026-10-09 22:37:19,736 RX_ECHO ignored
2026-10-09 22:37:19,736 RX_ECHO ignored
2026-10-09 22:37:19,736 RX_ECHO ignored
2026-10-09 22:37:19,736 RX_ECHO ignored
2026-10-09 22:37:19,736 RX_ECHO ignored
2026-10-09 22:37:19,736 RX_ECHO ignored
2026-10-09 22:37:19,736 RX_ECHO ignored
2026-10-09 22:37:19,736 RX_ECHO ignored
2026-10-09 22:37:19,736 RX_ECHO ignored
2026-10-09 22:37:19,736 RX_ECHO ignored
2026-10-09 22:37:19,736 RX_ECHO ignored
2026-10-09 22:37:19,736 RX_ECHO ignored
2026-10-09 22:37:19,736 RX_ECHO ignored
2026-10-09 22:37:19,736 RX_ECHO ignored
2026-10-09 22:37:19,736 RX_ECHO ignored
2026-10-09 22:37:19,736 RX_ECHO ignored
2026-10-09 22:37:19,736 RX_ECHO ignored
2026-10-09 22:37:19,736 RX_ECHO ignored
2026-10-09 22:37:19,736 RX_ECHO ignored
2026-10-09 22:37:19,736 RX_ECHO ignored
2026-10-09 22:37:19,736 RX_ECHO ignored
2026-10-09 22:37:19,736 RX_ECHO ignored
2026-10-09 22:37:19,736 RX_ECHO ignored
2026-10-09 22:37:19,736 RX_ECHO ignored
2026-10-09 22:37:19,736 RX_ECHO ignored
2026-10-09 22:37:19,737 RX_ECHO ignored
2026-10-09 22:37:19,737 RX_ECHO ignored
2026-10-09 22:37:19,737 RX_ECHO ignored
2026-10-09 22:37:19,737 RX_ECHO ignored
2026-10-09 22:37:19,737 RX_ECHO ignored
2026-10-09 22:37:19,737 RX_ECHO ignored
2026-10-09 22:37:19,737 RX_ECHO ignored
2026-10-09 22:37:19,737 RX_ECHO ignored
2026-10-09 22:37:19,737 RX_ECHO ignored
2026-10-09 22:37:19,737 RX_ECHO ignored
2026-10-09 22:37:19,737 RX_ECHO ignored
2026-10-09 22:37:19,737 RX_ECHO ignored
2026-10-09 22:37:19,737 RX_ECHO ignored
2026-10-09 22:37:19,737 RX_ECHO ignored
2026-10-09 22:37:19,737 RX_ECHO ignored
2026-10-09 22:37:19,737 RX_ECHO ignored
2026-10-09 22:37:19,737 RX_ECHO ignored
2026-10-09 22:37:19,737 RX_ECHO ignored
2026-10-09 22:37:19,737 RX_ECHO ignored
2026-10-09 22:37:19,737 RX_ECHO ignored
2026-10-09 22:37:19,737 RX_ECHO ignored
2026-10-09 22:37:19,737 RX_ECHO ignored
2026-10-09 22:37:19,737 RX_ECHO ignored
2026-10-09 22:37:19,737 RX_ECHO ignored
2026-10-09 22:37:19,737 RX_ECHO ignored
2026-10-09 22:37:19,737 RX_ECHO ignored
2026-10-09 22:37:19,737 RX_ECHO ignored
2026-10-09 22:37:19,737 RX_ECHO ignored
2026-10-09 22:37:19,737 RX_ECHO ignored
2026-10-09 22:37:19,737 RX_ECHO ignored
2026-10-09 22:37:19,737 RX_ECHO ignored
2026-10-09 22:37:19,737 RX_ECHO ignored
2026-10-09 22:37:19,737 RX_ECHO ignored
2026-10-09 22:37:19,737 RX_ECHO ignored
2026-10-09 22:37:19,737 RX_ECHO ignored
2026-10-09 22:37:19,737 RX_ECHO ignored
2026-10-09 22:37:19,737 RX_ECHO ignored
2026-10-09 22:37:19,737 RX_ECHO ignored
2026-10-09 22:37:19,737 RX_ECHO ignored
2026-10-09 22:37:19,737 RX_ECHO ignored
2026-10-09 22:37:19,737 RX_ECHO ignored
2026-10-09 22:37:19,737 RX_ECHO ignored
2026-10-09 22:37:19,737 RX_ECHO ignored
2026-10-09 22:37:19,737 RX_ECHO ignored
2026-10-09 22:37:19,737 RX_ECHO ignored
2026-10-09 22:37:19,737 RX_ECHO ignored
2026-10-09 22:37:19,737 RX_ECHO ignored
2026-10-09 22:37:19,737 RX_ECHO ignored
2026-10-09 22:37:19,737 RX_ECHO ignored
2026-10-09 22:37:19,737 RX_ECHO ignored
2026-10-09 22:37:19,737 RX_ECHO ignored
2026-10-09 22:37:19,737 RX_ECHO ignored
2026-10-09 22:37:19,737 RX_ECHO ignored
2026-10-09 22:37:19,737 RX_ECHO ignored
2026-10-09 22:37:19,737 RX_ECHO ignored
2026-10-09 22:37:19,737 RX_ECHO ignored
2026-10-09 22:37:19,737 RX_ECHO ignored
2026-10-09 22:37:19,737 RX_ECHO ignored
2026-10-09 22:37:19,738 RX_ECHO ignored
2026-10-09 22:37:19,738 RX_ECHO ignored
2026-10-09 22:37:19,738 RX_ECHO ignored
2026-10-09 22:37:19,738 RX_ECHO ignored
2026-10-09 22:37:19,738 RX_ECHO ignored
2026-10-09 22:37:19,738 RX_ECHO ignored
2026-10-09 22:37:19,738 RX_ECHO ignored
2026-10-09 22:37:19,738 RX_ECHO ignored
2026-10-09 22:37:19,738 RX_ECHO ignored
2026-10-09 22:37:19,738 RX_ECHO ignored
2026-10-09 22:37:19,738 RX_ECHO ignored
2026-10-09 22:37:19,738 RX_ECHO ignored
2026-10-09 22:37:19,738 RX_ECHO ignored
2026-10-09 22:37:19,738 RX_ECHO ignored
2026-10-09 22:37:19,738 RX_ECHO ignored
2026-10-09 22:37:19,738 RX_ECHO ignored
2026-10-09 22:37:19,738 RX_ECHO ignored
2026-10-09 22:37:19,738 RX_ECHO ignored
2026-10-09 22:37:19,738 RX_ECHO ignored
2026-10-09 22:37:19,738 RX_ECHO ignored
2026-10-09 22:37:19,738 RX_ECHO ignored
2026-10-09 22:37:19,738 RX_ECHO ignored
2026-10-09 22:37:19,738 RX_ECHO ignored
2026-10-09 22:37:19,738 RX_ECHO ignored
2026-10-09 22:37:19,738 RX_ECHO ignored
2026-10-09 22:37:19,738 RX_ECHO ignored
2026-10-09 22:37:19,738 RX_ECHO ignored
2026-10-09 22:37:19,738 RX_ECHO ignored
2026-10-09 22:37:19,738 RX_ECHO ignored
2026-10-09 22:37:19,738 RX_ECHO ignored
2026-10-09 22:37:19,738 RX_ECHO ignored
2026-10-09 22:37:19,738 RX_ECHO ignored
2026-10-09 22:37:19,738 RX_ECHO ignored
2026-10-09 22:37:19,738 RX_ECHO ignored
2026-10-09 22:37:19,738 RX_ECHO ignored
2026-10-09 22:37:19,738 RX_ECHO ignored
2026-10-09 22:37:19,738 RX_ECHO ignored
2026-10-09 22:37:19,738 RX_ECHO ignored
2026-10-09 22:37:19,738 RX_ECHO ignored
2026-10-09 22:37:19,738 RX_ECHO ignored
2026-10-09 22:37:19,738 RX_ECHO ignored
2026-10-09 22:37:19,738 RX_ECHO ignored
2026-10-09 22:37:19,738 RX_ECHO ignored
2026-10-09 22:37:19,738 RX_ECHO ignored
2026-10-09 22:37:19,738 RX_ECHO ignored
2026-10-09 22:37:19,738 RX_ECHO ignored
2026-10-09 22:37:19,738 RX_ECHO ignored
2026-10-09 22:37:19,738 RX_ECHO ignored
2026-10-09 22:37:19,738 RX_ECHO ignored
2026-10-09 22:37:19,738 RX_ECHO ignored
2026-10-09 22:37:19,738 RX_ECHO ignored
2026-10-09 22:37:19,738 RX_ECHO ignored
2026-10-09 22:37:19,738 RX_ECHO ignored
2026-10-09 22:37:19,738 RX_ECHO ignored
2026-10-09 22:37:19,738 RX_ECHO ignored
2026-10-09 22:37:19,738 RX_ECHO ignored
2026-10-09 22:37:19,738 RX_ECHO ignored
2026-10-09 22:37:19,738 RX_ECHO ignored
2026-10-09 22:37:19,739 RX_ECHO ignored
2026-10-09 22:37:19,739 RX_ECHO ignored
2026-10-09 22:37:19,739 RX_ECHO ignored
2026-10-09 22:37:19,739 RX_ECHO ignored
2026-10-09 22:37:19,739 RX_ECHO ignored
2026-10-09 22:37:19,739 RX_ECHO ignored
2026-10-09 22:37:19,739 RX_ECHO ignored
2026-10-09 22:37:19,739 RX_ECHO ignored
2026-10-09 22:37:19,739 RX_ECHO ignored
2026-10-09 22:37:19,739 RX_ECHO ignored
2026-10-09 22:37:19,739 RX_ECHO ignored
2026-10-09 22:37:19,739 RX_ECHO ignored
2026-10-09 22:37:19,739 RX_ECHO ignored
2026-10-09 22:37:19,739 RX_ECHO ignored
2026-10-09 22:37:19,739 RX_ECHO ignored
2026-10-09 22:37:19,739 RX_ECHO ignored
2026-10-09 22:37:19,739 RX_ECHO ignored
2026-10-09 22:37:19,739 RX_ECHO ignored
2026-10-09 22:37:19,739 RX_ECHO ignored
2026-10-09 22:37:19,739 RX_ECHO ignored
2026-10-09 22:37:19,739 RX_ECHO ignored
2026-10-09 22:37:19,739 RX_ECHO ignored
2026-10-09 22:37:19,739 RX_ECHO ignored
2026-10-09 22:37:19,739 RX_ECHO ignored
2026-10-09 22:37:19,739 RX_ECHO ignored
2026-10-09 22:37:19,739 RX_ECHO ignored
2026-10-09 22:37:19,739 RX_ECHO ignored
2026-10-09 22:37:19,739 RX_ECHO ignored
2026-10-09 22:37:19,739 RX_ECHO ignored
2026-10-09 22:37:19,739 RX_ECHO ignored
2026-10-09 22:37:19,739 RX_ECHO ignored
2026-10-09 22:37:19,739 RX_ECHO ignored
2026-10-09 22:37:19,739 RX_ECHO ignored
2026-10-09 22:37:19,739 RX_ECHO ignored
2026-10-09 22:37:19,739 RX_ECHO ignored
2026-10-09 22:37:19,739 RX_ECHO ignored
2026-10-09 22:37:19,739 RX_ECHO ignored
2026-10-09 22:37:19,739 RX_ECHO ignored
2026-10-09 22:37:19,739 RX_ECHO ignored
2026-10-09 22:37:19,739 RX_ECHO ignored
2026-10-09 22:37:19,739 RX_ECHO ignored
2026-10-09 22:37:19,739 RX_ECHO ignored
2026-10-09 22:37:19,739 RX_ECHO ignored
2026-10-09 22:37:19,739 RX_ECHO ignored
2026-10-09 22:37:19,739 RX_ECHO ignored
2026-10-09 22:37:19,739 RX_ECHO ignored
2026-10-09 22:37:19,739 RX_ECHO ignored
2026-10-09 22:37:19,739 RX_ECHO ignored
2026-10-09 22:37:19,739 RX_ECHO ignored
2026-10-09 22:37:19,739 RX_ECHO ignored
2026-10-09 22:37:19,739 RX_ECHO ignored
2026-10-09 22:37:19,739 RX_ECHO ignored
2026-10-09 22:37:19,739 RX_ECHO ignored
2026-10-09 22:37:19,739 RX_ECHO ignored
2026-10-09 22:37:19,739 RX_ECHO ignored
2026-10-09 22:37:19,740 RX_ECHO ignored
2026-10-09 22:37:19,740 RX_ECHO ignored
2026-10-09 22:37:19,740 RX_ECHO ignored
2026-10-09 22:37:19,740 RX_ECHO ignored
2026-10-09 22:37:19,740 RX_ECHO ignored
2026-10-09 22:37:19,740 RX_ECHO ignored
2026-10-09 22:37:19,740 RX_ECHO ignored
2026-10-09 22:37:19,740 RX_ECHO ignored
2026-10-09 22:37:19,740 RX_ECHO ignored
2026-10-09 22:37:19,740 RX_ECHO ignored
2026-10-09 22:37:19,740 RX_ECHO ignored
2026-10-09 22:37:19,740 RX_ECHO ignored
2026-10-09 22:37:19,740 RX_ECHO ignored
2026-10-09 22:37:19,740 RX_ECHO ignored
2026-10-09 22:37:19,740 RX_ECHO ignored
2026-10-09 22:37:19,740 RX_ECHO ignored
2026-10-09 22:37:19,740 RX_ECHO ignored
2026-10-09 22:37:19,740 RX_ECHO ignored
2026-10-09 22:37:19,740 RX_ECHO ignored
2026-10-09 22:37:19,740 RX_ECHO ignored
2026-10-09 22:37:19,740 RX_ECHO ignored
2026-10-09 22:37:19,740 RX_ECHO ignored
2026-10-09 22:37:19,740 RX_ECHO ignored
2026-10-09 22:37:19,740 RX_ECHO ignored
2026-10-09 22:37:19,740 RX_ECHO ignored
2026-10-09 22:37:19,740 RX_ECHO ignored
2026-10-09 22:37:19,740 RX_ECHO ignored
2026-10-09 22:37:19,740 RX_ECHO ignored
2026-10-09 22:37:19,740 RX_ECHO ignored
2026-10-09 22:37:19,740 RX_ECHO ignored
2026-10-09 22:37:19,740 RX_ECHO ignored
2026-10-09 22:37:19,740 RX_ECHO ignored
2026-10-09 22:37:19,740 RX_ECHO ignored
2026-10-09 22:37:19,740 RX_ECHO ignored
2026-10-09 22:37:19,740 RX_ECHO ignored
2026-10-09 22:37:19,740 RX_ECHO ignored
2026-10-09 22:37:19,740 RX_ECHO ignored
2026-10-09 22:37:19,740 RX_ECHO ignored
2026-10-09 22:37:19,740 RX_ECHO ignored
2026-10-09 22:37:19,740 RX_ECHO ignored
2026-10-09 22:37:19,740 RX_ECHO ignored
2026-10-09 22:37:19,740 RX_ECHO ignored
2026-10-09 22:37:19,740 RX_ECHO ignored
2026-10-09 22:37:19,740 RX_ECHO ignored
2026-10-09 22:37:19,740 RX_ECHO ignored
2026-10-09 22:37:19,740 RX_ECHO ignored
2026-10-09 22:37:19,740 RX_ECHO ignored
2026-10-09 22:37:19,740 RX_ECHO ignored
2026-10-09 22:37:19,741 RX_ECHO ignored
2026-10-09 22:37:19,741 RX_ECHO ignored
2026-10-09 22:37:19,741 RX_ECHO ignored
2026-10-09 22:37:19,741 RX_ECHO ignored
2026-10-09 22:37:19,741 RX_ECHO ignored
2026-10-09 22:37:19,741 RX_ECHO ignored
2026-10-09 22:37:19,741 RX_ECHO ignored
2026-10-09 22:37:19,741 RX_ECHO ignored
2026-10-09 22:37:19,741 RX_ECHO ignored
2026-10-09 22:37:19,741 RX_ECHO ignored
2026-10-09 22:37:19,741 RX_ECHO ignored
2026-10-09 22:37:19,741 RX_ECHO ignored
2026-10-09 22:37:19,741 RX_ECHO ignored
2026-10-09 22:37:19,741 RX_ECHO ignored
2026-10-09 22:37:19,741 RX_ECHO ignored
2026-10-09 22:37:19,741 RX_ECHO ignored
2026-10-09 22:37:19,741 RX_ECHO ignored
2026-10-09 22:37:19,741 RX_ECHO ignored
2026-10-09 22:37:19,741 RX_ECHO ignored
2026-10-09 22:37:19,741 RX_ECHO ignored
2026-10-09 22:37:19,741 RX_ECHO ignored
2026-10-09 22:37:19,741 RX_ECHO ignored
2026-10-09 22:37:19,741 RX_ECHO ignored
2026-10-09 22:37:19,741 RX_ECHO ignored
2026-10-09 22:37:19,741 RX_ECHO ignored
2026-10-09 22:37:19,741 RX_ECHO ignored
2026-10-09 22:37:19,741 RX_ECHO ignored
2026-10-09 22:37:19,741 RX_ECHO ignored
2026-10-09 22:37:19,741 RX_ECHO ignored
2026-10-09 22:37:19,741 RX_ECHO ignored
2026-10-09 22:37:19,741 RX_ECHO ignored
2026-10-09 22:37:19,741 RX_ECHO ignored
2026-10-09 22:37:19,741 RX_ECHO ignored
2026-10-09 22:37:19,741 RX_ECHO ignored
2026-10-09 22:37:19,741 RX_ECHO ignored
2026-10-09 22:37:19,741 RX_ECHO ignored
2026-10-09 22:37:19,741 RX_ECHO ignored
2026-10-09 22:37:19,741 RX_ECHO ignored
2026-10-09 22:37:19,741 RX_ECHO ignored
2026-10-09 22:37:19,741 RX_ECHO ignored
2026-10-09 22:37:19,741 RX_ECHO ignored
2026-10-09 22:37:19,741 RX_ECHO ignored
2026-10-09 22:37:19,741 RX_ECHO ignored
2026-10-09 22:37:19,741 RX_ECHO ignored
2026-10-09 22:37:19,741 RX_ECHO ignored
2026-10-09 22:37:19,741 RX_ECHO ignored
2026-10-09 22:37:19,741 RX_ECHO ignored
2026-10-09 22:37:19,741 RX_ECHO ignored
2026-10-09 22:37:19,741 RX_ECHO ignored
2026-10-09 22:37:19,741 RX_ECHO ignored
2026-10-09 22:37:19,741 RX_ECHO ignored
2026-10-09 22:37:19,741 RX_ECHO ignored
2026-10-09 22:37:19,741 RX_ECHO ignored
2026-10-09 22:37:19,741 RX_ECHO ignored
2026-10-09 22:37:19,741 RX_ECHO ignored
2026-10-09 22:37:19,742 RX_ECHO ignored
2026-10-09 22:37:19,742 RX_ECHO ignored
2026-10-09 22:37:19,742 RX_ECHO ignored
2026-10-09 22:37:19,742 RX_ECHO ignored
2026-10-09 22:37:19,742 RX_ECHO ignored
2026-10-09 22:37:19,742 RX_ECHO ignored
2026-10-09 22:37:19,742 RX_ECHO ignored
2026-10-09 22:37:19,742 RX_ECHO ignored
2026-10-09 22:37:19,742 RX_ECHO ignored
2026-10-09 22:37:19,742 RX_ECHO ignored
2026-10-09 22:37:19,742 RX_ECHO ignored
2026-10-09 22:37:19,742 RX_ECHO ignored
2026-10-09 22:37:19,742 RX_ECHO ignored
2026-10-09 22:37:19,742 RX_ECHO ignored
2026-10-09 22:37:19,742 RX_ECHO ignored
2026-10-09 22:37:19,742 RX_ECHO ignored
2026-10-09 22:37:19,742 RX_ECHO ignored
2026-10-09 22:37:19,742 RX_ECHO ignored
2026-10-09 22:37:19,742 RX_ECHO ignored
2026-10-09 22:37:19,742 RX_ECHO ignored
2026-10-09 22:37:19,742 RX_ECHO ignored
2026-10-09 22:37:19,742 RX_ECHO ignored
2026-10-09 22:37:19,742 RX_ECHO ignored
2026-10-09 22:37:19,742 RX_ECHO ignored
2026-10-09 22:37:19,742 RX_ECHO ignored
2026-10-09 22:37:19,742 RX_ECHO ignored
2026-10-09 22:37:19,742 RX_ECHO ignored
2026-10-09 22:37:19,742 RX_ECHO ignored
2026-10-09 22:37:19,742 RX_ECHO ignored
2026-10-09 22:37:19,742 RX_ECHO ignored
2026-10-09 22:37:19,742 RX_ECHO ignored
2026-10-09 22:37:19,742 RX_ECHO ignored
2026-10-09 22:37:19,742 RX_ECHO ignored
2026-10-09 22:37:19,742 RX_ECHO ignored
2026-10-09 22:37:19,742 RX_ECHO ignored
2026-10-09 22:37:19,742 RX_ECHO ignored
2026-10-09 22:37:19,742 RX_ECHO ignored
2026-10-09 22:37:19,742 RX_ECHO ignored
2026-10-09 22:37:19,742 RX_ECHO ignored
2026-10-09 22:37:19,742 RX_ECHO ignored
2026-10-09 22:37:19,742 RX_ECHO ignored
2026-10-09 22:37:19,742 RX_ECHO ignored
2026-10-09 22:37:19,743 RX_ECHO ignored
2026-10-09 22:37:19,743 RX_ECHO ignored
2026-10-09 22:37:19,743 RX_ECHO ignored
2026-10-09 22:37:19,743 RX_ECHO ignored
2026-10-09 22:37:19,743 RX_ECHO ignored
2026-10-09 22:37:19,743 RX_ECHO ignored
2026-10-09 22:37:19,743 RX_ECHO ignored
2026-10-09 22:37:19,743 RX_ECHO ignored
2026-10-09 22:37:19,743 RX_ECHO ignored
2026-10-09 22:37:19,743 RX_ECHO ignored
2026-10-09 22:37:19,743 RX_ECHO ignored
2026-10-09 22:37:19,743 RX_ECHO ignored
2026-10-09 22:37:19,743 RX_ECHO ignored
2026-10-09 22:37:19,743 RX_ECHO ignored
2026-10-09 22:37:19,743 RX_ECHO ignored
2026-10-09 22:37:19,743 RX_ECHO ignored
2026-10-09 22:37:19,743 RX_ECHO ignored
2026-10-09 22:37:19,743 RX_ECHO ignored
2026-10-09 22:37:19,743 RX_ECHO ignored
2026-10-09 22:37:19,743 RX_ECHO ignored
2026-10-09 22:37:19,743 RX_ECHO ignored
2026-10-09 22:37:19,743 RX_ECHO ignored
2026-10-09 22:37:19,743 RX_ECHO ignored
2026-10-09 22:37:19,743 RX_ECHO ignored
2026-10-09 22:37:19,743 RX_ECHO ignored
2026-10-09 22:37:19,743 RX_ECHO ignored
2026-10-09 22:37:19,743 RX_ECHO ignored
2026-10-09 22:37:19,743 RX_ECHO ignored
2026-10-09 22:37:19,743 RX_ECHO ignored
2026-10-09 22:37:19,743 RX_ECHO ignored
2026-10-09 22:37:19,743 RX_ECHO ignored
2026-10-09 22:37:19,743 RX_ECHO ignored
2026-10-09 22:37:19,743 RX_ECHO ignored
2026-10-09 22:37:19,743 RX_ECHO ignored
2026-10-09 22:37:19,743 RX_ECHO ignored
2026-10-09 22:37:19,743 RX_ECHO ignored
2026-10-09 22:37:19,743 RX_ECHO ignored
2026-10-09 22:37:19,743 RX_ECHO ignored
2026-10-09 22:37:19,743 RX_ECHO ignored
2026-10-09 22:37:19,743 RX_ECHO ignored
2026-10-09 22:37:19,743 RX_ECHO ignored
2026-10-09 22:37:19,743 RX_ECHO ignored
2026-10-09 22:37:19,743 RX_ECHO ignored
2026-10-09 22:37:19,743 RX_ECHO ignored
2026-10-09 22:37:19,743 RX_ECHO ignored
2026-10-09 22:37:19,743 RX_ECHO ignored
2026-10-09 22:37:19,743 RX_ECHO ignored
2026-10-09 22:37:19,743 RX_ECHO ignored
2026-10-09 22:37:19,743 RX_ECHO ignored
2026-10-09 22:37:19,744 RX_ECHO ignored
2026-10-09 22:37:19,744 RX_ECHO ignored
2026-10-09 22:37:19,744 RX_ECHO ignored
2026-10-09 22:37:19,744 RX_ECHO ignored
2026-10-09 22:37:19,744 RX_ECHO ignored
2026-10-09 22:37:19,744 RX_ECHO ignored
2026-10-09 22:37:19,744 RX_ECHO ignored
2026-10-09 22:37:19,744 RX_ECHO ignored
2026-10-09 22:37:19,744 RX_ECHO ignored
2026-10-09 22:37:19,744 RX_ECHO ignored
2026-10-09 22:37:19,744 RX_ECHO ignored
2026-10-09 22:37:19,744 RX_ECHO ignored
2026-10-09 22:37:19,744 RX_ECHO ignored
2026-10-09 22:37:19,744 RX_ECHO ignored
2026-10-09 22:37:19,744 RX_ECHO ignored
2026-10-09 22:37:19,744 RX_ECHO ignored
2026-10-09 22:37:19,744 RX_ECHO ignored
2026-10-09 22:37:19,744 RX_ECHO ignored
2026-10-09 22:37:19,744 RX_ECHO ignored
2026-10-09 22:37:19,744 RX_ECHO ignored
2026-10-09 22:37:19,744 RX_ECHO ignored
2026-10-09 22:37:19,744 RX_ECHO ignored
2026-10-09 22:37:19,744 RX_ECHO ignored
2026-10-09 22:37:19,744 RX_ECHO ignored
2026-10-09 22:37:19,744 RX_ECHO ignored
2026-10-09 22:37:19,744 RX_ECHO ignored
2026-10-09 22:37:19,744 RX_ECHO ignored
2026-10-09 22:37:19,744 RX_ECHO ignored
2026-10-09 22:37:19,744 RX_ECHO ignored
2026-10-09 22:37:19,744 RX_ECHO ignored
2026-10-09 22:37:19,744 RX_ECHO ignored
2026-10-09 22:37:19,744 RX_ECHO ignored
2026-10-09 22:37:19,744 RX_ECHO ignored
2026-10-09 22:37:19,744 RX_ECHO ignored
2026-10-09 22:37:19,744 RX_ECHO ignored
2026-10-09 22:37:19,744 RX_ECHO ignored
2026-10-09 22:37:19,744 RX_ECHO ignored
2026-10-09 22:37:19,744 RX_ECHO ignored
2026-10-09 22:37:19,744 RX_ECHO ignored
2026-10-09 22:37:19,744 RX_ECHO ignored
2026-10-09 22:37:19,744 RX_ECHO ignored
2026-10-09 22:37:19,744 RX_ECHO ignored
2026-10-09 22:37:19,744 RX_ECHO ignored
2026-10-09 22:37:19,744 RX_ECHO ignored
2026-10-09 22:37:19,744 RX_ECHO ignored
2026-10-09 22:37:19,744 RX_ECHO ignored
2026-10-09 22:37:19,744 RX_ECHO ignored
2026-10-09 22:37:19,744 RX_ECHO ignored
2026-10-09 22:37:19,744 RX_ECHO ignored
2026-10-09 22:37:19,744 RX_ECHO ignored
2026-10-09 22:37:19,744 RX_ECHO ignored
2026-10-09 22:37:19,744 RX_ECHO ignored
2026-10-09 22:37:19,744 RX_ECHO ignored
2026-10-09 22:37:19,744 RX_ECHO ignored
2026-10-09 22:37:19,744 RX_ECHO ignored
2026-10-09 22:37:19,744 RX_ECHO ignored
2026-10-09 22:37:19,744 RX_ECHO ignored
2026-10-09 22:37:19,744 RX_ECHO ignored
2026-10-09 22:37:19,744 RX_ECHO ignored
2026-10-09 22:37:19,744 RX_ECHO ignored
2026-10-09 22:37:19,744 RX_ECHO ignored
2026-10-09 22:37:19,744 RX_ECHO ignored
2026-10-09 22:37:19,744 RX_ECHO ignored
2026-10-09 22:37:19,745 RX_ECHO ignored
2026-10-09 22:37:19,745 RX_ECHO ignored
2026-10-09 22:37:19,745 RX_ECHO ignored
2026-10-09 22:37:19,745 RX_ECHO ignored
2026-10-09 22:37:19,745 RX_ECHO ignored
2026-10-09 22:37:19,745 RX_ECHO ignored
2026-10-09 22:37:19,745 RX_ECHO ignored
2026-10-09 22:37:19,745 RX_ECHO ignored
2026-10-09 22:37:19,745 RX_ECHO ignored
2026-10-09 22:37:19,745 RX_ECHO ignored
2026-10-09 22:37:19,745 RX_ECHO ignored
2026-10-09 22:37:19,745 RX_ECHO ignored
2026-10-09 22:37:19,745 RX_ECHO ignored
2026-10-09 22:37:19,745 RX_ECHO ignored
2026-10-09 22:37:19,745 RX_ECHO ignored
2026-10-09 22:37:19,745 RX_ECHO ignored
2026-10-09 22:37:19,745 RX_ECHO ignored
2026-10-09 22:37:19,745 RX_ECHO ignored
2026-10-09 22:37:19,745 RX_ECHO ignored
2026-10-09 22:37:19,745 RX_ECHO ignored
2026-10-09 22:37:19,745 RX_ECHO ignored
2026-10-09 22:37:19,745 RX_ECHO ignored
2026-10-09 22:37:19,745 RX_ECHO ignored
2026-10-09 22:37:19,745 RX_ECHO ignored
2026-10-09 22:37:19,745 RX_ECHO ignored
2026-10-09 22:37:19,745 RX_ECHO ignored
2026-10-09 22:37:19,745 RX_ECHO ignored
2026-10-09 22:37:19,745 RX_ECHO ignored
2026-10-09 22:37:19,745 RX_ECHO ignored
2026-10-09 22:37:19,745 RX_ECHO ignored
2026-10-09 22:37:19,745 RX_ECHO ignored
2026-10-09 22:37:19,745 RX_ECHO ignored
2026-10-09 22:37:19,745 RX_ECHO ignored
2026-10-09 22:37:19,745 RX_ECHO ignored
2026-10-09 22:37:19,745 RX_ECHO ignored
2026-10-09 22:37:19,745 RX_ECHO ignored
2026-10-09 22:37:19,745 RX_ECHO ignored
2026-10-09 22:37:19,745 RX_ECHO ignored
2026-10-09 22:37:19,745 RX_ECHO ignored
2026-10-09 22:37:19,745 RX_ECHO ignored
2026-10-09 22:37:19,745 RX_ECHO ignored
2026-10-09 22:37:19,745 RX_ECHO ignored
2026-10-09 22:37:19,745 RX_ECHO ignored
2026-10-09 22:37:19,745 RX_ECHO ignored
2026-10-09 22:37:19,745 RX_ECHO ignored
2026-10-09 22:37:19,745 RX_ECHO ignored
2026-10-09 22:37:19,745 RX_ECHO ignored
2026-10-09 22:37:19,745 RX_ECHO ignored
2026-10-09 22:37:19,745 RX_ECHO ignored
2026-10-09 22:37:19,745 RX_ECHO ignored
2026-10-09 22:37:19,745 RX_ECHO ignored
2026-10-09 22:37:19,745 RX_ECHO ignored
2026-10-09 22:37:19,745 RX_ECHO ignored
2026-10-09 22:37:19,745 RX_ECHO ignored
2026-10-09 22:37:19,745 RX_ECHO ignored
2026-10-09 22:37:19,745 RX_ECHO ignored
2026-10-09 22:37:19,745 RX_ECHO ignored
2026-10-09 22:37:19,745 RX_ECHO ignored
2026-10-09 22:37:19,745 RX_ECHO ignored
2026-10-09 22:37:19,745 RX_ECHO ignored
2026-10-09 22:37:19,745 RX_ECHO ignored
2026-10-09 22:37:19,745 RX_ECHO ignored
2026-10-09 22:37:19,745 RX_ECHO ignored
2026-10-09 22:37:19,746 RX_ECHO ignored
2026-10-09 22:37:19,746 RX_ECHO ignored
2026-10-09 22:37:19,746 RX_ECHO ignored
2026-10-09 22:37:19,746 RX_ECHO ignored
2026-10-09 22:37:19,746 RX_ECHO ignored
2026-10-09 22:37:19,746 RX_ECHO ignored
2026-10-09 22:37:19,746 RX_ECHO ignored
2026-10-09 22:37:19,746 RX_ECHO ignored
2026-10-09 22:37:19,746 RX_ECHO ignored
2026-10-09 22:37:19,746 RX_ECHO ignored
2026-10-09 22:37:19,746 RX_ECHO ignored
2026-10-09 22:37:19,746 RX_ECHO ignored
2026-10-09 22:37:19,746 RX_ECHO ignored
2026-10-09 22:37:19,746 RX_ECHO ignored
2026-10-09 22:37:19,746 RX_ECHO ignored
2026-10-09 22:37:19,746 RX_ECHO ignored
2026-10-09 22:37:19,746 RX_ECHO ignored
2026-10-09 22:37:19,746 RX_ECHO ignored
2026-10-09 22:37:19,746 RX_ECHO ignored
2026-10-09 22:37:19,746 RX_ECHO ignored
2026-10-09 22:37:19,746 RX_ECHO ignored
2026-10-09 22:37:19,746 RX_ECHO ignored
2026-10-09 22:37:19,746 RX_ECHO ignored
2026-10-09 22:37:19,746 RX_ECHO ignored
2026-10-09 22:37:19,746 RX_ECHO ignored
2026-10-09 22:37:19,746 RX_ECHO ignored
2026-10-09 22:37:19,746 RX_ECHO ignored
2026-10-09 22:37:19,746 RX_ECHO ignored
2026-10-09 22:37:19,746 RX_ECHO ignored
2026-10-09 22:37:19,746 RX_ECHO ignored
2026-10-09 22:37:19,746 RX_ECHO ignored
2026-10-09 22:37:19,746 RX_ECHO ignored
2026-10-09 22:37:19,746 RX_ECHO ignored
2026-10-09 22:37:19,746 RX_ECHO ignored
2026-10-09 22:37:19,746 RX_ECHO ignored
2026-10-09 22:37:19,746 RX_ECHO ignored
2026-10-09 22:37:19,746 RX_ECHO ignored
2026-10-09 22:37:19,746 RX_ECHO ignored
2026-10-09 22:37:19,746 RX_ECHO ignored
2026-10-09 22:37:19,746 RX_ECHO ignored
2026-10-09 22:37:19,746 RX_ECHO ignored
2026-10-09 22:37:19,746 RX_ECHO ignored
2026-10-09 22:37:19,746 RX_ECHO ignored
2026-10-09 22:37:19,746 RX_ECHO ignored
2026-10-09 22:37:19,746 RX_ECHO ignored
2026-10-09 22:37:19,746 RX_ECHO ignored
2026-10-09 22:37:19,746 RX_ECHO ignored
2026-10-09 22:37:19,746 RX_ECHO ignored
2026-10-09 22:37:19,746 RX_ECHO ignored
2026-10-09 22:37:19,746 RX_ECHO ignored
2026-10-09 22:37:19,746 RX_ECHO ignored
2026-10-09 22:37:19,746 RX_ECHO ignored
2026-10-09 22:37:19,746 RX_ECHO ignored
2026-10-09 22:37:19,746 RX_ECHO ignored
2026-10-09 22:37:19,746 RX_ECHO ignored
2026-10-09 22:37:19,746 RX_ECHO ignored
2026-10-09 22:37:19,746 RX_ECHO ignored
2026-10-09 22:37:19,746 RX_ECHO ignored
2026-10-09 22:37:19,747 RX_ECHO ignored
2026-10-09 22:37:19,747 RX_ECHO ignored
2026-10-09 22:37:19,747 RX_ECHO ignored
2026-10-09 22:37:19,747 RX_ECHO ignored
2026-10-09 22:37:19,747 RX_ECHO ignored
2026-10-09 22:37:19,747 RX_ECHO ignored
2026-10-09 22:37:19,747 RX_ECHO ignored
2026-10-09 22:37:19,747 RX_ECHO ignored
2026-10-09 22:37:19,747 RX_ECHO ignored
2026-10-09 22:37:19,747 RX_ECHO ignored
2026-10-09 22:37:19,747 RX_ECHO ignored
2026-10-09 22:37:19,747 RX_ECHO ignored
2026-10-09 22:37:19,747 RX_ECHO ignored
2026-10-09 22:37:19,747 RX_ECHO ignored
2026-10-09 22:37:19,747 RX_ECHO ignored
2026-10-09 22:37:19,747 RX_ECHO ignored
2026-10-09 22:37:19,747 RX_ECHO ignored
2026-10-09 22:37:19,747 RX_ECHO ignored
2026-10-09 22:37:19,747 RX_ECHO ignored
2026-10-09 22:37:19,747 RX_ECHO ignored
2026-10-09 22:37:19,747 RX_ECHO ignored
2026-10-09 22:37:19,747 RX_ECHO ignored
2026-10-09 22:37:19,747 RX_ECHO ignored
2026-10-09 22:37:19,747 RX_ECHO ignored
2026-10-09 22:37:19,747 RX_ECHO ignored
2026-10-09 22:37:19,747 RX_ECHO ignored
2026-10-09 22:37:19,747 RX_ECHO ignored
2026-10-09 22:37:19,747 RX_ECHO ignored
2026-10-09 22:37:19,747 RX_ECHO ignored
2026-10-09 22:37:19,747 RX_ECHO ignored
2026-10-09 22:37:19,747 RX_ECHO ignored
2026-10-09 22:37:19,747 RX_ECHO ignored
2026-10-09 22:37:19,747 RX_ECHO ignored
2026-10-09 22:37:19,747 RX_ECHO ignored
2026-10-09 22:37:19,747 RX_ECHO ignored
2026-10-09 22:37:19,747 RX_ECHO ignored
2026-10-09 22:37:19,747 RX_ECHO ignored
2026-10-09 22:37:19,747 RX_ECHO ignored
2026-10-09 22:37:19,747 RX_ECHO ignored
2026-10-09 22:37:19,747 RX_ECHO ignored
2026-10-09 22:37:19,747 RX_ECHO ignored
2026-10-09 22:37:19,747 RX_ECHO ignored
2026-10-09 22:37:19,747 RX_ECHO ignored
2026-10-09 22:37:19,747 RX_ECHO ignored
2026-10-09 22:37:19,747 RX_ECHO ignored
2026-10-09 22:37:19,747 RX_ECHO ignored
2026-10-09 22:37:19,747 RX_ECHO ignored
2026-10-09 22:37:19,747 RX_ECHO ignored
2026-10-09 22:37:19,747 RX_ECHO ignored
2026-10-09 22:37:19,747 RX_ECHO ignored
2026-10-09 22:37:19,747 RX_ECHO ignored
2026-10-09 22:37:19,747 RX_ECHO ignored
2026-10-09 22:37:19,747 RX_ECHO ignored
2026-10-09 22:37:19,747 RX_ECHO ignored
2026-10-09 22:37:19,747 RX_ECHO ignored
2026-10-09 22:37:19,747 RX_ECHO ignored
2026-10-09 22:37:19,747 RX_ECHO ignored
2026-10-09 22:37:19,747 RX_ECHO ignored
2026-10-09 22:37:19,747 RX_ECHO ignored
2026-10-09 22:37:19,747 RX_ECHO ignored
2026-10-09 22:37:19,747 RX_ECHO ignored
2026-10-09 22:37:19,747 RX_ECHO ignored
2026-10-09 22:37:19,747 RX_ECHO ignored
2026-10-09 22:37:19,747 RX_ECHO ignored
2026-10-09 22:37:19,748 RX_ECHO ignored
2026-10-09 22:37:19,748 RX_ECHO ignored
2026-10-09 22:37:19,748 RX_ECHO ignored
2026-10-09 22:37:19,748 RX_ECHO ignored
2026-10-09 22:37:19,748 RX_ECHO ignored
2026-10-09 22:37:19,748 RX_ECHO ignored
2026-10-09 22:37:19,748 RX_ECHO ignored
2026-10-09 22:37:19,748 RX_ECHO ignored
2026-10-09 22:37:19,748 RX_ECHO ignored
2026-10-09 22:37:19,748 RX_ECHO ignored
2026-10-09 22:37:19,748 RX_ECHO ignored
2026-10-09 22:37:19,748 RX_ECHO ignored
2026-10-09 22:37:19,748 RX_ECHO ignored
2026-10-09 22:37:19,748 RX_ECHO ignored
2026-10-09 22:37:19,748 RX_ECHO ignored
2026-10-09 22:37:19,748 RX_ECHO ignored
2026-10-09 22:37:19,748 RX_ECHO ignored
2026-10-09 22:37:19,748 RX_ECHO ignored
2026-10-09 22:37:19,748 RX_ECHO ignored
2026-10-09 22:37:19,748 RX_ECHO ignored
2026-10-09 22:37:19,748 RX_ECHO ignored
2026-10-09 22:37:19,748 RX_ECHO ignored
2026-10-09 22:37:19,748 RX_ECHO ignored
2026-10-09 22:37:19,748 RX_ECHO ignored
2026-10-09 22:37:19,748 RX_ECHO ignored
2026-10-09 22:37:19,748 RX_ECHO ignored
2026-10-09 22:37:19,748 RX_ECHO ignored
2026-10-09 22:37:19,748 RX_ECHO ignored
2026-10-09 22:37:19,748 RX_ECHO ignored
2026-10-09 22:37:19,748 RX_ECHO ignored
2026-10-09 22:37:19,748 RX_ECHO ignored
2026-10-09 22:37:19,748 RX_ECHO ignored
2026-10-09 22:37:19,748 RX_ECHO ignored
2026-10-09 22:37:19,748 RX_ECHO ignored
2026-10-09 22:37:19,748 RX_ECHO ignored
2026-10-09 22:37:19,748 RX_ECHO ignored
2026-10-09 22:37:19,748 RX_ECHO ignored
2026-10-09 22:37:19,748 RX_ECHO ignored
2026-10-09 22:37:19,748 RX_ECHO ignored
2026-10-09 22:37:19,748 RX_ECHO ignored
2026-10-09 22:37:19,748 RX_ECHO ignored
2026-10-09 22:37:19,748 RX_ECHO ignored
2026-10-09 22:37:19,748 RX_ECHO ignored
2026-10-09 22:37:19,748 RX_ECHO ignored
2026-10-09 22:37:19,748 RX_ECHO ignored
2026-10-09 22:37:19,748 RX_ECHO ignored
2026-10-09 22:37:19,748 RX_ECHO ignored
2026-10-09 22:37:19,748 RX_ECHO ignored
2026-10-09 22:37:19,748 RX_ECHO ignored
2026-10-09 22:37:19,748 RX_ECHO ignored
2026-10-09 22:37:19,748 RX_ECHO ignored
2026-10-09 22:37:19,748 RX_ECHO ignored
2026-10-09 22:37:19,748 RX_ECHO ignored
2026-10-09 22:37:19,748 RX_ECHO ignored
2026-10-09 22:37:19,748 RX_ECHO ignored
2026-10-09 22:37:19,748 RX_ECHO ignored
2026-10-09 22:37:19,748 RX_ECHO ignored
2026-10-09 22:37:19,748 RX_ECHO ignored
2026-10-09 22:37:19,748 RX_ECHO ignored
2026-10-09 22:37:19,749 RX_ECHO ignored
2026-10-09 22:37:19,749 RX_ECHO ignored
2026-10-09 22:37:19,749 RX_ECHO ignored
2026-10-09 22:37:19,749 RX_ECHO ignored
2026-10-09 22:37:19,749 RX_ECHO ignored
2026-10-09 22:37:19,749 RX_ECHO ignored
2026-10-09 22:37:19,749 RX_ECHO ignored
2026-10-09 22:37:19,749 RX_ECHO ignored
2026-10-09 22:37:19,749 RX_ECHO ignored
2026-10-09 22:37:19,749 RX_ECHO ignored
2026-10-09 22:37:19,749 RX_ECHO ignored
2026-10-09 22:37:19,749 RX_ECHO ignored
2026-10-09 22:37:19,749 RX_ECHO ignored
2026-10-09 22:37:19,749 RX_ECHO ignored
2026-10-09 22:37:19,749 RX_ECHO ignored
2026-10-09 22:37:19,749 RX_ECHO ignored
2026-10-09 22:37:19,749 RX_ECHO ignored
2026-10-09 22:37:19,749 RX_ECHO ignored
2026-10-09 22:37:19,749 RX_ECHO ignored
2026-10-09 22:37:19,749 RX_ECHO ignored
2026-10-09 22:37:19,749 RX_ECHO ignored
2026-10-09 22:37:19,749 RX_ECHO ignored
2026-10-09 22:37:19,749 RX_ECHO ignored
2026-10-09 22:37:19,749 RX_ECHO ignored
2026-10-09 22:37:19,749 RX_ECHO ignored
2026-10-09 22:37:19,749 RX_ECHO ignored
2026-10-09 22:37:19,749 RX_ECHO ignored
2026-10-09 22:37:19,749 RX_ECHO ignored
2026-10-09 22:37:19,749 RX_ECHO ignored
2026-10-09 22:37:19,749 RX_ECHO ignored
2026-10-09 22:37:19,749 RX_ECHO ignored
2026-10-09 22:37:19,749 RX_ECHO ignored
2026-10-09 22:37:19,749 RX_ECHO ignored
2026-10-09 22:37:19,749 RX_ECHO ignored
2026-10-09 22:37:19,749 RX_ECHO ignored
2026-10-09 22:37:19,749 RX_ECHO ignored
2026-10-09 22:37:19,749 RX_ECHO ignored
2026-10-09 22:37:19,749 RX_ECHO ignored
2026-10-09 22:37:19,749 RX_ECHO ignored
2026-10-09 22:37:19,749 RX_ECHO ignored
2026-10-09 22:37:19,749 RX_ECHO ignored
2026-10-09 22:37:19,749 RX_ECHO ignored
2026-10-09 22:37:19,749 RX_ECHO ignored
2026-10-09 22:37:19,749 RX_ECHO ignored
2026-10-09 22:37:19,749 RX_ECHO ignored
2026-10-09 22:37:19,749 RX_ECHO ignored
2026-10-09 22:37:19,749 RX_ECHO ignored
2026-10-09 22:37:19,749 RX_ECHO ignored
2026-10-09 22:37:19,749 RX_ECHO ignored
2026-10-09 22:37:19,749 RX_ECHO ignored
2026-10-09 22:37:19,749 RX_ECHO ignored
2026-10-09 22:37:19,749 RX_ECHO ignored
2026-10-09 22:37:19,749 RX_ECHO ignored
2026-10-09 22:37:19,749 RX_ECHO ignored
2026-10-09 22:37:19,749 RX_ECHO ignored
2026-10-09 22:37:19,749 RX_ECHO ignored
2026-10-09 22:37:19,749 RX_ECHO ignored
2026-10-09 22:37:19,749 RX_ECHO ignored
2026-10-09 22:37:19,749 RX_ECHO ignored
2026-10-09 22:37:19,749 RX_ECHO ignored
2026-10-09 22:37:19,749 RX_ECHO ignored
2026-10-09 22:37:19,749 RX_ECHO ignored
2026-10-09 22:37:19,749 RX_ECHO ignored
2026-10-09 22:37:19,750 RX_ECHO ignored
2026-10-09 22:37:19,750 RX_ECHO ignored
2026-10-09 22:37:19,750 RX_ECHO ignored
2026-10-09 22:37:19,750 RX_ECHO ignored
2026-10-09 22:37:19,750 RX_ECHO ignored
2026-10-09 22:37:19,750 RX_ECHO ignored
2026-10-09 22:37:19,750 RX_ECHO ignored
2026-10-09 22:37:19,750 RX_ECHO ignored
2026-10-09 22:37:19,750 RX_ECHO ignored
2026-10-09 22:37:19,750 RX_ECHO ignored
2026-10-09 22:37:19,750 RX_ECHO ignored
2026-10-09 22:37:19,750 RX_ECHO ignored
2026-10-09 22:37:19,750 RX_ECHO ignored
2026-10-09 22:37:19,750 RX_ECHO ignored
2026-10-09 22:37:19,750 RX_ECHO ignored
2026-10-09 22:37:19,750 RX_ECHO ignored
2026-10-09 22:37:19,750 RX_ECHO ignored
2026-10-09 22:37:19,750 RX_ECHO ignored
2026-10-09 22:37:19,750 RX_ECHO ignored
2026-10-09 22:37:19,750 RX_ECHO ignored
2026-10-09 22:37:19,750 RX_ECHO ignored
2026-10-09 22:37:19,750 RX_ECHO ignored
2026-10-09 22:37:19,750 RX_ECHO ignored
2026-10-09 22:37:19,750 RX_ECHO ignored
2026-10-09 22:37:19,750 RX_ECHO ignored
2026-10-09 22:37:19,750 RX_ECHO ignored
2026-10-09 22:37:19,750 RX_ECHO ignored
2026-10-09 22:37:19,750 RX_ECHO ignored
2026-10-09 22:37:19,750 RX_ECHO ignored
2026-10-09 22:37:19,750 RX_ECHO ignored
2026-10-09 22:37:19,750 RX_ECHO ignored
2026-10-09 22:37:19,750 RX_ECHO ignored
2026-10-09 22:37:19,750 RX_ECHO ignored
2026-10-09 22:37:19,750 RX_ECHO ignored
2026-10-09 22:37:19,750 RX_ECHO ignored
2026-10-09 22:37:19,750 RX_ECHO ignored
2026-10-09 22:37:19,750 RX_ECHO ignored
2026-10-09 22:37:19,750 RX_ECHO ignored
2026-10-09 22:37:19,750 RX_ECHO ignored
2026-10-09 22:37:19,750 RX_ECHO ignored
2026-10-09 22:37:19,750 RX_ECHO ignored
2026-10-09 22:37:19,750 RX_ECHO ignored
2026-10-09 22:37:19,750 RX_ECHO ignored
2026-10-09 22:37:19,750 RX_ECHO ignored
2026-10-09 22:37:19,750 RX_ECHO ignored
2026-10-09 22:37:19,750 RX_ECHO ignored
2026-10-09 22:37:19,750 RX_ECHO ignored
2026-10-09 22:37:19,750 RX_ECHO ignored
2026-10-09 22:37:19,750 RX_ECHO ignored
2026-10-09 22:37:19,750 RX_ECHO ignored
2026-10-09 22:37:19,750 RX_ECHO ignored
2026-10-09 22:37:19,750 RX_ECHO ignored
2026-10-09 22:37:19,750 RX_ECHO ignored
2026-10-09 22:37:19,750 RX_ECHO ignored
2026-10-09 22:37:19,750 RX_ECHO ignored
2026-10-09 22:37:19,750 RX_ECHO ignored
2026-10-09 22:37:19,750 RX_ECHO ignored
2026-10-09 22:37:19,750 RX_ECHO ignored
2026-10-09 22:37:19,750 RX_ECHO ignored
2026-10-09 22:37:19,750 RX_ECHO ignored
2026-10-09 22:37:19,750 RX_ECHO ignored
2026-10-09 22:37:19,751 RX_ECHO ignored
2026-10-09 22:37:19,751 RX_ECHO ignored
2026-10-09 22:37:19,751 RX_ECHO ignored
2026-10-09 22:37:19,751 RX_ECHO ignored
2026-10-09 22:37:19,751 RX_ECHO ignored
2026-10-09 22:37:19,751 RX_ECHO ignored
2026-10-09 22:37:19,751 RX_ECHO ignored
2026-10-09 22:37:19,751 RX_ECHO ignored
2026-10-09 22:37:19,751 RX_ECHO ignored
2026-10-09 22:37:19,751 RX_ECHO ignored
2026-10-09 22:37:19,751 RX_ECHO ignored
2026-10-09 22:37:19,751 RX_ECHO ignored
2026-10-09 22:37:19,751 RX_ECHO ignored
2026-10-09 22:37:19,751 RX_ECHO ignored
2026-10-09 22:37:19,751 RX_ECHO ignored
2026-10-09 22:37:19,751 RX_ECHO ignored
2026-10-09 22:37:19,751 RX_ECHO ignored
2026-10-09 22:37:19,751 RX_ECHO ignored
2026-10-09 22:37:19,751 RX_ECHO ignored
2026-10-09 22:37:19,751 RX_ECHO ignored
2026-10-09 22:37:19,751 RX_ECHO ignored
2026-10-09 22:37:19,751 RX_ECHO ignored
2026-10-09 22:37:19,751 RX_ECHO ignored
2026-10-09 22:37:19,751 RX_ECHO ignored
2026-10-09 22:37:19,751 RX_ECHO ignored
2026-10-09 22:37:19,751 RX_ECHO ignored
2026-10-09 22:37:19,751 RX_ECHO ignored
2026-10-09 22:37:19,751 RX_ECHO ignored
2026-10-09 22:37:19,751 RX_ECHO ignored
2026-10-09 22:37:19,751 RX_ECHO ignored
2026-10-09 22:37:19,751 RX_ECHO ignored
2026-10-09 22:37:19,751 RX_ECHO ignored
2026-10-09 22:37:19,751 RX_ECHO ignored
2026-10-09 22:37:19,751 RX_ECHO ignored
2026-10-09 22:37:19,751 RX_ECHO ignored
2026-10-09 22:37:19,751 RX_ECHO ignored
2026-10-09 22:37:19,751 RX_ECHO ignored
2026-10-09 22:37:19,751 RX_ECHO ignored
2026-10-09 22:37:19,751 RX_ECHO ignored
2026-10-09 22:37:19,751 RX_ECHO ignored
2026-10-09 22:37:19,751 RX_ECHO ignored
2026-10-09 22:37:19,751 RX_ECHO ignored
2026-10-09 22:37:19,751 RX_ECHO ignored
2026-10-09 22:37:19,751 RX_ECHO ignored
2026-10-09 22:37:19,751 RX_ECHO ignored
2026-10-09 22:37:19,751 RX_ECHO ignored
2026-10-09 22:37:19,751 RX_ECHO ignored
2026-10-09 22:37:19,751 RX_ECHO ignored
2026-10-09 22:37:19,751 RX_ECHO ignored
2026-10-09 22:37:19,751 RX_ECHO ignored
2026-10-09 22:37:19,751 RX_ECHO ignored
2026-10-09 22:37:19,751 RX_ECHO ignored
2026-10-09 22:37:19,751 RX_ECHO ignored
2026-10-09 22:37:19,751 RX_ECHO ignored
2026-10-09 22:37:19,751 RX_ECHO ignored
2026-10-09 22:37:19,751 RX_ECHO ignored
2026-10-09 22:37:19,751 RX_ECHO ignored
2026-10-09 22:37:19,751 RX_ECHO ignored
2026-10-09 22:37:19,751 RX_ECHO ignored
2026-10-09 22:37:19,752 RX_ECHO ignored
2026-10-09 22:37:19,752 RX_ECHO ignored
2026-10-09 22:37:19,752 RX_ECHO ignored
2026-10-09 22:37:19,752 RX_ECHO ignored
2026-10-09 22:37:19,752 RX_ECHO ignored
2026-10-09 22:37:19,752 RX_ECHO ignored
2026-10-09 22:37:19,752 RX_ECHO ignored
2026-10-09 22:37:19,752 RX_ECHO ignored
2026-10-09 22:37:19,752 RX_ECHO ignored
2026-10-09 22:37:19,752 RX_ECHO ignored
2026-10-09 22:37:19,752 RX_ECHO ignored
2026-10-09 22:37:19,752 RX_ECHO ignored
2026-10-09 22:37:19,752 RX_ECHO ignored
2026-10-09 22:37:19,752 RX_ECHO ignored
2026-10-09 22:37:19,752 RX_ECHO ignored
2026-10-09 22:37:19,752 RX_ECHO ignored
2026-10-09 22:37:19,752 RX_ECHO ignored
2026-10-09 22:37:19,752 RX_ECHO ignored
2026-10-09 22:37:19,752 RX_ECHO ignored
2026-10-09 22:37:19,752 RX_ECHO ignored
2026-10-09 22:37:19,752 RX_ECHO ignored
2026-10-09 22:37:19,752 RX_ECHO ignored
2026-10-09 22:37:19,752 RX_ECHO ignored
2026-10-09 22:37:19,752 RX_ECHO ignored
2026-10-09 22:37:19,752 RX_ECHO ignored
2026-10-09 22:37:19,752 RX_ECHO ignored
2026-10-09 22:37:19,752 RX_ECHO ignored
2026-10-09 22:37:19,752 RX_ECHO ignored
2026-10-09 22:37:19,752 RX_ECHO ignored
2026-10-09 22:37:19,752 RX_ECHO ignored
2026-10-09 22:37:19,752 RX_ECHO ignored
2026-10-09 22:37:19,752 RX_ECHO ignored
2026-10-09 22:37:19,752 RX_ECHO ignored
2026-10-09 22:37:19,752 RX_ECHO ignored
2026-10-09 22:37:19,752 RX_ECHO ignored
2026-10-09 22:37:19,752 RX_ECHO ignored
2026-10-09 22:37:19,752 RX_ECHO ignored
2026-10-09 22:37:19,752 RX_ECHO ignored
2026-10-09 22:37:19,752 RX_ECHO ignored
2026-10-09 22:37:19,752 RX_ECHO ignored
2026-10-09 22:37:19,752 RX_ECHO ignored
2026-10-09 22:37:19,752 RX_ECHO ignored
2026-10-09 22:37:19,752 RX_ECHO ignored
2026-10-09 22:37:19,752 RX_ECHO ignored
2026-10-09 22:37:19,752 RX_ECHO ignored
2026-10-09 22:37:19,752 RX_ECHO ignored
2026-10-09 22:37:19,753 RX_ECHO ignored
2026-10-09 22:37:19,753 RX_ECHO ignored
2026-10-09 22:37:19,753 RX_ECHO ignored
2026-10-09 22:37:19,753 RX_ECHO ignored
2026-10-09 22:37:19,753 RX_ECHO ignored
2026-10-09 22:37:19,753 RX_ECHO ignored
2026-10-09 22:37:19,753 RX_ECHO ignored
2026-10-09 22:37:19,753 RX_ECHO ignored
2026-10-09 22:37:19,753 RX_ECHO ignored
2026-10-09 22:37:19,753 RX_ECHO ignored
2026-10-09 22:37:19,753 RX_ECHO ignored
2026-10-09 22:37:19,753 RX_ECHO ignored
2026-10-09 22:37:19,753 RX_ECHO ignored
2026-10-09 22:37:19,753 RX_ECHO ignored
2026-10-09 22:37:19,753 RX_ECHO ignored
2026-10-09 22:37:19,753 RX_ECHO ignored
2026-10-09 22:37:19,753 RX_ECHO ignored
2026-10-09 22:37:19,753 RX_ECHO ignored
2026-10-09 22:37:19,753 RX_ECHO ignored
2026-10-09 22:37:19,753 RX_ECHO ignored
2026-10-09 22:37:19,753 RX_ECHO ignored
2026-10-09 22:37:19,753 RX_ECHO ignored
2026-10-09 22:37:19,753 RX_ECHO ignored
2026-10-09 22:37:19,753 RX_ECHO ignored
2026-10-09 22:37:19,753 RX_ECHO ignored
2026-10-09 22:37:19,753 RX_ECHO ignored
2026-10-09 22:37:19,753 RX_ECHO ignored
2026-10-09 22:37:19,753 RX_ECHO ignored
2026-10-09 22:37:19,753 RX_ECHO ignored
2026-10-09 22:37:19,753 RX_ECHO ignored
2026-10-09 22:37:19,753 RX_ECHO ignored
2026-10-09 22:37:19,753 RX_ECHO ignored
2026-10-09 22:37:19,753 RX_ECHO ignored
2026-10-09 22:37:19,753 RX_ECHO ignored
2026-10-09 22:37:19,753 RX_ECHO ignored
2026-10-09 22:37:19,753 RX_ECHO ignored
2026-10-09 22:37:19,753 RX_ECHO ignored
2026-10-09 22:37:19,753 RX_ECHO ignored
2026-10-09 22:37:19,753 RX_ECHO ignored
2026-10-09 22:37:19,753 RX_ECHO ignored
2026-10-09 22:37:19,753 RX_ECHO ignored
2026-10-09 22:37:19,753 RX_ECHO ignored
2026-10-09 22:37:19,753 RX_ECHO ignored
2026-10-09 22:37:19,753 RX_ECHO ignored
2026-10-09 22:37:19,754 RX_ECHO ignored
2026-10-09 22:37:19,754 RX_ECHO ignored
2026-10-09 22:37:19,754 RX_ECHO ignored
2026-10-09 22:37:19,754 RX_ECHO ignored
2026-10-09 22:37:19,754 RX_ECHO ignored
2026-10-09 22:37:19,754 RX_ECHO ignored
2026-10-09 22:37:19,754 RX_ECHO ignored
2026-10-09 22:37:19,754 RX_ECHO ignored
2026-10-09 22:37:19,754 RX_ECHO ignored
2026-10-09 22:37:19,754 RX_ECHO ignored
2026-10-09 22:37:19,754 RX_ECHO ignored
2026-10-09 22:37:19,754 RX_ECHO ignored
2026-10-09 22:37:19,754 RX_ECHO ignored
2026-10-09 22:37:19,754 RX_ECHO ignored
2026-10-09 22:37:19,754 RX_ECHO ignored
2026-10-09 22:37:19,754 RX_ECHO ignored
2026-10-09 22:37:19,754 RX_ECHO ignored
2026-10-09 22:37:19,754 RX_ECHO ignored
2026-10-09 22:37:19,754 RX_ECHO ignored
2026-10-09 22:37:19,754 RX_ECHO ignored
2026-10-09 22:37:19,754 RX_ECHO ignored
2026-10-09 22:37:19,754 RX_ECHO ignored
2026-10-09 22:37:19,754 RX_ECHO ignored
2026-10-09 22:37:19,754 RX_ECHO ignored
2026-10-09 22:37:19,754 RX_ECHO ignored
2026-10-09 22:37:19,754 RX_ECHO ignored
2026-10-09 22:37:19,754 RX_ECHO ignored
2026-10-09 22:37:19,754 RX_ECHO ignored
2026-10-09 22:37:19,754 RX_ECHO ignored
2026-10-09 22:37:19,754 RX_ECHO ignored
2026-10-09 22:37:19,754 RX_ECHO ignored
2026-10-09 22:37:19,754 RX_ECHO ignored
2026-10-09 22:37:19,754 RX_ECHO ignored
2026-10-09 22:37:19,754 RX_ECHO ignored
2026-10-09 22:37:19,754 RX_ECHO ignored
2026-10-09 22:37:19,754 RX_ECHO ignored
2026-10-09 22:37:19,754 RX_ECHO ignored
2026-10-09 22:37:19,754 RX_ECHO ignored
2026-10-09 22:37:19,754 RX_ECHO ignored
2026-10-09 22:37:19,754 RX_ECHO ignored
2026-10-09 22:37:19,754 RX_ECHO ignored
2026-10-09 22:37:19,754 RX_ECHO ignored
2026-10-09 22:37:19,754 RX_ECHO ignored
2026-10-09 22:37:19,754 RX_ECHO ignored
2026-10-09 22:37:19,754 RX_ECHO ignored
2026-10-09 22:37:19,754 RX_ECHO ignored
2026-10-09 22:37:19,754 RX_ECHO ignored
2026-10-09 22:37:19,754 RX_ECHO ignored
2026-10-09 22:37:19,754 RX_ECHO ignored
2026-10-09 22:37:19,754 RX_ECHO ignored
2026-10-09 22:37:19,754 RX_ECHO ignored
2026-10-09 22:37:19,754 RX_ECHO ignored
2026-10-09 22:37:19,754 RX_ECHO ignored
2026-10-09 22:37:19,754 RX_ECHO ignored
2026-10-09 22:37:19,754 RX_ECHO ignored
2026-10-09 22:37:19,754 RX_ECHO ignored
2026-10-09 22:37:19,754 RX_ECHO ignored
2026-10-09 22:37:19,754 RX_ECHO ignored
2026-10-09 22:37:19,754 RX_ECHO ignored
2026-10-09 22:37:19,755 RX_ECHO ignored
2026-10-09 22:37:19,755 RX_ECHO ignored
2026-10-09 22:37:19,755 RX_ECHO ignored
2026-10-09 22:37:19,755 RX_ECHO ignored
2026-10-09 22:37:19,755 RX_ECHO ignored
2026-10-09 22:37:19,755 RX_ECHO ignored
2026-10-09 22:37:19,755 RX_ECHO ignored
2026-10-09 22:37:19,755 RX_ECHO ignored
2026-10-09 22:37:19,755 RX_ECHO ignored
2026-10-09 22:37:19,755 RX_ECHO ignored
2026-10-09 22:37:19,755 RX_ECHO ignored
2026-10-09 22:37:19,755 RX_ECHO ignored
2026-10-09 22:37:19,755 RX_ECHO ignored
2026-10-09 22:37:19,755 RX_ECHO ignored
2026-10-09 22:37:19,755 RX_ECHO ignored
2026-10-09 22:37:19,755 RX_ECHO ignored
2026-10-09 22:37:19,755 RX_ECHO ignored
2026-10-09 22:37:19,755 RX_ECHO ignored
2026-10-09 22:37:19,755 RX_ECHO ignored
2026-10-09 22:37:19,755 RX_ECHO ignored
2026-10-09 22:37:19,755 RX_ECHO ignored
2026-10-09 22:37:19,755 RX_ECHO ignored
2026-10-09 22:37:19,755 RX_ECHO ignored
2026-10-09 22:37:19,755 RX_ECHO ignored
2026-10-09 22:37:19,755 RX_ECHO ignored
2026-10-09 22:37:19,755 RX_ECHO ignored
2026-10-09 22:37:19,755 RX_ECHO ignored
2026-10-09 22:37:19,755 RX_ECHO ignored
2026-10-09 22:37:19,755 RX_ECHO ignored
2026-10-09 22:37:19,755 RX_ECHO ignored
2026-10-09 22:37:19,755 RX_ECHO ignored
2026-10-09 22:37:19,755 RX_ECHO ignored
2026-10-09 22:37:19,755 RX_ECHO ignored
2026-10-09 22:37:19,755 RX_ECHO ignored
2026-10-09 22:37:19,755 RX_ECHO ignored
2026-10-09 22:37:19,755 RX_ECHO ignored
2026-10-09 22:37:19,755 RX_ECHO ignored
2026-10-09 22:37:19,755 RX_ECHO ignored
2026-10-09 22:37:19,755 RX_ECHO ignored
2026-10-09 22:37:19,755 RX_ECHO ignored
2026-10-09 22:37:19,755 RX_ECHO ignored
2026-10-09 22:37:19,755 RX_ECHO ignored
2026-10-09 22:37:19,755 RX_ECHO ignored
2026-10-09 22:37:19,755 RX_ECHO ignored
2026-10-09 22:37:19,755 RX_ECHO ignored
2026-10-09 22:37:19,755 RX_ECHO ignored
2026-10-09 22:37:19,755 RX_ECHO ignored
2026-10-09 22:37:19,755 RX_ECHO ignored
2026-10-09 22:37:19,756 RX_ECHO ignored
2026-10-09 22:37:19,756 RX_ECHO ignored
2026-10-09 22:37:19,756 RX_ECHO ignored
2026-10-09 22:37:19,756 RX_ECHO ignored
2026-10-09 22:37:19,756 RX_ECHO ignored
2026-10-09 22:37:19,756 RX_ECHO ignored
2026-10-09 22:37:19,756 RX_ECHO ignored
2026-10-09 22:37:19,756 RX_ECHO ignored
2026-10-09 22:37:19,756 RX_ECHO ignored
2026-10-09 22:37:19,756 RX_ECHO ignored
2026-10-09 22:37:19,756 RX_ECHO ignored
2026-10-09 22:37:19,756 RX_ECHO ignored
2026-10-09 22:37:19,756 RX_ECHO ignored
2026-10-09 22:37:19,756 RX_ECHO ignored
2026-10-09 22:37:19,756 RX_ECHO ignored
2026-10-09 22:37:19,756 RX_ECHO ignored
2026-10-09 22:37:19,756 RX_ECHO ignored
2026-10-09 22:37:19,756 RX_ECHO ignored
2026-10-09 22:37:19,756 RX_ECHO ignored
2026-10-09 22:37:19,756 RX_ECHO ignored
2026-10-09 22:37:19,756 RX_ECHO ignored
2026-10-09 22:37:19,756 RX_ECHO ignored
2026-10-09 22:37:19,756 RX_ECHO ignored
2026-10-09 22:37:19,756 RX_ECHO ignored
2026-10-09 22:37:19,756 RX_ECHO ignored
2026-10-09 22:37:19,756 RX_ECHO ignored
2026-10-09 22:37:19,756 RX_ECHO ignored
2026-10-09 22:37:19,756 RX_ECHO ignored
2026-10-09 22:37:19,756 RX_ECHO ignored
2026-10-09 22:37:19,756 RX_ECHO ignored
2026-10-09 22:37:19,756 RX_ECHO ignored
2026-10-09 22:37:19,756 RX_ECHO ignored
2026-10-09 22:37:19,756 RX_ECHO ignored
2026-10-09 22:37:19,756 RX_ECHO ignored
2026-10-09 22:37:19,756 RX_ECHO ignored
2026-10-09 22:37:19,756 RX_ECHO ignored
2026-10-09 22:37:19,756 RX_ECHO ignored
2026-10-09 22:37:19,756 RX_ECHO ignored
2026-10-09 22:37:19,756 RX_ECHO ignored
2026-10-09 22:37:19,756 RX_ECHO ignored
2026-10-09 22:37:19,756 RX_ECHO ignored
2026-10-09 22:37:19,756 RX_ECHO ignored
2026-10-09 22:37:19,756 RX_ECHO ignored
2026-10-09 22:37:19,756 RX_ECHO ignored
2026-10-09 22:37:19,756 RX_ECHO ignored
2026-10-09 22:37:19,756 RX_ECHO ignored
2026-10-09 22:37:19,756 RX_ECHO ignored
2026-10-09 22:37:19,756 RX_ECHO ignored
2026-10-09 22:37:19,756 RX_ECHO ignored
2026-10-09 22:37:19,756 RX_ECHO ignored
2026-10-09 22:37:19,756 RX_ECHO ignored
2026-10-09 22:37:19,757 RX_ECHO ignored
2026-10-09 22:37:19,757 RX_ECHO ignored
2026-10-09 22:37:19,757 RX_ECHO ignored
2026-10-09 22:37:19,757 RX_ECHO ignored
2026-10-09 22:37:19,757 RX_ECHO ignored
2026-10-09 22:37:19,757 RX_ECHO ignored
2026-10-09 22:37:19,757 RX_ECHO ignored
2026-10-09 22:37:19,757 RX_ECHO ignored
2026-10-09 22:37:19,757 RX_ECHO ignored
2026-10-09 22:37:19,757 RX_ECHO ignored
2026-10-09 22:37:19,757 RX_ECHO ignored
2026-10-09 22:37:19,757 RX_ECHO ignored
2026-10-09 22:37:19,757 RX_ECHO ignored
2026-10-09 22:37:19,757 RX_ECHO ignored
2026-10-09 22:37:19,757 RX_ECHO ignored
2026-10-09 22:37:19,757 RX_ECHO ignored
2026-10-09 22:37:19,757 RX_ECHO ignored
2026-10-09 22:37:19,757 RX_ECHO ignored
2026-10-09 22:37:19,757 RX_ECHO ignored
2026-10-09 22:37:19,757 RX_ECHO ignored
2026-10-09 22:37:19,757 RX_ECHO ignored
2026-10-09 22:37:19,757 RX_ECHO ignored
2026-10-09 22:37:19,757 RX_ECHO ignored
2026-10-09 22:37:19,757 RX_ECHO ignored
2026-10-09 22:37:19,757 RX_ECHO ignored
2026-10-09 22:37:19,757 RX_ECHO ignored
2026-10-09 22:37:19,757 RX_ECHO ignored
2026-10-09 22:37:19,757 RX_ECHO ignored
2026-10-09 22:37:19,757 RX_ECHO ignored
2026-10-09 22:37:19,757 RX_ECHO ignored
2026-10-09 22:37:19,757 RX_ECHO ignored
2026-10-09 22:37:19,757 RX_ECHO ignored
2026-10-09 22:37:19,757 RX_ECHO ignored
2026-10-09 22:37:19,757 RX_ECHO ignored
2026-10-09 22:37:19,757 RX_ECHO ignored
2026-10-09 22:37:19,758 RX_ECHO ignored
2026-10-09 22:37:19,758 RX_ECHO ignored
2026-10-09 22:37:20,560 RX_ECHO ignored
2026-10-09 22:37:20,692 RX_TIMEOUT service=81 partial=FF FF
2026-10-09 22:37:20,693 INIT attempt: no valid C1 with two key bytes
2026-10-09 22:37:20,693 INIT attempt 2/30
2026-10-09 22:37:21,054 INIT wakeup 0x00 sent, gap=57.4 ms (not wire measurement)
2026-10-09 22:37:21,054 TX 81 B1 F1 81 A4
2026-10-09 22:37:21,065 RX_ECHO ignored
2026-10-09 22:37:21,934 RX_ECHO ignored
2026-10-09 22:37:22,063 RX_TIMEOUT service=81 partial=
2026-10-09 22:37:22,064 INIT attempt: no valid C1 with two key bytes
2026-10-09 22:37:22,064 INIT attempt 3/30
2026-10-09 22:37:22,425 INIT wakeup 0x00 sent, gap=57.4 ms (not wire measurement)
2026-10-09 22:37:22,426 TX 81 B1 F1 81 A4
2026-10-09 22:37:22,436 RX_ECHO ignored
2026-10-09 22:37:23,299 RX_ECHO ignored
2026-10-09 22:37:23,325 RX 83 F1 B1 C1 D9 8F 4E
2026-10-09 22:37:23,325 INIT success key_bytes=D9 8F
2026-10-09 22:37:23,381 TX 82 B1 F1 21 01 46
2026-10-09 22:37:23,391 RX_ECHO ignored
2026-10-09 22:37:23,450 RX 8B F1 B1 61 01 92 C2 81 9A 94 B0 00 00 00 42
2026-10-09 22:37:23,450 PROBE success REAL_DATA 8B F1 B1 61 01 92 C2 81 9A 94 B0 00 00 00 42
