2026-10-09 18:40:44,392 LOG_FILE /Users/alex/IdeaProjects/ELM327wifi/captures/elm-20261009-184044-391894.log
2026-10-09 18:40:44,437 INIT begin target=B1 tester=F1 attempts=5
2026-10-09 18:40:44,437 INIT attempt 1/5
2026-10-09 18:40:44,795 INIT host low=26.939 ms high=25.008 ms (not wire measurements)
2026-10-09 18:40:44,796 TX 81 B1 F1 81 A4
2026-10-09 18:40:44,796 RX 81 F1 B1 C2 E5
2026-10-09 18:40:44,796 RX 81 F1 B1 C2 E5
2026-10-09 18:40:44,796 RX 81 F1 B1 C2 E5
2026-10-09 18:40:44,796 RX 81 F1 B1 C2 E5
2026-10-09 18:40:44,796 RX 81 F1 B1 C2 E5
2026-10-09 18:40:44,796 RX 81 F1 B1 C2 E5
2026-10-09 18:40:44,796 RX 81 F1 B1 C2 E5
2026-10-09 18:40:44,796 RX 81 F1 B1 C2 E5
2026-10-09 18:40:44,796 RX 81 F1 B1 C2 E5
2026-10-09 18:40:44,796 RX 81 F1 B1 C2 E5
2026-10-09 18:40:44,796 RX 81 F1 B1 C2 E5
2026-10-09 18:40:44,796 RX 81 F1 B1 C2 E5
2026-10-09 18:40:44,796 RX 81 F1 B1 C2 E5
2026-10-09 18:40:44,796 RX 81 F1 B1 C2 E5
2026-10-09 18:40:44,796 RX 81 F1 B1 C2 E5
2026-10-09 18:40:44,796 RX 81 F1 B1 C2 E5
2026-10-09 18:40:44,796 RX 81 F1 B1 C2 E5
2026-10-09 18:40:44,796 RX 81 F1 B1 C2 E5
2026-10-09 18:40:44,797 RX 81 F1 B1 C2 E5
2026-10-09 18:40:44,797 RX 81 F1 B1 C2 E5
2026-10-09 18:40:44,797 RX 81 F1 B1 C2 E5
2026-10-09 18:40:44,797 RX 81 F1 B1 C2 E5
2026-10-09 18:40:44,797 RX 81 F1 B1 C2 E5
2026-10-09 18:40:44,797 RX 81 F1 B1 C2 E5
2026-10-09 18:40:44,797 RX 81 F1 B1 C2 E5
2026-10-09 18:40:44,797 RX 81 F1 B1 C2 E5
2026-10-09 18:40:44,797 RX 81 F1 B1 C2 E5
2026-10-09 18:40:44,797 RX 81 F1 B1 C2 E5
2026-10-09 18:40:44,797 RX 81 F1 B1 C2 E5
2026-10-09 18:40:44,797 RX 81 F1 B1 C2 E5
2026-10-09 18:40:44,797 RX 81 F1 B1 C2 E5
2026-10-09 18:40:44,797 RX 81 F1 B1 C2 E5
2026-10-09 18:40:44,797 RX 81 F1 B1 C2 E5
2026-10-09 18:40:44,797 RX 81 F1 B1 C2 E5
2026-10-09 18:40:44,797 RX 81 F1 B1 C2 E5
2026-10-09 18:40:44,797 RX 81 F1 B1 C2 E5
2026-10-09 18:40:44,797 RX 81 F1 B1 C2 E5
2026-10-09 18:40:44,797 RX 81 F1 B1 C2 E5
2026-10-09 18:40:44,797 RX 81 F1 B1 C2 E5
2026-10-09 18:40:44,797 RX 81 F1 B1 C2 E5
2026-10-09 18:40:44,797 RX 81 F1 B1 C2 E5
2026-10-09 18:40:44,797 RX 81 F1 B1 C2 E5
2026-10-09 18:40:44,797 RX 81 F1 B1 C2 E5
2026-10-09 18:40:44,797 RX 81 F1 B1 C2 E5
2026-10-09 18:40:44,797 RX 81 F1 B1 C2 E5
2026-10-09 18:40:44,797 RX 81 F1 B1 C2 E5
2026-10-09 18:40:44,797 RX 81 F1 B1 C2 E5
2026-10-09 18:40:44,797 RX 81 F1 B1 C2 E5
2026-10-09 18:40:44,797 RX 81 F1 B1 C2 E5
2026-10-09 18:40:44,797 RX 81 F1 B1 C2 E5
2026-10-09 18:40:44,797 RX 81 F1 B1 C2 E5
2026-10-09 18:40:44,797 RX 81 F1 B1 C2 E5
2026-10-09 18:40:44,797 RX 81 F1 B1 C2 E5
2026-10-09 18:40:44,797 RX 81 F1 B1 C2 E5
2026-10-09 18:40:44,797 RX 81 F1 B1 C2 E5
2026-10-09 18:40:44,797 RX 81 F1 B1 C2 E5
2026-10-09 18:40:44,797 RX 81 F1 B1 C2 E5
2026-10-09 18:40:44,797 RX 81 F1 B1 C2 E5
2026-10-09 18:40:44,797 RX 81 F1 B1 C2 E5
2026-10-09 18:40:44,797 RX 81 F1 B1 C2 E5
2026-10-09 18:40:44,798 RX 81 F1 B1 C2 E5
2026-10-09 18:40:44,798 RX 81 F1 B1 C2 E5
2026-10-09 18:40:44,798 RX 81 F1 B1 C2 E5
2026-10-09 18:40:44,798 RX 81 F1 B1 C2 E5
2026-10-09 18:40:44,798 RX 81 F1 B1 C2 E5
2026-10-09 18:40:44,798 RX 81 F1 B1 C2 E5
2026-10-09 18:40:44,798 RX 81 F1 B1 C2 E5
2026-10-09 18:40:44,798 RX 81 F1 B1 C2 E5
2026-10-09 18:40:44,798 RX 81 F1 B1 C2 E5
2026-10-09 18:40:44,798 RX 81 F1 B1 C2 E5
2026-10-09 18:40:44,798 RX 81 F1 B1 C2 E5
2026-10-09 18:40:44,798 RX 81 F1 B1 C2 E5
2026-10-09 18:40:44,798 RX 81 F1 B1 C2 E5
2026-10-09 18:40:44,798 RX 81 F1 B1 C2 E5
2026-10-09 18:40:44,798 RX 81 F1 B1 C2 E5
2026-10-09 18:40:44,798 RX 81 F1 B1 C2 E5
2026-10-09 18:40:44,798 RX 81 F1 B1 C2 E5
2026-10-09 18:40:44,798 RX 81 F1 B1 C2 E5
2026-10-09 18:40:44,798 RX 81 F1 B1 C2 E5
2026-10-09 18:40:44,798 RX 81 F1 B1 C2 E5
2026-10-09 18:40:44,798 RX 81 F1 B1 C2 E5
2026-10-09 18:40:44,798 RX 81 F1 B1 C2 E5
2026-10-09 18:40:44,798 RX 81 F1 B1 C2 E5
2026-10-09 18:40:44,798 RX 81 F1 B1 C2 E5
2026-10-09 18:40:44,798 RX 81 F1 B1 C2 E5
2026-10-09 18:40:44,798 RX 81 F1 B1 C2 E5
2026-10-09 18:40:44,798 RX 81 F1 B1 C2 E5
2026-10-09 18:40:44,798 RX 81 F1 B1 C2 E5
2026-10-09 18:40:44,798 RX 81 F1 B1 C2 E5
2026-10-09 18:40:44,798 RX 81 F1 B1 C2 E5
2026-10-09 18:40:44,798 RX 81 F1 B1 C2 E5
2026-10-09 18:40:44,798 RX 81 F1 B1 C2 E5
2026-10-09 18:40:44,798 RX 81 F1 B1 C2 E5
2026-10-09 18:40:44,798 RX 81 F1 B1 C2 E5
2026-10-09 18:40:44,798 RX 81 F1 B1 C2 E5
2026-10-09 18:40:44,798 RX 81 F1 B1 C2 E5
2026-10-09 18:40:44,798 RX 81 F1 B1 C2 E5
2026-10-09 18:40:44,798 RX 81 F1 B1 C2 E5
2026-10-09 18:40:44,798 RX 81 F1 B1 C2 E5
2026-10-09 18:40:44,798 RX 81 F1 B1 C2 E5
2026-10-09 18:40:44,798 RX 81 F1 B1 C2 E5
2026-10-09 18:40:44,798 RX 81 F1 B1 C2 E5
2026-10-09 18:40:44,799 RX 81 F1 B1 C2 E5
2026-10-09 18:40:44,799 RX 81 F1 B1 C2 E5
2026-10-09 18:40:44,799 RX 81 F1 B1 C2 E5
2026-10-09 18:40:44,799 RX 81 F1 B1 C2 E5
2026-10-09 18:40:44,799 RX 81 F1 B1 C2 E5
2026-10-09 18:40:44,799 RX 81 F1 B1 C2 E5
2026-10-09 18:40:44,799 RX 81 F1 B1 C2 E5
2026-10-09 18:40:44,799 RX 81 F1 B1 C2 E5
2026-10-09 18:40:44,799 RX 81 F1 B1 C2 E5
2026-10-09 18:40:44,799 RX 81 F1 B1 C2 E5
2026-10-09 18:40:44,799 RX 81 F1 B1 C2 E5
2026-10-09 18:40:44,799 RX 81 F1 B1 C2 E5
2026-10-09 18:40:44,799 RX 81 F1 B1 C2 E5
2026-10-09 18:40:44,799 RX 81 F1 B1 C2 E5
2026-10-09 18:40:44,799 RX 81 F1 B1 C2 E5
2026-10-09 18:40:44,799 RX 81 F1 B1 C2 E5
2026-10-09 18:40:44,799 RX 81 F1 B1 C2 E5
2026-10-09 18:40:44,799 RX 81 F1 B1 C2 E5
2026-10-09 18:40:44,799 RX 81 F1 B1 C2 E5
2026-10-09 18:40:44,799 RX 81 F1 B1 C2 E5
2026-10-09 18:40:44,799 RX 81 F1 B1 C2 E5
2026-10-09 18:40:44,799 RX 81 F1 B1 C2 E5
2026-10-09 18:40:44,799 RX 81 F1 B1 C2 E5
2026-10-09 18:40:44,799 RX 81 F1 B1 C2 E5
2026-10-09 18:40:44,799 RX 81 F1 B1 C2 E5
2026-10-09 18:40:44,799 RX 81 F1 B1 C2 E5
2026-10-09 18:40:44,799 RX 81 F1 B1 C2 E5
2026-10-09 18:40:44,799 RX 81 F1 B1 C2 E5
2026-10-09 18:40:44,799 RX 81 F1 B1 C2 E5
2026-10-09 18:40:44,799 RX 81 F1 B1 C2 E5
2026-10-09 18:40:44,799 RX 81 F1 B1 C2 E5
2026-10-09 18:40:44,799 RX 81 F1 B1 C2 E5
2026-10-09 18:40:44,799 RX 81 F1 B1 C2 E5
2026-10-09 18:40:44,799 RX 81 F1 B1 C2 E5
2026-10-09 18:40:44,799 RX 81 F1 B1 C2 E5
2026-10-09 18:40:44,799 RX 81 F1 B1 C2 E5
2026-10-09 18:40:44,799 RX 81 F1 B1 C2 E5
2026-10-09 18:40:44,799 RX 81 F1 B1 C2 E5
2026-10-09 18:40:44,799 RX 81 F1 B1 C2 E5
2026-10-09 18:40:44,799 RX 81 F1 B1 C2 E5
2026-10-09 18:40:44,799 RX 81 F1 B1 C2 E5
2026-10-09 18:40:44,799 RX 81 F1 B1 C2 E5
2026-10-09 18:40:44,799 RX 81 F1 B1 C2 E5
2026-10-09 18:40:44,799 RX 81 F1 B1 C2 E5
2026-10-09 18:40:44,799 RX 81 F1 B1 C2 E5
2026-10-09 18:40:44,799 RX 81 F1 B1 C2 E5
2026-10-09 18:40:44,800 RX 81 F1 B1 C2 E5
2026-10-09 18:40:44,800 RX 81 F1 B1 C2 E5
2026-10-09 18:40:44,800 RX 81 F1 B1 C2 E5
2026-10-09 18:40:44,800 RX 81 F1 B1 C2 E5
2026-10-09 18:40:44,800 RX 81 F1 B1 C2 E5
2026-10-09 18:40:44,800 RX 81 F1 B1 C2 E5
2026-10-09 18:40:44,800 RX 81 F1 B1 C2 E5
2026-10-09 18:40:44,800 RX 81 F1 B1 C2 E5
2026-10-09 18:40:44,800 RX 81 F1 B1 C2 E5
2026-10-09 18:40:44,800 RX 81 F1 B1 C2 E5
2026-10-09 18:40:44,800 RX 81 F1 B1 C2 E5
2026-10-09 18:40:44,800 RX 81 F1 B1 C2 E5
2026-10-09 18:40:44,800 RX 81 F1 B1 C2 E5
2026-10-09 18:40:44,800 RX 81 F1 B1 C2 E5
2026-10-09 18:40:44,800 RX 81 F1 B1 C2 E5
2026-10-09 18:40:44,800 RX 81 F1 B1 C2 E5
2026-10-09 18:40:44,800 RX 81 F1 B1 C2 E5
2026-10-09 18:40:44,800 RX 81 F1 B1 C2 E5
2026-10-09 18:40:44,800 RX 81 F1 B1 C2 E5
2026-10-09 18:40:44,800 RX 81 F1 B1 C2 E5
2026-10-09 18:40:44,800 RX 81 F1 B1 C2 E5
2026-10-09 18:40:44,800 RX 81 F1 B1 C2 E5
2026-10-09 18:40:44,800 RX 81 F1 B1 C2 E5
2026-10-09 18:40:44,800 RX 81 F1 B1 C2 E5
2026-10-09 18:40:44,800 RX 81 F1 B1 C2 E5
2026-10-09 18:40:44,800 RX 81 F1 B1 C2 E5
2026-10-09 18:40:44,800 RX 81 F1 B1 C2 E5
2026-10-09 18:40:44,800 RX 81 F1 B1 C2 E5
2026-10-09 18:40:44,800 RX 81 F1 B1 C2 E5
2026-10-09 18:40:44,800 RX 81 F1 B1 C2 E5
2026-10-09 18:40:44,800 RX 81 F1 B1 C2 E5
2026-10-09 18:40:44,800 RX 81 F1 B1 C2 E5
2026-10-09 18:40:44,800 RX 81 F1 B1 C2 E5
2026-10-09 18:40:44,800 RX 81 F1 B1 C2 E5
2026-10-09 18:40:44,800 RX 81 F1 B1 C2 E5
2026-10-09 18:40:44,800 RX 81 F1 B1 C2 E5
2026-10-09 18:40:44,800 RX 81 F1 B1 C2 E5
2026-10-09 18:40:44,800 RX 81 F1 B1 C2 E5
2026-10-09 18:40:44,800 RX 81 F1 B1 C2 E5
2026-10-09 18:40:44,800 RX 81 F1 B1 C2 E5
2026-10-09 18:40:44,800 RX 81 F1 B1 C2 E5
2026-10-09 18:40:44,800 RX 81 F1 B1 C2 E5
2026-10-09 18:40:44,800 RX 81 F1 B1 C2 E5
2026-10-09 18:40:44,800 RX 81 F1 B1 C2 E5
2026-10-09 18:40:44,801 RX 81 F1 B1 C2 E5
2026-10-09 18:40:44,801 RX 81 F1 B1 C2 E5
2026-10-09 18:40:44,801 RX 81 F1 B1 C2 E5
2026-10-09 18:40:44,801 RX 81 F1 B1 C2 E5
2026-10-09 18:40:44,801 RX 81 F1 B1 C2 E5
2026-10-09 18:40:44,801 RX 81 F1 B1 C2 E5
2026-10-09 18:40:44,801 RX 81 F1 B1 C2 E5
2026-10-09 18:40:44,801 RX 81 F1 B1 C2 E5
2026-10-09 18:40:44,801 RX 81 F1 B1 C2 E5
2026-10-09 18:40:44,801 RX 81 F1 B1 C2 E5
2026-10-09 18:40:44,801 RX 81 F1 B1 C2 E5
2026-10-09 18:40:44,801 RX 81 F1 B1 C2 E5
2026-10-09 18:40:44,801 RX 81 F1 B1 C2 E5
2026-10-09 18:40:44,801 RX 81 F1 B1 C2 E5
2026-10-09 18:40:44,801 RX 81 F1 B1 C2 E5
2026-10-09 18:40:44,801 RX 81 F1 B1 C2 E5
2026-10-09 18:40:44,801 RX 81 F1 B1 C2 E5
2026-10-09 18:40:44,801 RX 81 F1 B1 C2 E5
2026-10-09 18:40:44,801 RX 81 F1 B1 C2 E5
2026-10-09 18:40:44,801 RX 81 F1 B1 C2 E5
2026-10-09 18:40:44,801 RX 81 F1 B1 C2 E5
2026-10-09 18:40:44,801 RX 81 F1 B1 C2 E5
2026-10-09 18:40:44,801 RX 81 F1 B1 C2 E5
2026-10-09 18:40:44,801 RX 81 F1 B1 C2 E5
2026-10-09 18:40:44,801 RX 81 F1 B1 C2 E5
2026-10-09 18:40:44,801 RX 81 F1 B1 C2 E5
2026-10-09 18:40:44,801 RX 81 F1 B1 C2 E5
2026-10-09 18:40:44,801 RX 81 F1 B1 C2 E5
2026-10-09 18:40:44,801 RX 81 F1 B1 C2 E5
2026-10-09 18:40:44,801 RX 81 F1 B1 C2 E5
2026-10-09 18:40:44,801 RX 81 F1 B1 C2 E5
2026-10-09 18:40:44,801 RX 81 F1 B1 C2 E5
2026-10-09 18:40:44,801 RX 81 F1 B1 C2 E5
2026-10-09 18:40:44,801 RX 81 F1 B1 C2 E5
2026-10-09 18:40:44,801 RX 81 F1 B1 C2 E5
2026-10-09 18:40:44,801 RX 81 F1 B1 C2 E5
2026-10-09 18:40:44,801 RX 81 F1 B1 C2 E5
2026-10-09 18:40:44,801 RX 81 F1 B1 C2 E5
2026-10-09 18:40:44,801 RX 81 F1 B1 C2 E5
2026-10-09 18:40:44,801 RX 81 F1 B1 C2 E5
2026-10-09 18:40:44,801 RX 81 F1 B1 C2 E5
2026-10-09 18:40:44,802 RX 81 F1 B1 C2 E5
2026-10-09 18:40:44,802 RX 81 F1 B1 C2 E5
2026-10-09 18:40:44,802 RX 81 F1 B1 C2 E5
2026-10-09 18:40:44,802 RX 81 F1 B1 C2 E5
2026-10-09 18:40:44,802 RX 81 F1 B1 C2 E5
2026-10-09 18:40:44,802 RX 81 F1 B1 C2 E5
2026-10-09 18:40:44,802 RX 81 F1 B1 C2 E5
2026-10-09 18:40:44,802 RX 81 F1 B1 C2 E5
2026-10-09 18:40:44,802 RX 81 F1 B1 C2 E5
2026-10-09 18:40:44,802 RX 81 F1 B1 C2 E5
2026-10-09 18:40:44,802 RX 81 F1 B1 C2 E5
2026-10-09 18:40:44,802 RX 81 F1 B1 C2 E5
2026-10-09 18:40:44,802 RX 81 F1 B1 C2 E5
2026-10-09 18:40:44,802 RX 81 F1 B1 C2 E5
2026-10-09 18:40:44,802 RX 81 F1 B1 C2 E5
2026-10-09 18:40:44,802 RX 81 F1 B1 C2 E5
2026-10-09 18:40:44,802 RX 81 F1 B1 C2 E5
2026-10-09 18:40:44,802 RX 81 F1 B1 C2 E5
2026-10-09 18:40:44,802 RX 81 F1 B1 C2 E5
2026-10-09 18:40:44,802 RX 81 F1 B1 C2 E5
2026-10-09 18:40:44,802 RX 81 F1 B1 C2 E5
2026-10-09 18:40:44,802 RX 81 F1 B1 C2 E5
2026-10-09 18:40:44,802 RX 81 F1 B1 C2 E5
2026-10-09 18:40:44,802 RX 81 F1 B1 C2 E5
2026-10-09 18:40:44,802 RX 81 F1 B1 C2 E5
2026-10-09 18:40:44,802 RX 81 F1 B1 C2 E5
2026-10-09 18:40:44,802 RX 81 F1 B1 C2 E5
2026-10-09 18:40:44,802 RX 81 F1 B1 C2 E5
2026-10-09 18:40:44,802 RX 81 F1 B1 C2 E5
2026-10-09 18:40:44,802 RX 81 F1 B1 C2 E5
2026-10-09 18:40:44,802 RX 81 F1 B1 C2 E5
2026-10-09 18:40:44,802 RX 81 F1 B1 C2 E5
2026-10-09 18:40:44,802 RX 81 F1 B1 C2 E5
2026-10-09 18:40:44,802 RX 81 F1 B1 C2 E5
2026-10-09 18:40:44,802 RX 81 F1 B1 C2 E5
2026-10-09 18:40:44,802 RX 81 F1 B1 C2 E5
2026-10-09 18:40:44,802 RX 81 F1 B1 C2 E5
2026-10-09 18:40:44,802 RX 81 F1 B1 C2 E5
2026-10-09 18:40:44,802 RX 81 F1 B1 C2 E5
2026-10-09 18:40:44,802 RX 81 F1 B1 C2 E5
2026-10-09 18:40:44,802 RX 81 F1 B1 C2 E5
2026-10-09 18:40:44,802 RX 81 F1 B1 C2 E5
2026-10-09 18:40:44,802 RX 81 F1 B1 C2 E5
2026-10-09 18:40:44,802 RX 81 F1 B1 C2 E5
2026-10-09 18:40:44,803 RX 81 F1 B1 C2 E5
2026-10-09 18:40:44,803 RX 81 F1 B1 C2 E5
2026-10-09 18:40:44,803 RX 81 F1 B1 C2 E5
2026-10-09 18:40:44,803 RX 81 F1 B1 C2 E5
2026-10-09 18:40:44,803 RX 81 F1 B1 C2 E5
2026-10-09 18:40:44,803 RX 81 F1 B1 C2 E5
2026-10-09 18:40:44,803 RX 81 F1 B1 C2 E5
2026-10-09 18:40:44,803 RX 81 F1 B1 C2 E5
2026-10-09 18:40:44,803 RX 81 F1 B1 C2 E5
2026-10-09 18:40:44,803 RX 81 F1 B1 C2 E5
2026-10-09 18:40:44,803 RX 81 F1 B1 C2 E5
2026-10-09 18:40:44,803 RX 81 F1 B1 C2 E5
2026-10-09 18:40:44,803 RX 81 F1 B1 C2 E5
2026-10-09 18:40:44,803 RX 81 F1 B1 C2 E5
2026-10-09 18:40:44,803 RX 81 F1 B1 C2 E5
2026-10-09 18:40:44,803 RX 81 F1 B1 C2 E5
2026-10-09 18:40:44,803 RX 81 F1 B1 C2 E5
2026-10-09 18:40:44,803 RX 81 F1 B1 C2 E5
2026-10-09 18:40:44,803 RX 81 F1 B1 C2 E5
2026-10-09 18:40:44,803 RX 81 F1 B1 C2 E5
2026-10-09 18:40:44,803 RX 81 F1 B1 C2 E5
2026-10-09 18:40:44,803 RX 81 F1 B1 C2 E5
2026-10-09 18:40:44,803 RX 81 F1 B1 C2 E5
2026-10-09 18:40:44,803 RX 81 F1 B1 C2 E5
2026-10-09 18:40:44,803 RX 81 F1 B1 C2 E5
2026-10-09 18:40:44,803 RX 81 F1 B1 C2 E5
2026-10-09 18:40:44,803 RX 81 F1 B1 C2 E5
2026-10-09 18:40:44,803 RX 81 F1 B1 C2 E5
2026-10-09 18:40:44,803 RX 81 F1 B1 C2 E5
2026-10-09 18:40:44,804 RX 81 F1 B1 C2 E5
2026-10-09 18:40:44,804 RX 81 F1 B1 C2 E5
2026-10-09 18:40:44,804 RX 81 F1 B1 C2 E5
2026-10-09 18:40:44,804 RX 81 F1 B1 C2 E5
2026-10-09 18:40:44,804 RX 81 F1 B1 C2 E5
2026-10-09 18:40:44,804 RX 81 F1 B1 C2 E5
2026-10-09 18:40:44,804 RX 81 F1 B1 C2 E5
2026-10-09 18:40:44,804 RX 81 F1 B1 C2 E5
2026-10-09 18:40:44,804 RX 81 F1 B1 C2 E5
2026-10-09 18:40:44,804 RX 81 F1 B1 C2 E5
2026-10-09 18:40:44,804 RX 81 F1 B1 C2 E5
2026-10-09 18:40:44,804 RX 81 F1 B1 C2 E5
2026-10-09 18:40:44,804 RX 81 F1 B1 C2 E5
2026-10-09 18:40:44,804 RX 81 F1 B1 C2 E5
2026-10-09 18:40:44,804 RX 81 F1 B1 C2 E5
2026-10-09 18:40:44,804 RX 81 F1 B1 C2 E5
2026-10-09 18:40:44,804 RX 81 F1 B1 C2 E5
2026-10-09 18:40:44,804 RX 81 F1 B1 C2 E5
2026-10-09 18:40:44,804 RX 81 F1 B1 C2 E5
2026-10-09 18:40:44,804 RX 81 F1 B1 C2 E5
2026-10-09 18:40:44,804 RX 81 F1 B1 C2 E5
2026-10-09 18:40:44,804 RX 81 F1 B1 C2 E5
2026-10-09 18:40:44,804 RX 81 F1 B1 C2 E5
2026-10-09 18:40:44,804 RX 81 F1 B1 C2 E5
2026-10-09 18:40:44,804 RX 81 F1 B1 C2 E5
2026-10-09 18:40:44,804 RX 81 F1 B1 C2 E5
2026-10-09 18:40:44,804 RX 81 F1 B1 C2 E5
2026-10-09 18:40:44,804 RX 81 F1 B1 C2 E5
2026-10-09 18:40:44,804 RX 81 F1 B1 C2 E5
2026-10-09 18:40:44,805 RX 81 F1 B1 C2 E5
2026-10-09 18:40:44,805 RX 81 F1 B1 C2 E5
2026-10-09 18:40:44,805 RX 81 F1 B1 C2 E5
2026-10-09 18:40:44,805 RX 81 F1 B1 C2 E5
2026-10-09 18:40:44,805 RX 81 F1 B1 C2 E5
2026-10-09 18:40:44,805 RX 81 F1 B1 C2 E5
2026-10-09 18:40:44,805 RX 81 F1 B1 C2 E5
2026-10-09 18:40:44,805 RX 81 F1 B1 C2 E5
2026-10-09 18:40:44,805 RX 81 F1 B1 C2 E5
2026-10-09 18:40:44,805 RX 81 F1 B1 C2 E5
2026-10-09 18:40:44,805 RX 81 F1 B1 C2 E5
2026-10-09 18:40:44,805 RX 81 F1 B1 C2 E5
2026-10-09 18:40:44,805 RX 81 F1 B1 C2 E5
2026-10-09 18:40:44,805 RX 81 F1 B1 C2 E5
2026-10-09 18:40:44,805 RX 81 F1 B1 C2 E5
2026-10-09 18:40:44,805 RX 81 F1 B1 C2 E5
2026-10-09 18:40:44,805 RX 81 F1 B1 C2 E5
2026-10-09 18:40:44,805 RX 81 F1 B1 C2 E5
2026-10-09 18:40:44,805 RX 81 F1 B1 C2 E5
2026-10-09 18:40:44,805 RX 81 F1 B1 C2 E5
2026-10-09 18:40:44,805 RX 81 F1 B1 C2 E5
2026-10-09 18:40:44,805 RX 81 F1 B1 C2 E5
2026-10-09 18:40:44,805 RX 81 F1 B1 C2 E5
2026-10-09 18:40:44,805 RX 81 F1 B1 C2 E5
2026-10-09 18:40:44,805 RX 81 F1 B1 C2 E5
2026-10-09 18:40:44,805 RX 81 F1 B1 C2 E5
2026-10-09 18:40:44,805 RX 81 F1 B1 C2 E5
2026-10-09 18:40:44,805 RX 81 F1 B1 C2 E5
2026-10-09 18:40:44,805 RX 81 F1 B1 C2 E5
2026-10-09 18:40:44,805 RX 81 F1 B1 C2 E5
2026-10-09 18:40:44,805 RX 81 F1 B1 C2 E5
2026-10-09 18:40:44,805 RX 81 F1 B1 C2 E5
2026-10-09 18:40:44,805 RX 81 F1 B1 C2 E5
2026-10-09 18:40:44,805 RX 81 F1 B1 C2 E5
2026-10-09 18:40:44,805 RX 81 F1 B1 C2 E5
2026-10-09 18:40:44,806 RX 81 F1 B1 C2 E5
2026-10-09 18:40:44,806 RX 81 F1 B1 C2 E5
2026-10-09 18:40:44,806 RX 81 F1 B1 C2 E5
2026-10-09 18:40:44,806 RX 81 F1 B1 C2 E5
2026-10-09 18:40:44,806 RX 81 F1 B1 C2 E5
2026-10-09 18:40:44,806 RX 81 F1 B1 C2 E5
2026-10-09 18:40:44,806 RX 81 F1 B1 C2 E5
2026-10-09 18:40:44,806 RX 81 F1 B1 C2 E5
2026-10-09 18:40:44,806 RX 81 F1 B1 C2 E5
2026-10-09 18:40:44,806 RX 81 F1 B1 C2 E5
2026-10-09 18:40:44,806 RX 81 F1 B1 C2 E5
2026-10-09 18:40:44,806 RX 81 F1 B1 C2 E5
2026-10-09 18:40:44,806 RX 81 F1 B1 C2 E5
2026-10-09 18:40:44,806 RX 81 F1 B1 C2 E5
2026-10-09 18:40:44,806 RX 81 F1 B1 C2 E5
2026-10-09 18:40:44,806 RX 81 F1 B1 C2 E5
2026-10-09 18:40:44,806 RX 81 F1 B1 C2 E5
2026-10-09 18:40:44,806 RX 81 F1 B1 C2 E5
2026-10-09 18:40:44,806 RX 81 F1 B1 C2 E5
2026-10-09 18:40:44,806 RX 81 F1 B1 C2 E5
2026-10-09 18:40:44,806 RX 81 F1 B1 C2 E5
2026-10-09 18:40:44,806 RX 81 F1 B1 C2 E5
2026-10-09 18:40:44,806 RX 81 F1 B1 C2 E5
2026-10-09 18:40:44,806 RX 81 F1 B1 C2 E5
2026-10-09 18:40:44,806 RX 81 F1 B1 C2 E5
2026-10-09 18:40:44,806 RX 81 F1 B1 C2 E5
2026-10-09 18:40:44,806 RX 81 F1 B1 C2 E5
2026-10-09 18:40:44,806 RX 81 F1 B1 C2 E5
2026-10-09 18:40:44,806 RX 81 F1 B1 C2 E5
2026-10-09 18:40:44,806 RX 81 F1 B1 C2 E5
2026-10-09 18:40:44,806 RX 81 F1 B1 C2 E5
2026-10-09 18:40:44,806 RX 81 F1 B1 C2 E5
2026-10-09 18:40:44,806 RX 81 F1 B1 C2 E5
2026-10-09 18:40:44,806 RX 81 F1 B1 C2 E5
2026-10-09 18:40:44,806 RX 81 F1 B1 C2 E5
2026-10-09 18:40:44,806 RX 81 F1 B1 C2 E5
2026-10-09 18:40:44,806 RX 81 F1 B1 C2 E5
2026-10-09 18:40:44,806 RX 81 F1 B1 C2 E5
2026-10-09 18:40:44,806 RX 81 F1 B1 C2 E5
2026-10-09 18:40:44,806 RX 81 F1 B1 C2 E5
2026-10-09 18:40:44,806 RX 81 F1 B1 C2 E5
2026-10-09 18:40:44,806 RX 81 F1 B1 C2 E5
2026-10-09 18:40:44,806 RX 81 F1 B1 C2 E5
2026-10-09 18:40:44,806 RX 81 F1 B1 C2 E5
2026-10-09 18:40:44,807 RX 81 F1 B1 C2 E5
2026-10-09 18:40:44,807 RX 81 F1 B1 C2 E5
2026-10-09 18:40:44,807 RX 81 F1 B1 C2 E5
2026-10-09 18:40:44,807 RX 81 F1 B1 C2 E5
2026-10-09 18:40:44,807 RX 81 F1 B1 C2 E5
2026-10-09 18:40:44,807 RX 81 F1 B1 C2 E5
2026-10-09 18:40:44,807 RX 81 F1 B1 C2 E5
2026-10-09 18:40:44,807 RX 81 F1 B1 C2 E5
2026-10-09 18:40:44,807 RX 81 F1 B1 C2 E5
2026-10-09 18:40:44,807 RX 81 F1 B1 C2 E5
2026-10-09 18:40:44,807 RX 81 F1 B1 C2 E5
2026-10-09 18:40:44,807 RX 81 F1 B1 C2 E5
2026-10-09 18:40:44,807 RX 81 F1 B1 C2 E5
2026-10-09 18:40:44,807 RX 81 F1 B1 C2 E5
2026-10-09 18:40:44,807 RX 81 F1 B1 C2 E5
2026-10-09 18:40:44,807 RX 81 F1 B1 C2 E5
2026-10-09 18:40:44,807 RX 81 F1 B1 C2 E5
2026-10-09 18:40:44,807 RX 81 F1 B1 C2 E5
2026-10-09 18:40:44,807 RX 81 F1 B1 C2 E5
2026-10-09 18:40:44,807 RX 81 F1 B1 C2 E5
2026-10-09 18:40:44,807 RX 81 F1 B1 C2 E5
2026-10-09 18:40:44,807 RX 81 F1 B1 C2 E5
2026-10-09 18:40:44,807 RX 81 F1 B1 C2 E5
2026-10-09 18:40:44,807 RX 81 F1 B1 C2 E5
2026-10-09 18:40:44,807 RX 81 F1 B1 C2 E5
2026-10-09 18:40:44,807 RX 81 F1 B1 C2 E5
2026-10-09 18:40:44,807 RX 81 F1 B1 C2 E5
2026-10-09 18:40:44,807 RX 81 F1 B1 C2 E5
2026-10-09 18:40:44,807 RX 81 F1 B1 C2 E5
2026-10-09 18:40:44,807 RX 81 F1 B1 C2 E5
2026-10-09 18:40:44,807 RX 81 F1 B1 C2 E5
2026-10-09 18:40:44,807 RX 81 F1 B1 C2 E5
2026-10-09 18:40:44,807 RX 81 F1 B1 C2 E5
2026-10-09 18:40:44,807 RX 81 F1 B1 C2 E5
2026-10-09 18:40:44,807 RX 81 F1 B1 C2 E5
2026-10-09 18:40:44,807 RX 81 F1 B1 C2 E5
2026-10-09 18:40:44,807 RX 81 F1 B1 C2 E5
2026-10-09 18:40:44,807 RX 81 F1 B1 C2 E5
2026-10-09 18:40:44,807 RX 81 F1 B1 C2 E5
2026-10-09 18:40:44,807 RX 81 F1 B1 C2 E5
2026-10-09 18:40:44,807 RX 81 F1 B1 C2 E5
2026-10-09 18:40:44,807 RX 81 F1 B1 C2 E5
2026-10-09 18:40:44,807 RX 81 F1 B1 C2 E5
2026-10-09 18:40:44,807 RX 81 F1 B1 C2 E5
2026-10-09 18:40:44,807 RX 81 F1 B1 C2 E5
2026-10-09 18:40:44,808 RX 81 F1 B1 C2 E5
2026-10-09 18:40:44,808 RX 81 F1 B1 C2 E5
2026-10-09 18:40:44,808 RX 81 F1 B1 C2 E5
2026-10-09 18:40:44,808 RX 81 F1 B1 C2 E5
2026-10-09 18:40:44,808 RX 81 F1 B1 C2 E5
2026-10-09 18:40:44,808 RX 81 F1 B1 C2 E5
2026-10-09 18:40:44,808 RX 81 F1 B1 C2 E5
2026-10-09 18:40:44,808 RX 81 F1 B1 C2 E5
2026-10-09 18:40:44,808 RX 81 F1 B1 C2 E5
2026-10-09 18:40:44,808 RX 81 F1 B1 C2 E5
2026-10-09 18:40:44,808 RX 81 F1 B1 C2 E5
2026-10-09 18:40:44,808 RX 81 F1 B1 C2 E5
2026-10-09 18:40:44,808 RX 81 F1 B1 C2 E5
2026-10-09 18:40:44,808 RX 81 F1 B1 C2 E5
2026-10-09 18:40:44,808 RX 81 F1 B1 C2 E5
2026-10-09 18:40:44,808 RX 81 F1 B1 C2 E5
2026-10-09 18:40:44,808 RX 81 F1 B1 C2 E5
2026-10-09 18:40:44,808 RX 81 F1 B1 C2 E5
2026-10-09 18:40:44,808 RX 81 F1 B1 C2 E5
2026-10-09 18:40:44,808 RX 81 F1 B1 C2 E5
2026-10-09 18:40:44,808 RX 81 F1 B1 C2 E5
2026-10-09 18:40:44,808 RX 81 F1 B1 C2 E5
2026-10-09 18:40:44,808 RX 81 F1 B1 C2 E5
2026-10-09 18:40:44,808 RX 81 F1 B1 C2 E5
2026-10-09 18:40:44,808 RX 81 F1 B1 C2 E5
2026-10-09 18:40:44,808 RX 81 F1 B1 C2 E5
2026-10-09 18:40:44,808 RX 81 F1 B1 C2 E5
2026-10-09 18:40:44,808 RX 81 F1 B1 C2 E5
2026-10-09 18:40:44,808 RX 81 F1 B1 C2 E5
2026-10-09 18:40:44,808 RX 81 F1 B1 C2 E5
2026-10-09 18:40:44,808 RX 81 F1 B1 C2 E5
2026-10-09 18:40:44,808 RX 81 F1 B1 C2 E5
2026-10-09 18:40:44,808 RX 81 F1 B1 C2 E5
2026-10-09 18:40:44,808 RX 81 F1 B1 C2 E5
2026-10-09 18:40:44,808 RX 81 F1 B1 C2 E5
2026-10-09 18:40:44,808 RX 81 F1 B1 C2 E5
2026-10-09 18:40:44,808 RX 81 F1 B1 C2 E5
2026-10-09 18:40:44,808 RX 81 F1 B1 C2 E5
2026-10-09 18:40:44,808 RX 81 F1 B1 C2 E5
2026-10-09 18:40:44,808 RX 81 F1 B1 C2 E5
2026-10-09 18:40:44,808 RX 81 F1 B1 C2 E5
2026-10-09 18:40:44,808 RX 81 F1 B1 C2 E5
2026-10-09 18:40:44,808 RX 81 F1 B1 C2 E5
2026-10-09 18:40:44,808 RX 81 F1 B1 C2 E5
2026-10-09 18:40:44,809 RX 81 F1 B1 C2 E5
2026-10-09 18:40:44,809 RX 81 F1 B1 C2 E5
2026-10-09 18:40:44,809 RX 81 F1 B1 C2 E5
2026-10-09 18:40:44,809 RX 81 F1 B1 C2 E5
2026-10-09 18:40:44,809 RX 81 F1 B1 C2 E5
2026-10-09 18:40:44,809 RX 81 F1 B1 C2 E5
2026-10-09 18:40:44,809 RX 81 F1 B1 C2 E5
2026-10-09 18:40:44,809 RX 81 F1 B1 C2 E5
2026-10-09 18:40:44,809 RX 81 F1 B1 C2 E5
2026-10-09 18:40:44,809 RX 81 F1 B1 C2 E5
2026-10-09 18:40:44,809 RX 81 F1 B1 C2 E5
2026-10-09 18:40:44,809 RX 81 F1 B1 C2 E5
2026-10-09 18:40:44,809 RX 81 F1 B1 C2 E5
2026-10-09 18:40:44,809 RX 81 F1 B1 C2 E5
2026-10-09 18:40:44,809 RX 81 F1 B1 C2 E5
2026-10-09 18:40:44,809 RX 81 F1 B1 C2 E5
2026-10-09 18:40:44,809 RX 81 F1 B1 C2 E5
2026-10-09 18:40:44,809 RX 81 F1 B1 C2 E5
2026-10-09 18:40:44,809 RX 81 F1 B1 C2 E5
2026-10-09 18:40:44,809 RX 81 F1 B1 C2 E5
2026-10-09 18:40:44,809 RX 81 F1 B1 C2 E5
2026-10-09 18:40:44,809 RX 81 F1 B1 C2 E5
2026-10-09 18:40:44,809 RX 81 F1 B1 C2 E5
2026-10-09 18:40:44,809 RX 81 F1 B1 C2 E5
2026-10-09 18:40:44,809 RX 81 F1 B1 C2 E5
2026-10-09 18:40:44,809 RX 81 F1 B1 C2 E5
2026-10-09 18:40:44,809 RX 81 F1 B1 C2 E5
2026-10-09 18:40:44,809 RX 81 F1 B1 C2 E5
2026-10-09 18:40:44,809 RX 81 F1 B1 C2 E5
2026-10-09 18:40:44,809 RX 81 F1 B1 C2 E5
2026-10-09 18:40:44,809 RX 81 F1 B1 C2 E5
2026-10-09 18:40:44,809 RX 81 F1 B1 C2 E5
2026-10-09 18:40:44,809 RX 81 F1 B1 C2 E5
2026-10-09 18:40:44,809 RX 81 F1 B1 C2 E5
2026-10-09 18:40:44,809 RX 81 F1 B1 C2 E5
2026-10-09 18:40:44,809 RX 81 F1 B1 C2 E5
2026-10-09 18:40:44,809 RX 81 F1 B1 C2 E5
2026-10-09 18:40:44,809 RX 81 F1 B1 C2 E5
2026-10-09 18:40:44,809 RX 81 F1 B1 C2 E5
2026-10-09 18:40:44,809 RX 81 F1 B1 C2 E5
2026-10-09 18:40:44,809 RX 81 F1 B1 C2 E5
2026-10-09 18:40:44,809 RX 81 F1 B1 C2 E5
2026-10-09 18:40:44,809 RX 81 F1 B1 C2 E5
2026-10-09 18:40:44,809 RX 81 F1 B1 C2 E5
2026-10-09 18:40:44,809 RX 81 F1 B1 C2 E5
2026-10-09 18:40:44,809 RX 81 F1 B1 C2 E5
2026-10-09 18:40:44,810 RX 81 F1 B1 C2 E5
2026-10-09 18:40:44,810 RX 81 F1 B1 C2 E5
2026-10-09 18:40:44,810 RX 81 F1 B1 C2 E5
2026-10-09 18:40:44,810 RX 81 F1 B1 C2 E5
2026-10-09 18:40:44,810 RX 81 F1 B1 C2 E5
2026-10-09 18:40:44,810 RX 81 F1 B1 C2 E5
2026-10-09 18:40:44,810 RX 81 F1 B1 C2 E5
2026-10-09 18:40:44,810 RX 81 F1 B1 C2 E5
2026-10-09 18:40:44,810 RX 81 F1 B1 C2 E5
2026-10-09 18:40:44,810 RX 81 F1 B1 C2 E5
2026-10-09 18:40:44,810 RX 81 F1 B1 C2 E5
2026-10-09 18:40:44,810 RX 81 F1 B1 C2 E5
2026-10-09 18:40:44,810 RX 81 F1 B1 C2 E5
2026-10-09 18:40:44,810 RX 81 F1 B1 C2 E5
2026-10-09 18:40:44,810 RX 81 F1 B1 C2 E5
2026-10-09 18:40:44,810 RX 81 F1 B1 C2 E5
2026-10-09 18:40:44,810 RX 81 F1 B1 C2 E5
2026-10-09 18:40:44,810 RX 81 F1 B1 C2 E5
2026-10-09 18:40:44,810 RX 81 F1 B1 C2 E5
2026-10-09 18:40:44,810 RX 81 F1 B1 C2 E5
2026-10-09 18:40:44,810 RX 81 F1 B1 C2 E5
2026-10-09 18:40:44,810 RX 81 F1 B1 C2 E5
2026-10-09 18:40:44,810 RX 81 F1 B1 C2 E5
2026-10-09 18:40:44,810 RX 81 F1 B1 C2 E5
2026-10-09 18:40:44,810 RX 81 F1 B1 C2 E5
2026-10-09 18:40:44,810 RX 81 F1 B1 C2 E5
2026-10-09 18:40:44,810 RX 81 F1 B1 C2 E5
2026-10-09 18:40:44,810 RX 81 F1 B1 C2 E5
2026-10-09 18:40:44,810 RX 81 F1 B1 C2 E5
2026-10-09 18:40:44,810 RX 81 F1 B1 C2 E5
2026-10-09 18:40:44,810 RX 81 F1 B1 C2 E5
2026-10-09 18:40:44,810 RX 81 F1 B1 C2 E5
2026-10-09 18:40:44,810 RX 81 F1 B1 C2 E5
2026-10-09 18:40:44,810 RX 81 F1 B1 C2 E5
2026-10-09 18:40:44,810 RX 81 F1 B1 C2 E5
2026-10-09 18:40:44,810 RX 81 F1 B1 C2 E5
2026-10-09 18:40:44,810 RX 81 F1 B1 C2 E5
2026-10-09 18:40:44,810 RX 81 F1 B1 C2 E5
2026-10-09 18:40:44,810 RX 81 F1 B1 C2 E5
2026-10-09 18:40:44,810 RX 81 F1 B1 C2 E5
2026-10-09 18:40:44,810 RX 81 F1 B1 C2 E5
2026-10-09 18:40:44,810 RX 81 F1 B1 C2 E5
2026-10-09 18:40:44,810 RX 81 F1 B1 C2 E5
2026-10-09 18:40:44,810 RX 81 F1 B1 C2 E5
2026-10-09 18:40:44,810 RX 81 F1 B1 C2 E5
2026-10-09 18:40:44,810 RX 81 F1 B1 C2 E5
2026-10-09 18:40:44,810 RX 81 F1 B1 C2 E5
2026-10-09 18:40:44,810 RX 81 F1 B1 C2 E5
2026-10-09 18:40:44,810 RX 81 F1 B1 C2 E5
2026-10-09 18:40:44,811 RX 81 F1 B1 C2 E5
2026-10-09 18:40:44,811 RX 81 F1 B1 C2 E5
2026-10-09 18:40:44,811 RX 81 F1 B1 C2 E5
2026-10-09 18:40:44,811 RX 81 F1 B1 C2 E5
2026-10-09 18:40:44,811 RX 81 F1 B1 C2 E5
2026-10-09 18:40:44,811 RX 81 F1 B1 C2 E5
2026-10-09 18:40:44,811 RX 81 F1 B1 C2 E5
2026-10-09 18:40:44,811 RX 81 F1 B1 C2 E5
2026-10-09 18:40:44,811 RX 81 F1 B1 C2 E5
2026-10-09 18:40:44,811 RX 81 F1 B1 C2 E5
2026-10-09 18:40:44,811 RX 81 F1 B1 C2 E5
2026-10-09 18:40:44,811 RX 81 F1 B1 C2 E5
2026-10-09 18:40:44,811 RX 81 F1 B1 C2 E5
2026-10-09 18:40:44,811 RX 81 F1 B1 C2 E5
2026-10-09 18:40:44,811 RX 81 F1 B1 C2 E5
2026-10-09 18:40:44,811 RX 81 F1 B1 C2 E5
2026-10-09 18:40:44,811 RX 81 F1 B1 C2 E5
2026-10-09 18:40:44,811 RX 81 F1 B1 C2 E5
2026-10-09 18:40:44,811 RX 81 F1 B1 C2 E5
2026-10-09 18:40:44,811 RX 81 F1 B1 C2 E5
2026-10-09 18:40:44,811 RX 81 F1 B1 C2 E5
2026-10-09 18:40:44,811 RX 81 F1 B1 C2 E5
2026-10-09 18:40:44,811 RX 81 F1 B1 C2 E5
2026-10-09 18:40:44,811 RX 81 F1 B1 C2 E5
2026-10-09 18:40:44,811 RX 81 F1 B1 C2 E5
2026-10-09 18:40:44,811 RX 81 F1 B1 C2 E5
2026-10-09 18:40:44,811 RX 81 F1 B1 C2 E5
2026-10-09 18:40:44,811 RX 81 F1 B1 C2 E5
2026-10-09 18:40:44,811 RX 81 F1 B1 C2 E5
2026-10-09 18:40:44,811 RX 81 F1 B1 C2 E5
2026-10-09 18:40:44,811 RX 81 F1 B1 C2 E5
2026-10-09 18:40:44,811 RX 81 F1 B1 C2 E5
2026-10-09 18:40:44,811 RX 81 F1 B1 C2 E5
2026-10-09 18:40:44,811 RX 81 F1 B1 C2 E5
2026-10-09 18:40:44,811 RX 81 F1 B1 C2 E5
2026-10-09 18:40:44,811 RX 81 F1 B1 C2 E5
2026-10-09 18:40:44,811 RX 81 F1 B1 C2 E5
2026-10-09 18:40:44,811 RX 81 F1 B1 C2 E5
2026-10-09 18:40:44,811 RX 81 F1 B1 C2 E5
2026-10-09 18:40:44,811 RX 81 F1 B1 C2 E5
2026-10-09 18:40:44,811 RX 81 F1 B1 C2 E5
2026-10-09 18:40:44,811 RX 81 F1 B1 C2 E5
2026-10-09 18:40:44,811 RX 81 F1 B1 C2 E5
2026-10-09 18:40:44,811 RX 81 F1 B1 C2 E5
2026-10-09 18:40:44,811 RX 81 F1 B1 C2 E5
2026-10-09 18:40:44,811 RX 81 F1 B1 C2 E5
2026-10-09 18:40:44,811 RX 81 F1 B1 C2 E5
2026-10-09 18:40:44,811 RX 81 F1 B1 C2 E5
2026-10-09 18:40:44,812 RX 81 F1 B1 C2 E5
2026-10-09 18:40:44,812 RX 81 F1 B1 C2 E5
2026-10-09 18:40:44,812 RX 81 F1 B1 C2 E5
2026-10-09 18:40:44,812 RX 81 F1 B1 C2 E5
2026-10-09 18:40:44,812 RX 81 F1 B1 C2 E5
2026-10-09 18:40:44,812 RX 81 F1 B1 C2 E5
2026-10-09 18:40:44,812 RX 81 F1 B1 C2 E5
2026-10-09 18:40:44,812 RX 81 F1 B1 C2 E5
2026-10-09 18:40:44,812 RX 81 F1 B1 C2 E5
2026-10-09 18:40:44,812 RX 81 F1 B1 C2 E5
2026-10-09 18:40:44,812 RX 81 F1 B1 C2 E5
2026-10-09 18:40:44,812 RX 81 F1 B1 C2 E5
2026-10-09 18:40:44,812 RX 81 F1 B1 C2 E5
2026-10-09 18:40:44,812 RX 81 F1 B1 C2 E5
2026-10-09 18:40:44,812 RX 81 F1 B1 C2 E5
2026-10-09 18:40:44,812 RX 81 F1 B1 C2 E5
2026-10-09 18:40:44,812 RX 81 F1 B1 C2 E5
2026-10-09 18:40:44,812 RX 81 F1 B1 C2 E5
2026-10-09 18:40:44,812 RX 81 F1 B1 C2 E5
2026-10-09 18:40:44,812 RX 81 F1 B1 C2 E5
2026-10-09 18:40:44,812 RX 81 F1 B1 C2 E5
2026-10-09 18:40:44,812 RX 81 F1 B1 C2 E5
2026-10-09 18:40:44,812 RX 81 F1 B1 C2 E5
2026-10-09 18:40:44,812 RX 81 F1 B1 C2 E5
2026-10-09 18:40:44,812 RX 81 F1 B1 C2 E5
2026-10-09 18:40:44,812 RX 81 F1 B1 C2 E5
2026-10-09 18:40:44,812 RX 81 F1 B1 C2 E5
2026-10-09 18:40:44,812 RX 81 F1 B1 C2 E5
2026-10-09 18:40:44,812 RX 81 F1 B1 C2 E5
2026-10-09 18:40:44,812 RX 81 F1 B1 C2 E5
2026-10-09 18:40:44,812 RX 81 F1 B1 C2 E5
2026-10-09 18:40:44,812 RX 81 F1 B1 C2 E5
2026-10-09 18:40:44,812 RX 81 F1 B1 C2 E5
2026-10-09 18:40:44,812 RX 81 F1 B1 C2 E5
2026-10-09 18:40:44,812 RX 81 F1 B1 C2 E5
2026-10-09 18:40:44,812 RX 81 F1 B1 C2 E5
2026-10-09 18:40:44,812 RX 81 F1 B1 C2 E5
2026-10-09 18:40:44,812 RX 81 F1 B1 C2 E5
2026-10-09 18:40:44,812 RX 81 F1 B1 C2 E5
2026-10-09 18:40:44,812 RX 81 F1 B1 C2 E5
2026-10-09 18:40:44,812 RX 81 F1 B1 C2 E5
2026-10-09 18:40:44,812 RX 81 F1 B1 C2 E5
2026-10-09 18:40:44,813 RX 81 F1 B1 C2 E5
2026-10-09 18:40:44,813 RX 81 F1 B1 C2 E5
2026-10-09 18:40:44,813 RX 81 F1 B1 C2 E5
2026-10-09 18:40:44,813 RX 81 F1 B1 C2 E5
2026-10-09 18:40:44,813 RX 81 F1 B1 C2 E5
2026-10-09 18:40:44,813 RX 81 F1 B1 C2 E5
2026-10-09 18:40:44,813 RX 81 F1 B1 C2 E5
2026-10-09 18:40:44,813 RX 81 F1 B1 C2 E5
2026-10-09 18:40:44,813 RX 81 F1 B1 C2 E5
2026-10-09 18:40:44,813 RX 81 F1 B1 C2 E5
2026-10-09 18:40:44,813 RX 81 F1 B1 C2 E5
2026-10-09 18:40:44,813 RX 81 F1 B1 C2 E5
2026-10-09 18:40:44,813 RX 81 F1 B1 C2 E5
2026-10-09 18:40:44,813 RX 81 F1 B1 C2 E5
2026-10-09 18:40:44,813 RX 81 F1 B1 C2 E5
2026-10-09 18:40:44,813 RX 81 F1 B1 C2 E5
2026-10-09 18:40:44,813 RX 81 F1 B1 C2 E5
2026-10-09 18:40:44,813 RX 81 F1 B1 C2 E5
2026-10-09 18:40:44,813 RX 81 F1 B1 C2 E5
2026-10-09 18:40:44,813 RX 81 F1 B1 C2 E5
2026-10-09 18:40:44,813 RX 81 F1 B1 C2 E5
2026-10-09 18:40:44,813 RX 81 F1 B1 C2 E5
2026-10-09 18:40:44,813 RX 81 F1 B1 C2 E5
2026-10-09 18:40:44,813 RX 81 F1 B1 C2 E5
2026-10-09 18:40:44,813 RX 81 F1 B1 C2 E5
2026-10-09 18:40:44,813 RX 81 F1 B1 C2 E5
2026-10-09 18:40:44,813 RX 81 F1 B1 C2 E5
2026-10-09 18:40:44,813 RX 81 F1 B1 C2 E5
2026-10-09 18:40:44,813 RX 81 F1 B1 C2 E5
2026-10-09 18:40:44,813 RX 81 F1 B1 C2 E5
2026-10-09 18:40:44,813 RX 81 F1 B1 C2 E5
2026-10-09 18:40:44,813 RX 81 F1 B1 C2 E5
2026-10-09 18:40:44,813 RX 81 F1 B1 C2 E5
2026-10-09 18:40:44,813 RX 81 F1 B1 C2 E5
2026-10-09 18:40:44,813 RX 81 F1 B1 C2 E5
2026-10-09 18:40:44,813 RX 81 F1 B1 C2 E5
2026-10-09 18:40:44,813 RX 81 F1 B1 C2 E5
2026-10-09 18:40:44,813 RX 81 F1 B1 C2 E5
2026-10-09 18:40:44,813 RX 81 F1 B1 C2 E5
2026-10-09 18:40:44,813 RX 81 F1 B1 C2 E5
2026-10-09 18:40:44,813 RX 81 F1 B1 C2 E5
2026-10-09 18:40:44,813 RX 81 F1 B1 C2 E5
2026-10-09 18:40:44,813 RX 81 F1 B1 C2 E5
2026-10-09 18:40:44,813 RX 81 F1 B1 C2 E5
2026-10-09 18:40:44,813 RX 81 F1 B1 C2 E5
2026-10-09 18:40:44,813 RX 81 F1 B1 C2 E5
2026-10-09 18:40:44,813 RX 81 F1 B1 C2 E5
2026-10-09 18:40:44,813 RX 81 F1 B1 C2 E5
2026-10-09 18:40:44,814 RX 81 F1 B1 C2 E5
2026-10-09 18:40:44,814 RX 81 F1 B1 C2 E5
2026-10-09 18:40:44,814 RX 81 F1 B1 C2 E5
2026-10-09 18:40:44,814 RX 81 F1 B1 C2 E5
2026-10-09 18:40:44,814 RX 81 F1 B1 C2 E5
2026-10-09 18:40:44,814 RX 81 F1 B1 C2 E5
2026-10-09 18:40:44,814 RX 81 F1 B1 C2 E5
2026-10-09 18:40:44,814 RX 81 F1 B1 C2 E5
2026-10-09 18:40:44,814 RX 81 F1 B1 C2 E5
2026-10-09 18:40:44,814 RX 81 F1 B1 C2 E5
2026-10-09 18:40:44,814 RX 81 F1 B1 C2 E5
2026-10-09 18:40:44,814 RX 81 F1 B1 C2 E5
2026-10-09 18:40:44,814 RX 81 F1 B1 C2 E5
2026-10-09 18:40:44,814 RX 81 F1 B1 C2 E5
2026-10-09 18:40:44,814 RX 81 F1 B1 C2 E5
2026-10-09 18:40:44,814 RX 81 F1 B1 C2 E5
2026-10-09 18:40:44,814 RX 81 F1 B1 C2 E5
2026-10-09 18:40:44,814 RX 81 F1 B1 C2 E5
2026-10-09 18:40:44,814 RX 81 F1 B1 C2 E5
2026-10-09 18:40:44,814 RX 81 F1 B1 C2 E5
2026-10-09 18:40:44,814 RX 81 F1 B1 C2 E5
2026-10-09 18:40:44,814 RX 81 F1 B1 C2 E5
2026-10-09 18:40:44,814 RX 81 F1 B1 C2 E5
2026-10-09 18:40:44,814 RX 81 F1 B1 C2 E5
2026-10-09 18:40:44,814 RX 81 F1 B1 C2 E5
2026-10-09 18:40:44,814 RX 81 F1 B1 C2 E5
2026-10-09 18:40:44,814 RX 81 F1 B1 C2 E5
2026-10-09 18:40:44,814 RX 81 F1 B1 C2 E5
2026-10-09 18:40:44,814 RX 81 F1 B1 C2 E5
2026-10-09 18:40:44,814 RX 81 F1 B1 C2 E5
2026-10-09 18:40:44,814 RX 81 F1 B1 C2 E5
2026-10-09 18:40:44,814 RX 81 F1 B1 C2 E5
2026-10-09 18:40:44,814 RX 81 F1 B1 C2 E5
2026-10-09 18:40:44,814 RX 81 F1 B1 C2 E5
2026-10-09 18:40:44,814 RX 81 F1 B1 C2 E5
2026-10-09 18:40:44,814 RX 81 F1 B1 C2 E5
2026-10-09 18:40:44,814 RX 81 F1 B1 C2 E5
2026-10-09 18:40:44,815 RX 81 F1 B1 C2 E5
2026-10-09 18:40:44,815 RX 81 F1 B1 C2 E5
2026-10-09 18:40:44,815 RX 81 F1 B1 C2 E5
2026-10-09 18:40:44,815 RX 81 F1 B1 C2 E5
2026-10-09 18:40:44,815 RX 81 F1 B1 C2 E5
2026-10-09 18:40:44,815 RX 81 F1 B1 C2 E5
2026-10-09 18:40:44,815 RX 81 F1 B1 C2 E5
2026-10-09 18:40:44,815 RX 81 F1 B1 C2 E5
2026-10-09 18:40:44,815 RX 81 F1 B1 C2 E5
2026-10-09 18:40:44,815 RX 81 F1 B1 C2 E5
2026-10-09 18:40:44,815 RX 81 F1 B1 C2 E5
2026-10-09 18:40:44,815 RX 81 F1 B1 C2 E5
2026-10-09 18:40:44,815 RX 81 F1 B1 C2 E5
2026-10-09 18:40:44,815 RX 81 F1 B1 C2 E5
2026-10-09 18:40:44,815 RX 81 F1 B1 C2 E5
2026-10-09 18:40:44,815 RX 81 F1 B1 C2 E5
2026-10-09 18:40:44,815 RX 81 F1 B1 C2 E5
2026-10-09 18:40:44,815 RX 81 F1 B1 C2 E5
2026-10-09 18:40:44,815 RX 81 F1 B1 C2 E5
2026-10-09 18:40:44,815 RX 81 F1 B1 C2 E5
2026-10-09 18:40:44,815 RX 81 F1 B1 C2 E5
2026-10-09 18:40:44,815 RX 81 F1 B1 C2 E5
2026-10-09 18:40:44,815 RX 81 F1 B1 C2 E5
2026-10-09 18:40:44,815 RX 81 F1 B1 C2 E5
2026-10-09 18:40:44,815 RX 81 F1 B1 C2 E5
2026-10-09 18:40:44,815 RX 81 F1 B1 C2 E5
2026-10-09 18:40:44,815 RX 81 F1 B1 C2 E5
2026-10-09 18:40:44,815 RX 81 F1 B1 C2 E5
2026-10-09 18:40:44,815 RX 81 F1 B1 C2 E5
2026-10-09 18:40:44,815 RX 81 F1 B1 C2 E5
2026-10-09 18:40:44,815 RX 81 F1 B1 C2 E5
2026-10-09 18:40:44,815 RX 81 F1 B1 C2 E5
2026-10-09 18:40:44,815 RX 81 F1 B1 C2 E5
2026-10-09 18:40:44,815 RX 81 F1 B1 C2 E5
2026-10-09 18:40:44,815 RX 81 F1 B1 C2 E5
2026-10-09 18:40:44,815 RX 81 F1 B1 C2 E5
2026-10-09 18:40:44,816 RX 81 F1 B1 C2 E5
2026-10-09 18:40:44,816 RX 81 F1 B1 C2 E5
2026-10-09 18:40:44,816 RX 81 F1 B1 C2 E5
2026-10-09 18:40:44,816 RX 81 F1 B1 C2 E5
2026-10-09 18:40:44,816 RX 81 F1 B1 C2 E5
2026-10-09 18:40:44,816 RX 81 F1 B1 C2 E5
2026-10-09 18:40:44,816 RX 81 F1 B1 C2 E5
2026-10-09 18:40:44,816 RX 81 F1 B1 C2 E5
2026-10-09 18:40:44,816 RX 81 F1 B1 C2 E5
2026-10-09 18:40:44,816 RX 81 F1 B1 C2 E5
2026-10-09 18:40:44,816 RX 81 F1 B1 C2 E5
2026-10-09 18:40:44,816 RX 81 F1 B1 C2 E5
2026-10-09 18:40:44,816 RX 81 F1 B1 C2 E5
2026-10-09 18:40:44,816 RX 81 F1 B1 C2 E5
2026-10-09 18:40:44,816 RX 81 F1 B1 C2 E5
2026-10-09 18:40:44,816 RX 81 F1 B1 C2 E5
2026-10-09 18:40:44,816 RX 81 F1 B1 C2 E5
2026-10-09 18:40:44,816 RX 81 F1 B1 C2 E5
2026-10-09 18:40:44,816 RX 81 F1 B1 C2 E5
2026-10-09 18:40:44,816 RX 81 F1 B1 C2 E5
2026-10-09 18:40:44,816 RX 81 F1 B1 C2 E5
2026-10-09 18:40:44,816 RX 81 F1 B1 C2 E5
2026-10-09 18:40:44,816 RX 81 F1 B1 C2 E5
2026-10-09 18:40:44,816 RX 81 F1 B1 C2 E5
2026-10-09 18:40:44,816 RX 81 F1 B1 C2 E5
2026-10-09 18:40:44,816 RX 81 F1 B1 C2 E5
2026-10-09 18:40:44,816 RX 81 F1 B1 C2 E5
2026-10-09 18:40:44,816 RX 81 F1 B1 C2 E5
2026-10-09 18:40:44,816 RX 81 F1 B1 C2 E5
2026-10-09 18:40:44,816 RX 81 F1 B1 C2 E5
2026-10-09 18:40:44,816 RX 81 F1 B1 C2 E5
2026-10-09 18:40:44,816 RX 81 F1 B1 C2 E5
2026-10-09 18:40:44,816 RX 81 F1 B1 C2 E5
2026-10-09 18:40:44,816 RX 81 F1 B1 C2 E5
2026-10-09 18:40:44,816 RX 81 F1 B1 C2 E5
2026-10-09 18:40:44,816 RX 81 F1 B1 C2 E5
2026-10-09 18:40:44,816 RX 81 F1 B1 C2 E5
2026-10-09 18:40:44,817 RX 81 F1 B1 C2 E5
2026-10-09 18:40:44,817 RX 81 F1 B1 C2 E5
2026-10-09 18:40:44,817 RX 81 F1 B1 C2 E5
2026-10-09 18:40:44,817 RX 81 F1 B1 C2 E5
2026-10-09 18:40:44,817 RX 81 F1 B1 C2 E5
2026-10-09 18:40:44,817 RX 81 F1 B1 C2 E5
2026-10-09 18:40:44,817 RX 81 F1 B1 C2 E5
2026-10-09 18:40:44,817 RX 81 F1 B1 C2 E5
2026-10-09 18:40:44,817 RX 81 F1 B1 C2 E5
2026-10-09 18:40:44,817 RX 81 F1 B1 C2 E5
2026-10-09 18:40:44,817 RX 81 F1 B1 C2 E5
2026-10-09 18:40:44,817 RX 81 F1 B1 C2 E5
2026-10-09 18:40:44,817 RX 81 F1 B1 C2 E5
2026-10-09 18:40:44,817 RX 81 F1 B1 C2 E5
2026-10-09 18:40:44,817 RX 81 F1 B1 C2 E5
2026-10-09 18:40:44,817 RX 81 F1 B1 C2 E5
2026-10-09 18:40:44,817 RX 81 F1 B1 C2 E5
2026-10-09 18:40:44,817 RX 81 F1 B1 C2 E5
2026-10-09 18:40:44,817 RX 81 F1 B1 C2 E5
2026-10-09 18:40:44,817 RX 81 F1 B1 C2 E5
2026-10-09 18:40:44,817 RX 81 F1 B1 C2 E5
2026-10-09 18:40:44,817 RX 81 F1 B1 C2 E5
2026-10-09 18:40:44,817 RX 81 F1 B1 C2 E5
2026-10-09 18:40:44,817 RX 81 F1 B1 C2 E5
2026-10-09 18:40:44,817 RX 81 F1 B1 C2 E5
2026-10-09 18:40:44,817 RX 81 F1 B1 C2 E5
2026-10-09 18:40:44,817 RX 81 F1 B1 C2 E5
2026-10-09 18:40:44,817 RX 81 F1 B1 C2 E5
2026-10-09 18:40:44,817 RX 81 F1 B1 C2 E5
2026-10-09 18:40:44,817 RX 81 F1 B1 C2 E5
2026-10-09 18:40:44,817 RX 81 F1 B1 C2 E5
2026-10-09 18:40:44,817 RX 81 F1 B1 C2 E5
2026-10-09 18:40:44,817 RX 81 F1 B1 C2 E5
2026-10-09 18:40:44,817 RX 81 F1 B1 C2 E5
2026-10-09 18:40:44,817 RX 81 F1 B1 C2 E5
2026-10-09 18:40:44,818 RX 81 F1 B1 C2 E5
2026-10-09 18:40:44,818 RX 81 F1 B1 C2 E5
2026-10-09 18:40:44,818 RX 81 F1 B1 C2 E5
2026-10-09 18:40:44,818 RX 81 F1 B1 C2 E5
2026-10-09 18:40:44,818 RX 81 F1 B1 C2 E5
2026-10-09 18:40:44,818 RX 81 F1 B1 C2 E5
2026-10-09 18:40:44,818 RX 81 F1 B1 C2 E5
2026-10-09 18:40:44,818 RX 81 F1 B1 C2 E5
2026-10-09 18:40:44,818 RX 81 F1 B1 C2 E5
2026-10-09 18:40:44,818 RX 81 F1 B1 C2 E5
2026-10-09 18:40:44,818 RX 81 F1 B1 C2 E5
2026-10-09 18:40:44,818 RX 81 F1 B1 C2 E5
2026-10-09 18:40:44,818 RX 81 F1 B1 C2 E5
2026-10-09 18:40:44,818 RX 81 F1 B1 C2 E5
2026-10-09 18:40:44,818 RX 81 F1 B1 C2 E5
2026-10-09 18:40:44,818 RX 81 F1 B1 C2 E5
2026-10-09 18:40:44,818 RX 81 F1 B1 C2 E5
2026-10-09 18:40:44,818 RX 81 F1 B1 C2 E5
2026-10-09 18:40:44,818 RX 81 F1 B1 C2 E5
2026-10-09 18:40:44,818 RX 81 F1 B1 C2 E5
2026-10-09 18:40:44,818 RX 81 F1 B1 C2 E5
2026-10-09 18:40:44,818 RX 81 F1 B1 C2 E5
2026-10-09 18:40:44,818 RX 81 F1 B1 C2 E5
2026-10-09 18:40:44,818 RX 81 F1 B1 C2 E5
2026-10-09 18:40:44,818 RX 81 F1 B1 C2 E5
2026-10-09 18:40:44,818 RX 81 F1 B1 C2 E5
2026-10-09 18:40:44,818 RX 81 F1 B1 C2 E5
2026-10-09 18:40:44,818 RX 81 F1 B1 C2 E5
2026-10-09 18:40:44,818 RX 81 F1 B1 C2 E5
2026-10-09 18:40:44,818 RX 81 F1 B1 C2 E5
2026-10-09 18:40:44,818 RX 81 F1 B1 C2 E5
2026-10-09 18:40:44,818 RX 81 F1 B1 C2 E5
2026-10-09 18:40:44,818 RX 81 F1 B1 C2 E5
2026-10-09 18:40:44,818 RX 81 F1 B1 C2 E5
2026-10-09 18:40:44,818 RX 81 F1 B1 C2 E5
2026-10-09 18:40:44,818 RX 81 F1 B1 C2 E5
2026-10-09 18:40:44,818 RX 81 F1 B1 C2 E5
2026-10-09 18:40:44,818 RX 81 F1 B1 C2 E5
2026-10-09 18:40:44,819 RX 81 F1 B1 C2 E5
2026-10-09 18:40:44,819 RX 81 F1 B1 C2 E5
2026-10-09 18:40:44,819 RX 81 F1 B1 C2 E5
2026-10-09 18:40:44,819 RX 81 F1 B1 C2 E5
2026-10-09 18:40:44,819 RX 81 F1 B1 C2 E5
2026-10-09 18:40:44,819 RX 81 F1 B1 C2 E5
2026-10-09 18:40:44,819 RX 81 F1 B1 C2 E5
2026-10-09 18:40:44,819 RX 81 F1 B1 C2 E5
2026-10-09 18:40:44,819 RX 81 F1 B1 C2 E5
2026-10-09 18:40:44,819 RX 81 F1 B1 C2 E5
2026-10-09 18:40:44,819 RX 81 F1 B1 C2 E5
2026-10-09 18:40:44,819 RX 81 F1 B1 C2 E5
2026-10-09 18:40:44,819 RX 81 F1 B1 C2 E5
2026-10-09 18:40:44,819 RX 81 F1 B1 C2 E5
2026-10-09 18:40:44,819 RX 81 F1 B1 C2 E5
2026-10-09 18:40:44,819 RX 81 F1 B1 C2 E5
2026-10-09 18:40:44,819 RX 81 F1 B1 C2 E5
2026-10-09 18:40:44,819 RX 81 F1 B1 C2 E5
2026-10-09 18:40:44,819 RX 81 F1 B1 C2 E5
2026-10-09 18:40:44,819 RX 81 F1 B1 C2 E5
2026-10-09 18:40:44,819 RX 81 F1 B1 C2 E5
2026-10-09 18:40:44,819 RX 81 F1 B1 C2 E5
2026-10-09 18:40:44,819 RX 81 F1 B1 C2 E5
2026-10-09 18:40:44,819 RX 81 F1 B1 C2 E5
2026-10-09 18:40:44,819 RX 81 F1 B1 C2 E5
2026-10-09 18:40:44,819 RX 81 F1 B1 C2 E5
2026-10-09 18:40:44,819 RX 81 F1 B1 C2 E5
2026-10-09 18:40:44,819 RX 81 F1 B1 C2 E5
2026-10-09 18:40:44,819 RX 81 F1 B1 C2 E5
2026-10-09 18:40:44,819 RX 81 F1 B1 C2 E5
2026-10-09 18:40:44,819 RX 81 F1 B1 C2 E5
2026-10-09 18:40:44,819 RX 81 F1 B1 C2 E5
2026-10-09 18:40:44,819 RX 81 F1 B1 C2 E5
2026-10-09 18:40:44,819 RX 81 F1 B1 C2 E5
2026-10-09 18:40:44,819 RX 81 F1 B1 C2 E5
2026-10-09 18:40:44,819 RX 81 F1 B1 C2 E5
2026-10-09 18:40:44,819 RX 81 F1 B1 C2 E5
2026-10-09 18:40:44,819 RX 81 F1 B1 C2 E5
2026-10-09 18:40:44,819 RX 81 F1 B1 C2 E5
2026-10-09 18:40:44,819 RX 81 F1 B1 C2 E5
2026-10-09 18:40:44,819 RX 81 F1 B1 C2 E5
2026-10-09 18:40:44,820 RX 81 F1 B1 C2 E5
2026-10-09 18:40:44,820 RX 81 F1 B1 C2 E5
2026-10-09 18:40:44,820 RX 81 F1 B1 C2 E5
2026-10-09 18:40:44,820 RX 81 F1 B1 C2 E5
2026-10-09 18:40:44,820 RX 81 F1 B1 C2 E5
2026-10-09 18:40:44,820 RX 81 F1 B1 C2 E5
2026-10-09 18:40:44,820 RX 81 F1 B1 C2 E5
2026-10-09 18:40:44,820 RX 81 F1 B1 C2 E5
2026-10-09 18:40:44,820 RX 81 F1 B1 C2 E5
2026-10-09 18:40:44,820 RX 81 F1 B1 C2 E5
2026-10-09 18:40:44,820 RX 81 F1 B1 C2 E5
2026-10-09 18:40:44,820 RX 81 F1 B1 C2 E5
2026-10-09 18:40:44,820 RX 81 F1 B1 C2 E5
2026-10-09 18:40:44,820 RX 81 F1 B1 C2 E5
2026-10-09 18:40:44,821 RX 81 F1 B1 C2 E5
2026-10-09 18:40:44,821 RX 81 F1 B1 C2 E5
2026-10-09 18:40:44,821 RX 81 F1 B1 C2 E5
2026-10-09 18:40:44,821 RX 81 F1 B1 C2 E5
2026-10-09 18:40:44,821 RX 81 F1 B1 C2 E5
2026-10-09 18:40:44,821 RX 81 F1 B1 C2 E5
2026-10-09 18:40:44,821 RX 81 F1 B1 C2 E5
2026-10-09 18:40:44,821 RX 81 F1 B1 C2 E5
2026-10-09 18:40:44,821 RX 81 F1 B1 C2 E5
2026-10-09 18:40:44,821 RX 81 F1 B1 C2 E5
2026-10-09 18:40:44,821 RX 81 F1 B1 C2 E5
2026-10-09 18:40:44,821 RX 81 F1 B1 C2 E5
2026-10-09 18:40:44,821 RX 81 F1 B1 C2 E5
2026-10-09 18:40:44,821 RX 81 F1 B1 C2 E5
2026-10-09 18:40:44,821 RX 81 F1 B1 C2 E5
2026-10-09 18:40:44,821 RX 81 F1 B1 C2 E5
2026-10-09 18:40:44,821 RX 81 F1 B1 C2 E5
2026-10-09 18:40:44,821 RX 81 F1 B1 C2 E5
2026-10-09 18:40:44,821 RX 81 F1 B1 C2 E5
2026-10-09 18:40:44,821 RX 81 F1 B1 C2 E5
2026-10-09 18:40:44,821 RX 81 F1 B1 C2 E5
2026-10-09 18:40:44,821 RX 81 F1 B1 C2 E5
2026-10-09 18:40:44,822 RX 81 F1 B1 C2 E5
2026-10-09 18:40:44,822 RX 81 F1 B1 C2 E5
2026-10-09 18:40:44,822 RX 81 F1 B1 C2 E5
2026-10-09 18:40:44,822 RX 81 F1 B1 C2 E5
2026-10-09 18:40:44,822 RX 81 F1 B1 C2 E5
2026-10-09 18:40:44,822 RX 81 F1 B1 C2 E5
2026-10-09 18:40:44,822 RX 81 F1 B1 C2 E5
2026-10-09 18:40:44,822 RX 81 F1 B1 C2 E5
2026-10-09 18:40:44,822 RX 81 F1 B1 C2 E5
2026-10-09 18:40:44,822 RX 81 F1 B1 C2 E5
2026-10-09 18:40:44,822 RX 81 F1 B1 C2 E5
2026-10-09 18:40:44,822 RX 81 F1 B1 C2 E5
2026-10-09 18:40:44,822 RX 81 F1 B1 C2 E5
2026-10-09 18:40:44,822 RX 81 F1 B1 C2 E5
2026-10-09 18:40:44,822 RX 81 F1 B1 C2 E5
2026-10-09 18:40:44,822 RX 81 F1 B1 C2 E5
2026-10-09 18:40:44,822 RX 81 F1 B1 C2 E5
2026-10-09 18:40:44,822 RX 81 F1 B1 C2 E5
2026-10-09 18:40:44,822 RX 81 F1 B1 C2 E5
2026-10-09 18:40:44,822 RX 81 F1 B1 C2 E5
2026-10-09 18:40:44,822 RX 81 F1 B1 C2 E5
2026-10-09 18:40:44,822 RX 81 F1 B1 C2 E5
2026-10-09 18:40:44,822 RX 81 F1 B1 C2 E5
2026-10-09 18:40:44,822 RX 81 F1 B1 C2 E5
2026-10-09 18:40:44,822 RX 81 F1 B1 C2 E5
2026-10-09 18:40:44,822 RX 81 F1 B1 C2 E5
2026-10-09 18:40:44,822 RX 81 F1 B1 C2 E5
2026-10-09 18:40:44,822 RX 81 F1 B1 C2 E5
2026-10-09 18:40:44,822 RX 81 F1 B1 C2 E5
2026-10-09 18:40:44,822 RX 81 F1 B1 C2 E5
2026-10-09 18:40:44,822 RX 81 F1 B1 C2 E5
2026-10-09 18:40:44,822 RX 81 F1 B1 C2 E5
2026-10-09 18:40:44,823 RX 81 F1 B1 C2 E5
2026-10-09 18:40:44,823 RX 81 F1 B1 C2 E5
2026-10-09 18:40:44,823 RX 81 F1 B1 C2 E5
2026-10-09 18:40:44,823 RX 81 F1 B1 C2 E5
2026-10-09 18:40:44,823 RX 81 F1 B1 C2 E5
2026-10-09 18:40:44,823 RX 81 F1 B1 C2 E5
2026-10-09 18:40:44,823 RX 81 F1 B1 C2 E5
2026-10-09 18:40:44,823 RX 81 F1 B1 C2 E5
2026-10-09 18:40:44,823 RX 81 F1 B1 C2 E5
2026-10-09 18:40:44,823 RX 81 F1 B1 C2 E5
2026-10-09 18:40:44,823 RX 81 F1 B1 C2 E5
2026-10-09 18:40:44,823 RX 81 F1 B1 C2 E5
2026-10-09 18:40:44,823 RX 81 F1 B1 C2 E5
2026-10-09 18:40:44,823 RX 81 F1 B1 C2 E5
2026-10-09 18:40:44,823 RX 81 F1 B1 C2 E5
2026-10-09 18:40:44,823 RX 81 F1 B1 C2 E5
2026-10-09 18:40:44,823 RX 81 F1 B1 C2 E5
2026-10-09 18:40:44,823 RX 81 F1 B1 C2 E5
2026-10-09 18:40:44,823 RX 81 F1 B1 C2 E5
2026-10-09 18:40:44,823 RX 81 F1 B1 C2 E5
2026-10-09 18:40:44,823 RX 81 F1 B1 C2 E5
2026-10-09 18:40:44,823 RX 81 F1 B1 C2 E5
2026-10-09 18:40:44,823 RX 81 F1 B1 C2 E5
2026-10-09 18:40:44,823 RX 81 F1 B1 C2 E5
2026-10-09 18:40:44,823 RX 81 F1 B1 C2 E5
2026-10-09 18:40:44,823 RX 81 F1 B1 C2 E5
2026-10-09 18:40:44,823 RX 81 F1 B1 C2 E5
2026-10-09 18:40:44,823 RX 81 F1 B1 C2 E5
2026-10-09 18:40:44,823 RX 81 F1 B1 C2 E5
2026-10-09 18:40:44,823 RX 81 F1 B1 C2 E5
2026-10-09 18:40:44,823 RX 81 F1 B1 C2 E5
2026-10-09 18:40:44,823 RX 81 F1 B1 C2 E5
2026-10-09 18:40:44,823 RX 81 F1 B1 C2 E5
2026-10-09 18:40:44,823 RX 81 F1 B1 C2 E5
2026-10-09 18:40:44,823 RX 81 F1 B1 C2 E5
2026-10-09 18:40:44,823 RX 81 F1 B1 C2 E5
2026-10-09 18:40:44,823 RX 81 F1 B1 C2 E5
2026-10-09 18:40:44,823 RX 81 F1 B1 C2 E5
2026-10-09 18:40:44,823 RX 81 F1 B1 C2 E5
2026-10-09 18:40:44,823 RX 81 F1 B1 C2 E5
2026-10-09 18:40:44,824 RX 81 F1 B1 C2 E5
2026-10-09 18:40:44,824 RX 81 F1 B1 C2 E5
2026-10-09 18:40:44,824 RX 81 F1 B1 C2 E5
2026-10-09 18:40:44,824 RX 81 F1 B1 C2 E5
2026-10-09 18:40:44,824 RX 81 F1 B1 C2 E5
2026-10-09 18:40:44,824 RX 81 F1 B1 C2 E5
2026-10-09 18:40:44,824 RX 81 F1 B1 C2 E5
2026-10-09 18:40:44,824 RX 81 F1 B1 C2 E5
2026-10-09 18:40:44,824 RX 81 F1 B1 C2 E5
2026-10-09 18:40:44,824 RX 81 F1 B1 C2 E5
2026-10-09 18:40:44,824 RX 81 F1 B1 C2 E5
2026-10-09 18:40:44,824 RX 81 F1 B1 C2 E5
2026-10-09 18:40:44,824 RX 81 F1 B1 C2 E5
2026-10-09 18:40:44,824 RX 81 F1 B1 C2 E5
2026-10-09 18:40:44,824 RX 81 F1 B1 C2 E5
2026-10-09 18:40:44,824 RX 81 F1 B1 C2 E5
2026-10-09 18:40:44,824 RX 81 F1 B1 C2 E5
2026-10-09 18:40:44,824 RX 81 F1 B1 C2 E5
2026-10-09 18:40:44,824 RX 81 F1 B1 C2 E5
2026-10-09 18:40:44,824 RX 81 F1 B1 C2 E5
2026-10-09 18:40:44,824 RX 81 F1 B1 C2 E5
2026-10-09 18:40:44,824 RX 81 F1 B1 C2 E5
2026-10-09 18:40:44,824 RX 81 F1 B1 C2 E5
2026-10-09 18:40:44,824 RX 81 F1 B1 C2 E5
2026-10-09 18:40:44,824 RX 81 F1 B1 C2 E5
2026-10-09 18:40:44,824 RX 81 F1 B1 C2 E5
2026-10-09 18:40:44,824 RX 81 F1 B1 C2 E5
2026-10-09 18:40:44,824 RX 81 F1 B1 C2 E5
2026-10-09 18:40:44,824 RX 81 F1 B1 C2 E5
2026-10-09 18:40:44,824 RX 81 F1 B1 C2 E5
2026-10-09 18:40:44,824 RX 81 F1 B1 C2 E5
2026-10-09 18:40:44,824 RX 81 F1 B1 C2 E5
2026-10-09 18:40:44,824 RX 81 F1 B1 C2 E5
2026-10-09 18:40:44,824 RX 81 F1 B1 C2 E5
2026-10-09 18:40:44,824 RX 81 F1 B1 C2 E5
2026-10-09 18:40:44,824 RX 81 F1 B1 C2 E5
2026-10-09 18:40:44,824 RX 81 F1 B1 C2 E5
2026-10-09 18:40:44,824 RX 81 F1 B1 C2 E5
2026-10-09 18:40:44,824 RX 81 F1 B1 C2 E5
2026-10-09 18:40:44,825 RX 81 F1 B1 C2 E5
2026-10-09 18:40:44,825 RX 81 F1 B1 C2 E5
2026-10-09 18:40:44,825 RX 81 F1 B1 C2 E5
2026-10-09 18:40:44,825 RX 81 F1 B1 C2 E5
2026-10-09 18:40:44,825 RX 81 F1 B1 C2 E5
2026-10-09 18:40:44,825 RX 81 F1 B1 C2 E5
2026-10-09 18:40:44,825 RX 81 F1 B1 C2 E5
2026-10-09 18:40:44,825 RX 81 F1 B1 C2 E5
2026-10-09 18:40:44,825 RX 81 F1 B1 C2 E5
2026-10-09 18:40:44,825 RX 81 F1 B1 C2 E5
2026-10-09 18:40:44,825 RX 81 F1 B1 C2 E5
2026-10-09 18:40:44,825 RX 81 F1 B1 C2 E5
2026-10-09 18:40:44,825 RX 81 F1 B1 C2 E5
2026-10-09 18:40:44,825 RX 81 F1 B1 C2 E5
2026-10-09 18:40:44,825 RX 81 F1 B1 C2 E5
2026-10-09 18:40:44,825 RX 81 F1 B1 C2 E5
2026-10-09 18:40:44,825 RX 81 F1 B1 C2 E5
2026-10-09 18:40:44,825 RX 81 F1 B1 C2 E5
2026-10-09 18:40:44,825 RX 81 F1 B1 C2 E5
2026-10-09 18:40:44,825 RX 81 F1 B1 C2 E5
2026-10-09 18:40:44,825 RX 81 F1 B1 C2 E5
2026-10-09 18:40:44,825 RX 81 F1 B1 C2 E5
2026-10-09 18:40:44,825 RX 81 F1 B1 C2 E5
2026-10-09 18:40:44,825 RX 81 F1 B1 C2 E5
2026-10-09 18:40:44,825 RX 81 F1 B1 C2 E5
2026-10-09 18:40:44,825 RX 81 F1 B1 C2 E5
2026-10-09 18:40:44,825 RX 81 F1 B1 C2 E5
2026-10-09 18:40:44,825 RX 81 F1 B1 C2 E5
2026-10-09 18:40:44,825 RX 81 F1 B1 C2 E5
2026-10-09 18:40:44,825 RX 81 F1 B1 C2 E5
2026-10-09 18:40:44,825 RX 81 F1 B1 C2 E5
2026-10-09 18:40:44,825 RX 81 F1 B1 C2 E5
2026-10-09 18:40:44,825 RX 81 F1 B1 C2 E5
2026-10-09 18:40:44,825 RX 81 F1 B1 C2 E5
2026-10-09 18:40:44,825 RX 81 F1 B1 C2 E5
2026-10-09 18:40:44,825 RX 81 F1 B1 C2 E5
2026-10-09 18:40:44,825 RX 81 F1 B1 C2 E5
2026-10-09 18:40:44,825 RX 81 F1 B1 C2 E5
2026-10-09 18:40:44,825 RX 81 F1 B1 C2 E5
2026-10-09 18:40:44,825 RX 81 F1 B1 C2 E5
2026-10-09 18:40:44,825 RX 81 F1 B1 C2 E5
2026-10-09 18:40:44,826 RX 81 F1 B1 C2 E5
2026-10-09 18:40:44,826 RX 81 F1 B1 C2 E5
2026-10-09 18:40:44,826 RX 81 F1 B1 C2 E5
2026-10-09 18:40:44,826 RX 81 F1 B1 C2 E5
2026-10-09 18:40:44,826 RX 81 F1 B1 C2 E5
2026-10-09 18:40:44,826 RX 81 F1 B1 C2 E5
2026-10-09 18:40:44,826 RX 81 F1 B1 C2 E5
2026-10-09 18:40:44,826 RX 81 F1 B1 C2 E5
2026-10-09 18:40:44,826 RX 81 F1 B1 C2 E5
2026-10-09 18:40:44,826 RX 81 F1 B1 C2 E5
2026-10-09 18:40:44,826 RX 81 F1 B1 C2 E5
2026-10-09 18:40:44,826 RX 81 F1 B1 C2 E5
2026-10-09 18:40:44,826 RX 81 F1 B1 C2 E5
2026-10-09 18:40:44,826 RX 81 F1 B1 C2 E5
2026-10-09 18:40:44,826 RX 81 F1 B1 C2 E5
2026-10-09 18:40:44,826 RX 81 F1 B1 C2 E5
2026-10-09 18:40:44,826 RX 81 F1 B1 C2 E5
2026-10-09 18:40:44,826 RX 81 F1 B1 C2 E5
2026-10-09 18:40:44,826 RX 81 F1 B1 C2 E5
2026-10-09 18:40:44,826 RX 81 F1 B1 C2 E5
2026-10-09 18:40:44,826 RX 81 F1 B1 C2 E5
2026-10-09 18:40:44,826 RX 81 F1 B1 C2 E5
2026-10-09 18:40:44,826 RX 81 F1 B1 C2 E5
2026-10-09 18:40:44,826 RX 81 F1 B1 C2 E5
2026-10-09 18:40:44,826 RX 81 F1 B1 C2 E5
2026-10-09 18:40:44,826 RX 81 F1 B1 C2 E5
2026-10-09 18:40:44,826 RX 81 F1 B1 C2 E5
2026-10-09 18:40:44,826 RX 81 F1 B1 C2 E5
2026-10-09 18:40:44,826 RX 81 F1 B1 C2 E5
2026-10-09 18:40:44,826 RX 81 F1 B1 C2 E5
2026-10-09 18:40:44,826 RX 81 F1 B1 C2 E5
2026-10-09 18:40:44,826 RX 81 F1 B1 C2 E5
2026-10-09 18:40:44,826 RX 81 F1 B1 C2 E5
2026-10-09 18:40:44,826 RX 81 F1 B1 C2 E5
2026-10-09 18:40:44,826 RX 81 F1 B1 C2 E5
2026-10-09 18:40:44,826 RX 81 F1 B1 C2 E5
2026-10-09 18:40:44,826 RX 81 F1 B1 C2 E5
2026-10-09 18:40:44,826 RX 81 F1 B1 C2 E5
2026-10-09 18:40:44,826 RX 81 F1 B1 C2 E5
2026-10-09 18:40:44,826 RX 81 F1 B1 C2 E5
2026-10-09 18:40:44,827 RX 81 F1 B1 C2 E5
2026-10-09 18:40:44,827 RX 81 F1 B1 C2 E5
2026-10-09 18:40:44,827 RX 81 F1 B1 C2 E5
2026-10-09 18:40:44,827 RX 81 F1 B1 C2 E5
2026-10-09 18:40:44,827 RX 81 F1 B1 C2 E5
2026-10-09 18:40:44,827 RX 81 F1 B1 C2 E5
2026-10-09 18:40:44,827 RX 81 F1 B1 C2 E5
2026-10-09 18:40:44,827 RX 81 F1 B1 C2 E5
2026-10-09 18:40:44,827 RX 81 F1 B1 C2 E5
2026-10-09 18:40:44,827 RX 81 F1 B1 C2 E5
2026-10-09 18:40:44,827 RX 81 F1 B1 C2 E5
2026-10-09 18:40:44,827 RX 81 F1 B1 C2 E5
2026-10-09 18:40:44,827 RX 81 F1 B1 C2 E5
2026-10-09 18:40:44,827 RX 81 F1 B1 C2 E5
2026-10-09 18:40:44,827 RX 81 F1 B1 C2 E5
2026-10-09 18:40:44,827 RX 81 F1 B1 C2 E5
2026-10-09 18:40:44,827 RX 81 F1 B1 C2 E5
2026-10-09 18:40:44,827 RX 81 F1 B1 C2 E5
2026-10-09 18:40:44,827 RX 81 F1 B1 C2 E5
2026-10-09 18:40:44,827 RX 81 F1 B1 C2 E5
2026-10-09 18:40:44,827 RX 81 F1 B1 C2 E5
2026-10-09 18:40:44,827 RX 81 F1 B1 C2 E5
2026-10-09 18:40:44,827 RX 81 F1 B1 C2 E5
2026-10-09 18:40:44,827 RX 81 F1 B1 C2 E5
2026-10-09 18:40:44,827 RX 81 F1 B1 C2 E5
2026-10-09 18:40:44,827 RX 81 F1 B1 C2 E5
2026-10-09 18:40:44,827 RX 81 F1 B1 C2 E5
2026-10-09 18:40:44,827 RX 81 F1 B1 C2 E5
2026-10-09 18:40:44,827 RX 81 F1 B1 C2 E5
2026-10-09 18:40:44,827 RX 81 F1 B1 C2 E5
2026-10-09 18:40:44,827 RX 81 F1 B1 C2 E5
2026-10-09 18:40:44,827 RX 81 F1 B1 C2 E5
2026-10-09 18:40:44,827 RX 81 F1 B1 C2 E5
2026-10-09 18:40:44,827 RX 81 F1 B1 C2 E5
2026-10-09 18:40:44,827 RX 81 F1 B1 C2 E5
2026-10-09 18:40:44,827 RX 81 F1 B1 C2 E5
2026-10-09 18:40:44,827 RX 81 F1 B1 C2 E5
2026-10-09 18:40:44,827 RX 81 F1 B1 C2 E5
2026-10-09 18:40:44,827 RX 81 F1 B1 C2 E5
2026-10-09 18:40:44,827 RX 81 F1 B1 C2 E5
2026-10-09 18:40:44,827 RX 81 F1 B1 C2 E5
2026-10-09 18:40:44,827 RX 81 F1 B1 C2 E5
2026-10-09 18:40:44,827 RX 81 F1 B1 C2 E5
2026-10-09 18:40:44,827 RX 81 F1 B1 C2 E5
2026-10-09 18:40:44,828 RX 81 F1 B1 C2 E5
2026-10-09 18:40:44,828 RX 81 F1 B1 C2 E5
2026-10-09 18:40:44,828 RX 81 F1 B1 C2 E5
2026-10-09 18:40:44,828 RX 81 F1 B1 C2 E5
2026-10-09 18:40:44,828 RX 81 F1 B1 C2 E5
2026-10-09 18:40:44,828 RX 81 F1 B1 C2 E5
2026-10-09 18:40:44,828 RX 81 F1 B1 C2 E5
2026-10-09 18:40:44,828 RX 81 F1 B1 C2 E5
2026-10-09 18:40:44,828 RX 81 F1 B1 C2 E5
2026-10-09 18:40:44,828 RX 81 F1 B1 C2 E5
2026-10-09 18:40:44,828 RX 81 F1 B1 C2 E5
2026-10-09 18:40:44,828 RX 81 F1 B1 C2 E5
2026-10-09 18:40:44,828 RX 81 F1 B1 C2 E5
2026-10-09 18:40:44,828 RX 81 F1 B1 C2 E5
2026-10-09 18:40:44,828 RX 81 F1 B1 C2 E5
2026-10-09 18:40:44,828 RX 81 F1 B1 C2 E5
2026-10-09 18:40:44,828 RX 81 F1 B1 C2 E5
2026-10-09 18:40:44,828 RX 81 F1 B1 C2 E5
2026-10-09 18:40:44,828 RX 81 F1 B1 C2 E5
2026-10-09 18:40:44,828 RX 81 F1 B1 C2 E5
2026-10-09 18:40:44,828 RX 81 F1 B1 C2 E5
2026-10-09 18:40:44,828 RX 81 F1 B1 C2 E5
2026-10-09 18:40:44,828 RX 81 F1 B1 C2 E5
2026-10-09 18:40:44,828 RX 81 F1 B1 C2 E5
2026-10-09 18:40:44,828 RX 81 F1 B1 C2 E5
2026-10-09 18:40:44,828 RX 81 F1 B1 C2 E5
2026-10-09 18:40:44,828 RX 81 F1 B1 C2 E5
2026-10-09 18:40:44,828 RX 81 F1 B1 C2 E5
2026-10-09 18:40:44,828 RX 81 F1 B1 C2 E5
2026-10-09 18:40:44,828 RX 81 F1 B1 C2 E5
2026-10-09 18:40:44,828 RX 81 F1 B1 C2 E5
2026-10-09 18:40:44,828 RX 81 F1 B1 C2 E5
2026-10-09 18:40:44,828 RX 81 F1 B1 C2 E5
2026-10-09 18:40:44,828 RX 81 F1 B1 C2 E5
2026-10-09 18:40:44,828 RX 81 F1 B1 C2 E5
2026-10-09 18:40:44,828 RX 81 F1 B1 C2 E5
2026-10-09 18:40:44,828 RX 81 F1 B1 C2 E5
2026-10-09 18:40:44,828 RX 81 F1 B1 C2 E5
2026-10-09 18:40:44,828 RX 81 F1 B1 C2 E5
2026-10-09 18:40:44,828 RX 81 F1 B1 C2 E5
2026-10-09 18:40:44,828 RX 81 F1 B1 C2 E5
2026-10-09 18:40:44,828 RX 81 F1 B1 C2 E5
2026-10-09 18:40:44,828 RX 81 F1 B1 C2 E5
2026-10-09 18:40:44,828 RX 81 F1 B1 C2 E5
2026-10-09 18:40:44,828 RX 81 F1 B1 C2 E5
2026-10-09 18:40:44,828 RX 81 F1 B1 C2 E5
2026-10-09 18:40:44,828 RX 81 F1 B1 C2 E5
2026-10-09 18:40:44,828 RX 81 F1 B1 C2 E5
2026-10-09 18:40:44,829 RX 81 F1 B1 C2 E5
2026-10-09 18:40:44,829 RX 81 F1 B1 C2 E5
2026-10-09 18:40:44,829 RX 81 F1 B1 C2 E5
2026-10-09 18:40:44,829 RX 81 F1 B1 C2 E5
2026-10-09 18:40:44,829 RX 81 F1 B1 C2 E5
2026-10-09 18:40:44,829 RX 81 F1 B1 C2 E5
2026-10-09 18:40:44,829 RX 81 F1 B1 C2 E5
2026-10-09 18:40:44,829 RX 81 F1 B1 C2 E5
2026-10-09 18:40:44,829 RX 81 F1 B1 C2 E5
2026-10-09 18:40:44,829 RX 81 F1 B1 C2 E5
2026-10-09 18:40:44,829 RX 81 F1 B1 C2 E5
2026-10-09 18:40:44,829 RX 81 F1 B1 C2 E5
2026-10-09 18:40:44,829 RX 81 F1 B1 C2 E5
2026-10-09 18:40:44,829 RX 81 F1 B1 C2 E5
2026-10-09 18:40:44,829 RX 81 F1 B1 C2 E5
2026-10-09 18:40:44,829 RX 81 F1 B1 C2 E5
2026-10-09 18:40:44,829 RX 81 F1 B1 C2 E5
2026-10-09 18:40:44,829 RX 81 F1 B1 C2 E5
2026-10-09 18:40:44,829 RX 81 F1 B1 C2 E5
2026-10-09 18:40:44,829 RX 81 F1 B1 C2 E5
2026-10-09 18:40:44,829 RX 81 F1 B1 C2 E5
2026-10-09 18:40:44,829 RX 81 F1 B1 C2 E5
2026-10-09 18:40:44,829 RX 81 F1 B1 C2 E5
2026-10-09 18:40:44,829 RX 81 F1 B1 C2 E5
2026-10-09 18:40:44,829 RX 81 F1 B1 C2 E5
2026-10-09 18:40:44,829 RX 81 F1 B1 C2 E5
2026-10-09 18:40:44,829 RX 81 F1 B1 C2 E5
2026-10-09 18:40:44,829 RX 81 F1 B1 C2 E5
2026-10-09 18:40:44,829 RX 81 F1 B1 C2 E5
2026-10-09 18:40:44,829 RX 81 F1 B1 C2 E5
2026-10-09 18:40:44,829 RX 81 F1 B1 C2 E5
2026-10-09 18:40:44,829 RX 81 F1 B1 C2 E5
2026-10-09 18:40:44,829 RX 81 F1 B1 C2 E5
2026-10-09 18:40:44,829 RX 81 F1 B1 C2 E5
2026-10-09 18:40:44,829 RX 81 F1 B1 C2 E5
2026-10-09 18:40:44,829 RX 81 F1 B1 C2 E5
2026-10-09 18:40:44,829 RX 81 F1 B1 C2 E5
2026-10-09 18:40:44,829 RX 81 F1 B1 C2 E5
2026-10-09 18:40:44,829 RX 81 F1 B1 C2 E5
2026-10-09 18:40:44,829 RX 81 F1 B1 C2 E5
2026-10-09 18:40:44,829 RX 81 F1 B1 C2 E5
2026-10-09 18:40:44,829 RX 81 F1 B1 C2 E5
2026-10-09 18:40:44,829 RX 81 F1 B1 C2 E5
2026-10-09 18:40:44,829 RX 81 F1 B1 C2 E5
2026-10-09 18:40:44,829 RX 81 F1 B1 C2 E5
2026-10-09 18:40:44,829 RX 81 F1 B1 C2 E5
2026-10-09 18:40:44,829 RX 81 F1 B1 C2 E5
2026-10-09 18:40:44,830 RX 81 F1 B1 C2 E5
2026-10-09 18:40:44,830 RX 81 F1 B1 C2 E5
2026-10-09 18:40:44,830 RX 81 F1 B1 C2 E5
2026-10-09 18:40:44,830 RX 81 F1 B1 C2 E5
2026-10-09 18:40:44,830 RX 81 F1 B1 C2 E5
2026-10-09 18:40:44,830 RX 81 F1 B1 C2 E5
2026-10-09 18:40:44,830 RX 81 F1 B1 C2 E5
2026-10-09 18:40:44,830 RX 81 F1 B1 C2 E5
2026-10-09 18:40:44,830 RX 81 F1 B1 C2 E5
2026-10-09 18:40:44,830 RX 81 F1 B1 C2 E5
2026-10-09 18:40:44,830 RX 81 F1 B1 C2 E5
2026-10-09 18:40:44,830 RX 81 F1 B1 C2 E5
2026-10-09 18:40:44,830 RX 81 F1 B1 C2 E5
2026-10-09 18:40:44,830 RX 81 F1 B1 C2 E5
2026-10-09 18:40:44,830 RX 81 F1 B1 C2 E5
2026-10-09 18:40:44,830 RX 81 F1 B1 C2 E5
2026-10-09 18:40:44,830 RX 81 F1 B1 C2 E5
2026-10-09 18:40:44,830 RX 81 F1 B1 C2 E5
2026-10-09 18:40:44,830 RX 81 F1 B1 C2 E5
2026-10-09 18:40:44,830 RX 81 F1 B1 C2 E5
2026-10-09 18:40:44,830 RX 81 F1 B1 C2 E5
2026-10-09 18:40:44,830 RX 81 F1 B1 C2 E5
2026-10-09 18:40:44,830 RX 81 F1 B1 C2 E5
2026-10-09 18:40:44,830 RX 81 F1 B1 C2 E5
2026-10-09 18:40:44,830 RX 81 F1 B1 C2 E5
2026-10-09 18:40:44,830 RX 81 F1 B1 C2 E5
2026-10-09 18:40:44,830 RX 81 F1 B1 C2 E5
2026-10-09 18:40:44,830 RX 81 F1 B1 C2 E5
2026-10-09 18:40:44,830 RX 81 F1 B1 C2 E5
2026-10-09 18:40:44,830 RX 81 F1 B1 C2 E5
2026-10-09 18:40:44,830 RX 81 F1 B1 C2 E5
2026-10-09 18:40:44,830 RX 81 F1 B1 C2 E5
2026-10-09 18:40:44,830 RX 81 F1 B1 C2 E5
2026-10-09 18:40:44,830 RX 81 F1 B1 C2 E5
2026-10-09 18:40:44,830 RX 81 F1 B1 C2 E5
2026-10-09 18:40:44,830 RX 81 F1 B1 C2 E5
2026-10-09 18:40:44,830 RX 81 F1 B1 C2 E5
2026-10-09 18:40:44,830 RX 81 F1 B1 C2 E5
2026-10-09 18:40:44,830 RX 81 F1 B1 C2 E5
2026-10-09 18:40:44,830 RX 81 F1 B1 C2 E5
2026-10-09 18:40:44,830 RX 81 F1 B1 C2 E5
2026-10-09 18:40:44,830 RX 81 F1 B1 C2 E5
2026-10-09 18:40:44,830 RX 81 F1 B1 C2 E5
2026-10-09 18:40:44,830 RX 81 F1 B1 C2 E5
2026-10-09 18:40:44,830 RX 81 F1 B1 C2 E5
2026-10-09 18:40:44,830 RX 81 F1 B1 C2 E5
2026-10-09 18:40:44,830 RX 81 F1 B1 C2 E5
2026-10-09 18:40:44,830 RX 81 F1 B1 C2 E5
2026-10-09 18:40:44,830 RX 81 F1 B1 C2 E5
2026-10-09 18:40:44,830 RX 81 F1 B1 C2 E5
2026-10-09 18:40:44,830 RX 81 F1 B1 C2 E5
2026-10-09 18:40:44,830 RX 81 F1 B1 C2 E5
2026-10-09 18:40:44,830 RX 81 F1 B1 C2 E5
2026-10-09 18:40:44,830 RX 81 F1 B1 C2 E5
2026-10-09 18:40:44,831 RX 81 F1 B1 C2 E5
2026-10-09 18:40:44,831 RX 81 F1 B1 C2 E5
2026-10-09 18:40:44,831 RX 81 F1 B1 C2 E5
2026-10-09 18:40:44,831 RX 81 F1 B1 C2 E5
2026-10-09 18:40:44,831 RX 81 F1 B1 C2 E5
2026-10-09 18:40:44,831 RX 81 F1 B1 C2 E5
2026-10-09 18:40:44,831 RX 81 F1 B1 C2 E5
2026-10-09 18:40:44,831 RX 81 F1 B1 C2 E5
2026-10-09 18:40:44,831 RX 81 F1 B1 C2 E5
2026-10-09 18:40:44,831 RX 81 F1 B1 C2 E5
2026-10-09 18:40:44,831 RX 81 F1 B1 C2 E5
2026-10-09 18:40:44,831 RX 81 F1 B1 C2 E5
2026-10-09 18:40:44,831 RX 81 F1 B1 C2 E5
2026-10-09 18:40:44,831 RX 81 F1 B1 C2 E5
2026-10-09 18:40:44,831 RX 81 F1 B1 C2 E5
2026-10-09 18:40:44,831 RX 81 F1 B1 C2 E5
2026-10-09 18:40:44,831 RX 81 F1 B1 C2 E5
2026-10-09 18:40:44,831 RX 81 F1 B1 C2 E5
2026-10-09 18:40:44,831 RX 81 F1 B1 C2 E5
2026-10-09 18:40:44,831 RX 81 F1 B1 C2 E5
2026-10-09 18:40:44,831 RX 81 F1 B1 C2 E5
2026-10-09 18:40:44,831 RX 81 F1 B1 C2 E5
2026-10-09 18:40:44,831 RX 81 F1 B1 C2 E5
2026-10-09 18:40:44,831 RX 81 F1 B1 C2 E5
2026-10-09 18:40:44,831 RX 81 F1 B1 C2 E5
2026-10-09 18:40:44,831 RX 81 F1 B1 C2 E5
2026-10-09 18:40:44,831 RX 81 F1 B1 C2 E5
2026-10-09 18:40:44,831 RX 81 F1 B1 C2 E5
2026-10-09 18:40:44,831 RX 81 F1 B1 C2 E5
2026-10-09 18:40:44,831 RX 81 F1 B1 C2 E5
2026-10-09 18:40:44,831 RX 81 F1 B1 C2 E5
2026-10-09 18:40:44,831 RX 81 F1 B1 C2 E5
2026-10-09 18:40:44,831 RX 81 F1 B1 C2 E5
2026-10-09 18:40:44,831 RX 81 F1 B1 C2 E5
2026-10-09 18:40:44,831 RX 81 F1 B1 C2 E5
2026-10-09 18:40:44,831 RX 81 F1 B1 C2 E5
2026-10-09 18:40:44,831 RX 81 F1 B1 C2 E5
2026-10-09 18:40:44,831 RX 81 F1 B1 C2 E5
2026-10-09 18:40:44,831 RX 81 F1 B1 C2 E5
2026-10-09 18:40:44,831 RX 81 F1 B1 C2 E5
2026-10-09 18:40:44,831 RX 81 F1 B1 C2 E5
2026-10-09 18:40:44,831 RX 81 F1 B1 C2 E5
2026-10-09 18:40:44,831 RX 81 F1 B1 C2 E5
2026-10-09 18:40:44,831 RX 81 F1 B1 C2 E5
2026-10-09 18:40:44,831 RX 81 F1 B1 C2 E5
2026-10-09 18:40:44,831 RX 81 F1 B1 C2 E5
2026-10-09 18:40:44,831 RX 81 F1 B1 C2 E5
2026-10-09 18:40:44,831 RX 81 F1 B1 C2 E5
2026-10-09 18:40:44,831 RX 81 F1 B1 C2 E5
2026-10-09 18:40:44,831 RX 81 F1 B1 C2 E5
2026-10-09 18:40:44,832 RX 81 F1 B1 C2 E5
2026-10-09 18:40:44,832 RX 81 F1 B1 C2 E5
2026-10-09 18:40:44,832 RX 81 F1 B1 C2 E5
2026-10-09 18:40:44,832 RX 81 F1 B1 C2 E5
2026-10-09 18:40:44,832 RX 81 F1 B1 C2 E5
2026-10-09 18:40:44,832 RX 81 F1 B1 C2 E5
2026-10-09 18:40:44,832 RX 81 F1 B1 C2 E5
2026-10-09 18:40:44,832 RX 81 F1 B1 C2 E5
2026-10-09 18:40:44,832 RX 81 F1 B1 C2 E5
2026-10-09 18:40:44,832 RX 81 F1 B1 C2 E5
2026-10-09 18:40:44,832 RX 81 F1 B1 C2 E5
2026-10-09 18:40:44,832 RX 81 F1 B1 C2 E5
2026-10-09 18:40:44,832 RX 81 F1 B1 C2 E5
2026-10-09 18:40:44,832 RX 81 F1 B1 C2 E5
2026-10-09 18:40:44,832 RX 81 F1 B1 C2 E5
2026-10-09 18:40:44,832 RX 81 F1 B1 C2 E5
2026-10-09 18:40:44,832 RX 81 F1 B1 C2 E5
2026-10-09 18:40:44,832 RX 81 F1 B1 C2 E5
2026-10-09 18:40:44,832 RX 81 F1 B1 C2 E5
2026-10-09 18:40:44,832 RX 81 F1 B1 C2 E5
2026-10-09 18:40:44,832 RX 81 F1 B1 C2 E5
2026-10-09 18:40:44,832 RX 81 F1 B1 C2 E5
2026-10-09 18:40:44,832 RX 81 F1 B1 C2 E5
2026-10-09 18:40:44,832 RX 81 F1 B1 C2 E5
2026-10-09 18:40:44,832 RX 81 F1 B1 C2 E5
2026-10-09 18:40:44,832 RX 81 F1 B1 C2 E5
2026-10-09 18:40:44,832 RX 81 F1 B1 C2 E5
2026-10-09 18:40:44,832 RX 81 F1 B1 C2 E5
2026-10-09 18:40:44,832 RX 81 F1 B1 C2 E5
2026-10-09 18:40:44,832 RX 81 F1 B1 C2 E5
2026-10-09 18:40:44,832 RX 81 F1 B1 C2 E5
2026-10-09 18:40:44,832 RX 81 F1 B1 C2 E5
2026-10-09 18:40:44,832 RX 81 F1 B1 C2 E5
2026-10-09 18:40:44,832 RX 81 F1 B1 C2 E5
2026-10-09 18:40:44,832 RX 81 F1 B1 C2 E5
2026-10-09 18:40:44,832 RX 81 F1 B1 C2 E5
2026-10-09 18:40:44,832 RX 81 F1 B1 C2 E5
2026-10-09 18:40:44,832 RX 81 F1 B1 C2 E5
2026-10-09 18:40:44,832 RX 81 F1 B1 C2 E5
2026-10-09 18:40:44,832 RX 81 F1 B1 C2 E5
2026-10-09 18:40:44,832 RX 81 F1 B1 C2 E5
2026-10-09 18:40:44,832 RX 81 F1 B1 C2 E5
2026-10-09 18:40:44,832 RX 81 F1 B1 C2 E5
2026-10-09 18:40:44,832 RX 81 F1 B1 C2 E5
2026-10-09 18:40:44,832 RX 81 F1 B1 C2 E5
2026-10-09 18:40:44,832 RX 81 F1 B1 C2 E5
2026-10-09 18:40:44,832 RX 81 F1 B1 C2 E5
2026-10-09 18:40:44,832 RX 81 F1 B1 C2 E5
2026-10-09 18:40:44,832 RX 81 F1 B1 C2 E5
2026-10-09 18:40:44,832 RX 81 F1 B1 C2 E5
2026-10-09 18:40:44,832 RX 81 F1 B1 C2 E5
2026-10-09 18:40:44,832 RX 81 F1 B1 C2 E5
2026-10-09 18:40:44,832 RX 81 F1 B1 C2 E5
2026-10-09 18:40:44,833 RX 81 F1 B1 C2 E5
2026-10-09 18:40:44,833 RX 81 F1 B1 C2 E5
2026-10-09 18:40:44,833 RX 81 F1 B1 C2 E5
2026-10-09 18:40:44,833 RX 81 F1 B1 C2 E5
2026-10-09 18:40:44,833 RX 81 F1 B1 C2 E5
2026-10-09 18:40:44,833 RX 81 F1 B1 C2 E5
2026-10-09 18:40:44,833 RX 81 F1 B1 C2 E5
2026-10-09 18:40:44,833 RX 81 F1 B1 C2 E5
2026-10-09 18:40:44,833 RX 81 F1 B1 C2 E5
2026-10-09 18:40:44,833 RX 81 F1 B1 C2 E5
2026-10-09 18:40:44,833 RX 81 F1 B1 C2 E5
2026-10-09 18:40:44,833 RX 81 F1 B1 C2 E5
2026-10-09 18:40:44,833 RX 81 F1 B1 C2 E5
2026-10-09 18:40:44,833 RX 81 F1 B1 C2 E5
2026-10-09 18:40:44,833 RX 81 F1 B1 C2 E5
2026-10-09 18:40:44,833 RX 81 F1 B1 C2 E5
2026-10-09 18:40:44,833 RX 81 F1 B1 C2 E5
2026-10-09 18:40:44,833 RX 81 F1 B1 C2 E5
2026-10-09 18:40:44,833 RX 81 F1 B1 C2 E5
2026-10-09 18:40:44,833 RX 81 F1 B1 C2 E5
2026-10-09 18:40:44,833 RX 81 F1 B1 C2 E5
2026-10-09 18:40:44,833 RX 81 F1 B1 C2 E5
2026-10-09 18:40:44,833 RX 81 F1 B1 C2 E5
2026-10-09 18:40:44,833 RX 81 F1 B1 C2 E5
2026-10-09 18:40:44,833 RX 81 F1 B1 C2 E5
2026-10-09 18:40:44,833 RX 81 F1 B1 C2 E5
2026-10-09 18:40:44,833 RX 81 F1 B1 C2 E5
2026-10-09 18:40:44,833 RX 81 F1 B1 C2 E5
2026-10-09 18:40:44,833 RX 81 F1 B1 C2 E5
2026-10-09 18:40:44,833 RX 81 F1 B1 C2 E5
2026-10-09 18:40:44,833 RX 81 F1 B1 C2 E5
2026-10-09 18:40:44,833 RX 81 F1 B1 C2 E5
2026-10-09 18:40:44,833 RX 81 F1 B1 C2 E5
2026-10-09 18:40:44,833 RX 81 F1 B1 C2 E5
2026-10-09 18:40:44,833 RX 81 F1 B1 C2 E5
2026-10-09 18:40:44,833 RX 81 F1 B1 C2 E5
2026-10-09 18:40:44,833 RX 81 F1 B1 C2 E5
2026-10-09 18:40:44,833 RX 81 F1 B1 C2 E5
2026-10-09 18:40:44,833 RX 81 F1 B1 C2 E5
2026-10-09 18:40:44,833 RX 81 F1 B1 C2 E5
2026-10-09 18:40:44,833 RX 81 F1 B1 C2 E5
2026-10-09 18:40:44,833 RX 81 F1 B1 C2 E5
2026-10-09 18:40:44,833 RX 81 F1 B1 C2 E5
2026-10-09 18:40:44,833 RX 81 F1 B1 C2 E5
2026-10-09 18:40:44,833 RX 81 F1 B1 C2 E5
2026-10-09 18:40:44,833 RX 81 F1 B1 C2 E5
2026-10-09 18:40:44,833 RX 81 F1 B1 C2 E5
2026-10-09 18:40:44,833 RX 81 F1 B1 C2 E5
2026-10-09 18:40:44,833 RX 81 F1 B1 C2 E5
2026-10-09 18:40:44,833 RX 81 F1 B1 C2 E5
2026-10-09 18:40:44,833 RX 81 F1 B1 C2 E5
2026-10-09 18:40:44,833 RX 81 F1 B1 C2 E5
2026-10-09 18:40:44,834 RX 81 F1 B1 C2 E5
2026-10-09 18:40:44,834 RX 81 F1 B1 C2 E5
2026-10-09 18:40:44,834 RX 81 F1 B1 C2 E5
2026-10-09 18:40:44,834 RX 81 F1 B1 C2 E5
2026-10-09 18:40:44,834 RX 81 F1 B1 C2 E5
2026-10-09 18:40:44,834 RX 81 F1 B1 C2 E5
2026-10-09 18:40:44,834 RX 81 F1 B1 C2 E5
2026-10-09 18:40:44,834 RX 81 F1 B1 C2 E5
2026-10-09 18:40:44,834 RX 81 F1 B1 C2 E5
2026-10-09 18:40:44,834 RX 81 F1 B1 C2 E5
2026-10-09 18:40:44,834 RX 81 F1 B1 C2 E5
2026-10-09 18:40:44,834 RX 81 F1 B1 C2 E5
2026-10-09 18:40:44,834 RX 81 F1 B1 C2 E5
2026-10-09 18:40:44,834 RX 81 F1 B1 C2 E5
2026-10-09 18:40:44,834 RX 81 F1 B1 C2 E5
2026-10-09 18:40:44,834 RX 81 F1 B1 C2 E5
2026-10-09 18:40:44,834 RX 81 F1 B1 C2 E5
2026-10-09 18:40:44,834 RX 81 F1 B1 C2 E5
2026-10-09 18:40:44,834 RX 81 F1 B1 C2 E5
2026-10-09 18:40:44,834 RX 81 F1 B1 C2 E5
2026-10-09 18:40:44,834 RX 81 F1 B1 C2 E5
2026-10-09 18:40:44,834 RX 81 F1 B1 C2 E5
2026-10-09 18:40:44,834 RX 81 F1 B1 C2 E5
2026-10-09 18:40:44,834 RX 81 F1 B1 C2 E5
2026-10-09 18:40:44,834 RX 81 F1 B1 C2 E5
2026-10-09 18:40:44,834 RX 81 F1 B1 C2 E5
2026-10-09 18:40:44,834 RX 81 F1 B1 C2 E5
2026-10-09 18:40:44,834 RX 81 F1 B1 C2 E5
2026-10-09 18:40:44,834 RX 81 F1 B1 C2 E5
2026-10-09 18:40:44,834 RX 81 F1 B1 C2 E5
2026-10-09 18:40:44,834 RX 81 F1 B1 C2 E5
2026-10-09 18:40:44,834 RX 81 F1 B1 C2 E5
2026-10-09 18:40:44,834 RX 81 F1 B1 C2 E5
2026-10-09 18:40:44,834 RX 81 F1 B1 C2 E5
2026-10-09 18:40:44,834 RX 81 F1 B1 C2 E5
2026-10-09 18:40:44,834 RX 81 F1 B1 C2 E5
2026-10-09 18:40:44,834 RX 81 F1 B1 C2 E5
2026-10-09 18:40:44,834 RX 81 F1 B1 C2 E5
2026-10-09 18:40:44,834 RX 81 F1 B1 C2 E5
2026-10-09 18:40:44,834 RX 81 F1 B1 C2 E5
2026-10-09 18:40:44,834 RX 81 F1 B1 C2 E5
2026-10-09 18:40:44,834 RX 81 F1 B1 C2 E5
2026-10-09 18:40:44,834 RX 81 F1 B1 C2 E5
2026-10-09 18:40:44,834 RX 81 F1 B1 C2 E5
2026-10-09 18:40:44,834 RX 81 F1 B1 C2 E5
2026-10-09 18:40:44,834 RX 81 F1 B1 C2 E5
2026-10-09 18:40:44,834 RX 81 F1 B1 C2 E5
2026-10-09 18:40:44,834 RX 81 F1 B1 C2 E5
2026-10-09 18:40:44,834 RX 81 F1 B1 C2 E5
2026-10-09 18:40:44,835 RX 81 F1 B1 C2 E5
2026-10-09 18:40:44,835 RX 81 F1 B1 C2 E5
2026-10-09 18:40:44,835 RX 81 F1 B1 C2 E5
2026-10-09 18:40:44,835 RX 81 F1 B1 C2 E5
2026-10-09 18:40:44,835 RX 81 F1 B1 C2 E5
2026-10-09 18:40:44,835 RX 81 F1 B1 C2 E5
2026-10-09 18:40:44,835 RX 81 F1 B1 C2 E5
2026-10-09 18:40:44,835 RX 81 F1 B1 C2 E5
2026-10-09 18:40:44,835 RX 81 F1 B1 C2 E5
2026-10-09 18:40:44,835 RX 81 F1 B1 C2 E5
2026-10-09 18:40:44,835 RX 81 F1 B1 C2 E5
2026-10-09 18:40:44,835 RX 81 F1 B1 C2 E5
2026-10-09 18:40:44,835 RX 81 F1 B1 C2 E5
2026-10-09 18:40:44,835 RX 81 F1 B1 C2 E5
2026-10-09 18:40:44,835 RX 81 F1 B1 C2 E5
2026-10-09 18:40:44,835 RX 81 F1 B1 C2 E5
2026-10-09 18:40:44,835 RX 81 F1 B1 C2 E5
2026-10-09 18:40:44,835 RX 81 F1 B1 C2 E5
2026-10-09 18:40:44,835 RX 81 F1 B1 C2 E5
2026-10-09 18:40:44,835 RX 81 F1 B1 C2 E5
2026-10-09 18:40:44,835 RX 81 F1 B1 C2 E5
2026-10-09 18:40:44,835 RX 81 F1 B1 C2 E5
2026-10-09 18:40:44,835 RX 81 F1 B1 C2 E5
2026-10-09 18:40:44,835 RX 81 F1 B1 C2 E5
2026-10-09 18:40:44,835 RX 81 F1 B1 C2 E5
2026-10-09 18:40:44,835 RX 81 F1 B1 C2 E5
2026-10-09 18:40:44,835 RX 81 F1 B1 C2 E5
2026-10-09 18:40:44,835 RX 81 F1 B1 C2 E5
2026-10-09 18:40:44,835 RX 81 F1 B1 C2 E5
2026-10-09 18:40:44,835 RX 81 F1 B1 C2 E5
2026-10-09 18:40:44,835 RX 81 F1 B1 C2 E5
2026-10-09 18:40:44,835 RX 81 F1 B1 C2 E5
2026-10-09 18:40:44,835 RX 81 F1 B1 C2 E5
2026-10-09 18:40:44,835 RX 81 F1 B1 C2 E5
2026-10-09 18:40:44,835 RX 81 F1 B1 C2 E5
2026-10-09 18:40:44,835 RX 81 F1 B1 C2 E5
2026-10-09 18:40:44,835 RX 81 F1 B1 C2 E5
2026-10-09 18:40:44,835 RX 81 F1 B1 C2 E5
2026-10-09 18:40:44,835 RX 81 F1 B1 C2 E5
2026-10-09 18:40:44,835 RX 81 F1 B1 C2 E5
2026-10-09 18:40:44,835 RX 81 F1 B1 C2 E5
2026-10-09 18:40:44,835 RX 81 F1 B1 C2 E5
2026-10-09 18:40:44,835 RX 81 F1 B1 C2 E5
2026-10-09 18:40:44,835 RX 81 F1 B1 C2 E5
2026-10-09 18:40:44,835 RX 81 F1 B1 C2 E5
2026-10-09 18:40:44,835 RX 81 F1 B1 C2 E5
2026-10-09 18:40:44,835 RX 81 F1 B1 C2 E5
2026-10-09 18:40:44,835 RX 81 F1 B1 C2 E5
2026-10-09 18:40:44,835 RX 81 F1 B1 C2 E5
2026-10-09 18:40:44,836 RX 81 F1 B1 C2 E5
2026-10-09 18:40:44,836 RX 81 F1 B1 C2 E5
2026-10-09 18:40:44,836 RX 81 F1 B1 C2 E5
2026-10-09 18:40:44,836 RX 81 F1 B1 C2 E5
2026-10-09 18:40:44,836 RX 81 F1 B1 C2 E5
2026-10-09 18:40:44,836 RX 81 F1 B1 C2 E5
2026-10-09 18:40:44,836 RX 81 F1 B1 C2 E5
2026-10-09 18:40:44,836 RX 81 F1 B1 C2 E5
2026-10-09 18:40:44,836 RX 81 F1 B1 C2 E5
2026-10-09 18:40:44,836 RX 81 F1 B1 C2 E5
2026-10-09 18:40:44,836 RX 81 F1 B1 C2 E5
2026-10-09 18:40:44,836 RX 81 F1 B1 C2 E5
2026-10-09 18:40:44,836 RX 81 F1 B1 C2 E5
2026-10-09 18:40:44,836 RX 81 F1 B1 C2 E5
2026-10-09 18:40:44,836 RX 81 F1 B1 C2 E5
2026-10-09 18:40:44,836 RX 81 F1 B1 C2 E5
2026-10-09 18:40:44,836 RX 81 F1 B1 C2 E5
2026-10-09 18:40:44,836 RX 81 F1 B1 C2 E5
2026-10-09 18:40:44,836 RX 81 F1 B1 C2 E5
2026-10-09 18:40:44,836 RX 81 F1 B1 C2 E5
2026-10-09 18:40:44,836 RX 81 F1 B1 C2 E5
2026-10-09 18:40:44,836 RX 81 F1 B1 C2 E5
2026-10-09 18:40:44,836 RX 81 F1 B1 C2 E5
2026-10-09 18:40:44,836 RX 81 F1 B1 C2 E5
2026-10-09 18:40:44,836 RX 81 F1 B1 C2 E5
2026-10-09 18:40:44,836 RX 81 F1 B1 C2 E5
2026-10-09 18:40:44,836 RX 81 F1 B1 C2 E5
2026-10-09 18:40:44,836 RX 81 F1 B1 C2 E5
2026-10-09 18:40:44,836 RX 81 F1 B1 C2 E5
2026-10-09 18:40:44,836 RX 81 F1 B1 C2 E5
2026-10-09 18:40:44,836 RX 81 F1 B1 C2 E5
2026-10-09 18:40:44,836 RX 81 F1 B1 C2 E5
2026-10-09 18:40:44,836 RX 81 F1 B1 C2 E5
2026-10-09 18:40:44,836 RX 81 F1 B1 C2 E5
2026-10-09 18:40:44,836 RX 81 F1 B1 C2 E5
2026-10-09 18:40:44,836 RX 81 F1 B1 C2 E5
2026-10-09 18:40:44,836 RX 81 F1 B1 C2 E5
2026-10-09 18:40:44,836 RX 81 F1 B1 C2 E5
2026-10-09 18:40:44,836 RX 81 F1 B1 C2 E5
2026-10-09 18:40:44,836 RX 81 F1 B1 C2 E5
2026-10-09 18:40:44,836 RX 81 F1 B1 C2 E5
2026-10-09 18:40:44,836 RX 81 F1 B1 C2 E5
2026-10-09 18:40:44,837 RX 81 F1 B1 C2 E5
2026-10-09 18:40:44,837 RX 81 F1 B1 C2 E5
2026-10-09 18:40:44,837 RX 81 F1 B1 C2 E5
2026-10-09 18:40:44,837 RX 81 F1 B1 C2 E5
2026-10-09 18:40:44,837 RX 81 F1 B1 C2 E5
2026-10-09 18:40:44,837 RX 81 F1 B1 C2 E5
2026-10-09 18:40:44,837 RX 81 F1 B1 C2 E5
2026-10-09 18:40:44,837 RX 81 F1 B1 C2 E5
2026-10-09 18:40:44,837 RX 81 F1 B1 C2 E5
2026-10-09 18:40:44,837 RX 81 F1 B1 C2 E5
2026-10-09 18:40:44,837 RX 81 F1 B1 C2 E5
2026-10-09 18:40:44,837 RX 81 F1 B1 C2 E5
2026-10-09 18:40:44,837 RX 81 F1 B1 C2 E5
2026-10-09 18:40:44,837 RX 81 F1 B1 C2 E5
2026-10-09 18:40:44,837 RX 81 F1 B1 C2 E5
2026-10-09 18:40:44,837 RX 81 F1 B1 C2 E5
2026-10-09 18:40:44,838 RX 81 F1 B1 C2 E5
2026-10-09 18:40:44,838 RX 81 F1 B1 C2 E5
2026-10-09 18:40:44,838 RX 81 F1 B1 C2 E5
2026-10-09 18:40:44,838 RX 81 F1 B1 C2 E5
2026-10-09 18:40:44,838 RX 81 F1 B1 C2 E5
2026-10-09 18:40:44,838 RX 81 F1 B1 C2 E5
2026-10-09 18:40:44,838 RX 81 F1 B1 C2 E5
2026-10-09 18:40:44,838 RX 81 F1 B1 C2 E5
2026-10-09 18:40:44,838 RX 81 F1 B1 C2 E5
2026-10-09 18:40:44,838 RX 81 F1 B1 C2 E5
2026-10-09 18:40:44,838 RX 81 F1 B1 C2 E5
2026-10-09 18:40:44,838 RX 81 F1 B1 C2 E5
2026-10-09 18:40:44,838 RX 81 F1 B1 C2 E5
2026-10-09 18:40:44,838 RX 81 F1 B1 C2 E5
2026-10-09 18:40:44,838 RX 81 F1 B1 C2 E5
2026-10-09 18:40:44,838 RX 81 F1 B1 C2 E5
2026-10-09 18:40:44,838 RX 81 F1 B1 C2 E5
2026-10-09 18:40:44,838 RX 81 F1 B1 C2 E5
2026-10-09 18:40:44,838 RX 81 F1 B1 C2 E5
2026-10-09 18:40:44,838 RX 81 F1 B1 C2 E5
2026-10-09 18:40:44,838 RX 81 F1 B1 C2 E5
2026-10-09 18:40:44,838 RX 81 F1 B1 C2 E5
2026-10-09 18:40:44,838 RX 81 F1 B1 C2 E5
2026-10-09 18:40:44,838 RX 81 F1 B1 C2 E5
2026-10-09 18:40:44,838 RX 81 F1 B1 C2 E5
2026-10-09 18:40:44,838 RX 81 F1 B1 C2 E5
2026-10-09 18:40:44,838 RX 81 F1 B1 C2 E5
2026-10-09 18:40:44,838 RX 81 F1 B1 C2 E5
2026-10-09 18:40:44,838 RX 81 F1 B1 C2 E5
2026-10-09 18:40:44,838 RX 81 F1 B1 C2 E5
2026-10-09 18:40:44,838 RX 81 F1 B1 C2 E5
2026-10-09 18:40:44,838 RX 81 F1 B1 C2 E5
2026-10-09 18:40:44,838 RX 81 F1 B1 C2 E5
2026-10-09 18:40:44,839 RX 81 F1 B1 C2 E5
2026-10-09 18:40:44,839 RX 81 F1 B1 C2 E5
2026-10-09 18:40:44,839 RX 81 F1 B1 C2 E5
2026-10-09 18:40:44,839 RX 81 F1 B1 C2 E5
2026-10-09 18:40:44,839 RX 81 F1 B1 C2 E5
2026-10-09 18:40:44,839 RX 81 F1 B1 C2 E5
2026-10-09 18:40:44,839 RX 81 F1 B1 C2 E5
2026-10-09 18:40:44,839 RX 81 F1 B1 C2 E5
2026-10-09 18:40:44,839 RX 81 F1 B1 C2 E5
2026-10-09 18:40:44,839 RX 81 F1 B1 C2 E5
2026-10-09 18:40:44,839 RX 81 F1 B1 C2 E5
2026-10-09 18:40:44,839 RX 81 F1 B1 C2 E5
2026-10-09 18:40:44,839 RX 81 F1 B1 C2 E5
2026-10-09 18:40:44,839 RX 81 F1 B1 C2 E5
2026-10-09 18:40:44,839 RX 81 F1 B1 C2 E5
2026-10-09 18:40:44,839 RX 81 F1 B1 C2 E5
2026-10-09 18:40:44,839 RX 81 F1 B1 C2 E5
2026-10-09 18:40:44,839 RX 81 F1 B1 C2 E5
2026-10-09 18:40:44,839 RX 81 F1 B1 C2 E5
2026-10-09 18:40:44,839 RX 81 F1 B1 C2 E5
2026-10-09 18:40:44,839 RX 81 F1 B1 C2 E5
2026-10-09 18:40:44,839 RX 81 F1 B1 C2 E5
2026-10-09 18:40:44,839 RX 81 F1 B1 C2 E5
2026-10-09 18:40:44,839 RX 81 F1 B1 C2 E5
2026-10-09 18:40:44,839 RX 81 F1 B1 C2 E5
2026-10-09 18:40:44,839 RX 81 F1 B1 C2 E5
2026-10-09 18:40:44,839 RX 81 F1 B1 C2 E5
2026-10-09 18:40:44,839 RX 81 F1 B1 C2 E5
2026-10-09 18:40:44,839 RX 81 F1 B1 C2 E5
2026-10-09 18:40:44,839 RX 81 F1 B1 C2 E5
2026-10-09 18:40:44,839 RX 81 F1 B1 C2 E5
2026-10-09 18:40:44,839 RX 81 F1 B1 C2 E5
2026-10-09 18:40:44,839 RX 81 F1 B1 C2 E5
2026-10-09 18:40:44,839 RX 81 F1 B1 C2 E5
2026-10-09 18:40:44,839 RX 81 F1 B1 C2 E5
2026-10-09 18:40:44,839 RX 81 F1 B1 C2 E5
2026-10-09 18:40:44,839 RX 81 F1 B1 C2 E5
2026-10-09 18:40:44,839 RX 81 F1 B1 C2 E5
2026-10-09 18:40:44,839 RX 81 F1 B1 C2 E5
2026-10-09 18:40:44,839 RX 81 F1 B1 C2 E5
2026-10-09 18:40:44,839 RX 81 F1 B1 C2 E5
2026-10-09 18:40:44,839 RX 81 F1 B1 C2 E5
2026-10-09 18:40:44,839 RX 81 F1 B1 C2 E5
2026-10-09 18:40:44,839 RX 81 F1 B1 C2 E5
2026-10-09 18:40:44,839 RX 81 F1 B1 C2 E5
2026-10-09 18:40:44,839 RX 81 F1 B1 C2 E5
2026-10-09 18:40:44,839 RX 81 F1 B1 C2 E5
2026-10-09 18:40:44,839 RX 81 F1 B1 C2 E5
2026-10-09 18:40:44,839 RX 81 F1 B1 C2 E5
2026-10-09 18:40:44,839 RX 81 F1 B1 C2 E5
2026-10-09 18:40:44,839 RX 81 F1 B1 C2 E5
2026-10-09 18:40:44,839 RX 81 F1 B1 C2 E5
2026-10-09 18:40:44,839 RX 81 F1 B1 C2 E5
2026-10-09 18:40:44,839 RX 81 F1 B1 C2 E5
2026-10-09 18:40:44,840 RX 81 F1 B1 C2 E5
2026-10-09 18:40:44,840 RX 81 F1 B1 C2 E5
2026-10-09 18:40:44,840 RX 81 F1 B1 C2 E5
2026-10-09 18:40:44,840 RX 81 F1 B1 C2 E5
2026-10-09 18:40:44,840 RX 81 F1 B1 C2 E5
2026-10-09 18:40:44,840 RX 81 F1 B1 C2 E5
2026-10-09 18:40:44,840 RX 81 F1 B1 C2 E5
2026-10-09 18:40:44,840 RX 81 F1 B1 C2 E5
2026-10-09 18:40:44,840 RX 81 F1 B1 C2 E5
2026-10-09 18:40:44,840 RX 81 F1 B1 C2 E5
2026-10-09 18:40:44,840 RX 81 F1 B1 C2 E5
2026-10-09 18:40:44,840 RX 81 F1 B1 C2 E5
2026-10-09 18:40:44,840 RX 81 F1 B1 C2 E5
2026-10-09 18:40:44,840 RX 81 F1 B1 C2 E5
2026-10-09 18:40:44,840 RX 81 F1 B1 C2 E5
2026-10-09 18:40:44,840 RX 81 F1 B1 C2 E5
2026-10-09 18:40:44,840 RX 81 F1 B1 C2 E5
2026-10-09 18:40:44,840 RX 81 F1 B1 C2 E5
2026-10-09 18:40:44,840 RX 81 F1 B1 C2 E5
2026-10-09 18:40:44,840 RX 81 F1 B1 C2 E5
2026-10-09 18:40:44,840 RX 81 F1 B1 C2 E5
2026-10-09 18:40:44,840 RX 81 F1 B1 C2 E5
2026-10-09 18:40:44,840 RX 81 F1 B1 C2 E5
2026-10-09 18:40:44,840 RX 81 F1 B1 C2 E5
2026-10-09 18:40:44,840 RX 81 F1 B1 C2 E5
2026-10-09 18:40:44,840 RX 81 F1 B1 C2 E5
2026-10-09 18:40:44,840 RX 81 F1 B1 C2 E5
2026-10-09 18:40:44,840 RX 81 F1 B1 C2 E5
2026-10-09 18:40:44,840 RX 81 F1 B1 C2 E5
2026-10-09 18:40:44,840 RX 81 F1 B1 C2 E5
2026-10-09 18:40:44,840 RX 81 F1 B1 C2 E5
2026-10-09 18:40:44,840 RX 81 F1 B1 C2 E5
2026-10-09 18:40:44,840 RX 81 F1 B1 C2 E5
2026-10-09 18:40:44,840 RX 81 F1 B1 C2 E5
2026-10-09 18:40:44,840 RX 81 F1 B1 C2 E5
2026-10-09 18:40:44,840 RX 81 F1 B1 C2 E5
2026-10-09 18:40:44,840 RX 81 F1 B1 C2 E5
2026-10-09 18:40:44,840 RX 81 F1 B1 C2 E5
2026-10-09 18:40:44,840 RX 81 F1 B1 C2 E5
2026-10-09 18:40:44,840 RX 81 F1 B1 C2 E5
2026-10-09 18:40:44,840 RX 81 F1 B1 C2 E5
2026-10-09 18:40:44,840 RX 81 F1 B1 C2 E5
2026-10-09 18:40:44,840 RX 81 F1 B1 C2 E5
2026-10-09 18:40:44,840 RX 81 F1 B1 C2 E5
2026-10-09 18:40:44,840 RX 81 F1 B1 C2 E5
2026-10-09 18:40:44,840 RX 81 F1 B1 C2 E5
2026-10-09 18:40:44,840 RX 81 F1 B1 C2 E5
2026-10-09 18:40:44,840 RX 81 F1 B1 C2 E5
2026-10-09 18:40:44,840 RX 81 F1 B1 C2 E5
2026-10-09 18:40:44,840 RX 81 F1 B1 C2 E5
2026-10-09 18:40:44,840 RX 81 F1 B1 C2 E5
2026-10-09 18:40:44,840 RX 81 F1 B1 C2 E5
2026-10-09 18:40:44,840 RX 81 F1 B1 C2 E5
2026-10-09 18:40:44,840 RX 81 F1 B1 C2 E5
2026-10-09 18:40:44,840 RX 81 F1 B1 C2 E5
2026-10-09 18:40:44,841 RX 81 F1 B1 C2 E5
2026-10-09 18:40:44,841 RX 81 F1 B1 C2 E5
2026-10-09 18:40:44,841 RX 81 F1 B1 C2 E5
2026-10-09 18:40:44,841 RX 81 F1 B1 C2 E5
2026-10-09 18:40:44,841 RX 81 F1 B1 C2 E5
2026-10-09 18:40:44,841 RX 81 F1 B1 C2 E5
2026-10-09 18:40:44,841 RX 81 F1 B1 C2 E5
2026-10-09 18:40:44,841 RX 81 F1 B1 C2 E5
2026-10-09 18:40:44,841 RX 81 F1 B1 C2 E5
2026-10-09 18:40:44,841 RX 81 F1 B1 C2 E5
2026-10-09 18:40:44,841 RX 81 F1 B1 C2 E5
2026-10-09 18:40:44,841 RX 81 F1 B1 C2 E5
2026-10-09 18:40:44,841 RX 81 F1 B1 C2 E5
2026-10-09 18:40:44,841 RX 81 F1 B1 C2 E5
2026-10-09 18:40:44,841 RX 81 F1 B1 C2 E5
2026-10-09 18:40:44,841 RX 81 F1 B1 C2 E5
2026-10-09 18:40:44,841 RX 81 F1 B1 C2 E5
2026-10-09 18:40:44,841 RX 81 F1 B1 C2 E5
2026-10-09 18:40:44,841 RX 81 F1 B1 C2 E5
2026-10-09 18:40:44,841 RX 81 F1 B1 C2 E5
2026-10-09 18:40:44,841 RX 81 F1 B1 C2 E5
2026-10-09 18:40:44,841 RX 81 F1 B1 C2 E5
2026-10-09 18:40:44,841 RX 81 F1 B1 C2 E5
2026-10-09 18:40:44,841 RX 81 F1 B1 C2 E5
2026-10-09 18:40:44,841 RX 81 F1 B1 C2 E5
2026-10-09 18:40:44,841 RX 81 F1 B1 C2 E5
2026-10-09 18:40:44,841 RX 81 F1 B1 C2 E5
2026-10-09 18:40:44,841 RX 81 F1 B1 C2 E5
2026-10-09 18:40:44,841 RX 81 F1 B1 C2 E5
2026-10-09 18:40:44,841 RX 81 F1 B1 C2 E5
2026-10-09 18:40:44,841 RX 81 F1 B1 C2 E5
2026-10-09 18:40:44,841 RX 81 F1 B1 C2 E5
2026-10-09 18:40:44,841 RX 81 F1 B1 C2 E5
2026-10-09 18:40:44,841 RX 81 F1 B1 C2 E5
2026-10-09 18:40:44,841 RX 81 F1 B1 C2 E5
2026-10-09 18:40:44,841 RX 81 F1 B1 C2 E5
2026-10-09 18:40:44,841 RX 81 F1 B1 C2 E5
2026-10-09 18:40:44,841 RX 81 F1 B1 C2 E5
2026-10-09 18:40:44,841 RX 81 F1 B1 C2 E5
2026-10-09 18:40:44,841 RX 81 F1 B1 C2 E5
2026-10-09 18:40:44,841 RX 81 F1 B1 C2 E5
2026-10-09 18:40:44,841 RX 81 F1 B1 C2 E5
2026-10-09 18:40:44,841 RX 81 F1 B1 C2 E5
2026-10-09 18:40:44,841 RX 81 F1 B1 C2 E5
2026-10-09 18:40:44,841 RX 81 F1 B1 C2 E5
2026-10-09 18:40:44,841 RX 81 F1 B1 C2 E5
2026-10-09 18:40:44,841 RX 81 F1 B1 C2 E5
2026-10-09 18:40:44,841 RX 81 F1 B1 C2 E5
2026-10-09 18:40:44,841 RX 81 F1 B1 C2 E5
2026-10-09 18:40:44,841 RX 81 F1 B1 C2 E5
2026-10-09 18:40:44,841 RX 81 F1 B1 C2 E5
2026-10-09 18:40:44,841 RX 81 F1 B1 C2 E5
2026-10-09 18:40:44,841 RX 81 F1 B1 C2 E5
2026-10-09 18:40:44,841 RX 81 F1 B1 C2 E5
2026-10-09 18:40:44,841 RX 81 F1 B1 C2 E5
2026-10-09 18:40:44,841 RX 81 F1 B1 C2 E5
2026-10-09 18:40:44,842 RX 81 F1 B1 C2 E5
2026-10-09 18:40:44,842 RX 81 F1 B1 C2 E5
2026-10-09 18:40:44,842 RX 81 F1 B1 C2 E5
2026-10-09 18:40:44,842 RX 81 F1 B1 C2 E5
2026-10-09 18:40:44,842 RX 81 F1 B1 C2 E5
2026-10-09 18:40:44,842 RX 81 F1 B1 C2 E5
2026-10-09 18:40:44,842 RX 81 F1 B1 C2 E5
2026-10-09 18:40:44,842 RX 81 F1 B1 C2 E5
2026-10-09 18:40:44,842 RX 81 F1 B1 C2 E5
2026-10-09 18:40:44,842 RX 81 F1 B1 C2 E5
2026-10-09 18:40:44,842 RX 81 F1 B1 C2 E5
2026-10-09 18:40:44,842 RX 81 F1 B1 C2 E5
2026-10-09 18:40:44,842 RX 81 F1 B1 C2 E5
2026-10-09 18:40:44,842 RX 81 F1 B1 C2 E5
2026-10-09 18:40:44,842 RX 81 F1 B1 C2 E5
2026-10-09 18:40:44,842 RX 81 F1 B1 C2 E5
2026-10-09 18:40:44,842 RX 81 F1 B1 C2 E5
2026-10-09 18:40:44,842 RX 81 F1 B1 C2 E5
2026-10-09 18:40:44,842 RX 81 F1 B1 C2 E5
2026-10-09 18:40:44,842 RX 81 F1 B1 C2 E5
2026-10-09 18:40:44,842 RX 81 F1 B1 C2 E5
2026-10-09 18:40:44,842 RX 81 F1 B1 C2 E5
2026-10-09 18:40:44,842 RX 81 F1 B1 C2 E5
2026-10-09 18:40:44,842 RX 81 F1 B1 C2 E5
2026-10-09 18:40:44,842 RX 81 F1 B1 C2 E5
2026-10-09 18:40:44,842 RX 81 F1 B1 C2 E5
2026-10-09 18:40:44,842 RX 81 F1 B1 C2 E5
2026-10-09 18:40:44,842 RX 81 F1 B1 C2 E5
2026-10-09 18:40:44,842 RX 81 F1 B1 C2 E5
2026-10-09 18:40:44,842 RX 81 F1 B1 C2 E5
2026-10-09 18:40:44,842 RX 81 F1 B1 C2 E5
2026-10-09 18:40:44,842 RX 81 F1 B1 C2 E5
2026-10-09 18:40:44,842 RX 81 F1 B1 C2 E5
2026-10-09 18:40:44,842 RX 81 F1 B1 C2 E5
2026-10-09 18:40:44,842 RX 81 F1 B1 C2 E5
2026-10-09 18:40:44,842 RX 81 F1 B1 C2 E5
2026-10-09 18:40:44,842 RX 81 F1 B1 C2 E5
2026-10-09 18:40:44,842 RX 81 F1 B1 C2 E5
2026-10-09 18:40:44,842 RX 81 F1 B1 C2 E5
2026-10-09 18:40:44,842 RX 81 F1 B1 C2 E5
2026-10-09 18:40:44,842 RX 81 F1 B1 C2 E5
2026-10-09 18:40:44,842 RX 81 F1 B1 C2 E5
2026-10-09 18:40:44,842 RX 81 F1 B1 C2 E5
2026-10-09 18:40:44,842 RX 81 F1 B1 C2 E5
2026-10-09 18:40:44,842 RX 81 F1 B1 C2 E5
2026-10-09 18:40:44,842 RX 81 F1 B1 C2 E5
2026-10-09 18:40:44,842 RX 81 F1 B1 C2 E5
2026-10-09 18:40:44,842 RX 81 F1 B1 C2 E5
2026-10-09 18:40:44,842 RX 81 F1 B1 C2 E5
2026-10-09 18:40:44,842 RX 81 F1 B1 C2 E5
2026-10-09 18:40:44,842 RX 81 F1 B1 C2 E5
2026-10-09 18:40:44,842 RX 81 F1 B1 C2 E5
2026-10-09 18:40:44,843 RX 81 F1 B1 C2 E5
2026-10-09 18:40:44,843 RX 81 F1 B1 C2 E5
2026-10-09 18:40:44,843 RX 81 F1 B1 C2 E5
2026-10-09 18:40:44,843 RX 81 F1 B1 C2 E5
2026-10-09 18:40:44,843 RX 81 F1 B1 C2 E5
2026-10-09 18:40:44,843 RX 81 F1 B1 C2 E5
2026-10-09 18:40:44,843 RX 81 F1 B1 C2 E5
2026-10-09 18:40:44,843 RX 81 F1 B1 C2 E5
2026-10-09 18:40:44,843 RX 81 F1 B1 C2 E5
2026-10-09 18:40:44,843 RX 81 F1 B1 C2 E5
2026-10-09 18:40:44,843 RX 81 F1 B1 C2 E5
2026-10-09 18:40:44,843 RX 81 F1 B1 C2 E5
2026-10-09 18:40:44,843 RX 81 F1 B1 C2 E5
2026-10-09 18:40:44,843 RX 81 F1 B1 C2 E5
2026-10-09 18:40:44,843 RX 81 F1 B1 C2 E5
2026-10-09 18:40:44,843 RX 81 F1 B1 C2 E5
2026-10-09 18:40:44,843 RX 81 F1 B1 C2 E5
2026-10-09 18:40:44,843 RX 81 F1 B1 C2 E5
2026-10-09 18:40:44,843 RX 81 F1 B1 C2 E5
2026-10-09 18:40:44,843 RX 81 F1 B1 C2 E5
2026-10-09 18:40:44,843 RX 81 F1 B1 C2 E5
2026-10-09 18:40:44,843 RX 81 F1 B1 C2 E5
2026-10-09 18:40:44,843 RX 81 F1 B1 C2 E5
2026-10-09 18:40:44,843 RX 81 F1 B1 C2 E5
2026-10-09 18:40:44,843 RX 81 F1 B1 C2 E5
2026-10-09 18:40:44,843 RX 81 F1 B1 C2 E5
2026-10-09 18:40:44,843 RX 81 F1 B1 C2 E5
2026-10-09 18:40:44,843 RX 81 F1 B1 C2 E5
2026-10-09 18:40:44,843 RX 81 F1 B1 C2 E5
2026-10-09 18:40:44,843 RX 81 F1 B1 C2 E5
2026-10-09 18:40:44,843 RX 81 F1 B1 C2 E5
2026-10-09 18:40:44,843 RX 81 F1 B1 C2 E5
2026-10-09 18:40:44,843 RX 81 F1 B1 C2 E5
2026-10-09 18:40:44,843 RX 81 F1 B1 C2 E5
2026-10-09 18:40:44,843 RX 81 F1 B1 C2 E5
2026-10-09 18:40:44,843 RX 81 F1 B1 C2 E5
2026-10-09 18:40:44,843 RX 81 F1 B1 C2 E5
2026-10-09 18:40:44,843 RX 81 F1 B1 C2 E5
2026-10-09 18:40:44,843 RX 81 F1 B1 C2 E5
2026-10-09 18:40:44,843 RX 81 F1 B1 C2 E5
2026-10-09 18:40:44,843 RX 81 F1 B1 C2 E5
2026-10-09 18:40:44,843 RX 81 F1 B1 C2 E5
2026-10-09 18:40:44,843 RX 81 F1 B1 C2 E5
2026-10-09 18:40:44,843 RX 81 F1 B1 C2 E5
2026-10-09 18:40:44,843 RX 81 F1 B1 C2 E5
2026-10-09 18:40:44,843 RX 81 F1 B1 C2 E5
2026-10-09 18:40:44,843 RX 81 F1 B1 C2 E5
2026-10-09 18:40:44,843 RX 81 F1 B1 C2 E5
2026-10-09 18:40:44,843 RX 81 F1 B1 C2 E5
2026-10-09 18:40:44,843 RX 81 F1 B1 C2 E5
2026-10-09 18:40:44,843 RX 81 F1 B1 C2 E5
2026-10-09 18:40:44,843 RX 81 F1 B1 C2 E5
2026-10-09 18:40:44,843 RX 81 F1 B1 C2 E5
2026-10-09 18:40:44,843 RX 81 F1 B1 C2 E5
2026-10-09 18:40:44,843 RX 81 F1 B1 C2 E5
2026-10-09 18:40:44,844 RX 81 F1 B1 C2 E5
2026-10-09 18:40:44,844 RX 81 F1 B1 C2 E5
2026-10-09 18:40:44,844 RX 81 F1 B1 C2 E5
2026-10-09 18:40:44,844 RX 81 F1 B1 C2 E5
2026-10-09 18:40:44,844 RX 81 F1 B1 C2 E5
2026-10-09 18:40:44,844 RX 81 F1 B1 C2 E5
2026-10-09 18:40:44,844 RX 81 F1 B1 C2 E5
2026-10-09 18:40:44,844 RX 81 F1 B1 C2 E5
2026-10-09 18:40:44,844 RX 81 F1 B1 C2 E5
2026-10-09 18:40:44,844 RX 81 F1 B1 C2 E5
2026-10-09 18:40:44,844 RX 81 F1 B1 C2 E5
2026-10-09 18:40:44,844 RX 81 F1 B1 C2 E5
2026-10-09 18:40:44,844 RX 81 F1 B1 C2 E5
2026-10-09 18:40:44,844 RX 81 F1 B1 C2 E5
2026-10-09 18:40:44,844 RX 81 F1 B1 C2 E5
2026-10-09 18:40:44,844 RX 81 F1 B1 C2 E5
2026-10-09 18:40:44,844 RX 81 F1 B1 C2 E5
2026-10-09 18:40:44,844 RX 81 F1 B1 C2 E5
2026-10-09 18:40:44,844 RX 81 F1 B1 C2 E5
2026-10-09 18:40:44,844 RX 81 F1 B1 C2 E5
2026-10-09 18:40:44,844 RX 81 F1 B1 C2 E5
2026-10-09 18:40:44,844 RX 81 F1 B1 C2 E5
2026-10-09 18:40:44,844 RX 81 F1 B1 C2 E5
2026-10-09 18:40:44,844 RX 81 F1 B1 C2 E5
2026-10-09 18:40:44,844 RX 81 F1 B1 C2 E5
2026-10-09 18:40:44,844 RX 81 F1 B1 C2 E5
2026-10-09 18:40:44,844 RX 81 F1 B1 C2 E5
2026-10-09 18:40:44,844 RX 81 F1 B1 C2 E5
2026-10-09 18:40:44,844 RX 81 F1 B1 C2 E5
2026-10-09 18:40:44,844 RX 81 F1 B1 C2 E5
2026-10-09 18:40:44,844 RX 81 F1 B1 C2 E5
2026-10-09 18:40:44,844 RX 81 F1 B1 C2 E5
2026-10-09 18:40:44,844 RX 81 F1 B1 C2 E5
2026-10-09 18:40:44,844 RX 81 F1 B1 C2 E5
2026-10-09 18:40:44,844 RX 81 F1 B1 C2 E5
2026-10-09 18:40:44,844 RX 81 F1 B1 C2 E5
2026-10-09 18:40:44,844 RX 81 F1 B1 C2 E5
2026-10-09 18:40:44,844 RX 81 F1 B1 C2 E5
2026-10-09 18:40:44,844 RX 81 F1 B1 C2 E5
2026-10-09 18:40:44,844 RX 81 F1 B1 C2 E5
2026-10-09 18:40:44,844 RX 81 F1 B1 C2 E5
2026-10-09 18:40:44,844 RX 81 F1 B1 C2 E5
2026-10-09 18:40:44,844 RX 81 F1 B1 C2 E5
2026-10-09 18:40:44,844 RX 81 F1 B1 C2 E5
2026-10-09 18:40:44,844 RX 81 F1 B1 C2 E5
2026-10-09 18:40:44,844 RX 81 F1 B1 C2 E5
2026-10-09 18:40:44,844 RX 81 F1 B1 C2 E5
2026-10-09 18:40:44,844 RX 81 F1 B1 C2 E5
2026-10-09 18:40:44,844 RX 81 F1 B1 C2 E5
2026-10-09 18:40:44,844 RX 81 F1 B1 C2 E5
2026-10-09 18:40:44,844 RX 81 F1 B1 C2 E5
2026-10-09 18:40:44,844 RX 81 F1 B1 C2 E5
2026-10-09 18:40:44,844 RX 81 F1 B1 C2 E5
2026-10-09 18:40:44,844 RX 81 F1 B1 C2 E5
2026-10-09 18:40:44,844 RX 81 F1 B1 C2 E5
2026-10-09 18:40:44,844 RX 81 F1 B1 C2 E5
2026-10-09 18:40:44,844 RX 81 F1 B1 C2 E5
2026-10-09 18:40:44,844 RX 81 F1 B1 C2 E5
2026-10-09 18:40:44,845 RX 81 F1 B1 C2 E5
2026-10-09 18:40:44,845 RX 81 F1 B1 C2 E5
2026-10-09 18:40:44,845 RX 81 F1 B1 C2 E5
2026-10-09 18:40:44,845 RX 81 F1 B1 C2 E5
2026-10-09 18:40:44,845 RX 81 F1 B1 C2 E5
2026-10-09 18:40:44,845 RX 81 F1 B1 C2 E5
2026-10-09 18:40:44,845 RX 81 F1 B1 C2 E5
2026-10-09 18:40:44,845 RX 81 F1 B1 C2 E5
2026-10-09 18:40:44,845 RX 81 F1 B1 C2 E5
2026-10-09 18:40:44,845 RX 81 F1 B1 C2 E5
2026-10-09 18:40:44,845 RX 81 F1 B1 C2 E5
2026-10-09 18:40:44,845 RX 81 F1 B1 C2 E5
2026-10-09 18:40:44,845 RX 81 F1 B1 C2 E5
2026-10-09 18:40:44,845 RX 81 F1 B1 C2 E5
2026-10-09 18:40:44,845 RX 81 F1 B1 C2 E5
2026-10-09 18:40:44,845 RX 81 F1 B1 C2 E5
2026-10-09 18:40:44,845 RX 81 F1 B1 C2 E5
2026-10-09 18:40:44,845 RX 81 F1 B1 C2 E5
2026-10-09 18:40:44,845 RX 81 F1 B1 C2 E5
2026-10-09 18:40:44,845 RX 81 F1 B1 C2 E5
2026-10-09 18:40:44,845 RX 81 F1 B1 C2 E5
2026-10-09 18:40:44,845 RX 81 F1 B1 C2 E5
2026-10-09 18:40:44,845 RX 81 F1 B1 C2 E5
2026-10-09 18:40:44,845 RX 81 F1 B1 C2 E5
2026-10-09 18:40:44,845 RX 81 F1 B1 C2 E5
2026-10-09 18:40:44,845 RX 81 F1 B1 C2 E5
2026-10-09 18:40:44,845 RX 81 F1 B1 C2 E5
2026-10-09 18:40:44,845 RX 81 F1 B1 C2 E5
2026-10-09 18:40:44,845 RX 81 F1 B1 C2 E5
2026-10-09 18:40:44,845 RX 81 F1 B1 C2 E5
2026-10-09 18:40:44,845 RX 81 F1 B1 C2 E5
2026-10-09 18:40:44,845 RX 81 F1 B1 C2 E5
2026-10-09 18:40:44,845 RX 81 F1 B1 C2 E5
2026-10-09 18:40:44,845 RX 81 F1 B1 C2 E5
2026-10-09 18:40:44,845 RX 81 F1 B1 C2 E5
2026-10-09 18:40:44,845 RX 81 F1 B1 C2 E5
2026-10-09 18:40:44,845 RX 81 F1 B1 C2 E5
2026-10-09 18:40:44,845 RX 81 F1 B1 C2 E5
2026-10-09 18:40:44,845 RX 81 F1 B1 C2 E5
2026-10-09 18:40:44,845 RX 81 F1 B1 C2 E5
2026-10-09 18:40:44,845 RX 81 F1 B1 C2 E5
2026-10-09 18:40:44,845 RX 81 F1 B1 C2 E5
2026-10-09 18:40:44,845 RX 81 F1 B1 C2 E5
2026-10-09 18:40:44,845 RX 81 F1 B1 C2 E5
2026-10-09 18:40:44,845 RX 81 F1 B1 C2 E5
2026-10-09 18:40:44,845 RX 81 F1 B1 C2 E5
2026-10-09 18:40:44,845 RX 81 F1 B1 C2 E5
2026-10-09 18:40:44,845 RX 81 F1 B1 C2 E5
2026-10-09 18:40:44,845 RX 81 F1 B1 C2 E5
2026-10-09 18:40:44,845 RX 81 F1 B1 C2 E5
2026-10-09 18:40:44,845 RX 81 F1 B1 C2 E5
2026-10-09 18:40:44,845 RX 81 F1 B1 C2 E5
2026-10-09 18:40:44,845 RX 81 F1 B1 C2 E5
2026-10-09 18:40:44,845 RX 81 F1 B1 C2 E5
2026-10-09 18:40:44,845 RX 81 F1 B1 C2 E5
2026-10-09 18:40:44,845 RX 81 F1 B1 C2 E5
2026-10-09 18:40:44,845 RX 81 F1 B1 C2 E5
2026-10-09 18:40:44,846 RX 81 F1 B1 C2 E5
2026-10-09 18:40:44,846 RX 81 F1 B1 C2 E5
2026-10-09 18:40:44,846 RX 81 F1 B1 C2 E5
2026-10-09 18:40:44,846 RX 81 F1 B1 C2 E5
2026-10-09 18:40:44,846 RX 81 F1 B1 C2 E5
2026-10-09 18:40:44,846 RX 81 F1 B1 C2 E5
2026-10-09 18:40:44,846 RX 81 F1 B1 C2 E5
2026-10-09 18:40:44,846 RX 81 F1 B1 C2 E5
2026-10-09 18:40:44,846 RX 81 F1 B1 C2 E5
2026-10-09 18:40:44,846 RX 81 F1 B1 C2 E5
2026-10-09 18:40:44,846 RX 81 F1 B1 C2 E5
2026-10-09 18:40:44,846 RX 81 F1 B1 C2 E5
2026-10-09 18:40:44,846 RX 81 F1 B1 C2 E5
2026-10-09 18:40:44,846 RX 81 F1 B1 C2 E5
2026-10-09 18:40:44,846 RX 81 F1 B1 C2 E5
2026-10-09 18:40:44,846 RX 81 F1 B1 C2 E5
2026-10-09 18:40:44,846 RX 81 F1 B1 C2 E5
2026-10-09 18:40:44,846 RX 81 F1 B1 C2 E5
2026-10-09 18:40:44,846 RX 81 F1 B1 C2 E5
2026-10-09 18:40:44,846 RX 81 F1 B1 C2 E5
2026-10-09 18:40:44,846 RX 81 F1 B1 C2 E5
2026-10-09 18:40:44,846 RX 81 F1 B1 C2 E5
2026-10-09 18:40:44,846 RX 81 F1 B1 C2 E5
2026-10-09 18:40:44,846 RX 81 F1 B1 C2 E5
2026-10-09 18:40:44,846 RX 81 F1 B1 C2 E5
2026-10-09 18:40:44,846 RX 81 F1 B1 C2 E5
2026-10-09 18:40:44,846 RX 81 F1 B1 C2 E5
2026-10-09 18:40:44,846 RX 81 F1 B1 C2 E5
2026-10-09 18:40:44,846 RX 81 F1 B1 C2 E5
2026-10-09 18:40:44,846 RX 81 F1 B1 C2 E5
2026-10-09 18:40:44,846 RX 81 F1 B1 C2 E5
2026-10-09 18:40:44,846 RX 81 F1 B1 C2 E5
2026-10-09 18:40:44,846 RX 81 F1 B1 C2 E5
2026-10-09 18:40:44,846 RX 81 F1 B1 C2 E5
2026-10-09 18:40:44,846 RX 81 F1 B1 C2 E5
2026-10-09 18:40:44,846 RX 81 F1 B1 C2 E5
2026-10-09 18:40:44,846 RX 81 F1 B1 C2 E5
2026-10-09 18:40:44,846 RX 81 F1 B1 C2 E5
2026-10-09 18:40:44,846 RX 81 F1 B1 C2 E5
2026-10-09 18:40:44,846 RX 81 F1 B1 C2 E5
2026-10-09 18:40:44,846 RX 81 F1 B1 C2 E5
2026-10-09 18:40:44,846 RX 81 F1 B1 C2 E5
2026-10-09 18:40:44,846 RX 81 F1 B1 C2 E5
2026-10-09 18:40:44,846 RX 81 F1 B1 C2 E5
2026-10-09 18:40:44,846 RX 81 F1 B1 C2 E5
2026-10-09 18:40:44,846 RX 81 F1 B1 C2 E5
2026-10-09 18:40:44,846 RX 81 F1 B1 C2 E5
2026-10-09 18:40:44,846 RX 81 F1 B1 C2 E5
2026-10-09 18:40:44,846 RX 81 F1 B1 C2 E5
2026-10-09 18:40:44,846 RX 81 F1 B1 C2 E5
2026-10-09 18:40:44,846 RX 81 F1 B1 C2 E5
2026-10-09 18:40:44,846 RX 81 F1 B1 C2 E5
2026-10-09 18:40:44,846 RX 81 F1 B1 C2 E5
2026-10-09 18:40:44,846 RX 81 F1 B1 C2 E5
2026-10-09 18:40:44,846 RX 81 F1 B1 C2 E5
2026-10-09 18:40:44,846 RX 81 F1 B1 C2 E5
2026-10-09 18:40:44,846 RX 81 F1 B1 C2 E5
2026-10-09 18:40:44,846 RX 81 F1 B1 C2 E5
2026-10-09 18:40:44,846 RX 81 F1 B1 C2 E5
2026-10-09 18:40:44,846 RX 81 F1 B1 C2 E5
2026-10-09 18:40:44,846 RX 81 F1 B1 C2 E5
2026-10-09 18:40:44,847 RX 81 F1 B1 C2 E5
2026-10-09 18:40:44,847 RX 81 F1 B1 C2 E5
2026-10-09 18:40:44,847 RX 81 F1 B1 C2 E5
2026-10-09 18:40:44,847 RX 81 F1 B1 C2 E5
2026-10-09 18:40:44,847 RX 81 F1 B1 C2 E5
2026-10-09 18:40:44,847 RX 81 F1 B1 C2 E5
2026-10-09 18:40:44,847 RX 81 F1 B1 C2 E5
2026-10-09 18:40:44,847 RX 81 F1 B1 C2 E5
2026-10-09 18:40:44,847 RX 81 F1 B1 C2 E5
2026-10-09 18:40:44,847 RX 81 F1 B1 C2 E5
2026-10-09 18:40:44,847 RX 81 F1 B1 C2 E5
2026-10-09 18:40:44,847 RX 81 F1 B1 C2 E5
2026-10-09 18:40:44,847 RX 81 F1 B1 C2 E5
2026-10-09 18:40:44,847 RX 81 F1 B1 C2 E5
2026-10-09 18:40:44,847 RX 81 F1 B1 C2 E5
2026-10-09 18:40:44,847 RX 81 F1 B1 C2 E5
2026-10-09 18:40:44,847 RX 81 F1 B1 C2 E5
2026-10-09 18:40:44,847 RX 81 F1 B1 C2 E5
2026-10-09 18:40:44,847 RX 81 F1 B1 C2 E5
2026-10-09 18:40:44,847 RX 81 F1 B1 C2 E5
2026-10-09 18:40:44,847 RX 81 F1 B1 C2 E5
2026-10-09 18:40:44,847 RX 81 F1 B1 C2 E5
2026-10-09 18:40:44,847 RX 81 F1 B1 C2 E5
2026-10-09 18:40:44,847 RX 81 F1 B1 C2 E5
2026-10-09 18:40:44,847 RX 81 F1 B1 C2 E5
2026-10-09 18:40:44,847 RX 81 F1 B1 C2 E5
2026-10-09 18:40:44,847 RX 81 F1 B1 C2 E5
2026-10-09 18:40:44,847 RX 81 F1 B1 C2 E5
2026-10-09 18:40:44,847 RX 81 F1 B1 C2 E5
2026-10-09 18:40:44,847 RX 81 F1 B1 C2 E5
2026-10-09 18:40:44,847 RX 81 F1 B1 C2 E5
2026-10-09 18:40:44,847 RX 81 F1 B1 C2 E5
2026-10-09 18:40:44,847 RX 81 F1 B1 C2 E5
2026-10-09 18:40:44,847 RX 81 F1 B1 C2 E5
2026-10-09 18:40:44,847 RX 81 F1 B1 C2 E5
2026-10-09 18:40:44,847 RX 81 F1 B1 C2 E5
2026-10-09 18:40:44,847 RX 81 F1 B1 C2 E5
2026-10-09 18:40:44,847 RX 81 F1 B1 C2 E5
2026-10-09 18:40:44,847 RX 81 F1 B1 C2 E5
2026-10-09 18:40:44,847 RX 81 F1 B1 C2 E5
2026-10-09 18:40:44,847 RX 81 F1 B1 C2 E5
2026-10-09 18:40:44,847 RX 81 F1 B1 C2 E5
2026-10-09 18:40:44,847 RX 81 F1 B1 C2 E5
2026-10-09 18:40:44,847 RX 81 F1 B1 C2 E5
2026-10-09 18:40:44,847 RX 81 F1 B1 C2 E5
2026-10-09 18:40:44,847 RX 81 F1 B1 C2 E5
2026-10-09 18:40:44,847 RX 81 F1 B1 C2 E5
2026-10-09 18:40:44,847 RX 81 F1 B1 C2 E5
2026-10-09 18:40:44,847 RX 81 F1 B1 C2 E5
2026-10-09 18:40:44,847 RX 81 F1 B1 C2 E5
2026-10-09 18:40:44,847 RX 81 F1 B1 C2 E5
2026-10-09 18:40:44,847 RX 81 F1 B1 C2 E5
2026-10-09 18:40:44,847 RX 81 F1 B1 C2 E5
2026-10-09 18:40:44,847 RX 81 F1 B1 C2 E5
2026-10-09 18:40:44,847 RX 81 F1 B1 C2 E5
2026-10-09 18:40:44,848 RX 81 F1 B1 C2 E5
2026-10-09 18:40:44,848 RX 81 F1 B1 C2 E5
2026-10-09 18:40:44,848 RX 81 F1 B1 C2 E5
2026-10-09 18:40:44,848 RX 81 F1 B1 C2 E5
2026-10-09 18:40:44,848 RX 81 F1 B1 C2 E5
2026-10-09 18:40:44,848 RX 81 F1 B1 C2 E5
2026-10-09 18:40:44,848 RX 81 F1 B1 C2 E5
2026-10-09 18:40:44,848 RX 81 F1 B1 C2 E5
2026-10-09 18:40:44,848 RX 81 F1 B1 C2 E5
2026-10-09 18:40:44,848 RX 81 F1 B1 C2 E5
2026-10-09 18:40:44,848 RX 81 F1 B1 C2 E5
2026-10-09 18:40:44,848 RX 81 F1 B1 C2 E5
2026-10-09 18:40:44,848 RX 81 F1 B1 C2 E5
2026-10-09 18:40:44,848 RX 81 F1 B1 C2 E5
2026-10-09 18:40:44,848 RX 81 F1 B1 C2 E5
2026-10-09 18:40:44,848 RX 81 F1 B1 C2 E5
2026-10-09 18:40:44,848 RX 81 F1 B1 C2 E5
2026-10-09 18:40:44,848 RX 81 F1 B1 C2 E5
2026-10-09 18:40:44,848 RX 81 F1 B1 C2 E5
2026-10-09 18:40:44,848 RX 81 F1 B1 C2 E5
2026-10-09 18:40:44,848 RX 81 F1 B1 C2 E5
2026-10-09 18:40:44,848 RX 81 F1 B1 C2 E5
2026-10-09 18:40:44,848 RX 81 F1 B1 C2 E5
2026-10-09 18:40:44,848 RX 81 F1 B1 C2 E5
2026-10-09 18:40:44,848 RX 81 F1 B1 C2 E5
2026-10-09 18:40:44,848 RX 81 F1 B1 C2 E5
2026-10-09 18:40:44,848 RX 81 F1 B1 C2 E5
2026-10-09 18:40:44,848 RX 81 F1 B1 C2 E5
2026-10-09 18:40:44,848 RX 81 F1 B1 C2 E5
2026-10-09 18:40:44,848 RX 81 F1 B1 C2 E5
2026-10-09 18:40:44,848 RX 81 F1 B1 C2 E5
2026-10-09 18:40:44,848 RX 81 F1 B1 C2 E5
2026-10-09 18:40:44,848 RX 81 F1 B1 C2 E5
2026-10-09 18:40:44,848 RX 81 F1 B1 C2 E5
2026-10-09 18:40:44,848 RX 81 F1 B1 C2 E5
2026-10-09 18:40:44,848 RX 81 F1 B1 C2 E5
2026-10-09 18:40:44,848 RX 81 F1 B1 C2 E5
2026-10-09 18:40:44,848 RX 81 F1 B1 C2 E5
2026-10-09 18:40:44,848 RX 81 F1 B1 C2 E5
2026-10-09 18:40:44,848 RX 81 F1 B1 C2 E5
2026-10-09 18:40:44,848 RX 81 F1 B1 C2 E5
2026-10-09 18:40:44,848 RX 81 F1 B1 C2 E5
2026-10-09 18:40:44,848 RX 81 F1 B1 C2 E5
2026-10-09 18:40:44,848 RX 81 F1 B1 C2 E5
2026-10-09 18:40:44,848 RX 81 F1 B1 C2 E5
2026-10-09 18:40:44,848 RX 81 F1 B1 C2 E5
2026-10-09 18:40:44,848 RX 81 F1 B1 C2 E5
2026-10-09 18:40:44,848 RX 81 F1 B1 C2 E5
2026-10-09 18:40:44,848 RX 81 F1 B1 C2 E5
2026-10-09 18:40:44,848 RX 81 F1 B1 C2 E5
2026-10-09 18:40:44,848 RX 81 F1 B1 C2 E5
2026-10-09 18:40:44,848 RX 81 F1 B1 C2 E5
2026-10-09 18:40:44,848 RX 81 F1 B1 C2 E5
2026-10-09 18:40:44,848 RX 81 F1 B1 C2 E5
2026-10-09 18:40:44,848 RX 81 F1 B1 C2 E5
2026-10-09 18:40:44,848 RX 81 F1 B1 C2 E5
2026-10-09 18:40:44,848 RX 81 F1 B1 C2 E5
2026-10-09 18:40:44,848 RX 81 F1 B1 C2 E5
2026-10-09 18:40:44,848 RX 81 F1 B1 C2 E5
2026-10-09 18:40:44,848 RX 81 F1 B1 C2 E5
2026-10-09 18:40:44,849 RX 81 F1 B1 C2 E5
2026-10-09 18:40:44,849 RX 81 F1 B1 C2 E5
2026-10-09 18:40:44,849 RX 81 F1 B1 C2 E5
2026-10-09 18:40:44,849 RX 81 F1 B1 C2 E5
2026-10-09 18:40:44,849 RX 81 F1 B1 C2 E5
2026-10-09 18:40:44,849 RX 81 F1 B1 C2 E5
2026-10-09 18:40:44,849 RX 81 F1 B1 C2 E5
2026-10-09 18:40:44,849 RX 81 F1 B1 C2 E5
2026-10-09 18:40:44,849 RX 81 F1 B1 C2 E5
2026-10-09 18:40:44,849 RX 81 F1 B1 C2 E5
2026-10-09 18:40:44,849 RX 81 F1 B1 C2 E5
2026-10-09 18:40:44,849 RX 81 F1 B1 C2 E5
2026-10-09 18:40:44,849 RX 81 F1 B1 C2 E5
2026-10-09 18:40:44,849 RX 81 F1 B1 C2 E5
2026-10-09 18:40:44,849 RX 81 F1 B1 C2 E5
2026-10-09 18:40:44,849 RX 81 F1 B1 C2 E5
2026-10-09 18:40:44,849 RX 81 F1 B1 C2 E5
2026-10-09 18:40:44,849 RX 81 F1 B1 C2 E5
2026-10-09 18:40:44,849 RX 81 F1 B1 C2 E5
2026-10-09 18:40:44,849 RX 81 F1 B1 C2 E5
2026-10-09 18:40:44,849 RX 81 F1 B1 C2 E5
2026-10-09 18:40:44,849 RX 81 F1 B1 C2 E5
2026-10-09 18:40:44,849 RX 81 F1 B1 C2 E5
2026-10-09 18:40:44,849 RX 81 F1 B1 C2 E5
2026-10-09 18:40:44,849 RX 81 F1 B1 C2 E5
2026-10-09 18:40:44,849 RX 81 F1 B1 C2 E5
2026-10-09 18:40:44,849 RX 81 F1 B1 C2 E5
2026-10-09 18:40:44,849 RX 81 F1 B1 C2 E5
2026-10-09 18:40:44,849 RX 81 F1 B1 C2 E5
2026-10-09 18:40:44,849 RX 81 F1 B1 C2 E5
2026-10-09 18:40:44,849 RX 81 F1 B1 C2 E5
2026-10-09 18:40:44,849 RX 81 F1 B1 C2 E5
2026-10-09 18:40:44,849 RX 81 F1 B1 C2 E5
2026-10-09 18:40:44,849 RX 81 F1 B1 C2 E5
2026-10-09 18:40:44,849 RX 81 F1 B1 C2 E5
2026-10-09 18:40:44,849 RX 81 F1 B1 C2 E5
2026-10-09 18:40:44,849 RX 81 F1 B1 C2 E5
2026-10-09 18:40:44,849 RX 81 F1 B1 C2 E5
2026-10-09 18:40:44,849 RX 81 F1 B1 C2 E5
2026-10-09 18:40:44,849 RX 81 F1 B1 C2 E5
2026-10-09 18:40:44,849 RX 81 F1 B1 C2 E5
2026-10-09 18:40:44,849 RX 81 F1 B1 C2 E5
2026-10-09 18:40:44,849 RX 81 F1 B1 C2 E5
2026-10-09 18:40:44,849 RX 81 F1 B1 C2 E5
2026-10-09 18:40:44,849 RX 81 F1 B1 C2 E5
2026-10-09 18:40:44,849 RX 81 F1 B1 C2 E5
2026-10-09 18:40:44,849 RX 81 F1 B1 C2 E5
2026-10-09 18:40:44,849 RX 81 F1 B1 C2 E5
2026-10-09 18:40:44,849 RX 81 F1 B1 C2 E5
2026-10-09 18:40:44,849 RX 81 F1 B1 C2 E5
2026-10-09 18:40:44,849 RX 81 F1 B1 C2 E5
2026-10-09 18:40:44,849 RX 81 F1 B1 C2 E5
2026-10-09 18:40:44,849 RX 81 F1 B1 C2 E5
2026-10-09 18:40:44,849 RX 81 F1 B1 C2 E5
2026-10-09 18:40:44,849 RX 81 F1 B1 C2 E5
2026-10-09 18:40:44,849 RX 81 F1 B1 C2 E5
2026-10-09 18:40:44,849 RX 81 F1 B1 C2 E5
2026-10-09 18:40:44,850 RX 81 F1 B1 C2 E5
2026-10-09 18:40:44,850 RX 81 F1 B1 C2 E5
2026-10-09 18:40:44,850 RX 81 F1 B1 C2 E5
2026-10-09 18:40:44,850 RX 81 F1 B1 C2 E5
2026-10-09 18:40:44,850 RX 81 F1 B1 C2 E5
2026-10-09 18:40:44,850 RX 81 F1 B1 C2 E5
2026-10-09 18:40:44,850 RX 81 F1 B1 C2 E5
2026-10-09 18:40:44,850 RX 81 F1 B1 C2 E5
2026-10-09 18:40:44,850 RX 81 F1 B1 C2 E5
2026-10-09 18:40:44,850 RX 81 F1 B1 C2 E5
2026-10-09 18:40:44,850 RX 81 F1 B1 C2 E5
2026-10-09 18:40:44,850 RX 81 F1 B1 C2 E5
2026-10-09 18:40:44,850 RX 81 F1 B1 C2 E5
2026-10-09 18:40:44,850 RX 81 F1 B1 C2 E5
2026-10-09 18:40:44,850 RX 81 F1 B1 C2 E5
2026-10-09 18:40:44,850 RX 81 F1 B1 C2 E5
2026-10-09 18:40:44,850 RX 81 F1 B1 C2 E5
2026-10-09 18:40:44,850 RX 81 F1 B1 C2 E5
2026-10-09 18:40:44,850 RX 81 F1 B1 C2 E5
2026-10-09 18:40:44,850 RX 81 F1 B1 C2 E5
2026-10-09 18:40:44,850 RX 81 F1 B1 C2 E5
2026-10-09 18:40:44,850 RX 81 F1 B1 C2 E5
2026-10-09 18:40:44,850 RX 81 F1 B1 C2 E5
2026-10-09 18:40:44,850 RX 81 F1 B1 C2 E5
2026-10-09 18:40:44,850 RX 81 F1 B1 C2 E5
2026-10-09 18:40:44,850 RX 81 F1 B1 C2 E5
2026-10-09 18:40:44,850 RX 81 F1 B1 C2 E5
2026-10-09 18:40:44,850 RX 81 F1 B1 C2 E5
2026-10-09 18:40:44,850 RX 81 F1 B1 C2 E5
2026-10-09 18:40:44,850 RX 81 F1 B1 C2 E5
2026-10-09 18:40:44,850 RX 81 F1 B1 C2 E5
2026-10-09 18:40:44,850 RX 81 F1 B1 C2 E5
2026-10-09 18:40:44,850 RX 81 F1 B1 C2 E5
2026-10-09 18:40:44,850 RX 81 F1 B1 C2 E5
2026-10-09 18:40:44,850 RX 81 F1 B1 C2 E5
2026-10-09 18:40:44,850 RX 81 F1 B1 C2 E5
2026-10-09 18:40:44,850 RX 81 F1 B1 C2 E5
2026-10-09 18:40:44,850 RX 81 F1 B1 C2 E5
2026-10-09 18:40:44,850 RX 81 F1 B1 C2 E5
2026-10-09 18:40:44,850 RX 81 F1 B1 C2 E5
2026-10-09 18:40:44,850 RX 81 F1 B1 C2 E5
2026-10-09 18:40:44,850 RX 81 F1 B1 C2 E5
2026-10-09 18:40:44,850 RX 81 F1 B1 C2 E5
2026-10-09 18:40:44,850 RX 81 F1 B1 C2 E5
2026-10-09 18:40:44,850 RX 81 F1 B1 C2 E5
2026-10-09 18:40:44,850 RX 81 F1 B1 C2 E5
2026-10-09 18:40:44,850 RX 81 F1 B1 C2 E5
2026-10-09 18:40:44,850 RX 81 F1 B1 C2 E5
2026-10-09 18:40:44,850 RX 81 F1 B1 C2 E5
2026-10-09 18:40:44,850 RX 81 F1 B1 C2 E5
2026-10-09 18:40:44,850 RX 81 F1 B1 C2 E5
2026-10-09 18:40:44,850 RX 81 F1 B1 C2 E5
2026-10-09 18:40:44,850 RX 81 F1 B1 C2 E5
2026-10-09 18:40:44,850 RX 81 F1 B1 C2 E5
2026-10-09 18:40:44,850 RX 81 F1 B1 C2 E5
2026-10-09 18:40:44,850 RX 81 F1 B1 C2 E5
2026-10-09 18:40:44,850 RX 81 F1 B1 C2 E5
2026-10-09 18:40:44,850 RX 81 F1 B1 C2 E5
2026-10-09 18:40:44,850 RX 81 F1 B1 C2 E5
2026-10-09 18:40:44,850 RX 81 F1 B1 C2 E5
2026-10-09 18:40:44,851 RX 81 F1 B1 C2 E5
2026-10-09 18:40:44,851 RX 81 F1 B1 C2 E5
2026-10-09 18:40:44,851 RX 81 F1 B1 C2 E5
2026-10-09 18:40:44,851 RX 81 F1 B1 C2 E5
2026-10-09 18:40:44,851 RX 81 F1 B1 C2 E5
2026-10-09 18:40:44,851 RX 81 F1 B1 C2 E5
2026-10-09 18:40:44,851 RX 81 F1 B1 C2 E5
2026-10-09 18:40:44,851 RX 81 F1 B1 C2 E5
2026-10-09 18:40:44,851 RX 81 F1 B1 C2 E5
2026-10-09 18:40:44,851 RX 81 F1 B1 C2 E5
2026-10-09 18:40:44,851 RX 81 F1 B1 C2 E5
2026-10-09 18:40:44,851 RX 81 F1 B1 C2 E5
2026-10-09 18:40:44,851 RX 81 F1 B1 C2 E5
2026-10-09 18:40:44,851 RX 81 F1 B1 C2 E5
2026-10-09 18:40:44,851 RX 81 F1 B1 C2 E5
2026-10-09 18:40:44,851 RX 81 F1 B1 C2 E5
2026-10-09 18:40:44,851 RX 81 F1 B1 C2 E5
2026-10-09 18:40:44,851 RX 81 F1 B1 C2 E5
2026-10-09 18:40:44,851 RX 81 F1 B1 C2 E5
2026-10-09 18:40:44,851 RX 81 F1 B1 C2 E5
2026-10-09 18:40:44,851 RX 81 F1 B1 C2 E5
2026-10-09 18:40:44,851 RX 81 F1 B1 C2 E5
2026-10-09 18:40:44,851 RX 81 F1 B1 C2 E5
2026-10-09 18:40:44,851 RX 81 F1 B1 C2 E5
2026-10-09 18:40:44,851 RX 81 F1 B1 C2 E5
2026-10-09 18:40:44,851 RX 81 F1 B1 C2 E5
2026-10-09 18:40:44,851 RX 81 F1 B1 C2 E5
2026-10-09 18:40:44,851 RX 81 F1 B1 C2 E5
2026-10-09 18:40:44,851 RX 81 F1 B1 C2 E5
2026-10-09 18:40:44,851 RX 81 F1 B1 C2 E5
2026-10-09 18:40:44,851 RX 81 F1 B1 C2 E5
2026-10-09 18:40:44,851 RX 81 F1 B1 C2 E5
2026-10-09 18:40:44,851 RX 81 F1 B1 C2 E5
2026-10-09 18:40:44,851 RX 81 F1 B1 C2 E5
2026-10-09 18:40:44,851 RX 81 F1 B1 C2 E5
2026-10-09 18:40:44,851 RX 81 F1 B1 C2 E5
2026-10-09 18:40:44,851 RX 81 F1 B1 C2 E5
2026-10-09 18:40:44,851 RX 81 F1 B1 C2 E5
2026-10-09 18:40:44,851 RX 81 F1 B1 C2 E5
2026-10-09 18:40:44,851 RX 81 F1 B1 C2 E5
2026-10-09 18:40:44,851 RX 81 F1 B1 C2 E5
2026-10-09 18:40:44,851 RX 81 F1 B1 C2 E5
2026-10-09 18:40:44,851 RX 81 F1 B1 C2 E5
2026-10-09 18:40:44,851 RX 81 F1 B1 C2 E5
2026-10-09 18:40:44,851 RX 81 F1 B1 C2 E5
2026-10-09 18:40:44,851 RX 81 F1 B1 C2 E5
2026-10-09 18:40:44,851 RX 81 F1 B1 C2 E5
2026-10-09 18:40:44,851 RX 81 F1 B1 C2 E5
2026-10-09 18:40:44,851 RX 81 F1 B1 C2 E5
2026-10-09 18:40:44,851 RX 81 F1 B1 C2 E5
2026-10-09 18:40:44,851 RX 81 F1 B1 C2 E5
2026-10-09 18:40:44,851 RX 81 F1 B1 C2 E5
2026-10-09 18:40:44,851 RX 81 F1 B1 C2 E5
2026-10-09 18:40:44,851 RX 81 F1 B1 C2 E5
2026-10-09 18:40:44,851 RX 81 F1 B1 C2 E5
2026-10-09 18:40:44,851 RX 81 F1 B1 C2 E5
2026-10-09 18:40:44,852 RX 81 F1 B1 C2 E5
2026-10-09 18:40:44,852 RX 81 F1 B1 C2 E5
2026-10-09 18:40:44,852 RX 81 F1 B1 C2 E5
2026-10-09 18:40:44,852 RX 81 F1 B1 C2 E5
2026-10-09 18:40:44,852 RX 81 F1 B1 C2 E5
2026-10-09 18:40:44,852 RX 81 F1 B1 C2 E5
2026-10-09 18:40:44,852 RX 81 F1 B1 C2 E5
2026-10-09 18:40:44,852 RX 81 F1 B1 C2 E5
2026-10-09 18:40:44,852 RX 81 F1 B1 C2 E5
2026-10-09 18:40:44,852 RX 81 F1 B1 C2 E5
2026-10-09 18:40:44,852 RX 81 F1 B1 C2 E5
2026-10-09 18:40:44,852 RX 81 F1 B1 C2 E5
2026-10-09 18:40:44,852 RX 81 F1 B1 C2 E5
2026-10-09 18:40:44,852 RX 81 F1 B1 C2 E5
2026-10-09 18:40:44,852 RX 81 F1 B1 C2 E5
2026-10-09 18:40:44,852 RX 81 F1 B1 C2 E5
2026-10-09 18:40:44,852 RX 81 F1 B1 C2 E5
2026-10-09 18:40:44,852 RX 81 F1 B1 C2 E5
2026-10-09 18:40:44,852 RX 81 F1 B1 C2 E5
2026-10-09 18:40:44,852 RX 81 F1 B1 C2 E5
2026-10-09 18:40:44,852 RX 81 F1 B1 C2 E5
2026-10-09 18:40:44,852 RX 81 F1 B1 C2 E5
2026-10-09 18:40:44,852 RX 81 F1 B1 C2 E5
2026-10-09 18:40:44,852 RX 81 F1 B1 C2 E5
2026-10-09 18:40:44,852 RX 81 F1 B1 C2 E5
2026-10-09 18:40:44,852 RX 81 F1 B1 C2 E5
2026-10-09 18:40:44,852 RX 81 F1 B1 C2 E5
2026-10-09 18:40:44,852 RX 81 F1 B1 C2 E5
2026-10-09 18:40:44,852 RX 81 F1 B1 C2 E5
2026-10-09 18:40:44,852 RX 81 F1 B1 C2 E5
2026-10-09 18:40:44,852 RX 81 F1 B1 C2 E5
2026-10-09 18:40:44,852 RX 81 F1 B1 C2 E5
2026-10-09 18:40:44,852 RX 81 F1 B1 C2 E5
2026-10-09 18:40:44,852 RX 81 F1 B1 C2 E5
2026-10-09 18:40:44,852 RX 81 F1 B1 C2 E5
2026-10-09 18:40:44,852 RX 81 F1 B1 C2 E5
2026-10-09 18:40:44,852 RX 81 F1 B1 C2 E5
2026-10-09 18:40:44,852 RX 81 F1 B1 C2 E5
2026-10-09 18:40:44,852 RX 81 F1 B1 C2 E5
2026-10-09 18:40:44,852 RX 81 F1 B1 C2 E5
2026-10-09 18:40:44,852 RX 81 F1 B1 C2 E5
2026-10-09 18:40:44,852 RX 81 F1 B1 C2 E5
2026-10-09 18:40:44,852 RX 81 F1 B1 C2 E5
2026-10-09 18:40:44,852 RX 81 F1 B1 C2 E5
2026-10-09 18:40:44,852 RX 81 F1 B1 C2 E5
2026-10-09 18:40:44,852 RX 81 F1 B1 C2 E5
2026-10-09 18:40:44,852 RX 81 F1 B1 C2 E5
2026-10-09 18:40:44,852 RX 81 F1 B1 C2 E5
2026-10-09 18:40:44,852 RX 81 F1 B1 C2 E5
2026-10-09 18:40:44,852 RX 81 F1 B1 C2 E5
2026-10-09 18:40:44,852 RX 81 F1 B1 C2 E5
2026-10-09 18:40:44,852 RX 81 F1 B1 C2 E5
2026-10-09 18:40:44,852 RX 81 F1 B1 C2 E5
2026-10-09 18:40:44,852 RX 81 F1 B1 C2 E5
2026-10-09 18:40:44,852 RX 81 F1 B1 C2 E5
2026-10-09 18:40:44,852 RX 81 F1 B1 C2 E5
2026-10-09 18:40:44,852 RX 81 F1 B1 C2 E5
2026-10-09 18:40:44,852 RX 81 F1 B1 C2 E5
2026-10-09 18:40:44,852 RX 81 F1 B1 C2 E5
2026-10-09 18:40:44,852 RX 81 F1 B1 C2 E5
2026-10-09 18:40:44,853 RX 81 F1 B1 C2 E5
2026-10-09 18:40:44,853 RX 81 F1 B1 C2 E5
2026-10-09 18:40:44,853 RX 81 F1 B1 C2 E5
2026-10-09 18:40:44,853 RX 81 F1 B1 C2 E5
2026-10-09 18:40:44,853 RX 81 F1 B1 C2 E5
2026-10-09 18:40:44,853 RX 81 F1 B1 C2 E5
2026-10-09 18:40:44,853 RX 81 F1 B1 C2 E5
2026-10-09 18:40:44,853 RX 81 F1 B1 C2 E5
2026-10-09 18:40:44,853 RX 81 F1 B1 C2 E5
2026-10-09 18:40:44,853 RX 81 F1 B1 C2 E5
2026-10-09 18:40:44,853 RX 81 F1 B1 C2 E5
2026-10-09 18:40:44,853 RX 81 F1 B1 C2 E5
2026-10-09 18:40:44,853 RX 81 F1 B1 C2 E5
2026-10-09 18:40:44,853 RX 81 F1 B1 C2 E5
2026-10-09 18:40:44,853 RX 81 F1 B1 C2 E5
2026-10-09 18:40:44,853 RX 81 F1 B1 C2 E5
2026-10-09 18:40:44,853 RX 81 F1 B1 C2 E5
2026-10-09 18:40:44,853 RX 81 F1 B1 C2 E5
2026-10-09 18:40:44,853 RX 81 F1 B1 C2 E5
2026-10-09 18:40:44,853 RX 81 F1 B1 C2 E5
2026-10-09 18:40:44,853 RX 81 F1 B1 C2 E5
2026-10-09 18:40:44,853 RX 81 F1 B1 C2 E5
2026-10-09 18:40:44,853 RX 81 F1 B1 C2 E5
2026-10-09 18:40:44,853 RX 81 F1 B1 C2 E5
2026-10-09 18:40:44,853 RX 81 F1 B1 C2 E5
2026-10-09 18:40:44,853 RX 81 F1 B1 C2 E5
2026-10-09 18:40:44,853 RX 81 F1 B1 C2 E5
2026-10-09 18:40:44,853 RX 81 F1 B1 C2 E5
2026-10-09 18:40:44,853 RX 81 F1 B1 C2 E5
2026-10-09 18:40:44,853 RX 81 F1 B1 C2 E5
2026-10-09 18:40:44,853 RX 81 F1 B1 C2 E5
2026-10-09 18:40:44,853 RX 81 F1 B1 C2 E5
2026-10-09 18:40:44,853 RX 81 F1 B1 C2 E5
2026-10-09 18:40:44,853 RX 81 F1 B1 C2 E5
2026-10-09 18:40:44,853 RX 81 F1 B1 C2 E5
2026-10-09 18:40:44,853 RX 81 F1 B1 C2 E5
2026-10-09 18:40:44,853 RX 81 F1 B1 C2 E5
2026-10-09 18:40:44,853 RX 81 F1 B1 C2 E5
2026-10-09 18:40:44,853 RX 81 F1 B1 C2 E5
2026-10-09 18:40:44,853 RX 81 F1 B1 C2 E5
2026-10-09 18:40:44,853 RX 81 F1 B1 C2 E5
2026-10-09 18:40:44,853 RX 81 F1 B1 C2 E5
2026-10-09 18:40:44,853 RX 81 F1 B1 C2 E5
2026-10-09 18:40:44,853 RX 81 F1 B1 C2 E5
2026-10-09 18:40:44,854 RX 81 F1 B1 C2 E5
2026-10-09 18:40:44,854 RX 81 F1 B1 C2 E5
2026-10-09 18:40:44,854 RX 81 F1 B1 C2 E5
2026-10-09 18:40:44,854 RX 81 F1 B1 C2 E5
2026-10-09 18:40:44,854 RX 81 F1 B1 C2 E5
2026-10-09 18:40:44,854 RX 81 F1 B1 C2 E5
2026-10-09 18:40:44,854 RX 81 F1 B1 C2 E5
2026-10-09 18:40:44,854 RX 81 F1 B1 C2 E5
2026-10-09 18:40:44,854 RX 81 F1 B1 C2 E5
2026-10-09 18:40:44,854 RX 81 F1 B1 C2 E5
2026-10-09 18:40:44,854 RX 81 F1 B1 C2 E5
2026-10-09 18:40:44,854 RX 81 F1 B1 C2 E5
2026-10-09 18:40:44,854 RX 81 F1 B1 C2 E5
2026-10-09 18:40:44,854 RX 81 F1 B1 C2 E5
2026-10-09 18:40:44,854 RX 81 F1 B1 C2 E5
2026-10-09 18:40:44,854 RX 81 F1 B1 C2 E5
2026-10-09 18:40:44,854 RX 81 F1 B1 C2 E5
2026-10-09 18:40:44,854 RX 81 F1 B1 C2 E5
2026-10-09 18:40:44,854 RX 81 F1 B1 C2 E5
2026-10-09 18:40:44,854 RX 81 F1 B1 C2 E5
2026-10-09 18:40:44,854 RX 81 F1 B1 C2 E5
2026-10-09 18:40:44,854 RX 81 F1 B1 C2 E5
2026-10-09 18:40:44,854 RX 81 F1 B1 C2 E5
2026-10-09 18:40:44,854 RX 81 F1 B1 C2 E5
2026-10-09 18:40:44,854 RX 81 F1 B1 C2 E5
2026-10-09 18:40:44,854 RX 81 F1 B1 C2 E5
2026-10-09 18:40:44,855 RX 81 F1 B1 C2 E5
2026-10-09 18:40:44,855 RX 81 F1 B1 C2 E5
2026-10-09 18:40:44,855 RX 81 F1 B1 C2 E5
2026-10-09 18:40:44,855 RX 81 F1 B1 C2 E5
2026-10-09 18:40:44,855 RX 81 F1 B1 C2 E5
2026-10-09 18:40:44,855 RX 81 F1 B1 C2 E5
2026-10-09 18:40:44,855 RX 81 F1 B1 C2 E5
2026-10-09 18:40:44,855 RX 81 F1 B1 C2 E5
2026-10-09 18:40:44,855 RX 81 F1 B1 C2 E5
2026-10-09 18:40:44,855 RX 81 F1 B1 C2 E5
2026-10-09 18:40:44,855 RX 81 F1 B1 C2 E5
2026-10-09 18:40:44,855 RX 81 F1 B1 C2 E5
2026-10-09 18:40:44,855 RX 81 F1 B1 C2 E5
2026-10-09 18:40:44,855 RX 81 F1 B1 C2 E5
2026-10-09 18:40:44,855 RX 81 F1 B1 C2 E5
2026-10-09 18:40:44,855 RX 81 F1 B1 C2 E5
2026-10-09 18:40:44,855 RX 81 F1 B1 C2 E5
2026-10-09 18:40:44,855 RX 81 F1 B1 C2 E5
2026-10-09 18:40:44,855 RX 81 F1 B1 C2 E5
2026-10-09 18:40:44,855 RX 81 F1 B1 C2 E5
2026-10-09 18:40:44,855 RX 81 F1 B1 C2 E5
2026-10-09 18:40:44,855 RX 81 F1 B1 C2 E5
2026-10-09 18:40:44,855 RX 81 F1 B1 C2 E5
2026-10-09 18:40:44,855 RX 81 F1 B1 C2 E5
2026-10-09 18:40:44,855 RX 81 F1 B1 C2 E5
2026-10-09 18:40:44,855 RX 81 F1 B1 C2 E5
2026-10-09 18:40:44,855 RX 81 F1 B1 C2 E5
2026-10-09 18:40:44,855 RX 81 F1 B1 C2 E5
2026-10-09 18:40:44,855 RX 81 F1 B1 C2 E5
2026-10-09 18:40:44,855 RX 81 F1 B1 C2 E5
2026-10-09 18:40:44,855 RX 81 F1 B1 C2 E5
2026-10-09 18:40:44,855 RX 81 F1 B1 C2 E5
2026-10-09 18:40:44,855 RX 81 F1 B1 C2 E5
2026-10-09 18:40:44,855 RX 81 F1 B1 C2 E5
2026-10-09 18:40:44,855 RX 81 F1 B1 C2 E5
2026-10-09 18:40:44,855 RX 81 F1 B1 C2 E5
2026-10-09 18:40:44,855 RX 81 F1 B1 C2 E5
2026-10-09 18:40:44,855 RX 81 F1 B1 C2 E5
2026-10-09 18:40:44,855 RX 81 F1 B1 C2 E5
2026-10-09 18:40:44,855 RX 81 F1 B1 C2 E5
2026-10-09 18:40:44,855 RX 81 F1 B1 C2 E5
2026-10-09 18:40:44,855 RX 81 F1 B1 C2 E5
2026-10-09 18:40:44,855 RX 81 F1 B1 C2 E5
2026-10-09 18:40:44,855 RX 81 F1 B1 C2 E5
2026-10-09 18:40:44,855 RX 81 F1 B1 C2 E5
2026-10-09 18:40:44,855 RX 81 F1 B1 C2 E5
2026-10-09 18:40:44,855 RX 81 F1 B1 C2 E5
2026-10-09 18:40:44,855 RX 81 F1 B1 C2 E5
2026-10-09 18:40:44,855 RX 81 F1 B1 C2 E5
2026-10-09 18:40:44,855 RX 81 F1 B1 C2 E5
2026-10-09 18:40:44,855 RX 81 F1 B1 C2 E5
2026-10-09 18:40:44,855 RX 81 F1 B1 C2 E5
2026-10-09 18:40:44,855 RX 81 F1 B1 C2 E5
2026-10-09 18:40:44,855 RX 81 F1 B1 C2 E5
2026-10-09 18:40:44,855 RX 81 F1 B1 C2 E5
2026-10-09 18:40:44,855 RX 81 F1 B1 C2 E5
2026-10-09 18:40:44,856 RX 81 F1 B1 C2 E5
2026-10-09 18:40:44,856 RX 81 F1 B1 C2 E5
2026-10-09 18:40:44,856 RX 81 F1 B1 C2 E5
2026-10-09 18:40:44,856 RX 81 F1 B1 C2 E5
2026-10-09 18:40:44,856 RX 81 F1 B1 C2 E5
2026-10-09 18:40:44,856 RX 81 F1 B1 C2 E5
2026-10-09 18:40:44,856 RX 81 F1 B1 C2 E5
2026-10-09 18:40:44,856 RX 81 F1 B1 C2 E5
2026-10-09 18:40:44,856 RX 81 F1 B1 C2 E5
2026-10-09 18:40:44,856 RX 81 F1 B1 C2 E5
2026-10-09 18:40:44,856 RX 81 F1 B1 C2 E5
2026-10-09 18:40:44,856 RX 81 F1 B1 C2 E5
2026-10-09 18:40:44,856 RX 81 F1 B1 C2 E5
2026-10-09 18:40:44,856 RX 81 F1 B1 C2 E5
2026-10-09 18:40:44,856 RX 81 F1 B1 C2 E5
2026-10-09 18:40:44,856 RX 81 F1 B1 C2 E5
2026-10-09 18:40:44,856 RX 81 F1 B1 C2 E5
2026-10-09 18:40:44,856 RX 81 F1 B1 C2 E5
2026-10-09 18:40:44,856 RX 81 F1 B1 C2 E5
2026-10-09 18:40:44,856 RX 81 F1 B1 C2 E5
2026-10-09 18:40:44,856 RX 81 F1 B1 C2 E5
2026-10-09 18:40:44,856 RX 81 F1 B1 C2 E5
2026-10-09 18:40:44,856 RX 81 F1 B1 C2 E5
2026-10-09 18:40:44,856 RX 81 F1 B1 C2 E5
2026-10-09 18:40:44,856 RX 81 F1 B1 C2 E5
2026-10-09 18:40:44,856 RX 81 F1 B1 C2 E5
2026-10-09 18:40:44,856 RX 81 F1 B1 C2 E5
2026-10-09 18:40:44,856 RX 81 F1 B1 C2 E5
2026-10-09 18:40:44,856 RX 81 F1 B1 C2 E5
2026-10-09 18:40:44,856 RX 81 F1 B1 C2 E5
2026-10-09 18:40:44,856 RX 81 F1 B1 C2 E5
2026-10-09 18:40:44,856 RX 81 F1 B1 C2 E5
2026-10-09 18:40:44,856 RX 81 F1 B1 C2 E5
2026-10-09 18:40:44,856 RX 81 F1 B1 C2 E5
2026-10-09 18:40:44,856 RX 81 F1 B1 C2 E5
2026-10-09 18:40:44,856 RX 81 F1 B1 C2 E5
2026-10-09 18:40:44,856 RX 81 F1 B1 C2 E5
2026-10-09 18:40:44,856 RX 81 F1 B1 C2 E5
2026-10-09 18:40:44,856 RX 81 F1 B1 C2 E5
2026-10-09 18:40:44,856 RX 81 F1 B1 C2 E5
2026-10-09 18:40:44,856 RX 81 F1 B1 C2 E5
2026-10-09 18:40:44,856 RX 81 F1 B1 C2 E5
2026-10-09 18:40:44,856 RX 81 F1 B1 C2 E5
2026-10-09 18:40:44,856 RX 81 F1 B1 C2 E5
2026-10-09 18:40:44,856 RX 81 F1 B1 C2 E5
2026-10-09 18:40:44,856 RX 81 F1 B1 C2 E5
2026-10-09 18:40:44,856 RX 81 F1 B1 C2 E5
2026-10-09 18:40:44,856 RX 81 F1 B1 C2 E5
2026-10-09 18:40:44,856 RX 81 F1 B1 C2 E5
2026-10-09 18:40:44,856 RX 81 F1 B1 C2 E5
2026-10-09 18:40:44,856 RX 81 F1 B1 C2 E5
2026-10-09 18:40:44,856 RX 81 F1 B1 C2 E5
2026-10-09 18:40:44,856 RX 81 F1 B1 C2 E5
2026-10-09 18:40:44,856 RX 81 F1 B1 C2 E5
2026-10-09 18:40:44,856 RX 81 F1 B1 C2 E5
2026-10-09 18:40:44,856 RX 81 F1 B1 C2 E5
2026-10-09 18:40:44,856 RX 81 F1 B1 C2 E5
2026-10-09 18:40:44,856 RX 81 F1 B1 C2 E5
2026-10-09 18:40:44,856 RX 81 F1 B1 C2 E5
2026-10-09 18:40:44,856 RX 81 F1 B1 C2 E5
2026-10-09 18:40:44,856 RX 81 F1 B1 C2 E5
2026-10-09 18:40:44,856 RX 81 F1 B1 C2 E5
2026-10-09 18:40:44,856 RX 81 F1 B1 C2 E5
2026-10-09 18:40:44,856 RX 81 F1 B1 C2 E5
2026-10-09 18:40:44,857 RX 81 F1 B1 C2 E5
2026-10-09 18:40:44,857 RX 81 F1 B1 C2 E5
2026-10-09 18:40:44,857 RX 81 F1 B1 C2 E5
2026-10-09 18:40:44,857 RX 81 F1 B1 C2 E5
2026-10-09 18:40:44,857 RX 81 F1 B1 C2 E5
2026-10-09 18:40:44,857 RX 81 F1 B1 C2 E5
2026-10-09 18:40:44,857 RX 81 F1 B1 C2 E5
2026-10-09 18:40:44,857 RX 81 F1 B1 C2 E5
2026-10-09 18:40:44,857 RX 81 F1 B1 C2 E5
2026-10-09 18:40:44,857 RX 81 F1 B1 C2 E5
2026-10-09 18:40:44,857 RX 81 F1 B1 C2 E5
2026-10-09 18:40:44,857 RX 81 F1 B1 C2 E5
2026-10-09 18:40:44,857 RX 81 F1 B1 C2 E5
2026-10-09 18:40:44,857 RX 81 F1 B1 C2 E5
2026-10-09 18:40:44,857 RX 81 F1 B1 C2 E5
2026-10-09 18:40:44,857 RX 81 F1 B1 C2 E5
2026-10-09 18:40:44,857 RX 81 F1 B1 C2 E5
2026-10-09 18:40:44,857 RX 81 F1 B1 C2 E5
2026-10-09 18:40:44,857 RX 81 F1 B1 C2 E5
2026-10-09 18:40:44,857 RX 81 F1 B1 C2 E5
2026-10-09 18:40:44,857 RX 81 F1 B1 C2 E5
2026-10-09 18:40:44,857 RX 81 F1 B1 C2 E5
2026-10-09 18:40:44,857 RX 81 F1 B1 C2 E5
2026-10-09 18:40:44,857 RX 81 F1 B1 C2 E5
2026-10-09 18:40:44,857 RX 81 F1 B1 C2 E5
2026-10-09 18:40:44,857 RX 81 F1 B1 C2 E5
2026-10-09 18:40:44,857 RX 81 F1 B1 C2 E5
2026-10-09 18:40:44,857 RX 81 F1 B1 C2 E5
2026-10-09 18:40:44,857 RX 81 F1 B1 C2 E5
2026-10-09 18:40:44,857 RX 81 F1 B1 C2 E5
2026-10-09 18:40:44,857 RX 81 F1 B1 C2 E5
2026-10-09 18:40:44,857 RX 81 F1 B1 C2 E5
2026-10-09 18:40:44,857 RX 81 F1 B1 C2 E5
2026-10-09 18:40:44,857 RX 81 F1 B1 C2 E5
2026-10-09 18:40:44,857 RX 81 F1 B1 C2 E5
2026-10-09 18:40:44,857 RX 81 F1 B1 C2 E5
2026-10-09 18:40:44,857 RX 81 F1 B1 C2 E5
2026-10-09 18:40:44,857 RX 81 F1 B1 C2 E5
2026-10-09 18:40:44,857 RX 81 F1 B1 C2 E5
2026-10-09 18:40:44,857 RX 81 F1 B1 C2 E5
2026-10-09 18:40:44,857 RX 81 F1 B1 C2 E5
2026-10-09 18:40:44,857 RX 81 F1 B1 C2 E5
2026-10-09 18:40:44,857 RX 81 F1 B1 C2 E5
2026-10-09 18:40:44,857 RX 81 F1 B1 C2 E5
2026-10-09 18:40:44,857 RX 81 F1 B1 C2 E5
2026-10-09 18:40:44,857 RX 81 F1 B1 C2 E5
2026-10-09 18:40:44,857 RX 81 F1 B1 C2 E5
2026-10-09 18:40:44,857 RX 81 F1 B1 C2 E5
2026-10-09 18:40:44,857 RX 81 F1 B1 C2 E5
2026-10-09 18:40:44,857 RX 81 F1 B1 C2 E5
2026-10-09 18:40:44,857 RX 81 F1 B1 C2 E5
2026-10-09 18:40:44,857 RX 81 F1 B1 C2 E5
2026-10-09 18:40:44,857 RX 81 F1 B1 C2 E5
2026-10-09 18:40:44,857 RX 81 F1 B1 C2 E5
2026-10-09 18:40:44,857 RX 81 F1 B1 C2 E5
2026-10-09 18:40:44,857 RX 81 F1 B1 C2 E5
2026-10-09 18:40:44,857 RX 81 F1 B1 C2 E5
2026-10-09 18:40:44,857 RX 81 F1 B1 C2 E5
2026-10-09 18:40:44,857 RX 81 F1 B1 C2 E5
2026-10-09 18:40:44,857 RX 81 F1 B1 C2 E5
2026-10-09 18:40:44,857 RX 81 F1 B1 C2 E5
2026-10-09 18:40:44,857 RX 81 F1 B1 C2 E5
2026-10-09 18:40:44,857 RX 81 F1 B1 C2 E5
2026-10-09 18:40:44,857 RX 81 F1 B1 C2 E5
2026-10-09 18:40:44,858 RX 81 F1 B1 C2 E5
2026-10-09 18:40:44,858 RX 81 F1 B1 C2 E5
2026-10-09 18:40:44,858 RX 81 F1 B1 C2 E5
2026-10-09 18:40:44,858 RX 81 F1 B1 C2 E5
2026-10-09 18:40:44,858 RX 81 F1 B1 C2 E5
2026-10-09 18:40:44,858 RX 81 F1 B1 C2 E5
2026-10-09 18:40:44,858 RX 81 F1 B1 C2 E5
2026-10-09 18:40:44,858 RX 81 F1 B1 C2 E5
2026-10-09 18:40:44,858 RX 81 F1 B1 C2 E5
2026-10-09 18:40:44,858 RX 81 F1 B1 C2 E5
2026-10-09 18:40:44,858 RX 81 F1 B1 C2 E5
2026-10-09 18:40:44,858 RX 81 F1 B1 C2 E5
2026-10-09 18:40:44,858 RX 81 F1 B1 C2 E5
2026-10-09 18:40:44,858 RX 81 F1 B1 C2 E5
2026-10-09 18:40:44,858 RX 81 F1 B1 C2 E5
2026-10-09 18:40:44,858 RX 81 F1 B1 C2 E5
2026-10-09 18:40:44,858 RX 81 F1 B1 C2 E5
2026-10-09 18:40:44,858 RX 81 F1 B1 C2 E5
2026-10-09 18:40:44,858 RX 81 F1 B1 C2 E5
2026-10-09 18:40:44,858 RX 81 F1 B1 C2 E5
2026-10-09 18:40:44,858 RX 81 F1 B1 C2 E5
2026-10-09 18:40:44,858 RX 81 F1 B1 C2 E5
2026-10-09 18:40:44,858 RX 81 F1 B1 C2 E5
2026-10-09 18:40:44,858 RX 81 F1 B1 C2 E5
2026-10-09 18:40:44,858 RX 81 F1 B1 C2 E5
2026-10-09 18:40:44,858 RX 81 F1 B1 C2 E5
2026-10-09 18:40:44,858 RX 81 F1 B1 C2 E5
2026-10-09 18:40:44,858 RX 81 F1 B1 C2 E5
2026-10-09 18:40:44,858 RX 81 F1 B1 C2 E5
2026-10-09 18:40:44,858 RX 81 F1 B1 C2 E5
2026-10-09 18:40:44,858 RX 81 F1 B1 C2 E5
2026-10-09 18:40:44,858 RX 81 F1 B1 C2 E5
2026-10-09 18:40:44,858 RX 81 F1 B1 C2 E5
2026-10-09 18:40:44,858 RX 81 F1 B1 C2 E5
2026-10-09 18:40:44,858 RX 81 F1 B1 C2 E5
2026-10-09 18:40:44,858 RX 81 F1 B1 C2 E5
2026-10-09 18:40:44,858 RX 81 F1 B1 C2 E5
2026-10-09 18:40:44,858 RX 81 F1 B1 C2 E5
2026-10-09 18:40:44,858 RX 81 F1 B1 C2 E5
2026-10-09 18:40:44,858 RX 81 F1 B1 C2 E5
2026-10-09 18:40:44,858 RX 81 F1 B1 C2 E5
2026-10-09 18:40:44,858 RX 81 F1 B1 C2 E5
2026-10-09 18:40:44,858 RX 81 F1 B1 C2 E5
2026-10-09 18:40:44,858 RX 81 F1 B1 C2 E5
2026-10-09 18:40:44,858 RX 81 F1 B1 C2 E5
2026-10-09 18:40:44,858 RX 81 F1 B1 C2 E5
2026-10-09 18:40:44,858 RX 81 F1 B1 C2 E5
2026-10-09 18:40:44,858 RX 81 F1 B1 C2 E5
2026-10-09 18:40:44,858 RX 81 F1 B1 C2 E5
2026-10-09 18:40:44,858 RX 81 F1 B1 C2 E5
2026-10-09 18:40:44,858 RX 81 F1 B1 C2 E5
2026-10-09 18:40:44,858 RX 81 F1 B1 C2 E5
2026-10-09 18:40:44,858 RX 81 F1 B1 C2 E5
2026-10-09 18:40:44,858 RX 81 F1 B1 C2 E5
2026-10-09 18:40:44,858 RX 81 F1 B1 C2 E5
2026-10-09 18:40:44,858 RX 81 F1 B1 C2 E5
2026-10-09 18:40:44,858 RX 81 F1 B1 C2 E5
2026-10-09 18:40:44,858 RX 81 F1 B1 C2 E5
2026-10-09 18:40:44,858 RX 81 F1 B1 C2 E5
2026-10-09 18:40:44,859 RX 81 F1 B1 C2 E5
2026-10-09 18:40:44,859 RX 81 F1 B1 C2 E5
2026-10-09 18:40:44,859 RX 81 F1 B1 C2 E5
2026-10-09 18:40:44,859 RX 81 F1 B1 C2 E5
2026-10-09 18:40:44,859 RX 81 F1 B1 C2 E5
2026-10-09 18:40:44,859 RX 81 F1 B1 C2 E5
2026-10-09 18:40:44,859 RX 81 F1 B1 C2 E5
2026-10-09 18:40:44,859 RX 81 F1 B1 C2 E5
2026-10-09 18:40:44,859 RX 81 F1 B1 C2 E5
2026-10-09 18:40:44,859 RX 81 F1 B1 C2 E5
2026-10-09 18:40:44,859 RX 81 F1 B1 C2 E5
2026-10-09 18:40:44,859 RX 81 F1 B1 C2 E5
2026-10-09 18:40:44,859 RX 81 F1 B1 C2 E5
2026-10-09 18:40:44,859 RX 81 F1 B1 C2 E5
2026-10-09 18:40:44,859 RX 81 F1 B1 C2 E5
2026-10-09 18:40:44,859 RX 81 F1 B1 C2 E5
2026-10-09 18:40:44,859 RX 81 F1 B1 C2 E5
2026-10-09 18:40:44,859 RX 81 F1 B1 C2 E5
2026-10-09 18:40:44,859 RX 81 F1 B1 C2 E5
2026-10-09 18:40:44,859 RX 81 F1 B1 C2 E5
2026-10-09 18:40:44,859 RX 81 F1 B1 C2 E5
2026-10-09 18:40:44,859 RX 81 F1 B1 C2 E5
2026-10-09 18:40:44,859 RX 81 F1 B1 C2 E5
2026-10-09 18:40:44,859 RX 81 F1 B1 C2 E5
2026-10-09 18:40:44,859 RX 81 F1 B1 C2 E5
2026-10-09 18:40:44,859 RX 81 F1 B1 C2 E5
2026-10-09 18:40:44,859 RX 81 F1 B1 C2 E5
2026-10-09 18:40:44,859 RX 81 F1 B1 C2 E5
2026-10-09 18:40:44,859 RX 81 F1 B1 C2 E5
2026-10-09 18:40:44,859 RX 81 F1 B1 C2 E5
2026-10-09 18:40:44,859 RX 81 F1 B1 C2 E5
2026-10-09 18:40:44,859 RX 81 F1 B1 C2 E5
2026-10-09 18:40:44,859 RX 81 F1 B1 C2 E5
2026-10-09 18:40:44,859 RX 81 F1 B1 C2 E5
2026-10-09 18:40:44,859 RX 81 F1 B1 C2 E5
2026-10-09 18:40:44,859 RX 81 F1 B1 C2 E5
2026-10-09 18:40:44,859 RX 81 F1 B1 C2 E5
2026-10-09 18:40:44,859 RX 81 F1 B1 C2 E5
2026-10-09 18:40:44,859 RX 81 F1 B1 C2 E5
2026-10-09 18:40:44,859 RX 81 F1 B1 C2 E5
2026-10-09 18:40:44,859 RX 81 F1 B1 C2 E5
2026-10-09 18:40:44,859 RX 81 F1 B1 C2 E5
2026-10-09 18:40:44,859 RX 81 F1 B1 C2 E5
2026-10-09 18:40:44,859 RX 81 F1 B1 C2 E5
2026-10-09 18:40:44,859 RX 81 F1 B1 C2 E5
2026-10-09 18:40:44,859 RX 81 F1 B1 C2 E5
2026-10-09 18:40:44,859 RX 81 F1 B1 C2 E5
2026-10-09 18:40:44,859 RX 81 F1 B1 C2 E5
2026-10-09 18:40:44,859 RX 81 F1 B1 C2 E5
2026-10-09 18:40:44,859 RX 81 F1 B1 C2 E5
2026-10-09 18:40:44,859 RX 81 F1 B1 C2 E5
2026-10-09 18:40:44,859 RX 81 F1 B1 C2 E5
2026-10-09 18:40:44,859 RX 81 F1 B1 C2 E5
2026-10-09 18:40:44,859 RX 81 F1 B1 C2 E5
2026-10-09 18:40:44,859 RX 81 F1 B1 C2 E5
2026-10-09 18:40:44,859 RX 81 F1 B1 C2 E5
2026-10-09 18:40:44,859 RX 81 F1 B1 C2 E5
2026-10-09 18:40:44,859 RX 81 F1 B1 C2 E5
2026-10-09 18:40:44,859 RX 81 F1 B1 C2 E5
2026-10-09 18:40:44,860 RX 81 F1 B1 C2 E5
2026-10-09 18:40:44,860 RX 81 F1 B1 C2 E5
2026-10-09 18:40:44,860 RX 81 F1 B1 C2 E5
2026-10-09 18:40:44,860 RX 81 F1 B1 C2 E5
2026-10-09 18:40:44,860 RX 81 F1 B1 C2 E5
2026-10-09 18:40:44,860 RX 81 F1 B1 C2 E5
2026-10-09 18:40:44,860 RX 81 F1 B1 C2 E5
2026-10-09 18:40:44,860 RX 81 F1 B1 C2 E5
2026-10-09 18:40:44,860 RX 81 F1 B1 C2 E5
2026-10-09 18:40:44,860 RX 81 F1 B1 C2 E5
2026-10-09 18:40:44,860 RX 81 F1 B1 C2 E5
2026-10-09 18:40:44,860 RX 81 F1 B1 C2 E5
2026-10-09 18:40:44,860 RX 81 F1 B1 C2 E5
2026-10-09 18:40:44,860 RX 81 F1 B1 C2 E5
2026-10-09 18:40:44,860 RX 81 F1 B1 C2 E5
2026-10-09 18:40:44,860 RX 81 F1 B1 C2 E5
2026-10-09 18:40:44,860 RX 81 F1 B1 C2 E5
2026-10-09 18:40:44,860 RX 81 F1 B1 C2 E5
2026-10-09 18:40:44,860 RX 81 F1 B1 C2 E5
2026-10-09 18:40:44,860 RX 81 F1 B1 C2 E5
2026-10-09 18:40:44,860 RX 81 F1 B1 C2 E5
2026-10-09 18:40:44,860 RX 81 F1 B1 C2 E5
2026-10-09 18:40:44,860 RX 81 F1 B1 C2 E5
2026-10-09 18:40:44,860 RX 81 F1 B1 C2 E5
2026-10-09 18:40:44,860 RX 81 F1 B1 C2 E5
2026-10-09 18:40:44,860 RX 81 F1 B1 C2 E5
2026-10-09 18:40:44,860 RX 81 F1 B1 C2 E5
2026-10-09 18:40:44,860 RX 81 F1 B1 C2 E5
2026-10-09 18:40:44,860 RX 81 F1 B1 C2 E5
2026-10-09 18:40:44,860 RX 81 F1 B1 C2 E5
2026-10-09 18:40:44,860 RX 81 F1 B1 C2 E5
2026-10-09 18:40:44,860 RX 81 F1 B1 C2 E5
2026-10-09 18:40:44,860 RX 81 F1 B1 C2 E5
2026-10-09 18:40:44,860 RX 81 F1 B1 C2 E5
2026-10-09 18:40:44,860 RX 81 F1 B1 C2 E5
2026-10-09 18:40:44,860 RX 81 F1 B1 C2 E5
2026-10-09 18:40:44,860 RX 81 F1 B1 C2 E5
2026-10-09 18:40:44,860 RX 81 F1 B1 C2 E5
2026-10-09 18:40:44,860 RX 81 F1 B1 C2 E5
2026-10-09 18:40:44,860 RX 81 F1 B1 C2 E5
2026-10-09 18:40:44,860 RX 81 F1 B1 C2 E5
2026-10-09 18:40:44,860 RX 81 F1 B1 C2 E5
2026-10-09 18:40:44,860 RX 81 F1 B1 C2 E5
2026-10-09 18:40:44,860 RX 81 F1 B1 C2 E5
2026-10-09 18:40:44,860 RX 81 F1 B1 C2 E5
2026-10-09 18:40:44,860 RX 81 F1 B1 C2 E5
2026-10-09 18:40:44,860 RX 81 F1 B1 C2 E5
2026-10-09 18:40:44,860 RX 81 F1 B1 C2 E5
2026-10-09 18:40:44,860 RX 81 F1 B1 C2 E5
2026-10-09 18:40:44,860 RX 81 F1 B1 C2 E5
2026-10-09 18:40:44,860 RX 81 F1 B1 C2 E5
2026-10-09 18:40:44,860 RX 81 F1 B1 C2 E5
2026-10-09 18:40:44,860 RX 81 F1 B1 C2 E5
2026-10-09 18:40:44,860 RX 81 F1 B1 C2 E5
2026-10-09 18:40:44,860 RX 81 F1 B1 C2 E5
2026-10-09 18:40:44,860 RX 81 F1 B1 C2 E5
2026-10-09 18:40:44,860 RX 81 F1 B1 C2 E5
2026-10-09 18:40:44,860 RX 81 F1 B1 C2 E5
2026-10-09 18:40:44,860 RX 81 F1 B1 C2 E5
2026-10-09 18:40:44,860 RX 81 F1 B1 C2 E5
2026-10-09 18:40:44,860 RX 81 F1 B1 C2 E5
2026-10-09 18:40:44,860 RX 81 F1 B1 C2 E5
2026-10-09 18:40:44,861 RX 81 F1 B1 C2 E5
2026-10-09 18:40:44,861 RX 81 F1 B1 C2 E5
2026-10-09 18:40:44,861 RX 81 F1 B1 C2 E5
2026-10-09 18:40:44,861 RX 81 F1 B1 C2 E5
2026-10-09 18:40:44,861 RX 81 F1 B1 C2 E5
2026-10-09 18:40:44,861 RX 81 F1 B1 C2 E5
2026-10-09 18:40:44,861 RX 81 F1 B1 C2 E5
2026-10-09 18:40:44,861 RX 81 F1 B1 C2 E5
2026-10-09 18:40:44,861 RX 81 F1 B1 C2 E5
2026-10-09 18:40:44,861 RX 81 F1 B1 C2 E5
2026-10-09 18:40:44,861 RX 81 F1 B1 C2 E5
2026-10-09 18:40:44,861 RX 81 F1 B1 C2 E5
2026-10-09 18:40:44,861 RX 81 F1 B1 C2 E5
2026-10-09 18:40:44,861 RX 81 F1 B1 C2 E5
2026-10-09 18:40:44,861 RX 81 F1 B1 C2 E5
2026-10-09 18:40:44,861 RX 81 F1 B1 C2 E5
2026-10-09 18:40:44,861 RX 81 F1 B1 C2 E5
2026-10-09 18:40:44,861 RX 81 F1 B1 C2 E5
2026-10-09 18:40:44,861 RX 81 F1 B1 C2 E5
2026-10-09 18:40:44,861 RX 81 F1 B1 C2 E5
2026-10-09 18:40:44,861 RX 81 F1 B1 C2 E5
2026-10-09 18:40:44,861 RX 81 F1 B1 C2 E5
2026-10-09 18:40:44,861 RX 81 F1 B1 C2 E5
2026-10-09 18:40:44,861 RX 81 F1 B1 C2 E5
2026-10-09 18:40:44,861 RX 81 F1 B1 C2 E5
2026-10-09 18:40:44,861 RX 81 F1 B1 C2 E5
2026-10-09 18:40:44,861 RX 81 F1 B1 C2 E5
2026-10-09 18:40:44,861 RX 81 F1 B1 C2 E5
2026-10-09 18:40:44,861 RX 81 F1 B1 C2 E5
2026-10-09 18:40:44,861 RX 81 F1 B1 C2 E5
2026-10-09 18:40:44,861 RX 81 F1 B1 C2 E5
2026-10-09 18:40:44,861 RX 81 F1 B1 C2 E5
2026-10-09 18:40:44,861 RX 81 F1 B1 C2 E5
2026-10-09 18:40:44,861 RX 81 F1 B1 C2 E5
2026-10-09 18:40:44,861 RX 81 F1 B1 C2 E5
2026-10-09 18:40:44,861 RX 81 F1 B1 C2 E5
2026-10-09 18:40:44,861 RX 81 F1 B1 C2 E5
2026-10-09 18:40:44,861 RX 81 F1 B1 C2 E5
2026-10-09 18:40:44,861 RX 81 F1 B1 C2 E5
2026-10-09 18:40:44,861 RX 81 F1 B1 C2 E5
2026-10-09 18:40:44,861 RX 81 F1 B1 C2 E5
2026-10-09 18:40:44,861 RX 81 F1 B1 C2 E5
2026-10-09 18:40:44,861 RX 81 F1 B1 C2 E5
2026-10-09 18:40:44,861 RX 81 F1 B1 C2 E5
2026-10-09 18:40:44,861 RX 81 F1 B1 C2 E5
2026-10-09 18:40:44,861 RX 81 F1 B1 C2 E5
2026-10-09 18:40:44,861 RX 81 F1 B1 C2 E5
2026-10-09 18:40:44,861 RX 81 F1 B1 C2 E5
2026-10-09 18:40:44,861 RX 81 F1 B1 C2 E5
2026-10-09 18:40:44,861 RX 81 F1 B1 C2 E5
2026-10-09 18:40:44,861 RX 81 F1 B1 C2 E5
2026-10-09 18:40:44,861 RX 81 F1 B1 C2 E5
2026-10-09 18:40:44,861 RX 81 F1 B1 C2 E5
2026-10-09 18:40:44,861 RX 81 F1 B1 C2 E5
2026-10-09 18:40:44,861 RX 81 F1 B1 C2 E5
2026-10-09 18:40:44,861 RX 81 F1 B1 C2 E5
2026-10-09 18:40:44,861 RX 81 F1 B1 C2 E5
2026-10-09 18:40:44,861 RX 81 F1 B1 C2 E5
2026-10-09 18:40:44,861 RX 81 F1 B1 C2 E5
2026-10-09 18:40:44,861 RX 81 F1 B1 C2 E5
2026-10-09 18:40:44,861 RX 81 F1 B1 C2 E5
2026-10-09 18:40:44,861 RX 81 F1 B1 C2 E5
2026-10-09 18:40:44,861 RX 81 F1 B1 C2 E5
2026-10-09 18:40:44,861 RX 81 F1 B1 C2 E5
2026-10-09 18:40:44,861 RX 81 F1 B1 C2 E5
2026-10-09 18:40:44,862 RX 81 F1 B1 C2 E5
2026-10-09 18:40:44,862 RX 81 F1 B1 C2 E5
2026-10-09 18:40:44,862 RX 81 F1 B1 C2 E5
2026-10-09 18:40:44,862 RX 81 F1 B1 C2 E5
2026-10-09 18:40:44,862 RX 81 F1 B1 C2 E5
2026-10-09 18:40:44,862 RX 81 F1 B1 C2 E5
2026-10-09 18:40:44,862 RX 81 F1 B1 C2 E5
2026-10-09 18:40:44,862 RX 81 F1 B1 C2 E5
2026-10-09 18:40:44,862 RX 81 F1 B1 C2 E5
2026-10-09 18:40:44,862 RX 81 F1 B1 C2 E5
2026-10-09 18:40:44,862 RX 81 F1 B1 C2 E5
2026-10-09 18:40:44,862 RX 81 F1 B1 C2 E5
2026-10-09 18:40:44,862 RX 81 F1 B1 C2 E5
2026-10-09 18:40:44,862 RX 81 F1 B1 C2 E5
2026-10-09 18:40:44,862 RX 81 F1 B1 C2 E5
2026-10-09 18:40:44,862 RX 81 F1 B1 C2 E5
2026-10-09 18:40:44,862 RX 81 F1 B1 C2 E5
2026-10-09 18:40:44,862 RX 81 F1 B1 C2 E5
2026-10-09 18:40:44,862 RX 81 F1 B1 C2 E5
2026-10-09 18:40:44,862 RX 81 F1 B1 C2 E5
2026-10-09 18:40:44,862 RX 81 F1 B1 C2 E5
2026-10-09 18:40:44,862 RX 81 F1 B1 C2 E5
2026-10-09 18:40:44,862 RX 81 F1 B1 C2 E5
2026-10-09 18:40:44,862 RX 81 F1 B1 C2 E5
2026-10-09 18:40:44,862 RX 81 F1 B1 C2 E5
2026-10-09 18:40:44,862 RX 81 F1 B1 C2 E5
2026-10-09 18:40:44,862 RX 81 F1 B1 C2 E5
2026-10-09 18:40:44,862 RX 81 F1 B1 C2 E5
2026-10-09 18:40:44,862 RX 81 F1 B1 C2 E5
2026-10-09 18:40:44,862 RX 81 F1 B1 C2 E5
2026-10-09 18:40:44,862 RX 81 F1 B1 C2 E5
2026-10-09 18:40:44,862 RX 81 F1 B1 C2 E5
2026-10-09 18:40:44,862 RX 81 F1 B1 C2 E5
2026-10-09 18:40:44,862 RX 81 F1 B1 C2 E5
2026-10-09 18:40:44,862 RX 81 F1 B1 C2 E5
2026-10-09 18:40:44,862 RX 81 F1 B1 C2 E5
2026-10-09 18:40:44,862 RX 81 F1 B1 C2 E5
2026-10-09 18:40:44,862 RX 81 F1 B1 C2 E5
2026-10-09 18:40:44,862 RX 81 F1 B1 C2 E5
2026-10-09 18:40:44,862 RX 81 F1 B1 C2 E5
2026-10-09 18:40:44,862 RX 81 F1 B1 C2 E5
2026-10-09 18:40:44,862 RX 81 F1 B1 C2 E5
2026-10-09 18:40:44,862 RX 81 F1 B1 C2 E5
2026-10-09 18:40:44,862 RX 81 F1 B1 C2 E5
2026-10-09 18:40:44,862 RX 81 F1 B1 C2 E5
2026-10-09 18:40:44,862 RX 81 F1 B1 C2 E5
2026-10-09 18:40:44,862 RX 81 F1 B1 C2 E5
2026-10-09 18:40:44,862 RX 81 F1 B1 C2 E5
2026-10-09 18:40:44,862 RX 81 F1 B1 C2 E5
2026-10-09 18:40:44,862 RX 81 F1 B1 C2 E5
2026-10-09 18:40:44,862 RX 81 F1 B1 C2 E5
2026-10-09 18:40:44,862 RX 81 F1 B1 C2 E5
2026-10-09 18:40:44,862 RX 81 F1 B1 C2 E5
2026-10-09 18:40:44,862 RX 81 F1 B1 C2 E5
2026-10-09 18:40:44,862 RX 81 F1 B1 C2 E5
2026-10-09 18:40:44,862 RX 81 F1 B1 C2 E5
2026-10-09 18:40:44,862 RX 81 F1 B1 C2 E5
2026-10-09 18:40:44,862 RX 81 F1 B1 C2 E5
2026-10-09 18:40:44,862 RX 81 F1 B1 C2 E5
2026-10-09 18:40:44,862 RX 81 F1 B1 C2 E5
2026-10-09 18:40:44,862 RX 81 F1 B1 C2 E5
2026-10-09 18:40:44,863 RX 81 F1 B1 C2 E5
2026-10-09 18:40:44,863 RX 81 F1 B1 C2 E5
2026-10-09 18:40:44,863 RX 81 F1 B1 C2 E5
2026-10-09 18:40:44,863 RX 81 F1 B1 C2 E5
2026-10-09 18:40:44,863 RX 81 F1 B1 C2 E5
2026-10-09 18:40:44,863 RX 81 F1 B1 C2 E5
2026-10-09 18:40:44,863 RX 81 F1 B1 C2 E5
2026-10-09 18:40:44,863 RX 81 F1 B1 C2 E5
2026-10-09 18:40:44,863 RX 81 F1 B1 C2 E5
2026-10-09 18:40:44,863 RX 81 F1 B1 C2 E5
2026-10-09 18:40:44,863 RX 81 F1 B1 C2 E5
2026-10-09 18:40:44,863 RX 81 F1 B1 C2 E5
2026-10-09 18:40:44,863 RX 81 F1 B1 C2 E5
2026-10-09 18:40:44,863 RX 81 F1 B1 C2 E5
2026-10-09 18:40:44,863 RX 81 F1 B1 C2 E5
2026-10-09 18:40:44,863 RX 81 F1 B1 C2 E5
2026-10-09 18:40:44,863 RX 81 F1 B1 C2 E5
2026-10-09 18:40:44,863 RX 81 F1 B1 C2 E5
2026-10-09 18:40:44,863 RX 81 F1 B1 C2 E5
2026-10-09 18:40:44,863 RX 81 F1 B1 C2 E5
2026-10-09 18:40:44,863 RX 81 F1 B1 C2 E5
2026-10-09 18:40:44,863 RX 81 F1 B1 C2 E5
2026-10-09 18:40:44,863 RX 81 F1 B1 C2 E5
2026-10-09 18:40:44,863 RX 81 F1 B1 C2 E5
2026-10-09 18:40:44,863 RX 81 F1 B1 C2 E5
2026-10-09 18:40:44,863 RX 81 F1 B1 C2 E5
2026-10-09 18:40:44,863 RX 81 F1 B1 C2 E5
2026-10-09 18:40:44,863 RX 81 F1 B1 C2 E5
2026-10-09 18:40:44,863 RX 81 F1 B1 C2 E5
2026-10-09 18:40:44,863 RX 81 F1 B1 C2 E5
2026-10-09 18:40:44,863 RX 81 F1 B1 C2 E5
2026-10-09 18:40:44,863 RX 81 F1 B1 C2 E5
2026-10-09 18:40:44,863 RX 81 F1 B1 C2 E5
2026-10-09 18:40:44,863 RX 81 F1 B1 C2 E5
2026-10-09 18:40:44,863 RX 81 F1 B1 C2 E5
2026-10-09 18:40:44,863 RX 81 F1 B1 C2 E5
2026-10-09 18:40:44,863 RX 81 F1 B1 C2 E5
2026-10-09 18:40:44,863 RX 81 F1 B1 C2 E5
2026-10-09 18:40:44,863 RX 81 F1 B1 C2 E5
2026-10-09 18:40:44,863 RX 81 F1 B1 C2 E5
2026-10-09 18:40:44,863 RX 81 F1 B1 C2 E5
2026-10-09 18:40:44,863 RX 81 F1 B1 C2 E5
2026-10-09 18:40:44,863 RX 81 F1 B1 C2 E5
2026-10-09 18:40:44,863 RX 81 F1 B1 C2 E5
2026-10-09 18:40:44,863 RX 81 F1 B1 C2 E5
2026-10-09 18:40:44,863 RX 81 F1 B1 C2 E5
2026-10-09 18:40:44,863 RX 81 F1 B1 C2 E5
2026-10-09 18:40:44,863 RX 81 F1 B1 C2 E5
2026-10-09 18:40:44,863 RX 81 F1 B1 C2 E5
2026-10-09 18:40:44,863 RX 81 F1 B1 C2 E5
2026-10-09 18:40:44,863 RX 81 F1 B1 C2 E5
2026-10-09 18:40:44,863 RX 81 F1 B1 C2 E5
2026-10-09 18:40:44,863 RX 81 F1 B1 C2 E5
2026-10-09 18:40:44,863 RX 81 F1 B1 C2 E5
2026-10-09 18:40:44,863 RX 81 F1 B1 C2 E5
2026-10-09 18:40:44,863 RX 81 F1 B1 C2 E5
2026-10-09 18:40:44,863 RX 81 F1 B1 C2 E5
2026-10-09 18:40:44,863 RX 81 F1 B1 C2 E5
2026-10-09 18:40:44,863 RX 81 F1 B1 C2 E5
2026-10-09 18:40:44,864 RX 81 F1 B1 C2 E5
2026-10-09 18:40:44,864 RX 81 F1 B1 C2 E5
2026-10-09 18:40:44,864 RX 81 F1 B1 C2 E5
2026-10-09 18:40:44,864 RX 81 F1 B1 C2 E5
2026-10-09 18:40:44,864 RX 81 F1 B1 C2 E5
2026-10-09 18:40:44,864 RX 81 F1 B1 C2 E5
2026-10-09 18:40:44,864 RX 81 F1 B1 C2 E5
2026-10-09 18:40:44,864 RX 81 F1 B1 C2 E5
2026-10-09 18:40:44,864 RX 81 F1 B1 C2 E5
2026-10-09 18:40:44,864 RX 81 F1 B1 C2 E5
2026-10-09 18:40:44,864 RX 81 F1 B1 C2 E5
2026-10-09 18:40:44,864 RX 81 F1 B1 C2 E5
2026-10-09 18:40:44,864 RX 81 F1 B1 C2 E5
2026-10-09 18:40:44,864 RX 81 F1 B1 C2 E5
2026-10-09 18:40:44,864 RX 81 F1 B1 C2 E5
2026-10-09 18:40:44,864 RX 81 F1 B1 C2 E5
2026-10-09 18:40:44,864 RX 81 F1 B1 C2 E5
2026-10-09 18:40:44,864 RX 81 F1 B1 C2 E5
2026-10-09 18:40:44,864 RX 81 F1 B1 C2 E5
2026-10-09 18:40:44,864 RX 81 F1 B1 C2 E5
2026-10-09 18:40:44,864 RX 81 F1 B1 C2 E5
2026-10-09 18:40:44,864 RX 81 F1 B1 C2 E5
2026-10-09 18:40:44,864 RX 81 F1 B1 C2 E5
2026-10-09 18:40:44,864 RX 81 F1 B1 C2 E5
2026-10-09 18:40:44,864 RX 81 F1 B1 C2 E5
2026-10-09 18:40:44,864 RX 81 F1 B1 C2 E5
2026-10-09 18:40:44,864 RX 81 F1 B1 C2 E5
2026-10-09 18:40:44,864 RX 81 F1 B1 C2 E5
2026-10-09 18:40:44,864 RX 81 F1 B1 C2 E5
2026-10-09 18:40:44,864 RX 81 F1 B1 C2 E5
2026-10-09 18:40:44,864 RX 81 F1 B1 C2 E5
2026-10-09 18:40:44,864 RX 81 F1 B1 C2 E5
2026-10-09 18:40:44,864 RX 81 F1 B1 C2 E5
2026-10-09 18:40:44,864 RX 81 F1 B1 C2 E5
2026-10-09 18:40:44,864 RX 81 F1 B1 C2 E5
2026-10-09 18:40:44,864 RX 81 F1 B1 C2 E5
2026-10-09 18:40:44,864 RX 81 F1 B1 C2 E5
2026-10-09 18:40:44,864 RX 81 F1 B1 C2 E5
2026-10-09 18:40:44,864 RX 81 F1 B1 C2 E5
2026-10-09 18:40:44,864 RX 81 F1 B1 C2 E5
2026-10-09 18:40:44,864 RX 81 F1 B1 C2 E5
2026-10-09 18:40:44,864 RX 81 F1 B1 C2 E5
2026-10-09 18:40:44,864 RX 81 F1 B1 C2 E5
2026-10-09 18:40:44,864 RX 81 F1 B1 C2 E5
2026-10-09 18:40:44,864 RX 81 F1 B1 C2 E5
2026-10-09 18:40:44,864 RX 81 F1 B1 C2 E5
2026-10-09 18:40:44,864 RX 81 F1 B1 C2 E5
2026-10-09 18:40:44,864 RX 81 F1 B1 C2 E5
2026-10-09 18:40:44,864 RX 81 F1 B1 C2 E5
2026-10-09 18:40:44,864 RX 81 F1 B1 C2 E5
2026-10-09 18:40:44,864 RX 81 F1 B1 C2 E5
2026-10-09 18:40:44,864 RX 81 F1 B1 C2 E5
2026-10-09 18:40:44,864 RX 81 F1 B1 C2 E5
2026-10-09 18:40:44,864 RX 81 F1 B1 C2 E5
2026-10-09 18:40:44,864 RX 81 F1 B1 C2 E5
2026-10-09 18:40:44,864 RX 81 F1 B1 C2 E5
2026-10-09 18:40:44,864 RX 81 F1 B1 C2 E5
2026-10-09 18:40:44,864 RX 81 F1 B1 C2 E5
2026-10-09 18:40:44,864 RX 81 F1 B1 C2 E5
2026-10-09 18:40:44,865 RX 81 F1 B1 C2 E5
2026-10-09 18:40:44,865 RX 81 F1 B1 C2 E5
2026-10-09 18:40:44,865 RX 81 F1 B1 C2 E5
2026-10-09 18:40:44,865 RX 81 F1 B1 C2 E5
2026-10-09 18:40:44,865 RX 81 F1 B1 C2 E5
2026-10-09 18:40:44,865 RX 81 F1 B1 C2 E5
2026-10-09 18:40:44,865 RX 81 F1 B1 C2 E5
2026-10-09 18:40:44,865 RX 81 F1 B1 C2 E5
2026-10-09 18:40:44,865 RX 81 F1 B1 C2 E5
2026-10-09 18:40:44,865 RX 81 F1 B1 C2 E5
2026-10-09 18:40:44,865 RX 81 F1 B1 C2 E5
2026-10-09 18:40:44,865 RX 81 F1 B1 C2 E5
2026-10-09 18:40:44,865 RX 81 F1 B1 C2 E5
2026-10-09 18:40:44,865 RX 81 F1 B1 C2 E5
2026-10-09 18:40:44,865 RX 81 F1 B1 C2 E5
2026-10-09 18:40:44,865 RX 81 F1 B1 C2 E5
2026-10-09 18:40:44,865 RX 81 F1 B1 C2 E5
2026-10-09 18:40:44,865 RX 81 F1 B1 C2 E5
2026-10-09 18:40:44,865 RX 81 F1 B1 C2 E5
2026-10-09 18:40:44,865 RX 81 F1 B1 C2 E5
2026-10-09 18:40:44,865 RX 81 F1 B1 C2 E5
2026-10-09 18:40:44,865 RX 81 F1 B1 C2 E5
2026-10-09 18:40:44,865 RX 81 F1 B1 C2 E5
2026-10-09 18:40:44,865 RX 81 F1 B1 C2 E5
2026-10-09 18:40:44,865 RX 81 F1 B1 C2 E5
2026-10-09 18:40:44,865 RX 81 F1 B1 C2 E5
2026-10-09 18:40:44,865 RX 81 F1 B1 C2 E5
2026-10-09 18:40:44,865 RX 81 F1 B1 C2 E5
2026-10-09 18:40:44,865 RX 81 F1 B1 C2 E5
2026-10-09 18:40:44,865 RX 81 F1 B1 C2 E5
2026-10-09 18:40:44,865 RX 81 F1 B1 C2 E5
2026-10-09 18:40:44,865 RX 81 F1 B1 C2 E5
2026-10-09 18:40:44,865 RX 81 F1 B1 C2 E5
2026-10-09 18:40:44,865 RX 81 F1 B1 C2 E5
2026-10-09 18:40:44,865 RX 81 F1 B1 C2 E5
2026-10-09 18:40:44,865 RX 81 F1 B1 C2 E5
2026-10-09 18:40:44,865 RX 81 F1 B1 C2 E5
2026-10-09 18:40:44,865 RX 81 F1 B1 C2 E5
2026-10-09 18:40:44,865 RX 81 F1 B1 C2 E5
2026-10-09 18:40:44,865 RX 81 F1 B1 C2 E5
2026-10-09 18:40:44,865 RX 81 F1 B1 C2 E5
2026-10-09 18:40:44,865 RX 81 F1 B1 C2 E5
2026-10-09 18:40:44,865 RX 81 F1 B1 C2 E5
2026-10-09 18:40:44,865 RX 81 F1 B1 C2 E5
2026-10-09 18:40:44,865 RX 81 F1 B1 C2 E5
2026-10-09 18:40:44,865 RX 81 F1 B1 C2 E5
2026-10-09 18:40:44,865 RX 81 F1 B1 C2 E5
2026-10-09 18:40:44,865 RX 81 F1 B1 C2 E5
2026-10-09 18:40:44,865 RX 81 F1 B1 C2 E5
2026-10-09 18:40:44,865 RX 81 F1 B1 C2 E5
2026-10-09 18:40:44,865 RX 81 F1 B1 C2 E5
2026-10-09 18:40:44,865 RX 81 F1 B1 C2 E5
2026-10-09 18:40:44,865 RX 81 F1 B1 C2 E5
2026-10-09 18:40:44,865 RX 81 F1 B1 C2 E5
2026-10-09 18:40:44,865 RX 81 F1 B1 C2 E5
2026-10-09 18:40:44,865 RX 81 F1 B1 C2 E5
2026-10-09 18:40:44,865 RX 81 F1 B1 C2 E5
2026-10-09 18:40:44,865 RX 81 F1 B1 C2 E5
2026-10-09 18:40:44,865 RX 81 F1 B1 C2 E5
2026-10-09 18:40:44,866 RX 81 F1 B1 C2 E5
2026-10-09 18:40:44,866 RX 81 F1 B1 C2 E5
2026-10-09 18:40:44,866 RX 81 F1 B1 C2 E5
2026-10-09 18:40:44,866 RX 81 F1 B1 C2 E5
2026-10-09 18:40:44,866 RX 81 F1 B1 C2 E5
2026-10-09 18:40:44,866 RX 81 F1 B1 C2 E5
2026-10-09 18:40:44,866 RX 81 F1 B1 C2 E5
2026-10-09 18:40:44,866 RX 81 F1 B1 C2 E5
2026-10-09 18:40:44,866 RX 81 F1 B1 C2 E5
2026-10-09 18:40:44,866 RX 81 F1 B1 C2 E5
2026-10-09 18:40:44,866 RX 81 F1 B1 C2 E5
2026-10-09 18:40:44,866 RX 81 F1 B1 C2 E5
2026-10-09 18:40:44,866 RX 81 F1 B1 C2 E5
2026-10-09 18:40:44,866 RX_ECHO ignored
2026-10-09 18:40:44,866 RX_ECHO ignored
2026-10-09 18:40:44,866 RX_ECHO ignored
2026-10-09 18:40:44,866 RX_ECHO ignored
2026-10-09 18:40:44,866 RX_ECHO ignored
2026-10-09 18:40:44,866 RX_ECHO ignored
2026-10-09 18:40:44,866 RX_ECHO ignored
2026-10-09 18:40:44,866 RX_ECHO ignored
2026-10-09 18:40:44,866 RX_ECHO ignored
2026-10-09 18:40:44,866 RX_ECHO ignored
2026-10-09 18:40:44,866 RX_ECHO ignored
2026-10-09 18:40:44,866 RX_ECHO ignored
2026-10-09 18:40:44,866 RX_ECHO ignored
2026-10-09 18:40:44,866 RX_ECHO ignored
2026-10-09 18:40:44,866 RX_ECHO ignored
2026-10-09 18:40:44,866 RX_ECHO ignored
2026-10-09 18:40:44,866 RX_ECHO ignored
2026-10-09 18:40:44,866 RX_ECHO ignored
2026-10-09 18:40:44,866 RX_ECHO ignored
2026-10-09 18:40:44,866 RX_ECHO ignored
2026-10-09 18:40:44,866 RX_ECHO ignored
2026-10-09 18:40:44,866 RX_ECHO ignored
2026-10-09 18:40:44,866 RX_ECHO ignored
2026-10-09 18:40:44,866 RX_ECHO ignored
2026-10-09 18:40:44,866 RX_ECHO ignored
2026-10-09 18:40:44,866 RX_ECHO ignored
2026-10-09 18:40:44,866 RX_ECHO ignored
2026-10-09 18:40:44,866 RX_ECHO ignored
2026-10-09 18:40:44,866 RX_ECHO ignored
2026-10-09 18:40:44,866 RX_ECHO ignored
2026-10-09 18:40:44,866 RX_ECHO ignored
2026-10-09 18:40:44,866 RX_ECHO ignored
2026-10-09 18:40:44,866 RX_ECHO ignored
2026-10-09 18:40:44,866 RX_ECHO ignored
2026-10-09 18:40:44,866 RX_ECHO ignored
2026-10-09 18:40:44,866 RX_ECHO ignored
2026-10-09 18:40:44,866 RX_ECHO ignored
2026-10-09 18:40:44,866 RX_ECHO ignored
2026-10-09 18:40:44,866 RX_ECHO ignored
2026-10-09 18:40:44,866 RX_ECHO ignored
2026-10-09 18:40:44,866 RX_ECHO ignored
2026-10-09 18:40:44,866 RX_ECHO ignored
2026-10-09 18:40:44,866 RX_ECHO ignored
2026-10-09 18:40:44,866 RX_ECHO ignored
2026-10-09 18:40:44,866 RX_ECHO ignored
2026-10-09 18:40:44,866 RX_ECHO ignored
2026-10-09 18:40:44,866 RX_ECHO ignored
2026-10-09 18:40:44,866 RX_ECHO ignored
2026-10-09 18:40:44,866 RX_ECHO ignored
2026-10-09 18:40:44,866 RX_ECHO ignored
2026-10-09 18:40:44,867 RX_ECHO ignored
2026-10-09 18:40:44,867 RX_ECHO ignored
2026-10-09 18:40:44,867 RX_ECHO ignored
2026-10-09 18:40:44,867 RX_ECHO ignored
2026-10-09 18:40:44,867 RX_ECHO ignored
2026-10-09 18:40:44,867 RX_ECHO ignored
2026-10-09 18:40:44,867 RX_ECHO ignored
2026-10-09 18:40:44,867 RX_ECHO ignored
2026-10-09 18:40:44,867 RX_ECHO ignored
2026-10-09 18:40:44,867 RX_ECHO ignored
2026-10-09 18:40:44,867 RX_ECHO ignored
2026-10-09 18:40:44,867 RX_ECHO ignored
2026-10-09 18:40:44,867 RX_ECHO ignored
2026-10-09 18:40:44,867 RX_ECHO ignored
2026-10-09 18:40:44,867 RX_ECHO ignored
2026-10-09 18:40:44,867 RX_ECHO ignored
2026-10-09 18:40:44,867 RX_ECHO ignored
2026-10-09 18:40:44,867 RX_ECHO ignored
2026-10-09 18:40:44,867 RX_ECHO ignored
2026-10-09 18:40:44,867 RX_ECHO ignored
2026-10-09 18:40:44,867 RX_ECHO ignored
2026-10-09 18:40:44,867 RX_ECHO ignored
2026-10-09 18:40:44,867 RX_ECHO ignored
2026-10-09 18:40:44,867 RX_ECHO ignored
2026-10-09 18:40:44,867 RX_ECHO ignored
2026-10-09 18:40:44,867 RX_ECHO ignored
2026-10-09 18:40:44,867 RX_ECHO ignored
2026-10-09 18:40:44,867 RX_ECHO ignored
2026-10-09 18:40:44,867 RX_ECHO ignored
2026-10-09 18:40:44,867 RX_ECHO ignored
2026-10-09 18:40:44,867 RX_ECHO ignored
2026-10-09 18:40:44,867 RX_ECHO ignored
2026-10-09 18:40:44,867 RX_ECHO ignored
2026-10-09 18:40:44,867 RX_ECHO ignored
2026-10-09 18:40:44,867 RX_ECHO ignored
2026-10-09 18:40:44,867 RX_ECHO ignored
2026-10-09 18:40:44,867 RX_ECHO ignored
2026-10-09 18:40:44,867 RX_ECHO ignored
2026-10-09 18:40:44,867 RX_ECHO ignored
2026-10-09 18:40:44,867 RX_ECHO ignored
2026-10-09 18:40:44,867 RX_ECHO ignored
2026-10-09 18:40:44,867 RX_ECHO ignored
2026-10-09 18:40:44,867 RX_ECHO ignored
2026-10-09 18:40:44,867 RX_ECHO ignored
2026-10-09 18:40:44,867 RX_ECHO ignored
2026-10-09 18:40:44,867 RX_ECHO ignored
2026-10-09 18:40:44,867 RX_ECHO ignored
2026-10-09 18:40:44,867 RX_ECHO ignored
2026-10-09 18:40:44,867 RX_ECHO ignored
2026-10-09 18:40:44,867 RX_ECHO ignored
2026-10-09 18:40:44,867 RX_ECHO ignored
2026-10-09 18:40:44,867 RX_ECHO ignored
2026-10-09 18:40:44,867 RX_ECHO ignored
2026-10-09 18:40:44,867 RX_ECHO ignored
2026-10-09 18:40:44,867 RX_ECHO ignored
2026-10-09 18:40:44,867 RX_ECHO ignored
2026-10-09 18:40:44,867 RX_ECHO ignored
2026-10-09 18:40:44,867 RX_ECHO ignored
2026-10-09 18:40:44,867 RX_ECHO ignored
2026-10-09 18:40:44,867 RX_ECHO ignored
2026-10-09 18:40:44,867 RX_ECHO ignored
2026-10-09 18:40:44,867 RX_ECHO ignored
2026-10-09 18:40:44,867 RX_ECHO ignored
2026-10-09 18:40:44,867 RX_ECHO ignored
2026-10-09 18:40:44,867 RX_ECHO ignored
2026-10-09 18:40:44,867 RX_ECHO ignored
2026-10-09 18:40:44,868 RX_ECHO ignored
2026-10-09 18:40:44,868 RX_ECHO ignored
2026-10-09 18:40:44,868 RX_ECHO ignored
2026-10-09 18:40:44,868 RX_ECHO ignored
2026-10-09 18:40:44,868 RX_ECHO ignored
2026-10-09 18:40:44,868 RX_ECHO ignored
2026-10-09 18:40:44,868 RX_ECHO ignored
2026-10-09 18:40:44,868 RX_ECHO ignored
2026-10-09 18:40:44,868 RX_ECHO ignored
2026-10-09 18:40:44,868 RX_ECHO ignored
2026-10-09 18:40:44,868 RX_ECHO ignored
2026-10-09 18:40:44,868 RX_ECHO ignored
2026-10-09 18:40:44,868 RX_ECHO ignored
2026-10-09 18:40:44,868 RX_ECHO ignored
2026-10-09 18:40:44,868 RX_ECHO ignored
2026-10-09 18:40:44,868 RX_ECHO ignored
2026-10-09 18:40:44,868 RX_ECHO ignored
2026-10-09 18:40:44,868 RX_ECHO ignored
2026-10-09 18:40:44,868 RX_ECHO ignored
2026-10-09 18:40:44,868 RX_ECHO ignored
2026-10-09 18:40:44,868 RX_ECHO ignored
2026-10-09 18:40:44,868 RX_ECHO ignored
2026-10-09 18:40:44,868 RX_ECHO ignored
2026-10-09 18:40:44,868 RX_ECHO ignored
2026-10-09 18:40:44,868 RX_ECHO ignored
2026-10-09 18:40:44,868 RX_ECHO ignored
2026-10-09 18:40:44,868 RX_ECHO ignored
2026-10-09 18:40:44,868 RX_ECHO ignored
2026-10-09 18:40:44,868 RX_ECHO ignored
2026-10-09 18:40:44,868 RX_ECHO ignored
2026-10-09 18:40:44,868 RX_ECHO ignored
2026-10-09 18:40:44,868 RX_ECHO ignored
2026-10-09 18:40:44,868 RX_ECHO ignored
2026-10-09 18:40:44,868 RX_ECHO ignored
2026-10-09 18:40:44,868 RX_ECHO ignored
2026-10-09 18:40:44,868 RX_ECHO ignored
2026-10-09 18:40:44,868 RX_ECHO ignored
2026-10-09 18:40:44,868 RX_ECHO ignored
2026-10-09 18:40:44,868 RX_ECHO ignored
2026-10-09 18:40:44,868 RX_ECHO ignored
2026-10-09 18:40:44,868 RX_ECHO ignored
2026-10-09 18:40:44,868 RX_ECHO ignored
2026-10-09 18:40:44,868 RX_ECHO ignored
2026-10-09 18:40:44,868 RX_ECHO ignored
2026-10-09 18:40:44,868 RX_ECHO ignored
2026-10-09 18:40:44,868 RX_ECHO ignored
2026-10-09 18:40:44,868 RX_ECHO ignored
2026-10-09 18:40:44,868 RX_ECHO ignored
2026-10-09 18:40:44,868 RX_ECHO ignored
2026-10-09 18:40:44,868 RX_ECHO ignored
2026-10-09 18:40:44,868 RX_ECHO ignored
2026-10-09 18:40:44,868 RX_ECHO ignored
2026-10-09 18:40:44,868 RX_ECHO ignored
2026-10-09 18:40:44,868 RX_ECHO ignored
2026-10-09 18:40:44,868 RX_ECHO ignored
2026-10-09 18:40:44,868 RX_ECHO ignored
2026-10-09 18:40:44,868 RX_ECHO ignored
2026-10-09 18:40:44,869 RX_ECHO ignored
2026-10-09 18:40:44,869 RX_ECHO ignored
2026-10-09 18:40:44,869 RX_ECHO ignored
2026-10-09 18:40:44,869 RX_ECHO ignored
2026-10-09 18:40:44,869 RX_ECHO ignored
2026-10-09 18:40:44,869 RX_ECHO ignored
2026-10-09 18:40:44,869 RX_ECHO ignored
2026-10-09 18:40:44,869 RX_ECHO ignored
2026-10-09 18:40:44,869 RX_ECHO ignored
2026-10-09 18:40:44,869 RX_ECHO ignored
2026-10-09 18:40:44,869 RX_ECHO ignored
2026-10-09 18:40:44,869 RX_ECHO ignored
2026-10-09 18:40:44,869 RX_ECHO ignored
2026-10-09 18:40:44,869 RX_ECHO ignored
2026-10-09 18:40:44,869 RX_ECHO ignored
2026-10-09 18:40:44,869 RX_ECHO ignored
2026-10-09 18:40:44,869 RX_ECHO ignored
2026-10-09 18:40:44,869 RX_ECHO ignored
2026-10-09 18:40:44,869 RX_ECHO ignored
2026-10-09 18:40:44,869 RX_ECHO ignored
2026-10-09 18:40:44,869 RX_ECHO ignored
2026-10-09 18:40:44,869 RX_ECHO ignored
2026-10-09 18:40:44,869 RX_ECHO ignored
2026-10-09 18:40:44,869 RX_ECHO ignored
2026-10-09 18:40:44,869 RX_ECHO ignored
2026-10-09 18:40:44,869 RX_ECHO ignored
2026-10-09 18:40:44,869 RX_ECHO ignored
2026-10-09 18:40:44,869 RX_ECHO ignored
2026-10-09 18:40:44,869 RX_ECHO ignored
2026-10-09 18:40:44,869 RX_ECHO ignored
2026-10-09 18:40:44,869 RX_ECHO ignored
2026-10-09 18:40:44,869 RX_ECHO ignored
2026-10-09 18:40:44,869 RX_ECHO ignored
2026-10-09 18:40:44,869 RX_ECHO ignored
2026-10-09 18:40:44,869 RX_ECHO ignored
2026-10-09 18:40:44,869 RX_ECHO ignored
2026-10-09 18:40:44,869 RX_ECHO ignored
2026-10-09 18:40:44,869 RX_ECHO ignored
2026-10-09 18:40:44,869 RX_ECHO ignored
2026-10-09 18:40:44,869 RX_ECHO ignored
2026-10-09 18:40:44,869 RX_ECHO ignored
2026-10-09 18:40:44,869 RX_ECHO ignored
2026-10-09 18:40:44,869 RX_ECHO ignored
2026-10-09 18:40:44,869 RX_ECHO ignored
2026-10-09 18:40:44,869 RX_ECHO ignored
2026-10-09 18:40:44,869 RX_ECHO ignored
2026-10-09 18:40:44,869 RX_ECHO ignored
2026-10-09 18:40:44,869 RX_ECHO ignored
2026-10-09 18:40:44,869 RX_ECHO ignored
2026-10-09 18:40:44,869 RX_ECHO ignored
2026-10-09 18:40:44,869 RX_ECHO ignored
2026-10-09 18:40:44,869 RX_ECHO ignored
2026-10-09 18:40:44,869 RX_ECHO ignored
2026-10-09 18:40:44,869 RX_ECHO ignored
2026-10-09 18:40:44,869 RX_ECHO ignored
2026-10-09 18:40:44,869 RX_ECHO ignored
2026-10-09 18:40:44,869 RX_ECHO ignored
2026-10-09 18:40:44,869 RX_ECHO ignored
2026-10-09 18:40:44,869 RX_ECHO ignored
2026-10-09 18:40:44,869 RX_ECHO ignored
2026-10-09 18:40:44,869 RX_ECHO ignored
2026-10-09 18:40:44,869 RX_ECHO ignored
2026-10-09 18:40:44,869 RX_ECHO ignored
2026-10-09 18:40:44,869 RX_ECHO ignored
2026-10-09 18:40:44,869 RX_ECHO ignored
2026-10-09 18:40:44,869 RX_ECHO ignored
2026-10-09 18:40:44,869 RX_ECHO ignored
2026-10-09 18:40:44,869 RX_ECHO ignored
2026-10-09 18:40:44,869 RX_ECHO ignored
2026-10-09 18:40:44,870 RX_ECHO ignored
2026-10-09 18:40:44,870 RX_ECHO ignored
2026-10-09 18:40:44,870 RX_ECHO ignored
2026-10-09 18:40:44,870 RX_ECHO ignored
2026-10-09 18:40:44,870 RX_ECHO ignored
2026-10-09 18:40:44,870 RX_ECHO ignored
2026-10-09 18:40:44,870 RX_ECHO ignored
2026-10-09 18:40:44,870 RX_ECHO ignored
2026-10-09 18:40:44,870 RX_ECHO ignored
2026-10-09 18:40:44,870 RX_ECHO ignored
2026-10-09 18:40:44,870 RX_ECHO ignored
2026-10-09 18:40:44,870 RX_ECHO ignored
2026-10-09 18:40:44,870 RX_ECHO ignored
2026-10-09 18:40:44,870 RX_ECHO ignored
2026-10-09 18:40:44,870 RX_ECHO ignored
2026-10-09 18:40:44,870 RX_ECHO ignored
2026-10-09 18:40:44,870 RX_ECHO ignored
2026-10-09 18:40:44,870 RX_ECHO ignored
2026-10-09 18:40:44,870 RX_ECHO ignored
2026-10-09 18:40:44,870 RX_ECHO ignored
2026-10-09 18:40:44,870 RX_ECHO ignored
2026-10-09 18:40:44,870 RX_ECHO ignored
2026-10-09 18:40:44,870 RX_ECHO ignored
2026-10-09 18:40:44,870 RX_ECHO ignored
2026-10-09 18:40:44,871 RX_ECHO ignored
2026-10-09 18:40:44,871 RX_ECHO ignored
2026-10-09 18:40:44,871 RX_ECHO ignored
2026-10-09 18:40:44,871 RX_ECHO ignored
2026-10-09 18:40:44,871 RX_ECHO ignored
2026-10-09 18:40:44,871 RX_ECHO ignored
2026-10-09 18:40:44,871 RX_ECHO ignored
2026-10-09 18:40:44,871 RX_ECHO ignored
2026-10-09 18:40:44,871 RX_ECHO ignored
2026-10-09 18:40:44,871 RX_ECHO ignored
2026-10-09 18:40:44,871 RX_ECHO ignored
2026-10-09 18:40:44,871 RX_ECHO ignored
2026-10-09 18:40:44,871 RX_ECHO ignored
2026-10-09 18:40:44,871 RX_ECHO ignored
2026-10-09 18:40:44,871 RX_ECHO ignored
2026-10-09 18:40:44,871 RX_ECHO ignored
2026-10-09 18:40:44,871 RX_ECHO ignored
2026-10-09 18:40:44,871 RX_ECHO ignored
2026-10-09 18:40:44,871 RX_ECHO ignored
2026-10-09 18:40:44,871 RX_ECHO ignored
2026-10-09 18:40:44,871 RX_ECHO ignored
2026-10-09 18:40:44,871 RX_ECHO ignored
2026-10-09 18:40:44,871 RX_ECHO ignored
2026-10-09 18:40:44,871 RX_ECHO ignored
2026-10-09 18:40:44,871 RX_ECHO ignored
2026-10-09 18:40:44,871 RX_ECHO ignored
2026-10-09 18:40:44,871 RX_ECHO ignored
2026-10-09 18:40:44,871 RX_ECHO ignored
2026-10-09 18:40:44,871 RX_ECHO ignored
2026-10-09 18:40:44,871 RX_ECHO ignored
2026-10-09 18:40:44,871 RX_ECHO ignored
2026-10-09 18:40:44,871 RX_ECHO ignored
2026-10-09 18:40:44,871 RX_ECHO ignored
2026-10-09 18:40:44,871 RX_ECHO ignored
2026-10-09 18:40:44,871 RX_ECHO ignored
2026-10-09 18:40:44,871 RX_ECHO ignored
2026-10-09 18:40:44,871 RX_ECHO ignored
2026-10-09 18:40:44,871 RX_ECHO ignored
2026-10-09 18:40:44,871 RX_ECHO ignored
2026-10-09 18:40:44,871 RX_ECHO ignored
2026-10-09 18:40:44,871 RX_ECHO ignored
2026-10-09 18:40:44,871 RX_ECHO ignored
2026-10-09 18:40:44,871 RX_ECHO ignored
2026-10-09 18:40:44,872 RX_ECHO ignored
2026-10-09 18:40:44,872 RX_ECHO ignored
2026-10-09 18:40:44,872 RX_ECHO ignored
2026-10-09 18:40:44,872 RX_ECHO ignored
2026-10-09 18:40:44,872 RX_ECHO ignored
2026-10-09 18:40:44,872 RX_ECHO ignored
2026-10-09 18:40:44,872 RX_ECHO ignored
2026-10-09 18:40:44,872 RX_ECHO ignored
2026-10-09 18:40:44,872 RX_ECHO ignored
2026-10-09 18:40:44,872 RX_ECHO ignored
2026-10-09 18:40:44,872 RX_ECHO ignored
2026-10-09 18:40:44,872 RX_ECHO ignored
2026-10-09 18:40:44,872 RX_ECHO ignored
2026-10-09 18:40:44,872 RX_ECHO ignored
2026-10-09 18:40:44,872 RX_ECHO ignored
2026-10-09 18:40:44,872 RX_ECHO ignored
2026-10-09 18:40:44,872 RX_ECHO ignored
2026-10-09 18:40:44,872 RX_ECHO ignored
2026-10-09 18:40:44,872 RX_ECHO ignored
2026-10-09 18:40:44,872 RX_ECHO ignored
2026-10-09 18:40:44,872 RX_ECHO ignored
2026-10-09 18:40:44,872 RX_ECHO ignored
2026-10-09 18:40:44,872 RX_ECHO ignored
2026-10-09 18:40:44,872 RX_ECHO ignored
2026-10-09 18:40:44,872 RX_ECHO ignored
2026-10-09 18:40:44,872 RX_ECHO ignored
2026-10-09 18:40:44,872 RX_ECHO ignored
2026-10-09 18:40:44,872 RX_ECHO ignored
2026-10-09 18:40:44,872 RX_ECHO ignored
2026-10-09 18:40:44,872 RX_ECHO ignored
2026-10-09 18:40:44,872 RX_ECHO ignored
2026-10-09 18:40:44,872 RX_ECHO ignored
2026-10-09 18:40:44,872 RX_ECHO ignored
2026-10-09 18:40:44,872 RX_ECHO ignored
2026-10-09 18:40:44,872 RX_ECHO ignored
2026-10-09 18:40:44,872 RX_ECHO ignored
2026-10-09 18:40:44,872 RX_ECHO ignored
2026-10-09 18:40:44,872 RX_ECHO ignored
2026-10-09 18:40:44,872 RX_ECHO ignored
2026-10-09 18:40:44,872 RX_ECHO ignored
2026-10-09 18:40:44,872 RX_ECHO ignored
2026-10-09 18:40:44,872 RX_ECHO ignored
2026-10-09 18:40:44,872 RX_ECHO ignored
2026-10-09 18:40:44,872 RX_ECHO ignored
2026-10-09 18:40:44,872 RX_ECHO ignored
2026-10-09 18:40:44,872 RX_ECHO ignored
2026-10-09 18:40:44,872 RX_ECHO ignored
2026-10-09 18:40:44,872 RX_ECHO ignored
2026-10-09 18:40:44,872 RX_ECHO ignored
2026-10-09 18:40:44,872 RX_ECHO ignored
2026-10-09 18:40:44,872 RX_ECHO ignored
2026-10-09 18:40:44,872 RX_ECHO ignored
2026-10-09 18:40:44,872 RX_ECHO ignored
2026-10-09 18:40:44,872 RX_ECHO ignored
2026-10-09 18:40:44,872 RX_ECHO ignored
2026-10-09 18:40:44,872 RX_ECHO ignored
2026-10-09 18:40:44,872 RX_ECHO ignored
2026-10-09 18:40:44,872 RX_ECHO ignored
2026-10-09 18:40:44,872 RX_ECHO ignored
2026-10-09 18:40:44,872 RX_ECHO ignored
2026-10-09 18:40:44,872 RX_ECHO ignored
2026-10-09 18:40:44,872 RX_ECHO ignored
2026-10-09 18:40:44,872 RX_ECHO ignored
2026-10-09 18:40:44,873 RX_ECHO ignored
2026-10-09 18:40:44,873 RX_ECHO ignored
2026-10-09 18:40:44,873 RX_ECHO ignored
2026-10-09 18:40:44,873 RX_ECHO ignored
2026-10-09 18:40:44,873 RX_ECHO ignored
2026-10-09 18:40:44,873 RX_ECHO ignored
2026-10-09 18:40:44,873 RX_ECHO ignored
2026-10-09 18:40:44,873 RX_ECHO ignored
2026-10-09 18:40:44,873 RX_ECHO ignored
2026-10-09 18:40:44,873 RX_ECHO ignored
2026-10-09 18:40:44,873 RX_ECHO ignored
2026-10-09 18:40:44,873 RX_ECHO ignored
2026-10-09 18:40:44,873 RX_ECHO ignored
2026-10-09 18:40:44,873 RX_ECHO ignored
2026-10-09 18:40:44,873 RX_ECHO ignored
2026-10-09 18:40:44,873 RX_ECHO ignored
2026-10-09 18:40:44,873 RX_ECHO ignored
2026-10-09 18:40:44,873 RX_ECHO ignored
2026-10-09 18:40:44,873 RX_ECHO ignored
2026-10-09 18:40:44,873 RX_ECHO ignored
2026-10-09 18:40:44,873 RX_ECHO ignored
2026-10-09 18:40:44,873 RX_ECHO ignored
2026-10-09 18:40:44,873 RX_ECHO ignored
2026-10-09 18:40:44,873 RX_ECHO ignored
2026-10-09 18:40:44,873 RX_ECHO ignored
2026-10-09 18:40:44,873 RX_ECHO ignored
2026-10-09 18:40:44,873 RX_ECHO ignored
2026-10-09 18:40:44,873 RX_ECHO ignored
2026-10-09 18:40:44,873 RX_ECHO ignored
2026-10-09 18:40:44,873 RX_ECHO ignored
2026-10-09 18:40:44,873 RX_ECHO ignored
2026-10-09 18:40:44,873 RX_ECHO ignored
2026-10-09 18:40:44,873 RX_ECHO ignored
2026-10-09 18:40:44,873 RX_ECHO ignored
2026-10-09 18:40:44,873 RX_ECHO ignored
2026-10-09 18:40:44,873 RX_ECHO ignored
2026-10-09 18:40:44,873 RX_ECHO ignored
2026-10-09 18:40:44,873 RX_ECHO ignored
2026-10-09 18:40:44,873 RX_ECHO ignored
2026-10-09 18:40:44,873 RX_ECHO ignored
2026-10-09 18:40:44,873 RX_ECHO ignored
2026-10-09 18:40:44,873 RX_ECHO ignored
2026-10-09 18:40:44,873 RX_ECHO ignored
2026-10-09 18:40:44,873 RX_ECHO ignored
2026-10-09 18:40:44,873 RX_ECHO ignored
2026-10-09 18:40:44,873 RX_ECHO ignored
2026-10-09 18:40:44,873 RX_ECHO ignored
2026-10-09 18:40:44,873 RX_ECHO ignored
2026-10-09 18:40:44,873 RX_ECHO ignored
2026-10-09 18:40:44,873 RX_ECHO ignored
2026-10-09 18:40:44,873 RX_ECHO ignored
2026-10-09 18:40:44,873 RX_ECHO ignored
2026-10-09 18:40:44,873 RX_ECHO ignored
2026-10-09 18:40:44,873 RX_ECHO ignored
2026-10-09 18:40:44,873 RX_ECHO ignored
2026-10-09 18:40:44,873 RX_ECHO ignored
2026-10-09 18:40:44,873 RX_ECHO ignored
2026-10-09 18:40:44,874 RX_ECHO ignored
2026-10-09 18:40:44,874 RX_ECHO ignored
2026-10-09 18:40:44,874 RX_ECHO ignored
2026-10-09 18:40:44,874 RX_ECHO ignored
2026-10-09 18:40:44,874 RX_ECHO ignored
2026-10-09 18:40:44,874 RX_ECHO ignored
2026-10-09 18:40:44,874 RX_ECHO ignored
2026-10-09 18:40:44,874 RX_ECHO ignored
2026-10-09 18:40:44,874 RX_ECHO ignored
2026-10-09 18:40:44,874 RX_ECHO ignored
2026-10-09 18:40:44,874 RX_ECHO ignored
2026-10-09 18:40:44,874 RX_ECHO ignored
2026-10-09 18:40:44,874 RX_ECHO ignored
2026-10-09 18:40:44,874 RX_ECHO ignored
2026-10-09 18:40:44,874 RX_ECHO ignored
2026-10-09 18:40:44,874 RX_ECHO ignored
2026-10-09 18:40:44,874 RX_ECHO ignored
2026-10-09 18:40:44,874 RX_ECHO ignored
2026-10-09 18:40:44,874 RX_ECHO ignored
2026-10-09 18:40:44,874 RX_ECHO ignored
2026-10-09 18:40:44,874 RX_ECHO ignored
2026-10-09 18:40:44,874 RX_ECHO ignored
2026-10-09 18:40:44,874 RX_ECHO ignored
2026-10-09 18:40:44,874 RX_ECHO ignored
2026-10-09 18:40:44,874 RX_ECHO ignored
2026-10-09 18:40:44,874 RX_ECHO ignored
2026-10-09 18:40:44,874 RX_ECHO ignored
2026-10-09 18:40:44,874 RX_ECHO ignored
2026-10-09 18:40:44,874 RX_ECHO ignored
2026-10-09 18:40:44,874 RX_ECHO ignored
2026-10-09 18:40:44,874 RX_ECHO ignored
2026-10-09 18:40:44,874 RX_ECHO ignored
2026-10-09 18:40:44,874 RX_ECHO ignored
2026-10-09 18:40:44,874 RX_ECHO ignored
2026-10-09 18:40:44,874 RX_ECHO ignored
2026-10-09 18:40:44,874 RX_ECHO ignored
2026-10-09 18:40:44,874 RX_ECHO ignored
2026-10-09 18:40:44,874 RX_ECHO ignored
2026-10-09 18:40:44,874 RX_ECHO ignored
2026-10-09 18:40:44,874 RX_ECHO ignored
2026-10-09 18:40:44,874 RX_ECHO ignored
2026-10-09 18:40:44,874 RX_ECHO ignored
2026-10-09 18:40:44,874 RX_ECHO ignored
2026-10-09 18:40:44,874 RX_ECHO ignored
2026-10-09 18:40:44,874 RX_ECHO ignored
2026-10-09 18:40:44,874 RX_ECHO ignored
2026-10-09 18:40:44,874 RX_ECHO ignored
2026-10-09 18:40:44,874 RX_ECHO ignored
2026-10-09 18:40:44,874 RX_ECHO ignored
2026-10-09 18:40:44,874 RX_ECHO ignored
2026-10-09 18:40:44,874 RX_ECHO ignored
2026-10-09 18:40:44,874 RX_ECHO ignored
2026-10-09 18:40:44,874 RX_ECHO ignored
2026-10-09 18:40:44,874 RX_ECHO ignored
2026-10-09 18:40:44,874 RX_ECHO ignored
2026-10-09 18:40:44,874 RX_ECHO ignored
2026-10-09 18:40:44,874 RX_ECHO ignored
2026-10-09 18:40:44,874 RX_ECHO ignored
2026-10-09 18:40:44,875 RX_ECHO ignored
2026-10-09 18:40:44,875 RX_ECHO ignored
2026-10-09 18:40:44,875 RX_ECHO ignored
2026-10-09 18:40:44,875 RX_ECHO ignored
2026-10-09 18:40:44,875 RX_ECHO ignored
2026-10-09 18:40:44,875 RX_ECHO ignored
2026-10-09 18:40:44,875 RX_ECHO ignored
2026-10-09 18:40:44,875 RX_ECHO ignored
2026-10-09 18:40:44,875 RX_ECHO ignored
2026-10-09 18:40:44,875 RX_ECHO ignored
2026-10-09 18:40:44,875 RX_ECHO ignored
2026-10-09 18:40:44,875 RX_ECHO ignored
2026-10-09 18:40:44,875 RX_ECHO ignored
2026-10-09 18:40:44,875 RX_ECHO ignored
2026-10-09 18:40:44,875 RX_ECHO ignored
2026-10-09 18:40:44,875 RX_ECHO ignored
2026-10-09 18:40:44,875 RX_ECHO ignored
2026-10-09 18:40:44,875 RX_ECHO ignored
2026-10-09 18:40:44,875 RX_ECHO ignored
2026-10-09 18:40:44,875 RX_ECHO ignored
2026-10-09 18:40:44,875 RX_ECHO ignored
2026-10-09 18:40:44,875 RX_ECHO ignored
2026-10-09 18:40:44,875 RX_ECHO ignored
2026-10-09 18:40:44,875 RX_ECHO ignored
2026-10-09 18:40:44,875 RX_ECHO ignored
2026-10-09 18:40:44,875 RX_ECHO ignored
2026-10-09 18:40:44,875 RX_ECHO ignored
2026-10-09 18:40:44,875 RX_ECHO ignored
2026-10-09 18:40:44,875 RX_ECHO ignored
2026-10-09 18:40:44,875 RX_ECHO ignored
2026-10-09 18:40:44,875 RX_ECHO ignored
2026-10-09 18:40:44,875 RX_ECHO ignored
2026-10-09 18:40:44,875 RX_ECHO ignored
2026-10-09 18:40:44,875 RX_ECHO ignored
2026-10-09 18:40:44,875 RX_ECHO ignored
2026-10-09 18:40:44,875 RX_ECHO ignored
2026-10-09 18:40:44,875 RX_ECHO ignored
2026-10-09 18:40:44,875 RX_ECHO ignored
2026-10-09 18:40:44,875 RX_ECHO ignored
2026-10-09 18:40:44,875 RX_ECHO ignored
2026-10-09 18:40:44,875 RX_ECHO ignored
2026-10-09 18:40:44,875 RX_ECHO ignored
2026-10-09 18:40:44,875 RX_ECHO ignored
2026-10-09 18:40:44,875 RX_ECHO ignored
2026-10-09 18:40:44,875 RX_ECHO ignored
2026-10-09 18:40:44,876 RX_ECHO ignored
2026-10-09 18:40:44,876 RX_ECHO ignored
2026-10-09 18:40:44,876 RX_ECHO ignored
2026-10-09 18:40:44,876 RX_ECHO ignored
2026-10-09 18:40:44,876 RX_ECHO ignored
2026-10-09 18:40:44,876 RX_ECHO ignored
2026-10-09 18:40:44,876 RX_ECHO ignored
2026-10-09 18:40:44,876 RX_ECHO ignored
2026-10-09 18:40:44,876 RX_ECHO ignored
2026-10-09 18:40:44,876 RX_ECHO ignored
2026-10-09 18:40:44,876 RX_ECHO ignored
2026-10-09 18:40:44,876 RX_ECHO ignored
2026-10-09 18:40:44,876 RX_ECHO ignored
2026-10-09 18:40:44,876 RX_ECHO ignored
2026-10-09 18:40:44,876 RX_ECHO ignored
2026-10-09 18:40:44,876 RX_ECHO ignored
2026-10-09 18:40:44,876 RX_ECHO ignored
2026-10-09 18:40:44,876 RX_ECHO ignored
2026-10-09 18:40:44,876 RX_ECHO ignored
2026-10-09 18:40:44,876 RX_ECHO ignored
2026-10-09 18:40:44,876 RX_ECHO ignored
2026-10-09 18:40:44,876 RX_ECHO ignored
2026-10-09 18:40:44,876 RX_ECHO ignored
2026-10-09 18:40:44,876 RX_ECHO ignored
2026-10-09 18:40:44,876 RX_ECHO ignored
2026-10-09 18:40:44,876 RX_ECHO ignored
2026-10-09 18:40:44,876 RX_ECHO ignored
2026-10-09 18:40:44,876 RX_ECHO ignored
2026-10-09 18:40:44,876 RX_ECHO ignored
2026-10-09 18:40:44,876 RX_ECHO ignored
2026-10-09 18:40:44,876 RX_ECHO ignored
2026-10-09 18:40:44,876 RX_ECHO ignored
2026-10-09 18:40:44,876 RX_ECHO ignored
2026-10-09 18:40:44,876 RX_ECHO ignored
2026-10-09 18:40:44,876 RX_ECHO ignored
2026-10-09 18:40:44,876 RX_ECHO ignored
2026-10-09 18:40:44,876 RX_ECHO ignored
2026-10-09 18:40:44,876 RX_ECHO ignored
2026-10-09 18:40:44,876 RX_ECHO ignored
2026-10-09 18:40:44,876 RX_ECHO ignored
2026-10-09 18:40:44,876 RX_ECHO ignored
2026-10-09 18:40:44,876 RX_ECHO ignored
2026-10-09 18:40:44,876 RX_ECHO ignored
2026-10-09 18:40:44,876 RX_ECHO ignored
2026-10-09 18:40:44,876 RX_ECHO ignored
2026-10-09 18:40:44,876 RX_ECHO ignored
2026-10-09 18:40:44,876 RX_ECHO ignored
2026-10-09 18:40:44,876 RX_ECHO ignored
2026-10-09 18:40:44,876 RX_ECHO ignored
2026-10-09 18:40:44,876 RX_ECHO ignored
2026-10-09 18:40:44,876 RX_ECHO ignored
2026-10-09 18:40:44,876 RX_ECHO ignored
2026-10-09 18:40:44,876 RX_ECHO ignored
2026-10-09 18:40:44,876 RX_ECHO ignored
2026-10-09 18:40:44,876 RX_ECHO ignored
2026-10-09 18:40:44,876 RX_ECHO ignored
2026-10-09 18:40:44,876 RX_ECHO ignored
2026-10-09 18:40:44,876 RX_ECHO ignored
2026-10-09 18:40:44,876 RX_ECHO ignored
2026-10-09 18:40:44,876 RX_ECHO ignored
2026-10-09 18:40:44,876 RX_ECHO ignored
2026-10-09 18:40:44,876 RX_ECHO ignored
2026-10-09 18:40:44,876 RX_ECHO ignored
2026-10-09 18:40:44,876 RX_ECHO ignored
2026-10-09 18:40:44,876 RX_ECHO ignored
2026-10-09 18:40:44,876 RX_ECHO ignored
2026-10-09 18:40:44,877 RX_ECHO ignored
2026-10-09 18:40:44,877 RX_ECHO ignored
2026-10-09 18:40:44,877 RX_ECHO ignored
2026-10-09 18:40:44,877 RX_ECHO ignored
2026-10-09 18:40:44,877 RX_ECHO ignored
2026-10-09 18:40:44,877 RX_ECHO ignored
2026-10-09 18:40:44,877 RX_ECHO ignored
2026-10-09 18:40:44,877 RX_ECHO ignored
2026-10-09 18:40:44,877 RX_ECHO ignored
2026-10-09 18:40:44,877 RX_ECHO ignored
2026-10-09 18:40:44,877 RX_ECHO ignored
2026-10-09 18:40:44,877 RX_ECHO ignored
2026-10-09 18:40:44,877 RX_ECHO ignored
2026-10-09 18:40:44,877 RX_ECHO ignored
2026-10-09 18:40:44,877 RX_ECHO ignored
2026-10-09 18:40:44,877 RX_ECHO ignored
2026-10-09 18:40:44,877 RX_ECHO ignored
2026-10-09 18:40:44,877 RX_ECHO ignored
2026-10-09 18:40:44,877 RX_ECHO ignored
2026-10-09 18:40:44,877 RX_ECHO ignored
2026-10-09 18:40:44,877 RX_ECHO ignored
2026-10-09 18:40:44,877 RX_ECHO ignored
2026-10-09 18:40:44,877 RX_ECHO ignored
2026-10-09 18:40:44,877 RX_ECHO ignored
2026-10-09 18:40:44,877 RX_ECHO ignored
2026-10-09 18:40:44,877 RX_ECHO ignored
2026-10-09 18:40:44,877 RX_ECHO ignored
2026-10-09 18:40:44,877 RX_ECHO ignored
2026-10-09 18:40:44,877 RX_ECHO ignored
2026-10-09 18:40:44,877 RX_ECHO ignored
2026-10-09 18:40:44,877 RX_ECHO ignored
2026-10-09 18:40:44,877 RX_ECHO ignored
2026-10-09 18:40:44,877 RX_ECHO ignored
2026-10-09 18:40:44,877 RX_ECHO ignored
2026-10-09 18:40:44,877 RX_ECHO ignored
2026-10-09 18:40:44,877 RX_ECHO ignored
2026-10-09 18:40:44,877 RX_ECHO ignored
2026-10-09 18:40:44,877 RX_ECHO ignored
2026-10-09 18:40:44,877 RX_ECHO ignored
2026-10-09 18:40:44,877 RX_ECHO ignored
2026-10-09 18:40:44,877 RX_ECHO ignored
2026-10-09 18:40:44,877 RX_ECHO ignored
2026-10-09 18:40:44,877 RX_ECHO ignored
2026-10-09 18:40:44,877 RX_ECHO ignored
2026-10-09 18:40:44,877 RX_ECHO ignored
2026-10-09 18:40:44,877 RX_ECHO ignored
2026-10-09 18:40:44,877 RX_ECHO ignored
2026-10-09 18:40:44,877 RX_ECHO ignored
2026-10-09 18:40:44,877 RX_ECHO ignored
2026-10-09 18:40:44,877 RX_ECHO ignored
2026-10-09 18:40:44,877 RX_ECHO ignored
2026-10-09 18:40:44,877 RX_ECHO ignored
2026-10-09 18:40:44,877 RX_ECHO ignored
2026-10-09 18:40:44,877 RX_ECHO ignored
2026-10-09 18:40:44,877 RX_ECHO ignored
2026-10-09 18:40:44,877 RX_ECHO ignored
2026-10-09 18:40:44,877 RX_ECHO ignored
2026-10-09 18:40:44,877 RX_ECHO ignored
2026-10-09 18:40:44,877 RX_ECHO ignored
2026-10-09 18:40:44,877 RX_ECHO ignored
2026-10-09 18:40:44,877 RX_ECHO ignored
2026-10-09 18:40:44,877 RX_ECHO ignored
2026-10-09 18:40:44,877 RX_ECHO ignored
2026-10-09 18:40:44,877 RX_ECHO ignored
2026-10-09 18:40:44,877 RX_ECHO ignored
2026-10-09 18:40:44,877 RX_ECHO ignored
2026-10-09 18:40:44,877 RX_ECHO ignored
2026-10-09 18:40:44,877 RX_ECHO ignored
2026-10-09 18:40:44,877 RX_ECHO ignored
2026-10-09 18:40:44,877 RX_ECHO ignored
2026-10-09 18:40:44,877 RX_ECHO ignored
2026-10-09 18:40:44,877 RX_ECHO ignored
2026-10-09 18:40:44,877 RX_ECHO ignored
2026-10-09 18:40:44,878 RX_ECHO ignored
2026-10-09 18:40:44,878 RX_ECHO ignored
2026-10-09 18:40:44,878 RX_ECHO ignored
2026-10-09 18:40:44,878 RX_ECHO ignored
2026-10-09 18:40:44,878 RX_ECHO ignored
2026-10-09 18:40:44,878 RX_ECHO ignored
2026-10-09 18:40:44,878 RX_ECHO ignored
2026-10-09 18:40:44,878 RX_ECHO ignored
2026-10-09 18:40:44,878 RX_ECHO ignored
2026-10-09 18:40:44,878 RX_ECHO ignored
2026-10-09 18:40:44,878 RX_ECHO ignored
2026-10-09 18:40:44,878 RX_ECHO ignored
2026-10-09 18:40:44,878 RX_ECHO ignored
2026-10-09 18:40:44,878 RX_ECHO ignored
2026-10-09 18:40:44,878 RX_ECHO ignored
2026-10-09 18:40:44,878 RX_ECHO ignored
2026-10-09 18:40:44,878 RX_ECHO ignored
2026-10-09 18:40:44,878 RX_ECHO ignored
2026-10-09 18:40:44,878 RX_ECHO ignored
2026-10-09 18:40:44,878 RX_ECHO ignored
2026-10-09 18:40:44,878 RX_ECHO ignored
2026-10-09 18:40:44,878 RX_ECHO ignored
2026-10-09 18:40:44,878 RX_ECHO ignored
2026-10-09 18:40:44,878 RX_ECHO ignored
2026-10-09 18:40:44,878 RX_ECHO ignored
2026-10-09 18:40:44,878 RX_ECHO ignored
2026-10-09 18:40:44,878 RX_ECHO ignored
2026-10-09 18:40:44,878 RX_ECHO ignored
2026-10-09 18:40:44,878 RX_ECHO ignored
2026-10-09 18:40:44,878 RX_ECHO ignored
2026-10-09 18:40:44,878 RX_ECHO ignored
2026-10-09 18:40:44,878 RX_ECHO ignored
2026-10-09 18:40:44,878 RX_ECHO ignored
2026-10-09 18:40:44,878 RX_ECHO ignored
2026-10-09 18:40:44,878 RX_ECHO ignored
2026-10-09 18:40:44,878 RX_ECHO ignored
2026-10-09 18:40:44,878 RX_ECHO ignored
2026-10-09 18:40:44,878 RX_ECHO ignored
2026-10-09 18:40:44,878 RX_ECHO ignored
2026-10-09 18:40:44,878 RX_ECHO ignored
2026-10-09 18:40:44,878 RX_ECHO ignored
2026-10-09 18:40:44,878 RX_ECHO ignored
2026-10-09 18:40:44,878 RX_ECHO ignored
2026-10-09 18:40:44,878 RX_ECHO ignored
2026-10-09 18:40:44,878 RX_ECHO ignored
2026-10-09 18:40:44,878 RX_ECHO ignored
2026-10-09 18:40:44,878 RX_ECHO ignored
2026-10-09 18:40:44,878 RX_ECHO ignored
2026-10-09 18:40:44,878 RX_ECHO ignored
2026-10-09 18:40:44,878 RX_ECHO ignored
2026-10-09 18:40:44,878 RX_ECHO ignored
2026-10-09 18:40:44,878 RX_ECHO ignored
2026-10-09 18:40:44,878 RX_ECHO ignored
2026-10-09 18:40:44,878 RX_ECHO ignored
2026-10-09 18:40:44,878 RX_ECHO ignored
2026-10-09 18:40:44,878 RX_ECHO ignored
2026-10-09 18:40:44,878 RX_ECHO ignored
2026-10-09 18:40:44,878 RX_ECHO ignored
2026-10-09 18:40:44,878 RX_ECHO ignored
2026-10-09 18:40:44,878 RX_ECHO ignored
2026-10-09 18:40:44,878 RX_ECHO ignored
2026-10-09 18:40:44,878 RX_ECHO ignored
2026-10-09 18:40:44,878 RX_ECHO ignored
2026-10-09 18:40:44,878 RX_ECHO ignored
2026-10-09 18:40:44,878 RX_ECHO ignored
2026-10-09 18:40:44,878 RX_ECHO ignored
2026-10-09 18:40:44,878 RX_ECHO ignored
2026-10-09 18:40:44,878 RX_ECHO ignored
2026-10-09 18:40:44,878 RX_ECHO ignored
2026-10-09 18:40:44,878 RX_ECHO ignored
2026-10-09 18:40:44,878 RX_ECHO ignored
2026-10-09 18:40:44,878 RX_ECHO ignored
2026-10-09 18:40:44,878 RX_ECHO ignored
2026-10-09 18:40:44,879 RX_ECHO ignored
2026-10-09 18:40:44,879 RX_ECHO ignored
2026-10-09 18:40:44,879 RX_ECHO ignored
2026-10-09 18:40:44,879 RX_ECHO ignored
2026-10-09 18:40:44,879 RX_ECHO ignored
2026-10-09 18:40:44,879 RX_ECHO ignored
2026-10-09 18:40:44,879 RX_ECHO ignored
2026-10-09 18:40:44,879 RX_ECHO ignored
2026-10-09 18:40:44,879 RX_ECHO ignored
2026-10-09 18:40:44,879 RX_ECHO ignored
2026-10-09 18:40:44,879 RX_ECHO ignored
2026-10-09 18:40:44,879 RX_ECHO ignored
2026-10-09 18:40:44,879 RX_ECHO ignored
2026-10-09 18:40:44,879 RX_ECHO ignored
2026-10-09 18:40:44,879 RX_ECHO ignored
2026-10-09 18:40:44,879 RX_ECHO ignored
2026-10-09 18:40:44,879 RX_ECHO ignored
2026-10-09 18:40:44,879 RX_ECHO ignored
2026-10-09 18:40:44,879 RX_ECHO ignored
2026-10-09 18:40:44,879 RX_ECHO ignored
2026-10-09 18:40:44,879 RX_ECHO ignored
2026-10-09 18:40:44,879 RX_ECHO ignored
2026-10-09 18:40:44,879 RX_ECHO ignored
2026-10-09 18:40:44,879 RX_ECHO ignored
2026-10-09 18:40:44,879 RX_ECHO ignored
2026-10-09 18:40:44,879 RX_ECHO ignored
2026-10-09 18:40:44,879 RX_ECHO ignored
2026-10-09 18:40:44,879 RX_ECHO ignored
2026-10-09 18:40:44,879 RX_ECHO ignored
2026-10-09 18:40:44,879 RX_ECHO ignored
2026-10-09 18:40:44,879 RX_ECHO ignored
2026-10-09 18:40:44,879 RX_ECHO ignored
2026-10-09 18:40:44,879 RX_ECHO ignored
2026-10-09 18:40:44,879 RX_ECHO ignored
2026-10-09 18:40:44,879 RX_ECHO ignored
2026-10-09 18:40:44,879 RX_ECHO ignored
2026-10-09 18:40:44,879 RX_ECHO ignored
2026-10-09 18:40:44,879 RX_ECHO ignored
2026-10-09 18:40:44,879 RX_ECHO ignored
2026-10-09 18:40:44,879 RX_ECHO ignored
2026-10-09 18:40:44,879 RX_ECHO ignored
2026-10-09 18:40:44,879 RX_ECHO ignored
2026-10-09 18:40:44,879 RX_ECHO ignored
2026-10-09 18:40:44,879 RX_ECHO ignored
2026-10-09 18:40:44,879 RX_ECHO ignored
2026-10-09 18:40:44,879 RX_ECHO ignored
2026-10-09 18:40:44,879 RX_ECHO ignored
2026-10-09 18:40:44,879 RX_ECHO ignored
2026-10-09 18:40:44,879 RX_ECHO ignored
2026-10-09 18:40:44,879 RX_ECHO ignored
2026-10-09 18:40:44,879 RX_ECHO ignored
2026-10-09 18:40:44,879 RX_ECHO ignored
2026-10-09 18:40:44,879 RX_ECHO ignored
2026-10-09 18:40:44,879 RX_ECHO ignored
2026-10-09 18:40:44,879 RX_ECHO ignored
2026-10-09 18:40:44,879 RX_ECHO ignored
2026-10-09 18:40:44,879 RX_ECHO ignored
2026-10-09 18:40:44,879 RX_ECHO ignored
2026-10-09 18:40:44,879 RX_ECHO ignored
2026-10-09 18:40:44,879 RX_ECHO ignored
2026-10-09 18:40:44,879 RX_ECHO ignored
2026-10-09 18:40:44,879 RX_ECHO ignored
2026-10-09 18:40:44,879 RX_ECHO ignored
2026-10-09 18:40:44,879 RX_ECHO ignored
2026-10-09 18:40:44,879 RX_ECHO ignored
2026-10-09 18:40:44,879 RX_ECHO ignored
2026-10-09 18:40:44,879 RX_ECHO ignored
2026-10-09 18:40:44,879 RX_ECHO ignored
2026-10-09 18:40:44,879 RX_ECHO ignored
2026-10-09 18:40:44,879 RX_ECHO ignored
2026-10-09 18:40:44,880 RX_ECHO ignored
2026-10-09 18:40:44,880 RX_ECHO ignored
2026-10-09 18:40:44,880 RX_ECHO ignored
2026-10-09 18:40:44,880 RX_ECHO ignored
2026-10-09 18:40:44,880 RX_ECHO ignored
2026-10-09 18:40:44,880 RX_ECHO ignored
2026-10-09 18:40:44,880 RX_ECHO ignored
2026-10-09 18:40:44,880 RX_ECHO ignored
2026-10-09 18:40:44,880 RX_ECHO ignored
2026-10-09 18:40:44,880 RX_ECHO ignored
2026-10-09 18:40:44,880 RX_ECHO ignored
2026-10-09 18:40:44,880 RX_ECHO ignored
2026-10-09 18:40:44,880 RX_ECHO ignored
2026-10-09 18:40:44,880 RX_ECHO ignored
2026-10-09 18:40:44,880 RX_ECHO ignored
2026-10-09 18:40:44,880 RX_ECHO ignored
2026-10-09 18:40:44,880 RX_ECHO ignored
2026-10-09 18:40:44,880 RX_ECHO ignored
2026-10-09 18:40:44,880 RX_ECHO ignored
2026-10-09 18:40:44,880 RX_ECHO ignored
2026-10-09 18:40:44,880 RX_ECHO ignored
2026-10-09 18:40:44,880 RX_ECHO ignored
2026-10-09 18:40:44,880 RX_ECHO ignored
2026-10-09 18:40:44,880 RX_ECHO ignored
2026-10-09 18:40:44,880 RX_ECHO ignored
2026-10-09 18:40:44,880 RX_ECHO ignored
2026-10-09 18:40:44,880 RX_ECHO ignored
2026-10-09 18:40:44,880 RX_ECHO ignored
2026-10-09 18:40:44,880 RX_ECHO ignored
2026-10-09 18:40:44,880 RX_ECHO ignored
2026-10-09 18:40:44,880 RX_ECHO ignored
2026-10-09 18:40:44,880 RX_ECHO ignored
2026-10-09 18:40:44,880 RX_ECHO ignored
2026-10-09 18:40:44,880 RX_ECHO ignored
2026-10-09 18:40:44,880 RX_ECHO ignored
2026-10-09 18:40:44,880 RX_ECHO ignored
2026-10-09 18:40:44,880 RX_ECHO ignored
2026-10-09 18:40:44,880 RX_ECHO ignored
2026-10-09 18:40:44,880 RX_ECHO ignored
2026-10-09 18:40:44,880 RX_ECHO ignored
2026-10-09 18:40:44,880 RX_ECHO ignored
2026-10-09 18:40:44,880 RX_ECHO ignored
2026-10-09 18:40:44,880 RX_ECHO ignored
2026-10-09 18:40:44,880 RX_ECHO ignored
2026-10-09 18:40:44,880 RX_ECHO ignored
2026-10-09 18:40:44,880 RX_ECHO ignored
2026-10-09 18:40:44,880 RX_ECHO ignored
2026-10-09 18:40:44,880 RX_ECHO ignored
2026-10-09 18:40:44,880 RX_ECHO ignored
2026-10-09 18:40:44,880 RX_ECHO ignored
2026-10-09 18:40:44,880 RX_ECHO ignored
2026-10-09 18:40:44,880 RX_ECHO ignored
2026-10-09 18:40:44,880 RX_ECHO ignored
2026-10-09 18:40:44,880 RX_ECHO ignored
2026-10-09 18:40:44,880 RX_ECHO ignored
2026-10-09 18:40:44,880 RX_ECHO ignored
2026-10-09 18:40:44,880 RX_ECHO ignored
2026-10-09 18:40:44,880 RX_ECHO ignored
2026-10-09 18:40:44,880 RX_ECHO ignored
2026-10-09 18:40:44,880 RX_ECHO ignored
2026-10-09 18:40:44,880 RX_ECHO ignored
2026-10-09 18:40:44,880 RX_ECHO ignored
2026-10-09 18:40:44,880 RX_ECHO ignored
2026-10-09 18:40:44,880 RX_ECHO ignored
2026-10-09 18:40:44,880 RX_ECHO ignored
2026-10-09 18:40:44,880 RX_ECHO ignored
2026-10-09 18:40:44,880 RX_ECHO ignored
2026-10-09 18:40:44,880 RX_ECHO ignored
2026-10-09 18:40:44,880 RX_ECHO ignored
2026-10-09 18:40:44,881 RX_ECHO ignored
2026-10-09 18:40:44,881 RX_ECHO ignored
2026-10-09 18:40:44,881 RX_ECHO ignored
2026-10-09 18:40:44,881 RX_ECHO ignored
2026-10-09 18:40:44,881 RX_ECHO ignored
2026-10-09 18:40:44,881 RX_ECHO ignored
2026-10-09 18:40:44,881 RX_ECHO ignored
2026-10-09 18:40:44,881 RX_ECHO ignored
2026-10-09 18:40:44,881 RX_ECHO ignored
2026-10-09 18:40:44,881 RX_ECHO ignored
2026-10-09 18:40:44,881 RX_ECHO ignored
2026-10-09 18:40:44,881 RX_ECHO ignored
2026-10-09 18:40:44,881 RX_ECHO ignored
2026-10-09 18:40:44,881 RX_ECHO ignored
2026-10-09 18:40:44,881 RX_ECHO ignored
2026-10-09 18:40:44,881 RX_ECHO ignored
2026-10-09 18:40:44,881 RX_ECHO ignored
2026-10-09 18:40:44,881 RX_ECHO ignored
2026-10-09 18:40:44,881 RX_ECHO ignored
2026-10-09 18:40:44,881 RX_ECHO ignored
2026-10-09 18:40:44,881 RX_ECHO ignored
2026-10-09 18:40:44,881 RX_ECHO ignored
2026-10-09 18:40:44,881 RX_ECHO ignored
2026-10-09 18:40:44,881 RX_ECHO ignored
2026-10-09 18:40:44,881 RX_ECHO ignored
2026-10-09 18:40:44,881 RX_ECHO ignored
2026-10-09 18:40:44,881 RX_ECHO ignored
2026-10-09 18:40:44,881 RX_ECHO ignored
2026-10-09 18:40:44,881 RX_ECHO ignored
2026-10-09 18:40:44,881 RX_ECHO ignored
2026-10-09 18:40:44,881 RX_ECHO ignored
2026-10-09 18:40:44,881 RX_ECHO ignored
2026-10-09 18:40:44,881 RX_ECHO ignored
2026-10-09 18:40:44,881 RX_ECHO ignored
2026-10-09 18:40:44,881 RX_ECHO ignored
2026-10-09 18:40:44,881 RX_ECHO ignored
2026-10-09 18:40:44,881 RX_ECHO ignored
2026-10-09 18:40:44,881 RX_ECHO ignored
2026-10-09 18:40:44,881 RX_ECHO ignored
2026-10-09 18:40:44,881 RX_ECHO ignored
2026-10-09 18:40:44,881 RX_ECHO ignored
2026-10-09 18:40:44,881 RX_ECHO ignored
2026-10-09 18:40:44,881 RX_ECHO ignored
2026-10-09 18:40:44,881 RX_ECHO ignored
2026-10-09 18:40:44,881 RX_ECHO ignored
2026-10-09 18:40:44,881 RX_ECHO ignored
2026-10-09 18:40:44,881 RX_ECHO ignored
2026-10-09 18:40:44,881 RX_ECHO ignored
2026-10-09 18:40:44,881 RX_ECHO ignored
2026-10-09 18:40:44,881 RX_ECHO ignored
2026-10-09 18:40:44,881 RX_ECHO ignored
2026-10-09 18:40:44,881 RX_ECHO ignored
2026-10-09 18:40:44,881 RX_ECHO ignored
2026-10-09 18:40:44,881 RX_ECHO ignored
2026-10-09 18:40:44,881 RX_ECHO ignored
2026-10-09 18:40:44,881 RX_ECHO ignored
2026-10-09 18:40:44,881 RX_ECHO ignored
2026-10-09 18:40:44,881 RX_ECHO ignored
2026-10-09 18:40:44,881 RX_ECHO ignored
2026-10-09 18:40:44,881 RX_ECHO ignored
2026-10-09 18:40:44,881 RX_ECHO ignored
2026-10-09 18:40:44,881 RX_ECHO ignored
2026-10-09 18:40:44,881 RX_ECHO ignored
2026-10-09 18:40:44,881 RX_ECHO ignored
2026-10-09 18:40:44,882 RX_ECHO ignored
2026-10-09 18:40:44,882 RX_ECHO ignored
2026-10-09 18:40:44,882 RX_ECHO ignored
2026-10-09 18:40:44,882 RX_ECHO ignored
2026-10-09 18:40:44,882 RX_ECHO ignored
2026-10-09 18:40:44,882 RX_ECHO ignored
2026-10-09 18:40:44,882 RX_ECHO ignored
2026-10-09 18:40:44,882 RX_ECHO ignored
2026-10-09 18:40:44,882 RX_ECHO ignored
2026-10-09 18:40:44,882 RX_ECHO ignored
2026-10-09 18:40:44,882 RX_ECHO ignored
2026-10-09 18:40:44,882 RX_ECHO ignored
2026-10-09 18:40:44,882 RX_ECHO ignored
2026-10-09 18:40:44,882 RX_ECHO ignored
2026-10-09 18:40:44,882 RX_ECHO ignored
2026-10-09 18:40:44,882 RX_ECHO ignored
2026-10-09 18:40:44,882 RX_ECHO ignored
2026-10-09 18:40:44,882 RX_ECHO ignored
2026-10-09 18:40:44,882 RX_ECHO ignored
2026-10-09 18:40:44,882 RX_ECHO ignored
2026-10-09 18:40:44,882 RX_ECHO ignored
2026-10-09 18:40:44,882 RX_ECHO ignored
2026-10-09 18:40:44,882 RX_ECHO ignored
2026-10-09 18:40:44,882 RX_ECHO ignored
2026-10-09 18:40:44,882 RX_ECHO ignored
2026-10-09 18:40:44,882 RX_ECHO ignored
2026-10-09 18:40:44,882 RX_ECHO ignored
2026-10-09 18:40:44,882 RX_ECHO ignored
2026-10-09 18:40:44,882 RX_ECHO ignored
2026-10-09 18:40:44,882 RX_ECHO ignored
2026-10-09 18:40:44,882 RX_ECHO ignored
2026-10-09 18:40:44,882 RX_ECHO ignored
2026-10-09 18:40:44,882 RX_ECHO ignored
2026-10-09 18:40:44,882 RX_ECHO ignored
2026-10-09 18:40:44,882 RX_ECHO ignored
2026-10-09 18:40:44,882 RX_ECHO ignored
2026-10-09 18:40:44,882 RX_ECHO ignored
2026-10-09 18:40:44,882 RX_ECHO ignored
2026-10-09 18:40:44,882 RX_ECHO ignored
2026-10-09 18:40:44,882 RX_ECHO ignored
2026-10-09 18:40:44,882 RX_ECHO ignored
2026-10-09 18:40:44,882 RX_ECHO ignored
2026-10-09 18:40:44,882 RX_ECHO ignored
2026-10-09 18:40:44,882 RX_ECHO ignored
2026-10-09 18:40:44,882 RX_ECHO ignored
2026-10-09 18:40:44,882 RX_ECHO ignored
2026-10-09 18:40:44,882 RX_ECHO ignored
2026-10-09 18:40:44,882 RX_ECHO ignored
2026-10-09 18:40:44,882 RX_ECHO ignored
2026-10-09 18:40:44,882 RX_ECHO ignored
2026-10-09 18:40:44,882 RX_ECHO ignored
2026-10-09 18:40:44,882 RX_ECHO ignored
2026-10-09 18:40:44,882 RX_ECHO ignored
2026-10-09 18:40:44,882 RX_ECHO ignored
2026-10-09 18:40:44,882 RX_ECHO ignored
2026-10-09 18:40:44,882 RX_ECHO ignored
2026-10-09 18:40:44,882 RX_ECHO ignored
2026-10-09 18:40:44,882 RX_ECHO ignored
2026-10-09 18:40:44,882 RX_ECHO ignored
2026-10-09 18:40:44,882 RX_ECHO ignored
2026-10-09 18:40:44,882 RX_ECHO ignored
2026-10-09 18:40:44,882 RX_ECHO ignored
2026-10-09 18:40:44,882 RX_ECHO ignored
2026-10-09 18:40:44,882 RX_ECHO ignored
2026-10-09 18:40:44,882 RX_ECHO ignored
2026-10-09 18:40:44,882 RX_ECHO ignored
2026-10-09 18:40:44,882 RX_ECHO ignored
2026-10-09 18:40:44,883 RX_ECHO ignored
2026-10-09 18:40:44,883 RX_ECHO ignored
2026-10-09 18:40:44,883 RX_ECHO ignored
2026-10-09 18:40:44,883 RX_ECHO ignored
2026-10-09 18:40:44,883 RX_ECHO ignored
2026-10-09 18:40:44,883 RX_ECHO ignored
2026-10-09 18:40:44,883 RX_ECHO ignored
2026-10-09 18:40:44,883 RX_ECHO ignored
2026-10-09 18:40:44,883 RX_ECHO ignored
2026-10-09 18:40:44,883 RX_ECHO ignored
2026-10-09 18:40:44,883 RX_ECHO ignored
2026-10-09 18:40:44,883 RX_ECHO ignored
2026-10-09 18:40:44,883 RX_ECHO ignored
2026-10-09 18:40:44,883 RX_ECHO ignored
2026-10-09 18:40:44,883 RX_ECHO ignored
2026-10-09 18:40:44,883 RX_ECHO ignored
2026-10-09 18:40:44,883 RX_ECHO ignored
2026-10-09 18:40:44,883 RX_ECHO ignored
2026-10-09 18:40:44,883 RX_ECHO ignored
2026-10-09 18:40:44,883 RX_ECHO ignored
2026-10-09 18:40:44,883 RX_ECHO ignored
2026-10-09 18:40:44,883 RX_ECHO ignored
2026-10-09 18:40:44,883 RX_ECHO ignored
2026-10-09 18:40:44,883 RX_ECHO ignored
2026-10-09 18:40:44,883 RX_ECHO ignored
2026-10-09 18:40:44,883 RX_ECHO ignored
2026-10-09 18:40:44,883 RX_ECHO ignored
2026-10-09 18:40:44,883 RX_ECHO ignored
2026-10-09 18:40:44,883 RX_ECHO ignored
2026-10-09 18:40:44,883 RX_ECHO ignored
2026-10-09 18:40:44,883 RX_ECHO ignored
2026-10-09 18:40:44,883 RX_ECHO ignored
2026-10-09 18:40:44,883 RX_ECHO ignored
2026-10-09 18:40:44,883 RX_ECHO ignored
2026-10-09 18:40:44,883 RX_ECHO ignored
2026-10-09 18:40:44,883 RX_ECHO ignored
2026-10-09 18:40:44,883 RX_ECHO ignored
2026-10-09 18:40:44,883 RX_ECHO ignored
2026-10-09 18:40:44,883 RX_ECHO ignored
2026-10-09 18:40:44,883 RX_ECHO ignored
2026-10-09 18:40:44,883 RX_ECHO ignored
2026-10-09 18:40:44,883 RX_ECHO ignored
2026-10-09 18:40:44,883 RX_ECHO ignored
2026-10-09 18:40:44,883 RX_ECHO ignored
2026-10-09 18:40:44,883 RX_ECHO ignored
2026-10-09 18:40:44,883 RX_ECHO ignored
2026-10-09 18:40:44,883 RX_ECHO ignored
2026-10-09 18:40:44,883 RX_ECHO ignored
2026-10-09 18:40:44,883 RX_ECHO ignored
2026-10-09 18:40:44,883 RX_ECHO ignored
2026-10-09 18:40:44,883 RX_ECHO ignored
2026-10-09 18:40:44,883 RX_ECHO ignored
2026-10-09 18:40:44,883 RX_ECHO ignored
2026-10-09 18:40:44,883 RX_ECHO ignored
2026-10-09 18:40:44,883 RX_ECHO ignored
2026-10-09 18:40:44,883 RX_ECHO ignored
2026-10-09 18:40:44,883 RX_ECHO ignored
2026-10-09 18:40:44,883 RX_ECHO ignored
2026-10-09 18:40:44,883 RX_ECHO ignored
2026-10-09 18:40:44,883 RX_ECHO ignored
2026-10-09 18:40:44,883 RX_ECHO ignored
2026-10-09 18:40:44,883 RX_ECHO ignored
2026-10-09 18:40:44,884 RX_ECHO ignored
2026-10-09 18:40:44,884 RX_ECHO ignored
2026-10-09 18:40:44,884 RX_ECHO ignored
2026-10-09 18:40:44,884 RX_ECHO ignored
2026-10-09 18:40:44,884 RX_ECHO ignored
2026-10-09 18:40:44,884 RX_ECHO ignored
2026-10-09 18:40:44,884 RX_ECHO ignored
2026-10-09 18:40:44,884 RX_ECHO ignored
2026-10-09 18:40:44,884 RX_ECHO ignored
2026-10-09 18:40:44,884 RX_ECHO ignored
2026-10-09 18:40:44,884 RX_ECHO ignored
2026-10-09 18:40:44,884 RX_ECHO ignored
2026-10-09 18:40:44,884 RX_ECHO ignored
2026-10-09 18:40:44,884 RX_ECHO ignored
2026-10-09 18:40:44,884 RX_ECHO ignored
2026-10-09 18:40:44,884 RX_ECHO ignored
2026-10-09 18:40:44,884 RX_ECHO ignored
2026-10-09 18:40:44,884 RX_ECHO ignored
2026-10-09 18:40:44,884 RX_ECHO ignored
2026-10-09 18:40:44,884 RX_ECHO ignored
2026-10-09 18:40:44,884 RX_ECHO ignored
2026-10-09 18:40:44,884 RX_ECHO ignored
2026-10-09 18:40:44,884 RX_ECHO ignored
2026-10-09 18:40:44,884 RX_ECHO ignored
2026-10-09 18:40:44,884 RX_ECHO ignored
2026-10-09 18:40:44,884 RX_ECHO ignored
2026-10-09 18:40:44,884 RX_ECHO ignored
2026-10-09 18:40:44,884 RX_ECHO ignored
2026-10-09 18:40:44,884 RX_ECHO ignored
2026-10-09 18:40:44,884 RX_ECHO ignored
2026-10-09 18:40:44,884 RX_ECHO ignored
2026-10-09 18:40:44,884 RX_ECHO ignored
2026-10-09 18:40:44,884 RX_ECHO ignored
2026-10-09 18:40:44,884 RX_ECHO ignored
2026-10-09 18:40:44,884 RX_ECHO ignored
2026-10-09 18:40:44,884 RX_ECHO ignored
2026-10-09 18:40:44,884 RX_ECHO ignored
2026-10-09 18:40:44,884 RX_ECHO ignored
2026-10-09 18:40:44,884 RX_ECHO ignored
2026-10-09 18:40:44,884 RX_ECHO ignored
2026-10-09 18:40:44,884 RX_ECHO ignored
2026-10-09 18:40:44,884 RX_ECHO ignored
2026-10-09 18:40:44,884 RX_ECHO ignored
2026-10-09 18:40:44,884 RX_ECHO ignored
2026-10-09 18:40:44,884 RX_ECHO ignored
2026-10-09 18:40:44,884 RX_ECHO ignored
2026-10-09 18:40:44,884 RX_ECHO ignored
2026-10-09 18:40:44,884 RX_ECHO ignored
2026-10-09 18:40:44,884 RX_ECHO ignored
2026-10-09 18:40:44,884 RX_ECHO ignored
2026-10-09 18:40:44,884 RX_ECHO ignored
2026-10-09 18:40:44,884 RX_ECHO ignored
2026-10-09 18:40:44,884 RX_ECHO ignored
2026-10-09 18:40:44,884 RX_ECHO ignored
2026-10-09 18:40:44,884 RX_ECHO ignored
2026-10-09 18:40:44,884 RX_ECHO ignored
2026-10-09 18:40:44,884 RX_ECHO ignored
2026-10-09 18:40:44,884 RX_ECHO ignored
2026-10-09 18:40:44,885 RX_ECHO ignored
2026-10-09 18:40:44,885 RX_ECHO ignored
2026-10-09 18:40:44,885 RX_ECHO ignored
2026-10-09 18:40:44,885 RX_ECHO ignored
2026-10-09 18:40:44,885 RX_ECHO ignored
2026-10-09 18:40:44,885 RX_ECHO ignored
2026-10-09 18:40:44,885 RX_ECHO ignored
2026-10-09 18:40:44,885 RX_ECHO ignored
2026-10-09 18:40:44,885 RX_ECHO ignored
2026-10-09 18:40:44,885 RX_ECHO ignored
2026-10-09 18:40:44,885 RX_ECHO ignored
2026-10-09 18:40:44,885 RX_ECHO ignored
2026-10-09 18:40:44,885 RX_ECHO ignored
2026-10-09 18:40:44,885 RX_ECHO ignored
2026-10-09 18:40:44,885 RX_ECHO ignored
2026-10-09 18:40:44,885 RX_ECHO ignored
2026-10-09 18:40:44,885 RX_ECHO ignored
2026-10-09 18:40:44,885 RX_ECHO ignored
2026-10-09 18:40:44,885 RX_ECHO ignored
2026-10-09 18:40:44,885 RX_ECHO ignored
2026-10-09 18:40:44,885 RX_ECHO ignored
2026-10-09 18:40:44,885 RX_ECHO ignored
2026-10-09 18:40:44,885 RX_ECHO ignored
2026-10-09 18:40:44,885 RX_ECHO ignored
2026-10-09 18:40:44,885 RX_ECHO ignored
2026-10-09 18:40:44,885 RX_ECHO ignored
2026-10-09 18:40:44,885 RX_ECHO ignored
2026-10-09 18:40:44,885 RX_ECHO ignored
2026-10-09 18:40:44,885 RX_ECHO ignored
2026-10-09 18:40:44,885 RX_ECHO ignored
2026-10-09 18:40:44,885 RX_ECHO ignored
2026-10-09 18:40:44,885 RX_ECHO ignored
2026-10-09 18:40:44,885 RX_ECHO ignored
2026-10-09 18:40:44,885 RX_ECHO ignored
2026-10-09 18:40:44,885 RX_ECHO ignored
2026-10-09 18:40:44,885 RX_ECHO ignored
2026-10-09 18:40:44,885 RX_ECHO ignored
2026-10-09 18:40:44,885 RX_ECHO ignored
2026-10-09 18:40:44,885 RX_ECHO ignored
2026-10-09 18:40:44,885 RX_ECHO ignored
2026-10-09 18:40:44,885 RX_ECHO ignored
2026-10-09 18:40:44,885 RX_ECHO ignored
2026-10-09 18:40:44,885 RX_ECHO ignored
2026-10-09 18:40:44,885 RX_ECHO ignored
2026-10-09 18:40:44,885 RX_ECHO ignored
2026-10-09 18:40:44,885 RX_ECHO ignored
2026-10-09 18:40:44,885 RX_ECHO ignored
2026-10-09 18:40:44,885 RX_ECHO ignored
2026-10-09 18:40:44,885 RX_ECHO ignored
2026-10-09 18:40:44,885 RX_ECHO ignored
2026-10-09 18:40:44,885 RX_ECHO ignored
2026-10-09 18:40:44,885 RX_ECHO ignored
2026-10-09 18:40:44,885 RX_ECHO ignored
2026-10-09 18:40:44,885 RX_ECHO ignored
2026-10-09 18:40:44,885 RX_ECHO ignored
2026-10-09 18:40:44,885 RX_ECHO ignored
2026-10-09 18:40:44,886 RX_ECHO ignored
2026-10-09 18:40:44,886 RX_ECHO ignored
2026-10-09 18:40:44,886 RX_ECHO ignored
2026-10-09 18:40:44,886 RX_ECHO ignored
2026-10-09 18:40:44,886 RX_ECHO ignored
2026-10-09 18:40:44,886 RX_ECHO ignored
2026-10-09 18:40:44,886 RX_ECHO ignored
2026-10-09 18:40:44,886 RX_ECHO ignored
2026-10-09 18:40:44,886 RX_ECHO ignored
2026-10-09 18:40:44,886 RX_ECHO ignored
2026-10-09 18:40:44,886 RX_ECHO ignored
2026-10-09 18:40:44,886 RX_ECHO ignored
2026-10-09 18:40:44,886 RX_ECHO ignored
2026-10-09 18:40:44,886 RX_ECHO ignored
2026-10-09 18:40:44,886 RX_ECHO ignored
2026-10-09 18:40:44,886 RX_ECHO ignored
2026-10-09 18:40:44,886 RX_ECHO ignored
2026-10-09 18:40:44,886 RX_ECHO ignored
2026-10-09 18:40:44,886 RX_ECHO ignored
2026-10-09 18:40:44,886 RX_ECHO ignored
2026-10-09 18:40:44,886 RX_ECHO ignored
2026-10-09 18:40:44,886 RX_ECHO ignored
2026-10-09 18:40:44,886 RX_ECHO ignored
2026-10-09 18:40:44,886 RX_ECHO ignored
2026-10-09 18:40:44,886 RX_ECHO ignored
2026-10-09 18:40:44,886 RX_ECHO ignored
2026-10-09 18:40:44,886 RX_ECHO ignored
2026-10-09 18:40:44,886 RX_ECHO ignored
2026-10-09 18:40:44,886 RX_ECHO ignored
2026-10-09 18:40:44,886 RX_ECHO ignored
2026-10-09 18:40:44,886 RX_ECHO ignored
2026-10-09 18:40:44,886 RX_ECHO ignored
2026-10-09 18:40:44,886 RX_ECHO ignored
2026-10-09 18:40:44,886 RX_ECHO ignored
2026-10-09 18:40:44,886 RX_ECHO ignored
2026-10-09 18:40:44,886 RX_ECHO ignored
2026-10-09 18:40:44,886 RX_ECHO ignored
2026-10-09 18:40:44,886 RX_ECHO ignored
2026-10-09 18:40:44,886 RX_ECHO ignored
2026-10-09 18:40:44,886 RX_ECHO ignored
2026-10-09 18:40:44,886 RX_ECHO ignored
2026-10-09 18:40:44,886 RX_ECHO ignored
2026-10-09 18:40:44,886 RX_ECHO ignored
2026-10-09 18:40:44,886 RX_ECHO ignored
2026-10-09 18:40:44,886 RX_ECHO ignored
2026-10-09 18:40:44,886 RX_ECHO ignored
2026-10-09 18:40:44,886 RX_ECHO ignored
2026-10-09 18:40:44,886 RX_ECHO ignored
2026-10-09 18:40:44,886 RX_ECHO ignored
2026-10-09 18:40:44,886 RX_ECHO ignored
2026-10-09 18:40:44,886 RX_ECHO ignored
2026-10-09 18:40:44,887 RX_ECHO ignored
2026-10-09 18:40:44,887 RX_ECHO ignored
2026-10-09 18:40:44,887 RX_ECHO ignored
2026-10-09 18:40:44,887 RX_ECHO ignored
2026-10-09 18:40:44,887 RX_ECHO ignored
2026-10-09 18:40:44,887 RX_ECHO ignored
2026-10-09 18:40:44,887 RX_ECHO ignored
2026-10-09 18:40:44,887 RX_ECHO ignored
2026-10-09 18:40:44,887 RX_ECHO ignored
2026-10-09 18:40:44,887 RX_ECHO ignored
2026-10-09 18:40:44,887 RX_ECHO ignored
2026-10-09 18:40:44,887 RX_ECHO ignored
2026-10-09 18:40:44,887 RX_ECHO ignored
2026-10-09 18:40:44,887 RX_ECHO ignored
2026-10-09 18:40:44,887 RX_ECHO ignored
2026-10-09 18:40:44,887 RX_ECHO ignored
2026-10-09 18:40:44,887 RX_ECHO ignored
2026-10-09 18:40:44,887 RX_ECHO ignored
2026-10-09 18:40:44,888 RX_ECHO ignored
2026-10-09 18:40:44,888 RX_ECHO ignored
2026-10-09 18:40:44,888 RX_ECHO ignored
2026-10-09 18:40:44,888 RX_ECHO ignored
2026-10-09 18:40:44,888 RX_ECHO ignored
2026-10-09 18:40:44,888 RX_ECHO ignored
2026-10-09 18:40:44,888 RX_ECHO ignored
2026-10-09 18:40:44,888 RX_ECHO ignored
2026-10-09 18:40:44,888 RX_ECHO ignored
2026-10-09 18:40:44,888 RX_ECHO ignored
2026-10-09 18:40:44,888 RX_ECHO ignored
2026-10-09 18:40:44,888 RX_ECHO ignored
2026-10-09 18:40:44,888 RX_ECHO ignored
2026-10-09 18:40:44,888 RX_ECHO ignored
2026-10-09 18:40:44,888 RX_ECHO ignored
2026-10-09 18:40:44,888 RX_ECHO ignored
2026-10-09 18:40:44,888 RX_ECHO ignored
2026-10-09 18:40:44,888 RX_ECHO ignored
2026-10-09 18:40:44,888 RX_ECHO ignored
2026-10-09 18:40:44,888 RX_ECHO ignored
2026-10-09 18:40:44,888 RX_ECHO ignored
2026-10-09 18:40:44,888 RX_ECHO ignored
2026-10-09 18:40:44,888 RX_ECHO ignored
2026-10-09 18:40:44,888 RX_ECHO ignored
2026-10-09 18:40:44,888 RX_ECHO ignored
2026-10-09 18:40:44,888 RX_ECHO ignored
2026-10-09 18:40:44,888 RX_ECHO ignored
2026-10-09 18:40:44,888 RX_ECHO ignored
2026-10-09 18:40:44,888 RX_ECHO ignored
2026-10-09 18:40:44,888 RX_ECHO ignored
2026-10-09 18:40:44,888 RX_ECHO ignored
2026-10-09 18:40:44,888 RX_ECHO ignored
2026-10-09 18:40:44,888 RX_ECHO ignored
2026-10-09 18:40:44,888 RX_ECHO ignored
2026-10-09 18:40:44,888 RX_ECHO ignored
2026-10-09 18:40:44,888 RX_ECHO ignored
2026-10-09 18:40:44,888 RX_ECHO ignored
2026-10-09 18:40:44,888 RX_ECHO ignored
2026-10-09 18:40:44,889 RX_ECHO ignored
2026-10-09 18:40:44,889 RX_ECHO ignored
2026-10-09 18:40:44,889 RX_ECHO ignored
2026-10-09 18:40:44,889 RX_ECHO ignored
2026-10-09 18:40:44,889 RX_ECHO ignored
2026-10-09 18:40:44,889 RX_ECHO ignored
2026-10-09 18:40:44,889 RX_ECHO ignored
2026-10-09 18:40:44,889 RX_ECHO ignored
2026-10-09 18:40:44,889 RX_ECHO ignored
2026-10-09 18:40:44,889 RX_ECHO ignored
2026-10-09 18:40:44,889 RX_ECHO ignored
2026-10-09 18:40:44,889 RX_ECHO ignored
2026-10-09 18:40:44,889 RX_ECHO ignored
2026-10-09 18:40:44,889 RX_ECHO ignored
2026-10-09 18:40:44,889 RX_ECHO ignored
2026-10-09 18:40:44,889 RX_ECHO ignored
2026-10-09 18:40:44,889 RX_ECHO ignored
2026-10-09 18:40:44,889 RX_ECHO ignored
2026-10-09 18:40:44,889 RX_ECHO ignored
2026-10-09 18:40:44,889 RX_ECHO ignored
2026-10-09 18:40:44,889 RX_ECHO ignored
2026-10-09 18:40:44,889 RX_ECHO ignored
2026-10-09 18:40:44,889 RX_ECHO ignored
2026-10-09 18:40:44,889 RX_ECHO ignored
2026-10-09 18:40:44,889 RX_ECHO ignored
2026-10-09 18:40:44,889 RX_ECHO ignored
2026-10-09 18:40:44,889 RX_ECHO ignored
2026-10-09 18:40:44,889 RX_ECHO ignored
2026-10-09 18:40:44,889 RX_ECHO ignored
2026-10-09 18:40:44,889 RX_ECHO ignored
2026-10-09 18:40:44,889 RX_ECHO ignored
2026-10-09 18:40:44,889 RX_ECHO ignored
2026-10-09 18:40:44,889 RX_ECHO ignored
2026-10-09 18:40:44,889 RX_ECHO ignored
2026-10-09 18:40:44,889 RX_ECHO ignored
2026-10-09 18:40:44,889 RX_ECHO ignored
2026-10-09 18:40:44,889 RX_ECHO ignored
2026-10-09 18:40:44,889 RX_ECHO ignored
2026-10-09 18:40:44,889 RX_ECHO ignored
2026-10-09 18:40:44,889 RX_ECHO ignored
2026-10-09 18:40:44,889 RX_ECHO ignored
2026-10-09 18:40:44,889 RX_ECHO ignored
2026-10-09 18:40:44,889 RX_ECHO ignored
2026-10-09 18:40:44,889 RX_ECHO ignored
2026-10-09 18:40:44,889 RX_ECHO ignored
2026-10-09 18:40:44,889 RX_ECHO ignored
2026-10-09 18:40:44,889 RX_ECHO ignored
2026-10-09 18:40:44,889 RX_ECHO ignored
2026-10-09 18:40:44,889 RX_ECHO ignored
2026-10-09 18:40:44,889 RX_ECHO ignored
2026-10-09 18:40:44,889 RX_ECHO ignored
2026-10-09 18:40:44,889 RX_ECHO ignored
2026-10-09 18:40:44,889 RX_ECHO ignored
2026-10-09 18:40:44,889 RX_ECHO ignored
2026-10-09 18:40:44,889 RX_ECHO ignored
2026-10-09 18:40:44,890 RX_ECHO ignored
2026-10-09 18:40:44,890 RX_ECHO ignored
2026-10-09 18:40:44,890 RX_ECHO ignored
2026-10-09 18:40:44,890 RX_ECHO ignored
2026-10-09 18:40:44,890 RX_ECHO ignored
2026-10-09 18:40:44,890 RX_ECHO ignored
2026-10-09 18:40:44,890 RX_ECHO ignored
2026-10-09 18:40:44,890 RX_ECHO ignored
2026-10-09 18:40:44,890 RX_ECHO ignored
2026-10-09 18:40:44,890 RX_ECHO ignored
2026-10-09 18:40:44,890 RX_ECHO ignored
2026-10-09 18:40:44,890 RX_ECHO ignored
2026-10-09 18:40:44,890 RX_ECHO ignored
2026-10-09 18:40:44,890 RX_ECHO ignored
2026-10-09 18:40:44,890 RX_ECHO ignored
2026-10-09 18:40:44,890 RX_ECHO ignored
2026-10-09 18:40:44,890 RX_ECHO ignored
2026-10-09 18:40:44,890 RX_ECHO ignored
2026-10-09 18:40:44,890 RX_ECHO ignored
2026-10-09 18:40:44,890 RX_ECHO ignored
2026-10-09 18:40:44,890 RX_ECHO ignored
2026-10-09 18:40:44,890 RX_ECHO ignored
2026-10-09 18:40:44,890 RX_ECHO ignored
2026-10-09 18:40:44,890 RX_ECHO ignored
2026-10-09 18:40:44,890 RX_ECHO ignored
2026-10-09 18:40:44,890 RX_ECHO ignored
2026-10-09 18:40:44,890 RX_ECHO ignored
2026-10-09 18:40:44,890 RX_ECHO ignored
2026-10-09 18:40:44,890 RX_ECHO ignored
2026-10-09 18:40:44,890 RX_ECHO ignored
2026-10-09 18:40:44,890 RX_ECHO ignored
2026-10-09 18:40:44,890 RX_ECHO ignored
2026-10-09 18:40:44,890 RX_ECHO ignored
2026-10-09 18:40:44,890 RX_ECHO ignored
2026-10-09 18:40:44,890 RX_ECHO ignored
2026-10-09 18:40:44,890 RX_ECHO ignored
2026-10-09 18:40:44,890 RX_ECHO ignored
2026-10-09 18:40:44,890 RX_ECHO ignored
2026-10-09 18:40:44,890 RX_ECHO ignored
2026-10-09 18:40:44,890 RX_ECHO ignored
2026-10-09 18:40:44,890 RX_ECHO ignored
2026-10-09 18:40:44,890 RX_ECHO ignored
2026-10-09 18:40:44,890 RX_ECHO ignored
2026-10-09 18:40:44,890 RX_ECHO ignored
2026-10-09 18:40:44,890 RX_ECHO ignored
2026-10-09 18:40:44,890 RX_ECHO ignored
2026-10-09 18:40:44,890 RX_ECHO ignored
2026-10-09 18:40:44,890 RX_ECHO ignored
2026-10-09 18:40:44,890 RX_ECHO ignored
2026-10-09 18:40:44,890 RX_ECHO ignored
2026-10-09 18:40:44,891 RX_ECHO ignored
2026-10-09 18:40:44,891 RX_ECHO ignored
2026-10-09 18:40:44,891 RX_ECHO ignored
2026-10-09 18:40:44,891 RX_ECHO ignored
2026-10-09 18:40:44,891 RX_ECHO ignored
2026-10-09 18:40:44,891 RX_ECHO ignored
2026-10-09 18:40:44,891 RX_ECHO ignored
2026-10-09 18:40:44,891 RX_ECHO ignored
2026-10-09 18:40:44,891 RX_ECHO ignored
2026-10-09 18:40:44,891 RX_ECHO ignored
2026-10-09 18:40:44,891 RX_ECHO ignored
2026-10-09 18:40:44,891 RX_ECHO ignored
2026-10-09 18:40:44,891 RX_ECHO ignored
2026-10-09 18:40:44,891 RX_ECHO ignored
2026-10-09 18:40:44,891 RX_ECHO ignored
2026-10-09 18:40:44,891 RX_ECHO ignored
2026-10-09 18:40:44,891 RX_ECHO ignored
2026-10-09 18:40:44,891 RX_ECHO ignored
2026-10-09 18:40:44,891 RX_ECHO ignored
2026-10-09 18:40:44,891 RX_ECHO ignored
2026-10-09 18:40:44,891 RX_ECHO ignored
2026-10-09 18:40:44,891 RX_ECHO ignored
2026-10-09 18:40:44,891 RX_ECHO ignored
2026-10-09 18:40:44,891 RX_ECHO ignored
2026-10-09 18:40:44,892 RX_ECHO ignored
2026-10-09 18:40:44,892 RX_ECHO ignored
2026-10-09 18:40:44,892 RX_ECHO ignored
2026-10-09 18:40:44,892 RX_ECHO ignored
2026-10-09 18:40:44,892 RX_ECHO ignored
2026-10-09 18:40:44,892 RX_ECHO ignored
2026-10-09 18:40:44,892 RX_ECHO ignored
2026-10-09 18:40:44,892 RX_ECHO ignored
2026-10-09 18:40:44,892 RX_ECHO ignored
2026-10-09 18:40:44,892 RX_ECHO ignored
2026-10-09 18:40:44,892 RX_ECHO ignored
2026-10-09 18:40:44,892 RX_ECHO ignored
2026-10-09 18:40:44,892 RX_ECHO ignored
2026-10-09 18:40:44,893 RX_ECHO ignored
2026-10-09 18:40:44,893 RX_ECHO ignored
2026-10-09 18:40:44,893 RX_ECHO ignored
2026-10-09 18:40:44,893 RX_ECHO ignored
2026-10-09 18:40:44,893 RX_ECHO ignored
2026-10-09 18:40:44,893 RX_ECHO ignored
2026-10-09 18:40:44,893 RX_ECHO ignored
2026-10-09 18:40:44,893 RX_ECHO ignored
2026-10-09 18:40:44,893 RX_ECHO ignored
2026-10-09 18:40:44,893 RX_ECHO ignored
2026-10-09 18:40:44,893 RX_ECHO ignored
2026-10-09 18:40:44,893 RX_ECHO ignored
2026-10-09 18:40:44,893 RX_ECHO ignored
2026-10-09 18:40:44,893 RX_ECHO ignored
2026-10-09 18:40:44,893 RX_ECHO ignored
2026-10-09 18:40:44,893 RX_ECHO ignored
2026-10-09 18:40:44,893 RX_ECHO ignored
2026-10-09 18:40:44,893 RX_ECHO ignored
2026-10-09 18:40:44,893 RX_ECHO ignored
2026-10-09 18:40:44,893 RX_ECHO ignored
2026-10-09 18:40:44,893 RX_ECHO ignored
2026-10-09 18:40:44,894 RX_ECHO ignored
2026-10-09 18:40:44,894 RX_ECHO ignored
2026-10-09 18:40:44,894 RX_ECHO ignored
2026-10-09 18:40:44,894 RX_ECHO ignored
2026-10-09 18:40:44,894 RX_ECHO ignored
2026-10-09 18:40:44,894 RX_ECHO ignored
2026-10-09 18:40:44,894 RX_ECHO ignored
2026-10-09 18:40:44,894 RX_ECHO ignored
2026-10-09 18:40:44,894 RX_ECHO ignored
2026-10-09 18:40:44,894 RX_ECHO ignored
2026-10-09 18:40:44,894 RX_ECHO ignored
2026-10-09 18:40:44,894 RX_ECHO ignored
2026-10-09 18:40:44,894 RX_ECHO ignored
2026-10-09 18:40:44,894 RX_ECHO ignored
2026-10-09 18:40:44,894 RX_ECHO ignored
2026-10-09 18:40:44,894 RX_ECHO ignored
2026-10-09 18:40:44,894 RX_ECHO ignored
2026-10-09 18:40:44,895 RX_ECHO ignored
2026-10-09 18:40:44,895 RX_ECHO ignored
2026-10-09 18:40:44,895 RX_ECHO ignored
2026-10-09 18:40:44,895 RX_ECHO ignored
2026-10-09 18:40:44,895 RX_ECHO ignored
2026-10-09 18:40:44,895 RX_ECHO ignored
2026-10-09 18:40:44,895 RX_ECHO ignored
2026-10-09 18:40:44,895 RX_ECHO ignored
2026-10-09 18:40:44,895 RX_ECHO ignored
2026-10-09 18:40:44,895 RX_ECHO ignored
2026-10-09 18:40:44,895 RX_ECHO ignored
2026-10-09 18:40:44,895 RX_ECHO ignored
2026-10-09 18:40:44,895 RX_ECHO ignored
2026-10-09 18:40:44,896 RX_ECHO ignored
2026-10-09 18:40:44,896 RX_ECHO ignored
2026-10-09 18:40:44,896 RX_ECHO ignored
2026-10-09 18:40:44,896 RX_ECHO ignored
2026-10-09 18:40:44,896 RX_ECHO ignored
2026-10-09 18:40:44,896 RX_ECHO ignored
2026-10-09 18:40:44,896 RX_ECHO ignored
2026-10-09 18:40:44,896 RX_ECHO ignored
2026-10-09 18:40:44,896 RX_ECHO ignored
2026-10-09 18:40:44,896 RX_ECHO ignored
2026-10-09 18:40:44,896 RX_ECHO ignored
2026-10-09 18:40:44,896 RX_ECHO ignored
2026-10-09 18:40:44,896 RX_ECHO ignored
2026-10-09 18:40:44,896 RX_ECHO ignored
2026-10-09 18:40:44,896 RX_ECHO ignored
2026-10-09 18:40:44,896 RX_ECHO ignored
2026-10-09 18:40:44,896 RX_ECHO ignored
2026-10-09 18:40:44,897 RX_ECHO ignored
2026-10-09 18:40:44,897 RX_ECHO ignored
2026-10-09 18:40:44,897 RX_ECHO ignored
2026-10-09 18:40:44,897 RX_ECHO ignored
2026-10-09 18:40:44,897 RX_ECHO ignored
2026-10-09 18:40:44,897 RX_ECHO ignored
2026-10-09 18:40:44,897 RX_ECHO ignored
2026-10-09 18:40:44,897 RX_ECHO ignored
2026-10-09 18:40:44,897 RX_ECHO ignored
2026-10-09 18:40:44,897 RX_ECHO ignored
2026-10-09 18:40:44,897 RX_ECHO ignored
2026-10-09 18:40:44,897 RX_ECHO ignored
2026-10-09 18:40:44,897 RX_ECHO ignored
2026-10-09 18:40:44,897 RX_ECHO ignored
2026-10-09 18:40:44,897 RX_ECHO ignored
2026-10-09 18:40:44,897 RX_ECHO ignored
2026-10-09 18:40:44,897 RX_ECHO ignored
2026-10-09 18:40:44,897 RX_ECHO ignored
2026-10-09 18:40:44,897 RX_ECHO ignored
2026-10-09 18:40:44,897 RX_ECHO ignored
2026-10-09 18:40:44,897 RX_ECHO ignored
2026-10-09 18:40:44,897 RX_ECHO ignored
2026-10-09 18:40:44,898 RX_ECHO ignored
2026-10-09 18:40:44,898 RX_ECHO ignored
2026-10-09 18:40:44,898 RX_ECHO ignored
2026-10-09 18:40:44,898 RX_ECHO ignored
2026-10-09 18:40:44,898 RX_ECHO ignored
2026-10-09 18:40:44,898 RX_ECHO ignored
2026-10-09 18:40:44,898 RX_ECHO ignored
2026-10-09 18:40:44,898 RX_ECHO ignored
2026-10-09 18:40:44,898 RX_ECHO ignored
2026-10-09 18:40:44,898 RX_ECHO ignored
2026-10-09 18:40:44,898 RX_ECHO ignored
2026-10-09 18:40:44,898 RX_ECHO ignored
2026-10-09 18:40:44,899 RX_ECHO ignored
2026-10-09 18:40:44,899 RX_ECHO ignored
2026-10-09 18:40:44,899 RX_ECHO ignored
2026-10-09 18:40:44,899 RX_ECHO ignored
2026-10-09 18:40:44,899 RX_ECHO ignored
2026-10-09 18:40:44,899 RX_ECHO ignored
2026-10-09 18:40:44,899 RX_ECHO ignored
2026-10-09 18:40:44,899 RX_ECHO ignored
2026-10-09 18:40:44,899 RX_ECHO ignored
2026-10-09 18:40:44,899 RX_ECHO ignored
2026-10-09 18:40:44,899 RX_ECHO ignored
2026-10-09 18:40:44,899 RX_ECHO ignored
2026-10-09 18:40:44,899 RX_ECHO ignored
2026-10-09 18:40:44,899 RX_ECHO ignored
2026-10-09 18:40:44,899 RX_ECHO ignored
2026-10-09 18:40:44,900 RX_ECHO ignored
2026-10-09 18:40:44,900 RX_ECHO ignored
2026-10-09 18:40:44,900 RX_ECHO ignored
2026-10-09 18:40:44,900 RX_ECHO ignored
2026-10-09 18:40:44,900 RX_ECHO ignored
2026-10-09 18:40:44,900 RX_ECHO ignored
2026-10-09 18:40:44,900 RX_ECHO ignored
2026-10-09 18:40:44,900 RX_ECHO ignored
2026-10-09 18:40:44,900 RX_ECHO ignored
2026-10-09 18:40:44,900 RX_ECHO ignored
2026-10-09 18:40:44,900 RX_ECHO ignored
2026-10-09 18:40:44,900 RX_ECHO ignored
2026-10-09 18:40:44,900 RX_ECHO ignored
2026-10-09 18:40:44,900 RX_ECHO ignored
2026-10-09 18:40:44,900 RX_ECHO ignored
2026-10-09 18:40:44,900 RX_ECHO ignored
2026-10-09 18:40:44,900 RX_ECHO ignored
2026-10-09 18:40:44,900 RX_ECHO ignored
2026-10-09 18:40:44,900 RX_ECHO ignored
2026-10-09 18:40:44,900 RX_ECHO ignored
2026-10-09 18:40:44,900 RX_ECHO ignored
2026-10-09 18:40:44,900 RX_ECHO ignored
2026-10-09 18:40:44,901 RX_ECHO ignored
2026-10-09 18:40:44,901 RX_ECHO ignored
2026-10-09 18:40:44,901 RX_ECHO ignored
2026-10-09 18:40:44,901 RX_ECHO ignored
2026-10-09 18:40:44,901 RX_ECHO ignored
2026-10-09 18:40:44,901 RX_ECHO ignored
2026-10-09 18:40:44,901 RX_ECHO ignored
2026-10-09 18:40:44,901 RX_ECHO ignored
2026-10-09 18:40:44,901 RX_ECHO ignored
2026-10-09 18:40:44,901 RX_ECHO ignored
2026-10-09 18:40:44,901 RX_ECHO ignored
2026-10-09 18:40:44,901 RX_ECHO ignored
2026-10-09 18:40:44,901 RX_ECHO ignored
2026-10-09 18:40:44,901 RX_ECHO ignored
2026-10-09 18:40:44,901 RX_ECHO ignored
2026-10-09 18:40:44,902 RX_ECHO ignored
2026-10-09 18:40:44,902 RX_ECHO ignored
2026-10-09 18:40:44,902 RX_ECHO ignored
2026-10-09 18:40:44,902 RX_ECHO ignored
2026-10-09 18:40:44,902 RX_ECHO ignored
2026-10-09 18:40:44,902 RX_ECHO ignored
2026-10-09 18:40:44,902 RX_ECHO ignored
2026-10-09 18:40:44,902 RX_ECHO ignored
2026-10-09 18:40:44,902 RX_ECHO ignored
2026-10-09 18:40:44,902 RX_ECHO ignored
2026-10-09 18:40:44,902 RX_ECHO ignored
2026-10-09 18:40:44,902 RX_ECHO ignored
2026-10-09 18:40:44,902 RX_ECHO ignored
2026-10-09 18:40:44,902 RX_ECHO ignored
2026-10-09 18:40:44,902 RX_ECHO ignored
2026-10-09 18:40:44,902 RX_ECHO ignored
2026-10-09 18:40:44,902 RX_ECHO ignored
2026-10-09 18:40:44,902 RX_ECHO ignored
2026-10-09 18:40:44,902 RX_ECHO ignored
2026-10-09 18:40:44,902 RX_ECHO ignored
2026-10-09 18:40:44,902 RX_ECHO ignored
2026-10-09 18:40:44,902 RX_ECHO ignored
2026-10-09 18:40:44,903 RX_ECHO ignored
2026-10-09 18:40:44,903 RX_ECHO ignored
2026-10-09 18:40:44,903 RX_ECHO ignored
2026-10-09 18:40:44,903 RX_ECHO ignored
2026-10-09 18:40:44,903 RX_ECHO ignored
2026-10-09 18:40:44,903 RX_ECHO ignored
2026-10-09 18:40:44,903 RX_ECHO ignored
2026-10-09 18:40:44,903 RX_ECHO ignored
2026-10-09 18:40:44,903 RX_ECHO ignored
2026-10-09 18:40:44,903 RX_ECHO ignored
2026-10-09 18:40:44,904 RX_ECHO ignored
2026-10-09 18:40:44,904 RX_ECHO ignored
2026-10-09 18:40:44,904 RX_ECHO ignored
2026-10-09 18:40:44,904 RX_ECHO ignored
2026-10-09 18:40:44,904 RX_ECHO ignored
2026-10-09 18:40:44,904 RX_ECHO ignored
2026-10-09 18:40:44,904 RX_ECHO ignored
2026-10-09 18:40:44,904 RX_ECHO ignored
2026-10-09 18:40:44,904 RX_ECHO ignored
2026-10-09 18:40:44,904 RX_ECHO ignored
2026-10-09 18:40:44,904 RX_ECHO ignored
2026-10-09 18:40:44,904 RX_ECHO ignored
2026-10-09 18:40:44,904 RX_ECHO ignored
2026-10-09 18:40:44,904 RX_ECHO ignored
2026-10-09 18:40:44,904 RX_ECHO ignored
2026-10-09 18:40:44,904 RX_ECHO ignored
2026-10-09 18:40:44,904 RX_ECHO ignored
2026-10-09 18:40:44,904 RX_ECHO ignored
2026-10-09 18:40:44,904 RX_ECHO ignored
2026-10-09 18:40:44,904 RX_ECHO ignored
2026-10-09 18:40:44,905 RX_ECHO ignored
2026-10-09 18:40:44,905 RX_ECHO ignored
2026-10-09 18:40:44,905 RX_ECHO ignored
2026-10-09 18:40:44,905 RX_ECHO ignored
2026-10-09 18:40:44,905 RX_ECHO ignored
2026-10-09 18:40:44,905 RX_ECHO ignored
2026-10-09 18:40:44,905 RX_ECHO ignored
2026-10-09 18:40:44,905 RX_ECHO ignored
2026-10-09 18:40:44,905 RX_ECHO ignored
2026-10-09 18:40:44,905 RX_ECHO ignored
2026-10-09 18:40:44,905 RX_ECHO ignored
2026-10-09 18:40:44,905 RX_ECHO ignored
2026-10-09 18:40:44,905 RX_ECHO ignored
2026-10-09 18:40:44,905 RX_ECHO ignored
2026-10-09 18:40:44,905 RX_ECHO ignored
2026-10-09 18:40:44,905 RX_ECHO ignored
2026-10-09 18:40:44,905 RX_ECHO ignored
2026-10-09 18:40:44,905 RX_ECHO ignored
2026-10-09 18:40:44,905 RX_ECHO ignored
2026-10-09 18:40:44,905 RX_ECHO ignored
2026-10-09 18:40:44,905 RX_ECHO ignored
2026-10-09 18:40:44,905 RX_ECHO ignored
2026-10-09 18:40:44,905 RX_ECHO ignored
2026-10-09 18:40:44,905 RX_ECHO ignored
2026-10-09 18:40:44,906 RX_ECHO ignored
2026-10-09 18:40:44,906 RX_ECHO ignored
2026-10-09 18:40:44,906 RX_ECHO ignored
2026-10-09 18:40:44,906 RX_ECHO ignored
2026-10-09 18:40:44,906 RX_ECHO ignored
2026-10-09 18:40:44,906 RX_ECHO ignored
2026-10-09 18:40:44,906 RX_ECHO ignored
2026-10-09 18:40:44,906 RX_ECHO ignored
2026-10-09 18:40:44,906 RX_ECHO ignored
2026-10-09 18:40:44,906 RX_ECHO ignored
2026-10-09 18:40:44,906 RX_ECHO ignored
2026-10-09 18:40:44,906 RX_ECHO ignored
2026-10-09 18:40:44,906 RX_ECHO ignored
2026-10-09 18:40:44,907 RX_ECHO ignored
2026-10-09 18:40:44,907 RX_ECHO ignored
2026-10-09 18:40:44,907 RX_ECHO ignored
2026-10-09 18:40:44,907 RX_ECHO ignored
2026-10-09 18:40:44,907 RX_ECHO ignored
2026-10-09 18:40:44,907 RX_ECHO ignored
2026-10-09 18:40:44,907 RX_ECHO ignored
2026-10-09 18:40:44,907 RX_ECHO ignored
2026-10-09 18:40:44,907 RX_ECHO ignored
2026-10-09 18:40:44,907 RX_ECHO ignored
2026-10-09 18:40:44,907 RX_ECHO ignored
2026-10-09 18:40:44,907 RX_ECHO ignored
2026-10-09 18:40:44,907 RX_ECHO ignored
2026-10-09 18:40:44,907 RX_ECHO ignored
2026-10-09 18:40:44,908 RX_ECHO ignored
2026-10-09 18:40:44,908 RX_ECHO ignored
2026-10-09 18:40:44,908 RX_ECHO ignored
2026-10-09 18:40:44,908 RX_ECHO ignored
2026-10-09 18:40:44,908 RX_ECHO ignored
2026-10-09 18:40:44,908 RX_ECHO ignored
2026-10-09 18:40:44,908 RX_ECHO ignored
2026-10-09 18:40:44,908 RX_ECHO ignored
2026-10-09 18:40:44,908 RX_ECHO ignored
2026-10-09 18:40:44,908 RX_ECHO ignored
2026-10-09 18:40:44,908 RX_ECHO ignored
2026-10-09 18:40:44,908 RX_ECHO ignored
2026-10-09 18:40:44,908 RX_ECHO ignored
2026-10-09 18:40:44,908 RX_ECHO ignored
2026-10-09 18:40:44,908 RX_ECHO ignored
2026-10-09 18:40:44,908 RX_ECHO ignored
2026-10-09 18:40:44,908 RX_ECHO ignored
2026-10-09 18:40:44,908 RX_ECHO ignored
2026-10-09 18:40:44,908 RX_ECHO ignored
2026-10-09 18:40:44,908 RX_ECHO ignored
2026-10-09 18:40:44,908 RX_ECHO ignored
2026-10-09 18:40:44,908 RX_ECHO ignored
2026-10-09 18:40:44,908 RX_ECHO ignored
2026-10-09 18:40:44,908 RX_ECHO ignored
2026-10-09 18:40:44,908 RX_ECHO ignored
2026-10-09 18:40:44,909 RX_ECHO ignored
2026-10-09 18:40:44,909 RX_ECHO ignored
2026-10-09 18:40:44,909 RX_ECHO ignored
2026-10-09 18:40:44,909 RX_ECHO ignored
2026-10-09 18:40:44,909 RX_ECHO ignored
2026-10-09 18:40:44,909 RX_ECHO ignored
2026-10-09 18:40:44,909 RX_ECHO ignored
2026-10-09 18:40:44,909 RX_ECHO ignored
2026-10-09 18:40:44,909 RX_ECHO ignored
2026-10-09 18:40:44,909 RX_ECHO ignored
2026-10-09 18:40:44,909 RX_ECHO ignored
2026-10-09 18:40:44,909 RX_ECHO ignored
2026-10-09 18:40:44,910 RX_ECHO ignored
2026-10-09 18:40:44,910 RX_ECHO ignored
2026-10-09 18:40:44,910 RX_ECHO ignored
2026-10-09 18:40:44,910 RX_ECHO ignored
2026-10-09 18:40:44,910 RX_ECHO ignored
2026-10-09 18:40:44,910 RX_ECHO ignored
2026-10-09 18:40:44,910 RX_ECHO ignored
2026-10-09 18:40:44,910 RX_ECHO ignored
2026-10-09 18:40:44,910 RX_ECHO ignored
2026-10-09 18:40:44,910 RX_ECHO ignored
2026-10-09 18:40:44,910 RX_ECHO ignored
2026-10-09 18:40:44,910 RX_ECHO ignored
2026-10-09 18:40:44,910 RX_ECHO ignored
2026-10-09 18:40:44,910 RX_ECHO ignored
2026-10-09 18:40:44,910 RX_ECHO ignored
2026-10-09 18:40:44,910 RX_ECHO ignored
2026-10-09 18:40:44,911 RX_ECHO ignored
2026-10-09 18:40:44,911 RX_ECHO ignored
2026-10-09 18:40:44,911 RX_ECHO ignored
2026-10-09 18:40:44,911 RX_ECHO ignored
2026-10-09 18:40:44,911 RX_ECHO ignored
2026-10-09 18:40:44,911 RX_ECHO ignored
2026-10-09 18:40:44,911 RX_ECHO ignored
2026-10-09 18:40:44,911 RX_ECHO ignored
2026-10-09 18:40:44,911 RX_ECHO ignored
2026-10-09 18:40:44,911 RX_ECHO ignored
2026-10-09 18:40:44,911 RX_ECHO ignored
2026-10-09 18:40:44,911 RX_ECHO ignored
2026-10-09 18:40:44,911 RX_ECHO ignored
2026-10-09 18:40:44,911 RX_ECHO ignored
2026-10-09 18:40:44,911 RX_ECHO ignored
2026-10-09 18:40:44,911 RX_ECHO ignored
2026-10-09 18:40:44,911 RX_ECHO ignored
2026-10-09 18:40:44,911 RX_ECHO ignored
2026-10-09 18:40:44,911 RX_ECHO ignored
2026-10-09 18:40:44,911 RX_ECHO ignored
2026-10-09 18:40:44,911 RX_ECHO ignored
2026-10-09 18:40:44,911 RX_ECHO ignored
2026-10-09 18:40:44,911 RX_ECHO ignored
2026-10-09 18:40:44,912 RX_ECHO ignored
2026-10-09 18:40:44,912 RX_ECHO ignored
2026-10-09 18:40:44,912 RX_ECHO ignored
2026-10-09 18:40:44,912 RX_ECHO ignored
2026-10-09 18:40:44,912 RX_ECHO ignored
2026-10-09 18:40:44,912 RX_ECHO ignored
2026-10-09 18:40:44,912 RX_ECHO ignored
2026-10-09 18:40:44,912 RX_ECHO ignored
2026-10-09 18:40:44,912 RX_ECHO ignored
2026-10-09 18:40:44,912 RX_ECHO ignored
2026-10-09 18:40:44,912 RX_ECHO ignored
2026-10-09 18:40:44,912 RX_ECHO ignored
2026-10-09 18:40:44,912 RX_ECHO ignored
2026-10-09 18:40:44,913 RX_ECHO ignored
2026-10-09 18:40:44,913 RX_ECHO ignored
2026-10-09 18:40:44,913 RX_ECHO ignored
2026-10-09 18:40:44,913 RX_ECHO ignored
2026-10-09 18:40:44,913 RX_ECHO ignored
2026-10-09 18:40:44,913 RX_ECHO ignored
2026-10-09 18:40:44,913 RX_ECHO ignored
2026-10-09 18:40:44,913 RX_ECHO ignored
2026-10-09 18:40:44,913 RX_ECHO ignored
2026-10-09 18:40:44,913 RX_ECHO ignored
2026-10-09 18:40:44,913 RX_ECHO ignored
2026-10-09 18:40:44,913 RX_ECHO ignored
2026-10-09 18:40:44,913 RX_ECHO ignored
2026-10-09 18:40:44,913 RX_ECHO ignored
2026-10-09 18:40:44,913 RX_ECHO ignored
2026-10-09 18:40:44,913 RX_ECHO ignored
2026-10-09 18:40:44,913 RX_ECHO ignored
2026-10-09 18:40:44,913 RX_ECHO ignored
2026-10-09 18:40:44,913 RX_ECHO ignored
2026-10-09 18:40:44,913 RX_ECHO ignored
2026-10-09 18:40:44,913 RX_ECHO ignored
2026-10-09 18:40:44,913 RX_ECHO ignored
2026-10-09 18:40:44,914 RX_ECHO ignored
2026-10-09 18:40:44,914 RX_ECHO ignored
2026-10-09 18:40:44,914 RX_ECHO ignored
2026-10-09 18:40:44,914 RX_ECHO ignored
2026-10-09 18:40:44,914 RX_ECHO ignored
2026-10-09 18:40:44,914 RX_ECHO ignored
2026-10-09 18:40:44,914 RX_ECHO ignored
2026-10-09 18:40:44,914 RX_ECHO ignored
2026-10-09 18:40:44,914 RX_ECHO ignored
2026-10-09 18:40:44,914 RX_ECHO ignored
2026-10-09 18:40:44,914 RX_ECHO ignored
2026-10-09 18:40:44,914 RX_ECHO ignored
2026-10-09 18:40:44,914 RX_ECHO ignored
2026-10-09 18:40:44,914 RX_ECHO ignored
2026-10-09 18:40:44,914 RX_ECHO ignored
2026-10-09 18:40:44,914 RX_ECHO ignored
2026-10-09 18:40:44,915 RX_ECHO ignored
2026-10-09 18:40:44,915 RX_ECHO ignored
2026-10-09 18:40:44,915 RX_ECHO ignored
2026-10-09 18:40:44,915 RX_ECHO ignored
2026-10-09 18:40:44,915 RX_ECHO ignored
2026-10-09 18:40:44,915 RX_ECHO ignored
2026-10-09 18:40:44,915 RX_ECHO ignored
2026-10-09 18:40:44,915 RX_ECHO ignored
2026-10-09 18:40:44,915 RX_ECHO ignored
2026-10-09 18:40:44,915 RX_ECHO ignored
2026-10-09 18:40:44,915 RX_ECHO ignored
2026-10-09 18:40:44,915 RX_ECHO ignored
2026-10-09 18:40:44,915 RX_ECHO ignored
2026-10-09 18:40:44,916 RX_ECHO ignored
2026-10-09 18:40:44,916 RX_ECHO ignored
2026-10-09 18:40:44,916 RX_ECHO ignored
2026-10-09 18:40:44,916 RX_ECHO ignored
2026-10-09 18:40:44,916 RX_ECHO ignored
2026-10-09 18:40:44,916 RX_ECHO ignored
2026-10-09 18:40:44,916 RX_ECHO ignored
2026-10-09 18:40:44,916 RX_ECHO ignored
2026-10-09 18:40:44,916 RX_ECHO ignored
2026-10-09 18:40:44,916 RX_ECHO ignored
2026-10-09 18:40:44,916 RX_ECHO ignored
2026-10-09 18:40:44,916 RX_ECHO ignored
2026-10-09 18:40:44,916 RX_ECHO ignored
2026-10-09 18:40:44,917 RX_ECHO ignored
2026-10-09 18:40:44,917 RX_ECHO ignored
2026-10-09 18:40:44,917 RX_ECHO ignored
2026-10-09 18:40:44,917 RX_ECHO ignored
2026-10-09 18:40:44,917 RX_ECHO ignored
2026-10-09 18:40:44,917 RX_ECHO ignored
2026-10-09 18:40:44,917 RX_ECHO ignored
2026-10-09 18:40:44,917 RX_ECHO ignored
2026-10-09 18:40:44,917 RX_ECHO ignored
2026-10-09 18:40:44,917 RX_ECHO ignored
2026-10-09 18:40:44,917 RX_ECHO ignored
2026-10-09 18:40:44,917 RX_ECHO ignored
2026-10-09 18:40:44,917 RX_ECHO ignored
2026-10-09 18:40:44,918 RX_ECHO ignored
2026-10-09 18:40:44,918 RX_ECHO ignored
2026-10-09 18:40:44,918 RX_ECHO ignored
2026-10-09 18:40:44,918 RX_ECHO ignored
2026-10-09 18:40:44,918 RX_ECHO ignored
2026-10-09 18:40:44,918 RX_ECHO ignored
2026-10-09 18:40:44,918 RX_ECHO ignored
2026-10-09 18:40:44,918 RX_ECHO ignored
2026-10-09 18:40:44,918 RX_ECHO ignored
2026-10-09 18:40:44,918 RX_ECHO ignored
2026-10-09 18:40:44,918 RX_ECHO ignored
2026-10-09 18:40:44,918 RX_ECHO ignored
2026-10-09 18:40:44,918 RX_ECHO ignored
2026-10-09 18:40:44,918 RX_ECHO ignored
2026-10-09 18:40:44,918 RX_ECHO ignored
2026-10-09 18:40:44,918 RX_ECHO ignored
2026-10-09 18:40:44,918 RX_ECHO ignored
2026-10-09 18:40:44,918 RX_ECHO ignored
2026-10-09 18:40:44,918 RX_ECHO ignored
2026-10-09 18:40:44,918 RX_ECHO ignored
2026-10-09 18:40:44,918 RX_ECHO ignored
2026-10-09 18:40:44,918 RX_ECHO ignored
2026-10-09 18:40:44,918 RX_ECHO ignored
2026-10-09 18:40:44,919 RX_ECHO ignored
2026-10-09 18:40:44,919 RX_ECHO ignored
2026-10-09 18:40:44,919 RX_ECHO ignored
2026-10-09 18:40:44,919 RX_ECHO ignored
2026-10-09 18:40:44,919 RX_ECHO ignored
2026-10-09 18:40:44,919 RX_ECHO ignored
2026-10-09 18:40:44,919 RX_ECHO ignored
2026-10-09 18:40:44,919 RX_ECHO ignored
2026-10-09 18:40:44,919 RX_ECHO ignored
2026-10-09 18:40:44,919 RX_ECHO ignored
2026-10-09 18:40:44,919 RX_ECHO ignored
2026-10-09 18:40:44,919 RX_ECHO ignored
2026-10-09 18:40:44,919 RX_ECHO ignored
2026-10-09 18:40:44,919 RX_ECHO ignored
2026-10-09 18:40:44,919 RX_ECHO ignored
2026-10-09 18:40:44,920 RX_ECHO ignored
2026-10-09 18:40:44,920 RX_ECHO ignored
2026-10-09 18:40:44,920 RX_ECHO ignored
2026-10-09 18:40:44,920 RX_ECHO ignored
2026-10-09 18:40:44,920 RX_ECHO ignored
2026-10-09 18:40:44,920 RX_ECHO ignored
2026-10-09 18:40:44,920 RX_ECHO ignored
2026-10-09 18:40:44,920 RX_ECHO ignored
2026-10-09 18:40:44,920 RX_ECHO ignored
2026-10-09 18:40:44,920 RX_ECHO ignored
2026-10-09 18:40:44,920 RX_ECHO ignored
2026-10-09 18:40:44,920 RX_ECHO ignored
2026-10-09 18:40:44,920 RX_ECHO ignored
2026-10-09 18:40:44,920 RX_ECHO ignored
2026-10-09 18:40:44,921 RX_ECHO ignored
2026-10-09 18:40:44,921 RX_ECHO ignored
2026-10-09 18:40:44,921 RX_ECHO ignored
2026-10-09 18:40:44,921 RX_ECHO ignored
2026-10-09 18:40:44,921 RX_ECHO ignored
2026-10-09 18:40:44,921 RX_ECHO ignored
2026-10-09 18:40:44,921 RX_ECHO ignored
2026-10-09 18:40:44,921 RX_ECHO ignored
2026-10-09 18:40:44,921 RX_ECHO ignored
2026-10-09 18:40:44,921 RX_ECHO ignored
2026-10-09 18:40:44,921 RX_ECHO ignored
2026-10-09 18:40:44,921 RX_ECHO ignored
2026-10-09 18:40:44,921 RX_ECHO ignored
2026-10-09 18:40:44,921 RX_ECHO ignored
2026-10-09 18:40:44,921 RX_ECHO ignored
2026-10-09 18:40:44,921 RX_ECHO ignored
2026-10-09 18:40:44,921 RX_ECHO ignored
2026-10-09 18:40:44,922 RX_ECHO ignored
2026-10-09 18:40:44,922 RX_ECHO ignored
2026-10-09 18:40:44,922 RX_ECHO ignored
2026-10-09 18:40:44,922 RX_ECHO ignored
2026-10-09 18:40:44,922 RX_ECHO ignored
2026-10-09 18:40:44,922 RX_ECHO ignored
2026-10-09 18:40:44,922 RX_ECHO ignored
2026-10-09 18:40:44,922 RX_ECHO ignored
2026-10-09 18:40:44,922 RX_ECHO ignored
2026-10-09 18:40:44,922 RX_ECHO ignored
2026-10-09 18:40:44,922 RX_ECHO ignored
2026-10-09 18:40:44,922 RX_ECHO ignored
2026-10-09 18:40:44,922 RX_ECHO ignored
2026-10-09 18:40:44,922 RX_ECHO ignored
2026-10-09 18:40:44,922 RX_ECHO ignored
2026-10-09 18:40:44,922 RX_ECHO ignored
2026-10-09 18:40:44,922 RX_ECHO ignored
2026-10-09 18:40:44,922 RX_ECHO ignored
2026-10-09 18:40:44,922 RX_ECHO ignored
2026-10-09 18:40:44,922 RX_ECHO ignored
2026-10-09 18:40:44,923 RX_ECHO ignored
2026-10-09 18:40:44,923 RX_ECHO ignored
2026-10-09 18:40:44,923 RX_ECHO ignored
2026-10-09 18:40:44,923 RX_ECHO ignored
2026-10-09 18:40:44,923 RX_ECHO ignored
2026-10-09 18:40:44,923 RX_ECHO ignored
2026-10-09 18:40:44,923 RX_ECHO ignored
2026-10-09 18:40:44,923 RX_ECHO ignored
2026-10-09 18:40:44,923 RX_ECHO ignored
2026-10-09 18:40:44,923 RX_ECHO ignored
2026-10-09 18:40:44,923 RX_ECHO ignored
2026-10-09 18:40:44,923 RX_ECHO ignored
2026-10-09 18:40:44,923 RX_ECHO ignored
2026-10-09 18:40:44,923 RX_ECHO ignored
2026-10-09 18:40:44,923 RX_ECHO ignored
2026-10-09 18:40:44,924 RX_ECHO ignored
2026-10-09 18:40:44,924 RX_ECHO ignored
2026-10-09 18:40:44,924 RX_ECHO ignored
2026-10-09 18:40:44,924 RX_ECHO ignored
2026-10-09 18:40:44,924 RX_ECHO ignored
2026-10-09 18:40:44,924 RX_ECHO ignored
2026-10-09 18:40:44,924 RX_ECHO ignored
2026-10-09 18:40:44,924 RX_ECHO ignored
2026-10-09 18:40:44,924 RX_ECHO ignored
2026-10-09 18:40:44,924 RX_ECHO ignored
2026-10-09 18:40:44,924 RX_ECHO ignored
2026-10-09 18:40:44,924 RX_ECHO ignored
2026-10-09 18:40:44,924 RX_ECHO ignored
2026-10-09 18:40:44,924 RX_ECHO ignored
2026-10-09 18:40:44,924 RX_ECHO ignored
2026-10-09 18:40:44,924 RX_ECHO ignored
2026-10-09 18:40:44,924 RX_ECHO ignored
2026-10-09 18:40:44,924 RX_ECHO ignored
2026-10-09 18:40:44,924 RX_ECHO ignored
2026-10-09 18:40:44,924 RX_ECHO ignored
2026-10-09 18:40:44,924 RX_ECHO ignored
2026-10-09 18:40:44,924 RX_ECHO ignored
2026-10-09 18:40:44,924 RX_ECHO ignored
2026-10-09 18:40:44,925 RX_ECHO ignored
2026-10-09 18:40:44,925 RX_ECHO ignored
2026-10-09 18:40:44,925 RX_ECHO ignored
2026-10-09 18:40:44,925 RX_ECHO ignored
2026-10-09 18:40:44,925 RX_ECHO ignored
2026-10-09 18:40:44,925 RX_ECHO ignored
2026-10-09 18:40:44,925 RX_ECHO ignored
2026-10-09 18:40:44,925 RX_ECHO ignored
2026-10-09 18:40:44,925 RX_ECHO ignored
2026-10-09 18:40:44,925 RX_ECHO ignored
2026-10-09 18:40:44,925 RX_ECHO ignored
2026-10-09 18:40:44,925 RX_ECHO ignored
2026-10-09 18:40:44,925 RX_ECHO ignored
2026-10-09 18:40:44,926 RX_ECHO ignored
2026-10-09 18:40:44,926 RX_ECHO ignored
2026-10-09 18:40:44,926 RX_ECHO ignored
2026-10-09 18:40:44,926 RX_ECHO ignored
2026-10-09 18:40:44,926 RX_ECHO ignored
2026-10-09 18:40:44,926 RX_ECHO ignored
2026-10-09 18:40:44,926 RX_ECHO ignored
2026-10-09 18:40:44,926 RX_ECHO ignored
2026-10-09 18:40:44,926 RX_ECHO ignored
2026-10-09 18:40:44,926 RX_ECHO ignored
2026-10-09 18:40:44,926 RX_ECHO ignored
2026-10-09 18:40:44,926 RX_ECHO ignored
2026-10-09 18:40:44,926 RX_ECHO ignored
2026-10-09 18:40:44,926 RX_ECHO ignored
2026-10-09 18:40:44,926 RX_ECHO ignored
2026-10-09 18:40:44,926 RX_ECHO ignored
2026-10-09 18:40:44,926 RX_ECHO ignored
2026-10-09 18:40:44,927 RX_ECHO ignored
2026-10-09 18:40:44,927 RX_ECHO ignored
2026-10-09 18:40:44,927 RX_ECHO ignored
2026-10-09 18:40:44,927 RX_ECHO ignored
2026-10-09 18:40:44,927 RX_ECHO ignored
2026-10-09 18:40:44,927 RX_ECHO ignored
2026-10-09 18:40:44,927 RX_ECHO ignored
2026-10-09 18:40:44,927 RX_ECHO ignored
2026-10-09 18:40:44,927 RX_ECHO ignored
2026-10-09 18:40:44,927 RX_ECHO ignored
2026-10-09 18:40:44,927 RX_ECHO ignored
2026-10-09 18:40:44,927 RX_ECHO ignored
2026-10-09 18:40:44,927 RX_ECHO ignored
2026-10-09 18:40:44,927 RX_ECHO ignored
2026-10-09 18:40:44,927 RX_ECHO ignored
2026-10-09 18:40:44,927 RX_ECHO ignored
2026-10-09 18:40:44,927 RX_ECHO ignored
2026-10-09 18:40:44,927 RX_ECHO ignored
2026-10-09 18:40:44,927 RX_ECHO ignored
2026-10-09 18:40:44,927 RX_ECHO ignored
2026-10-09 18:40:44,927 RX_ECHO ignored
2026-10-09 18:40:44,927 RX_ECHO ignored
2026-10-09 18:40:44,928 RX_ECHO ignored
2026-10-09 18:40:44,928 RX_ECHO ignored
2026-10-09 18:40:44,928 RX_ECHO ignored
2026-10-09 18:40:44,928 RX_ECHO ignored
2026-10-09 18:40:44,928 RX_ECHO ignored
2026-10-09 18:40:44,928 RX_ECHO ignored
2026-10-09 18:40:44,928 RX_ECHO ignored
2026-10-09 18:40:44,928 RX_ECHO ignored
2026-10-09 18:40:44,928 RX_ECHO ignored
2026-10-09 18:40:44,928 RX_ECHO ignored
2026-10-09 18:40:44,928 RX_ECHO ignored
2026-10-09 18:40:44,928 RX_ECHO ignored
2026-10-09 18:40:44,929 RX_ECHO ignored
2026-10-09 18:40:44,929 RX_ECHO ignored
2026-10-09 18:40:44,929 RX_ECHO ignored
2026-10-09 18:40:44,929 RX_ECHO ignored
2026-10-09 18:40:44,929 RX_ECHO ignored
2026-10-09 18:40:44,929 RX_ECHO ignored
2026-10-09 18:40:44,929 RX_ECHO ignored
2026-10-09 18:40:44,929 RX_ECHO ignored
2026-10-09 18:40:44,929 RX_ECHO ignored
2026-10-09 18:40:44,929 RX_ECHO ignored
2026-10-09 18:40:44,929 RX_ECHO ignored
2026-10-09 18:40:44,929 RX_ECHO ignored
2026-10-09 18:40:44,929 RX_ECHO ignored
2026-10-09 18:40:44,930 RX_ECHO ignored
2026-10-09 18:40:44,930 RX_ECHO ignored
2026-10-09 18:40:44,930 RX_ECHO ignored
2026-10-09 18:40:44,930 RX_ECHO ignored
2026-10-09 18:40:44,930 RX_ECHO ignored
2026-10-09 18:40:44,930 RX_ECHO ignored
2026-10-09 18:40:44,930 RX_ECHO ignored
2026-10-09 18:40:44,930 RX_ECHO ignored
2026-10-09 18:40:44,930 RX_ECHO ignored
2026-10-09 18:40:44,930 RX_ECHO ignored
2026-10-09 18:40:44,930 RX_ECHO ignored
2026-10-09 18:40:44,930 RX_ECHO ignored
2026-10-09 18:40:44,930 RX_ECHO ignored
2026-10-09 18:40:44,931 RX_ECHO ignored
2026-10-09 18:40:44,931 RX_ECHO ignored
2026-10-09 18:40:44,931 RX_ECHO ignored
2026-10-09 18:40:44,931 RX_ECHO ignored
2026-10-09 18:40:44,931 RX_ECHO ignored
2026-10-09 18:40:44,931 RX_ECHO ignored
2026-10-09 18:40:44,931 RX_ECHO ignored
2026-10-09 18:40:44,931 RX_ECHO ignored
2026-10-09 18:40:44,931 RX_ECHO ignored
2026-10-09 18:40:44,931 RX_ECHO ignored
2026-10-09 18:40:44,931 RX_ECHO ignored
2026-10-09 18:40:44,931 RX_ECHO ignored
2026-10-09 18:40:44,931 RX_ECHO ignored
2026-10-09 18:40:44,931 RX_ECHO ignored
2026-10-09 18:40:44,931 RX_ECHO ignored
2026-10-09 18:40:44,932 RX_ECHO ignored
2026-10-09 18:40:44,932 RX_ECHO ignored
2026-10-09 18:40:44,932 RX_ECHO ignored
2026-10-09 18:40:44,932 RX_ECHO ignored
2026-10-09 18:40:44,932 RX_ECHO ignored
2026-10-09 18:40:44,932 RX_ECHO ignored
2026-10-09 18:40:44,932 RX_ECHO ignored
2026-10-09 18:40:44,932 RX_ECHO ignored
2026-10-09 18:40:44,932 RX_ECHO ignored
2026-10-09 18:40:44,932 RX_ECHO ignored
2026-10-09 18:40:44,932 RX_ECHO ignored
2026-10-09 18:40:44,932 RX_ECHO ignored
2026-10-09 18:40:44,932 RX_ECHO ignored
2026-10-09 18:40:44,932 RX_ECHO ignored
2026-10-09 18:40:44,932 RX_ECHO ignored
2026-10-09 18:40:44,932 RX_ECHO ignored
2026-10-09 18:40:44,932 RX_ECHO ignored
2026-10-09 18:40:44,932 RX_ECHO ignored
2026-10-09 18:40:44,932 RX_ECHO ignored
2026-10-09 18:40:44,932 RX_ECHO ignored
2026-10-09 18:40:44,932 RX_ECHO ignored
2026-10-09 18:40:44,932 RX_ECHO ignored
2026-10-09 18:40:44,932 RX_ECHO ignored
2026-10-09 18:40:44,933 RX_ECHO ignored
2026-10-09 18:40:44,933 RX_ECHO ignored
2026-10-09 18:40:44,933 RX_ECHO ignored
2026-10-09 18:40:44,933 RX_ECHO ignored
2026-10-09 18:40:44,933 RX_ECHO ignored
2026-10-09 18:40:44,933 RX_ECHO ignored
2026-10-09 18:40:44,933 RX_ECHO ignored
2026-10-09 18:40:44,933 RX_ECHO ignored
2026-10-09 18:40:44,933 RX_ECHO ignored
2026-10-09 18:40:44,933 RX_ECHO ignored
2026-10-09 18:40:44,933 RX_ECHO ignored
2026-10-09 18:40:44,933 RX_ECHO ignored
2026-10-09 18:40:44,933 RX_ECHO ignored
2026-10-09 18:40:44,934 RX_ECHO ignored
2026-10-09 18:40:44,934 RX_ECHO ignored
2026-10-09 18:40:44,934 RX_ECHO ignored
2026-10-09 18:40:44,934 RX_ECHO ignored
2026-10-09 18:40:44,934 RX_ECHO ignored
2026-10-09 18:40:44,934 RX_ECHO ignored
2026-10-09 18:40:44,934 RX_ECHO ignored
2026-10-09 18:40:44,934 RX_ECHO ignored
2026-10-09 18:40:44,934 RX_ECHO ignored
2026-10-09 18:40:44,934 RX_ECHO ignored
2026-10-09 18:40:44,934 RX_ECHO ignored
2026-10-09 18:40:44,934 RX_ECHO ignored
2026-10-09 18:40:44,934 RX_ECHO ignored
2026-10-09 18:40:44,935 RX_ECHO ignored
2026-10-09 18:40:44,935 RX_ECHO ignored
2026-10-09 18:40:44,935 RX_ECHO ignored
2026-10-09 18:40:44,935 RX_ECHO ignored
2026-10-09 18:40:44,935 RX_ECHO ignored
2026-10-09 18:40:44,935 RX_ECHO ignored
2026-10-09 18:40:44,935 RX_ECHO ignored
2026-10-09 18:40:44,935 RX_ECHO ignored
2026-10-09 18:40:44,935 RX_ECHO ignored
2026-10-09 18:40:44,935 RX_ECHO ignored
2026-10-09 18:40:44,935 RX_ECHO ignored
2026-10-09 18:40:44,935 RX_ECHO ignored
2026-10-09 18:40:44,935 RX_ECHO ignored
2026-10-09 18:40:44,936 RX_ECHO ignored
2026-10-09 18:40:44,936 RX_ECHO ignored
2026-10-09 18:40:44,936 RX_ECHO ignored
2026-10-09 18:40:44,936 RX_ECHO ignored
2026-10-09 18:40:44,936 RX_ECHO ignored
2026-10-09 18:40:44,936 RX_ECHO ignored
2026-10-09 18:40:44,936 RX_ECHO ignored
2026-10-09 18:40:44,936 RX_ECHO ignored
2026-10-09 18:40:44,936 RX_ECHO ignored
2026-10-09 18:40:44,936 RX_ECHO ignored
2026-10-09 18:40:44,936 RX_ECHO ignored
2026-10-09 18:40:44,936 RX_ECHO ignored
2026-10-09 18:40:44,936 RX_ECHO ignored
2026-10-09 18:40:44,937 RX_ECHO ignored
2026-10-09 18:40:44,937 RX_ECHO ignored
2026-10-09 18:40:44,937 RX_ECHO ignored
2026-10-09 18:40:44,937 RX_ECHO ignored
2026-10-09 18:40:44,937 RX_ECHO ignored
2026-10-09 18:40:44,937 RX_ECHO ignored
2026-10-09 18:40:44,937 RX_ECHO ignored
2026-10-09 18:40:44,937 RX_ECHO ignored
2026-10-09 18:40:44,937 RX_ECHO ignored
2026-10-09 18:40:44,937 RX_ECHO ignored
2026-10-09 18:40:44,937 RX_ECHO ignored
2026-10-09 18:40:44,937 RX_ECHO ignored
2026-10-09 18:40:44,938 RX_ECHO ignored
2026-10-09 18:40:44,938 RX_ECHO ignored
2026-10-09 18:40:44,938 RX_ECHO ignored
2026-10-09 18:40:44,938 RX_ECHO ignored
2026-10-09 18:40:44,938 RX_ECHO ignored
2026-10-09 18:40:44,938 RX_ECHO ignored
2026-10-09 18:40:44,938 RX_ECHO ignored
2026-10-09 18:40:44,938 RX_ECHO ignored
2026-10-09 18:40:44,938 RX_ECHO ignored
2026-10-09 18:40:44,938 RX_ECHO ignored
2026-10-09 18:40:44,938 RX_ECHO ignored
2026-10-09 18:40:44,938 RX_ECHO ignored
2026-10-09 18:40:44,938 RX_ECHO ignored
2026-10-09 18:40:44,939 RX_ECHO ignored
2026-10-09 18:40:44,939 RX_ECHO ignored
2026-10-09 18:40:44,939 RX_ECHO ignored
2026-10-09 18:40:44,939 RX_ECHO ignored
2026-10-09 18:40:44,939 RX_ECHO ignored
2026-10-09 18:40:44,939 RX_ECHO ignored
2026-10-09 18:40:44,939 RX_ECHO ignored
2026-10-09 18:40:44,939 RX_ECHO ignored
2026-10-09 18:40:44,939 RX_ECHO ignored
2026-10-09 18:40:44,939 RX_ECHO ignored
2026-10-09 18:40:44,939 RX_ECHO ignored
2026-10-09 18:40:44,939 RX_ECHO ignored
2026-10-09 18:40:44,939 RX_ECHO ignored
2026-10-09 18:40:44,939 RX_ECHO ignored
2026-10-09 18:40:44,939 RX_ECHO ignored
2026-10-09 18:40:44,939 RX_ECHO ignored
2026-10-09 18:40:44,939 RX_ECHO ignored
2026-10-09 18:40:44,939 RX_ECHO ignored
2026-10-09 18:40:44,939 RX_ECHO ignored
2026-10-09 18:40:44,940 RX_ECHO ignored
2026-10-09 18:40:44,940 RX_ECHO ignored
2026-10-09 18:40:44,940 RX_ECHO ignored
2026-10-09 18:40:44,940 RX_ECHO ignored
2026-10-09 18:40:44,940 RX_ECHO ignored
2026-10-09 18:40:44,940 RX_ECHO ignored
2026-10-09 18:40:44,940 RX_ECHO ignored
2026-10-09 18:40:44,940 RX_ECHO ignored
2026-10-09 18:40:44,940 RX_ECHO ignored
2026-10-09 18:40:44,940 RX_ECHO ignored
2026-10-09 18:40:44,940 RX_ECHO ignored
2026-10-09 18:40:44,940 RX_ECHO ignored
2026-10-09 18:40:44,940 RX_ECHO ignored
2026-10-09 18:40:44,940 RX_ECHO ignored
2026-10-09 18:40:44,940 RX_ECHO ignored
2026-10-09 18:40:44,940 RX_ECHO ignored
2026-10-09 18:40:44,940 RX_ECHO ignored
2026-10-09 18:40:44,941 RX_ECHO ignored
2026-10-09 18:40:44,941 RX_ECHO ignored
2026-10-09 18:40:44,941 RX_ECHO ignored
2026-10-09 18:40:44,941 RX_ECHO ignored
2026-10-09 18:40:44,941 RX_ECHO ignored
2026-10-09 18:40:44,941 RX_ECHO ignored
2026-10-09 18:40:44,941 RX_ECHO ignored
2026-10-09 18:40:44,941 RX_ECHO ignored
2026-10-09 18:40:44,941 RX_ECHO ignored
2026-10-09 18:40:44,941 RX_ECHO ignored
2026-10-09 18:40:44,941 RX_ECHO ignored
2026-10-09 18:40:44,941 RX_ECHO ignored
2026-10-09 18:40:44,941 RX_ECHO ignored
2026-10-09 18:40:44,941 RX_ECHO ignored
2026-10-09 18:40:44,941 RX_ECHO ignored
2026-10-09 18:40:44,942 RX_ECHO ignored
2026-10-09 18:40:44,942 RX_ECHO ignored
2026-10-09 18:40:44,942 RX_ECHO ignored
2026-10-09 18:40:44,942 RX_ECHO ignored
2026-10-09 18:40:44,942 RX_ECHO ignored
2026-10-09 18:40:44,942 RX_ECHO ignored
2026-10-09 18:40:44,942 RX_ECHO ignored
2026-10-09 18:40:44,942 RX_ECHO ignored
2026-10-09 18:40:44,942 RX_ECHO ignored
2026-10-09 18:40:44,942 RX_ECHO ignored
2026-10-09 18:40:44,942 RX_ECHO ignored
2026-10-09 18:40:44,942 RX_ECHO ignored
2026-10-09 18:40:44,942 RX_ECHO ignored
2026-10-09 18:40:44,943 RX_ECHO ignored
2026-10-09 18:40:44,943 RX_ECHO ignored
2026-10-09 18:40:44,943 RX_ECHO ignored
2026-10-09 18:40:44,943 RX_ECHO ignored
2026-10-09 18:40:44,943 RX_ECHO ignored
2026-10-09 18:40:44,943 RX_ECHO ignored
2026-10-09 18:40:44,943 RX_ECHO ignored
2026-10-09 18:40:44,943 RX_ECHO ignored
2026-10-09 18:40:44,943 RX_ECHO ignored
2026-10-09 18:40:44,943 RX_ECHO ignored
2026-10-09 18:40:44,943 RX_ECHO ignored
2026-10-09 18:40:44,943 RX_ECHO ignored
2026-10-09 18:40:44,943 RX_ECHO ignored
2026-10-09 18:40:44,944 RX_ECHO ignored
2026-10-09 18:40:44,944 RX_ECHO ignored
2026-10-09 18:40:44,944 RX_ECHO ignored
2026-10-09 18:40:44,944 RX_ECHO ignored
2026-10-09 18:40:44,944 RX_ECHO ignored
2026-10-09 18:40:44,944 RX_ECHO ignored
2026-10-09 18:40:44,944 RX_ECHO ignored
2026-10-09 18:40:44,944 RX_ECHO ignored
2026-10-09 18:40:44,944 RX_ECHO ignored
2026-10-09 18:40:44,944 RX_ECHO ignored
2026-10-09 18:40:44,944 RX_ECHO ignored
2026-10-09 18:40:44,944 RX_ECHO ignored
2026-10-09 18:40:44,944 RX_ECHO ignored
2026-10-09 18:40:44,945 RX_ECHO ignored
2026-10-09 18:40:44,945 RX_ECHO ignored
2026-10-09 18:40:44,945 RX_ECHO ignored
2026-10-09 18:40:44,945 RX_ECHO ignored
2026-10-09 18:40:44,945 RX_ECHO ignored
2026-10-09 18:40:44,945 RX_ECHO ignored
2026-10-09 18:40:44,945 RX_ECHO ignored
2026-10-09 18:40:44,945 RX_ECHO ignored
2026-10-09 18:40:44,945 RX_ECHO ignored
2026-10-09 18:40:44,945 RX_ECHO ignored
2026-10-09 18:40:44,945 RX_ECHO ignored
2026-10-09 18:40:44,945 RX_ECHO ignored
2026-10-09 18:40:44,945 RX_ECHO ignored
2026-10-09 18:40:44,946 RX_ECHO ignored
2026-10-09 18:40:44,946 RX_ECHO ignored
2026-10-09 18:40:44,946 RX_ECHO ignored
2026-10-09 18:40:44,946 RX_ECHO ignored
2026-10-09 18:40:44,946 RX_ECHO ignored
2026-10-09 18:40:44,946 RX_ECHO ignored
2026-10-09 18:40:44,946 RX_ECHO ignored
2026-10-09 18:40:44,946 RX_ECHO ignored
2026-10-09 18:40:44,946 RX_ECHO ignored
2026-10-09 18:40:44,946 RX_ECHO ignored
2026-10-09 18:40:44,946 RX_ECHO ignored
2026-10-09 18:40:44,946 RX_ECHO ignored
2026-10-09 18:40:44,947 RX_ECHO ignored
2026-10-09 18:40:44,947 RX_ECHO ignored
2026-10-09 18:40:44,947 RX_ECHO ignored
2026-10-09 18:40:44,947 RX_ECHO ignored
2026-10-09 18:40:44,947 RX_ECHO ignored
2026-10-09 18:40:44,947 RX_ECHO ignored
2026-10-09 18:40:44,947 RX_ECHO ignored
2026-10-09 18:40:44,947 RX_ECHO ignored
2026-10-09 18:40:44,947 RX_ECHO ignored
2026-10-09 18:40:44,947 RX_ECHO ignored
2026-10-09 18:40:44,947 RX_ECHO ignored
2026-10-09 18:40:44,947 RX_ECHO ignored
2026-10-09 18:40:44,947 RX_ECHO ignored
2026-10-09 18:40:44,948 RX_ECHO ignored
2026-10-09 18:40:44,948 RX_ECHO ignored
2026-10-09 18:40:44,948 RX_ECHO ignored
2026-10-09 18:40:44,948 RX_ECHO ignored
2026-10-09 18:40:44,948 RX_ECHO ignored
2026-10-09 18:40:44,948 RX_ECHO ignored
2026-10-09 18:40:44,948 RX_ECHO ignored
2026-10-09 18:40:44,948 RX_ECHO ignored
2026-10-09 18:40:44,948 RX_ECHO ignored
2026-10-09 18:40:44,948 RX_ECHO ignored
2026-10-09 18:40:44,948 RX_ECHO ignored
2026-10-09 18:40:44,948 RX_ECHO ignored
2026-10-09 18:40:44,948 RX_ECHO ignored
2026-10-09 18:40:44,949 RX_ECHO ignored
2026-10-09 18:40:44,949 RX_ECHO ignored
2026-10-09 18:40:44,949 RX_ECHO ignored
2026-10-09 18:40:44,949 RX_ECHO ignored
2026-10-09 18:40:44,949 RX_ECHO ignored
2026-10-09 18:40:44,949 RX_ECHO ignored
2026-10-09 18:40:44,949 RX_ECHO ignored
2026-10-09 18:40:44,949 RX_ECHO ignored
2026-10-09 18:40:44,949 RX_ECHO ignored
2026-10-09 18:40:44,949 RX_ECHO ignored
2026-10-09 18:40:44,949 RX_ECHO ignored
2026-10-09 18:40:44,949 RX_ECHO ignored
2026-10-09 18:40:44,949 RX_ECHO ignored
2026-10-09 18:40:44,950 RX_ECHO ignored
2026-10-09 18:40:44,950 RX_ECHO ignored
2026-10-09 18:40:44,950 RX_ECHO ignored
2026-10-09 18:40:44,950 RX_ECHO ignored
2026-10-09 18:40:44,950 RX_ECHO ignored
2026-10-09 18:40:44,950 RX_ECHO ignored
2026-10-09 18:40:44,950 RX_ECHO ignored
2026-10-09 18:40:44,950 RX_ECHO ignored
2026-10-09 18:40:44,950 RX_ECHO ignored
2026-10-09 18:40:44,950 RX_ECHO ignored
2026-10-09 18:40:44,950 RX_ECHO ignored
2026-10-09 18:40:44,950 RX_ECHO ignored
2026-10-09 18:40:44,950 RX_ECHO ignored
2026-10-09 18:40:44,951 RX_ECHO ignored
2026-10-09 18:40:44,951 RX_ECHO ignored
2026-10-09 18:40:44,951 RX_ECHO ignored
2026-10-09 18:40:44,951 RX_ECHO ignored
2026-10-09 18:40:44,951 RX_ECHO ignored
2026-10-09 18:40:44,951 RX_ECHO ignored
2026-10-09 18:40:44,951 RX_ECHO ignored
2026-10-09 18:40:44,951 RX_ECHO ignored
2026-10-09 18:40:44,951 RX_ECHO ignored
2026-10-09 18:40:44,951 RX_ECHO ignored
2026-10-09 18:40:44,951 RX_ECHO ignored
2026-10-09 18:40:44,951 RX_ECHO ignored
2026-10-09 18:40:44,952 RX_ECHO ignored
2026-10-09 18:40:44,952 RX_ECHO ignored
2026-10-09 18:40:44,952 RX_ECHO ignored
2026-10-09 18:40:44,952 RX_ECHO ignored
2026-10-09 18:40:44,952 RX_ECHO ignored
2026-10-09 18:40:44,952 RX_ECHO ignored
2026-10-09 18:40:44,952 RX_ECHO ignored
2026-10-09 18:40:44,952 RX_ECHO ignored
2026-10-09 18:40:44,952 RX_ECHO ignored
2026-10-09 18:40:44,952 RX_ECHO ignored
2026-10-09 18:40:44,952 RX_ECHO ignored
2026-10-09 18:40:44,952 RX_ECHO ignored
2026-10-09 18:40:44,952 RX_ECHO ignored
2026-10-09 18:40:44,952 RX_ECHO ignored
2026-10-09 18:40:44,952 RX_ECHO ignored
2026-10-09 18:40:44,953 RX_ECHO ignored
2026-10-09 18:40:44,953 RX_ECHO ignored
2026-10-09 18:40:44,953 RX_ECHO ignored
2026-10-09 18:40:44,953 RX_ECHO ignored
2026-10-09 18:40:44,953 RX_ECHO ignored
2026-10-09 18:40:44,953 RX_ECHO ignored
2026-10-09 18:40:44,953 RX_ECHO ignored
2026-10-09 18:40:44,953 RX_ECHO ignored
2026-10-09 18:40:44,953 RX_ECHO ignored
2026-10-09 18:40:44,953 RX_ECHO ignored
2026-10-09 18:40:44,953 RX_ECHO ignored
2026-10-09 18:40:44,953 RX_ECHO ignored
2026-10-09 18:40:44,954 RX_ECHO ignored
2026-10-09 18:40:44,954 RX_ECHO ignored
2026-10-09 18:40:44,954 RX_ECHO ignored
2026-10-09 18:40:44,954 RX_ECHO ignored
2026-10-09 18:40:44,954 RX_ECHO ignored
2026-10-09 18:40:44,954 RX_ECHO ignored
2026-10-09 18:40:44,954 RX_ECHO ignored
2026-10-09 18:40:44,954 RX_ECHO ignored
2026-10-09 18:40:44,954 RX_ECHO ignored
2026-10-09 18:40:44,954 RX_ECHO ignored
2026-10-09 18:40:44,954 RX_ECHO ignored
2026-10-09 18:40:44,954 RX_ECHO ignored
2026-10-09 18:40:44,954 RX_ECHO ignored
2026-10-09 18:40:44,954 RX_ECHO ignored
2026-10-09 18:40:44,954 RX_ECHO ignored
2026-10-09 18:40:44,954 RX_ECHO ignored
2026-10-09 18:40:44,954 RX_ECHO ignored
2026-10-09 18:40:44,954 RX_ECHO ignored
2026-10-09 18:40:44,954 RX_ECHO ignored
2026-10-09 18:40:44,954 RX_ECHO ignored
2026-10-09 18:40:44,954 RX_ECHO ignored
2026-10-09 18:40:44,954 RX_ECHO ignored
2026-10-09 18:40:44,954 RX_ECHO ignored
2026-10-09 18:40:44,954 RX_ECHO ignored
2026-10-09 18:40:44,954 RX_ECHO ignored
2026-10-09 18:40:44,955 RX_ECHO ignored
2026-10-09 18:40:44,955 RX_ECHO ignored
2026-10-09 18:40:44,955 RX_ECHO ignored
2026-10-09 18:40:44,955 RX_ECHO ignored
2026-10-09 18:40:44,955 RX_ECHO ignored
2026-10-09 18:40:44,955 RX_ECHO ignored
2026-10-09 18:40:44,955 RX_ECHO ignored
2026-10-09 18:40:44,955 RX_ECHO ignored
2026-10-09 18:40:44,955 RX_ECHO ignored
2026-10-09 18:40:44,955 RX_ECHO ignored
2026-10-09 18:40:44,955 RX_ECHO ignored
2026-10-09 18:40:44,955 RX_ECHO ignored
2026-10-09 18:40:44,956 RX_ECHO ignored
2026-10-09 18:40:44,956 RX_ECHO ignored
2026-10-09 18:40:44,956 RX_ECHO ignored
2026-10-09 18:40:44,956 RX_ECHO ignored
2026-10-09 18:40:44,956 RX_ECHO ignored
2026-10-09 18:40:44,956 RX_ECHO ignored
2026-10-09 18:40:44,956 RX_ECHO ignored
2026-10-09 18:40:44,956 RX_ECHO ignored
2026-10-09 18:40:44,956 RX_ECHO ignored
2026-10-09 18:40:44,956 RX_ECHO ignored
2026-10-09 18:40:44,956 RX_ECHO ignored
2026-10-09 18:40:44,956 RX_ECHO ignored
2026-10-09 18:40:44,956 RX_ECHO ignored
2026-10-09 18:40:44,957 RX_ECHO ignored
2026-10-09 18:40:44,957 RX_ECHO ignored
2026-10-09 18:40:44,957 RX_ECHO ignored
2026-10-09 18:40:44,957 RX_ECHO ignored
2026-10-09 18:40:44,957 RX_ECHO ignored
2026-10-09 18:40:44,957 RX_ECHO ignored
2026-10-09 18:40:44,957 RX_ECHO ignored
2026-10-09 18:40:44,957 RX_ECHO ignored
2026-10-09 18:40:44,957 RX_ECHO ignored
2026-10-09 18:40:44,957 RX_ECHO ignored
2026-10-09 18:40:44,957 RX_ECHO ignored
2026-10-09 18:40:44,957 RX_ECHO ignored
2026-10-09 18:40:44,957 RX_ECHO ignored
2026-10-09 18:40:44,958 RX_ECHO ignored
2026-10-09 18:40:44,958 RX_ECHO ignored
2026-10-09 18:40:44,958 RX_ECHO ignored
2026-10-09 18:40:44,958 RX_ECHO ignored
2026-10-09 18:40:44,958 RX_ECHO ignored
2026-10-09 18:40:44,958 RX_ECHO ignored
2026-10-09 18:40:44,958 RX_ECHO ignored
2026-10-09 18:40:44,958 RX_ECHO ignored
2026-10-09 18:40:44,958 RX_ECHO ignored
2026-10-09 18:40:44,958 RX_ECHO ignored
2026-10-09 18:40:44,958 RX_ECHO ignored
2026-10-09 18:40:44,958 RX_ECHO ignored
2026-10-09 18:40:44,958 RX_ECHO ignored
2026-10-09 18:40:44,958 RX_ECHO ignored
2026-10-09 18:40:44,958 RX_ECHO ignored
2026-10-09 18:40:44,959 RX_ECHO ignored
2026-10-09 18:40:44,959 RX_ECHO ignored
2026-10-09 18:40:44,959 RX_ECHO ignored
2026-10-09 18:40:44,959 RX_ECHO ignored
2026-10-09 18:40:44,959 RX_ECHO ignored
2026-10-09 18:40:44,959 RX_ECHO ignored
2026-10-09 18:40:44,959 RX_ECHO ignored
2026-10-09 18:40:44,959 RX_ECHO ignored
2026-10-09 18:40:44,959 RX_ECHO ignored
2026-10-09 18:40:44,959 RX_ECHO ignored
2026-10-09 18:40:44,959 RX_ECHO ignored
2026-10-09 18:40:44,960 RX_ECHO ignored
2026-10-09 18:40:44,960 RX_ECHO ignored
2026-10-09 18:40:44,960 RX_ECHO ignored
2026-10-09 18:40:44,960 RX_ECHO ignored
2026-10-09 18:40:44,960 RX_ECHO ignored
2026-10-09 18:40:44,960 RX_ECHO ignored
2026-10-09 18:40:44,960 RX_ECHO ignored
2026-10-09 18:40:44,960 RX_ECHO ignored
2026-10-09 18:40:44,960 RX_ECHO ignored
2026-10-09 18:40:44,960 RX_ECHO ignored
2026-10-09 18:40:44,960 RX_ECHO ignored
2026-10-09 18:40:44,960 RX_ECHO ignored
2026-10-09 18:40:44,961 RX_ECHO ignored
2026-10-09 18:40:44,961 RX_ECHO ignored
2026-10-09 18:40:44,961 RX_ECHO ignored
2026-10-09 18:40:44,961 RX_ECHO ignored
2026-10-09 18:40:44,961 RX_ECHO ignored
2026-10-09 18:40:44,961 RX_ECHO ignored
2026-10-09 18:40:44,961 RX_ECHO ignored
2026-10-09 18:40:44,961 RX_ECHO ignored
2026-10-09 18:40:44,961 RX_ECHO ignored
2026-10-09 18:40:44,961 RX_ECHO ignored
2026-10-09 18:40:44,961 RX_ECHO ignored
2026-10-09 18:40:44,961 RX_ECHO ignored
2026-10-09 18:40:44,961 RX_ECHO ignored
2026-10-09 18:40:44,962 RX_ECHO ignored
2026-10-09 18:40:44,962 RX_ECHO ignored
2026-10-09 18:40:44,962 RX_ECHO ignored
2026-10-09 18:40:44,962 RX_ECHO ignored
2026-10-09 18:40:44,962 RX_ECHO ignored
2026-10-09 18:40:44,962 RX_ECHO ignored
2026-10-09 18:40:44,962 RX_ECHO ignored
2026-10-09 18:40:44,962 RX_ECHO ignored
2026-10-09 18:40:44,962 RX_ECHO ignored
2026-10-09 18:40:44,962 RX_ECHO ignored
2026-10-09 18:40:44,962 RX_ECHO ignored
2026-10-09 18:40:44,962 RX_ECHO ignored
2026-10-09 18:40:44,962 RX_ECHO ignored
2026-10-09 18:40:44,963 RX_ECHO ignored
2026-10-09 18:40:44,963 RX_ECHO ignored
2026-10-09 18:40:44,963 RX_ECHO ignored
2026-10-09 18:40:44,963 RX_ECHO ignored
2026-10-09 18:40:44,963 RX_ECHO ignored
2026-10-09 18:40:44,963 RX_ECHO ignored
2026-10-09 18:40:44,963 RX_ECHO ignored
2026-10-09 18:40:44,963 RX_ECHO ignored
2026-10-09 18:40:44,963 RX_ECHO ignored
2026-10-09 18:40:44,963 RX_ECHO ignored
2026-10-09 18:40:44,963 RX_ECHO ignored
2026-10-09 18:40:44,963 RX_ECHO ignored
2026-10-09 18:40:44,963 RX_ECHO ignored
2026-10-09 18:40:44,964 RX_ECHO ignored
2026-10-09 18:40:44,964 RX_ECHO ignored
2026-10-09 18:40:44,964 RX_ECHO ignored
2026-10-09 18:40:44,964 RX_ECHO ignored
2026-10-09 18:40:44,964 RX_ECHO ignored
2026-10-09 18:40:44,964 RX_ECHO ignored
2026-10-09 18:40:44,964 RX_ECHO ignored
2026-10-09 18:40:44,964 RX_ECHO ignored
2026-10-09 18:40:44,964 RX_ECHO ignored
2026-10-09 18:40:44,964 RX_ECHO ignored
2026-10-09 18:40:44,964 RX_ECHO ignored
2026-10-09 18:40:44,964 RX_ECHO ignored
2026-10-09 18:40:44,964 RX_ECHO ignored
2026-10-09 18:40:44,965 RX_ECHO ignored
2026-10-09 18:40:44,965 RX_ECHO ignored
2026-10-09 18:40:44,965 RX_ECHO ignored
2026-10-09 18:40:44,965 RX_ECHO ignored
2026-10-09 18:40:44,965 RX_ECHO ignored
2026-10-09 18:40:44,965 RX_ECHO ignored
2026-10-09 18:40:44,965 RX_ECHO ignored
2026-10-09 18:40:44,965 RX_ECHO ignored
2026-10-09 18:40:44,965 RX_ECHO ignored
2026-10-09 18:40:44,965 RX_ECHO ignored
2026-10-09 18:40:44,965 RX_ECHO ignored
2026-10-09 18:40:44,965 RX_ECHO ignored
2026-10-09 18:40:44,966 RX_ECHO ignored
2026-10-09 18:40:44,966 RX_ECHO ignored
2026-10-09 18:40:44,966 RX_ECHO ignored
2026-10-09 18:40:44,966 RX_ECHO ignored
2026-10-09 18:40:44,966 RX_ECHO ignored
2026-10-09 18:40:44,966 RX_ECHO ignored
2026-10-09 18:40:44,966 RX_ECHO ignored
2026-10-09 18:40:44,966 RX_ECHO ignored
2026-10-09 18:40:44,966 RX_ECHO ignored
2026-10-09 18:40:44,966 RX_ECHO ignored
2026-10-09 18:40:44,966 RX_ECHO ignored
2026-10-09 18:40:44,966 RX_ECHO ignored
2026-10-09 18:40:44,966 RX_ECHO ignored
2026-10-09 18:40:44,967 RX_ECHO ignored
2026-10-09 18:40:44,967 RX_ECHO ignored
2026-10-09 18:40:44,967 RX_ECHO ignored
2026-10-09 18:40:44,967 RX_ECHO ignored
2026-10-09 18:40:44,967 RX_ECHO ignored
2026-10-09 18:40:44,967 RX_ECHO ignored
2026-10-09 18:40:44,967 RX_ECHO ignored
2026-10-09 18:40:44,967 RX_ECHO ignored
2026-10-09 18:40:44,967 RX_ECHO ignored
2026-10-09 18:40:44,967 RX_ECHO ignored
2026-10-09 18:40:44,967 RX_ECHO ignored
2026-10-09 18:40:44,967 RX_ECHO ignored
2026-10-09 18:40:44,967 RX_ECHO ignored
2026-10-09 18:40:44,967 RX_ECHO ignored
2026-10-09 18:40:44,967 RX_ECHO ignored
2026-10-09 18:40:44,968 RX_ECHO ignored
2026-10-09 18:40:44,968 RX_ECHO ignored
2026-10-09 18:40:44,968 RX_ECHO ignored
2026-10-09 18:40:44,968 RX_ECHO ignored
2026-10-09 18:40:44,968 RX_ECHO ignored
2026-10-09 18:40:44,968 RX_ECHO ignored
2026-10-09 18:40:44,968 RX_ECHO ignored
2026-10-09 18:40:44,968 RX_ECHO ignored
2026-10-09 18:40:44,968 RX_ECHO ignored
2026-10-09 18:40:44,968 RX_ECHO ignored
2026-10-09 18:40:44,968 RX_ECHO ignored
2026-10-09 18:40:44,968 RX_ECHO ignored
2026-10-09 18:40:44,968 RX_ECHO ignored
2026-10-09 18:40:44,968 RX_ECHO ignored
2026-10-09 18:40:44,968 RX_ECHO ignored
2026-10-09 18:40:44,968 RX_ECHO ignored
2026-10-09 18:40:44,968 RX_ECHO ignored
2026-10-09 18:40:44,968 RX_ECHO ignored
2026-10-09 18:40:44,969 RX_ECHO ignored
2026-10-09 18:40:44,969 RX_ECHO ignored
2026-10-09 18:40:44,969 RX_ECHO ignored
2026-10-09 18:40:44,969 RX_ECHO ignored
2026-10-09 18:40:44,969 RX_ECHO ignored
2026-10-09 18:40:44,969 RX_ECHO ignored
2026-10-09 18:40:44,969 RX_ECHO ignored
2026-10-09 18:40:44,969 RX_ECHO ignored
2026-10-09 18:40:44,969 RX_ECHO ignored
2026-10-09 18:40:44,969 RX_ECHO ignored
2026-10-09 18:40:44,969 RX_ECHO ignored
2026-10-09 18:40:44,969 RX_ECHO ignored
2026-10-09 18:40:44,969 RX_ECHO ignored
2026-10-09 18:40:44,969 RX_ECHO ignored
2026-10-09 18:40:44,969 RX_ECHO ignored
2026-10-09 18:40:44,969 RX_ECHO ignored
2026-10-09 18:40:44,969 RX_ECHO ignored
2026-10-09 18:40:44,969 RX_ECHO ignored
2026-10-09 18:40:44,970 RX_ECHO ignored
2026-10-09 18:40:44,970 RX_ECHO ignored
2026-10-09 18:40:44,970 RX_ECHO ignored
2026-10-09 18:40:44,970 RX_ECHO ignored
2026-10-09 18:40:44,970 RX_ECHO ignored
2026-10-09 18:40:44,971 RX_ECHO ignored
2026-10-09 18:40:44,971 RX_ECHO ignored
2026-10-09 18:40:44,971 RX_ECHO ignored
2026-10-09 18:40:44,971 RX_ECHO ignored
2026-10-09 18:40:44,971 RX_ECHO ignored
2026-10-09 18:40:44,971 RX_ECHO ignored
2026-10-09 18:40:44,971 RX_ECHO ignored
2026-10-09 18:40:44,971 RX_ECHO ignored
2026-10-09 18:40:44,971 RX_ECHO ignored
2026-10-09 18:40:44,971 RX_ECHO ignored
2026-10-09 18:40:44,971 RX_ECHO ignored
2026-10-09 18:40:44,971 RX_ECHO ignored
2026-10-09 18:40:44,971 RX_ECHO ignored
2026-10-09 18:40:44,971 RX_ECHO ignored
2026-10-09 18:40:44,971 RX_ECHO ignored
2026-10-09 18:40:44,971 RX_ECHO ignored
2026-10-09 18:40:44,971 RX_ECHO ignored
2026-10-09 18:40:44,971 RX_ECHO ignored
2026-10-09 18:40:44,971 RX_ECHO ignored
2026-10-09 18:40:44,971 RX_ECHO ignored
2026-10-09 18:40:44,971 RX_ECHO ignored
2026-10-09 18:40:44,972 RX_ECHO ignored
2026-10-09 18:40:44,972 RX_ECHO ignored
2026-10-09 18:40:44,972 RX_ECHO ignored
2026-10-09 18:40:44,972 RX_ECHO ignored
2026-10-09 18:40:44,972 RX_ECHO ignored
2026-10-09 18:40:44,972 RX_ECHO ignored
2026-10-09 18:40:44,972 RX_ECHO ignored
2026-10-09 18:40:44,972 RX_ECHO ignored
2026-10-09 18:40:44,972 RX_ECHO ignored
2026-10-09 18:40:44,972 RX_ECHO ignored
2026-10-09 18:40:44,972 RX_ECHO ignored
2026-10-09 18:40:44,972 RX_ECHO ignored
2026-10-09 18:40:44,972 RX_ECHO ignored
2026-10-09 18:40:44,972 RX_ECHO ignored
2026-10-09 18:40:44,972 RX_ECHO ignored
2026-10-09 18:40:44,972 RX_ECHO ignored
2026-10-09 18:40:44,972 RX_ECHO ignored
2026-10-09 18:40:44,972 RX_ECHO ignored
2026-10-09 18:40:44,972 RX_ECHO ignored
2026-10-09 18:40:44,972 RX_ECHO ignored
2026-10-09 18:40:44,973 RX_ECHO ignored
2026-10-09 18:40:44,973 RX_ECHO ignored
2026-10-09 18:40:44,973 RX_ECHO ignored
2026-10-09 18:40:44,973 RX_ECHO ignored
2026-10-09 18:40:44,973 RX_ECHO ignored
2026-10-09 18:40:44,973 RX_ECHO ignored
2026-10-09 18:40:44,973 RX_ECHO ignored
2026-10-09 18:40:44,973 RX_ECHO ignored
2026-10-09 18:40:44,973 RX_ECHO ignored
2026-10-09 18:40:44,973 RX_ECHO ignored
2026-10-09 18:40:44,973 RX_ECHO ignored
2026-10-09 18:40:44,973 RX_ECHO ignored
2026-10-09 18:40:44,973 RX_ECHO ignored
2026-10-09 18:40:44,973 RX_ECHO ignored
2026-10-09 18:40:44,973 RX_ECHO ignored
2026-10-09 18:40:44,973 RX_ECHO ignored
2026-10-09 18:40:44,973 RX_ECHO ignored
2026-10-09 18:40:44,973 RX_ECHO ignored
2026-10-09 18:40:44,974 RX_ECHO ignored
2026-10-09 18:40:44,974 RX_ECHO ignored
2026-10-09 18:40:44,974 RX_ECHO ignored
2026-10-09 18:40:44,974 RX_ECHO ignored
2026-10-09 18:40:44,974 RX_ECHO ignored
2026-10-09 18:40:44,974 RX_ECHO ignored
2026-10-09 18:40:44,974 RX_ECHO ignored
2026-10-09 18:40:44,974 RX_ECHO ignored
2026-10-09 18:40:44,974 RX_ECHO ignored
2026-10-09 18:40:44,974 RX_ECHO ignored
2026-10-09 18:40:44,974 RX_ECHO ignored
2026-10-09 18:40:44,974 RX_ECHO ignored
2026-10-09 18:40:44,974 RX_ECHO ignored
2026-10-09 18:40:44,975 RX_ECHO ignored
2026-10-09 18:40:44,975 RX_ECHO ignored
2026-10-09 18:40:44,975 RX_ECHO ignored
2026-10-09 18:40:44,975 RX_ECHO ignored
2026-10-09 18:40:44,975 RX_ECHO ignored
2026-10-09 18:40:44,975 RX_ECHO ignored
2026-10-09 18:40:44,975 RX_ECHO ignored
2026-10-09 18:40:44,975 RX_ECHO ignored
2026-10-09 18:40:44,975 RX_ECHO ignored
2026-10-09 18:40:44,975 RX_ECHO ignored
2026-10-09 18:40:44,975 RX_ECHO ignored
2026-10-09 18:40:44,975 RX_ECHO ignored
2026-10-09 18:40:44,975 RX_ECHO ignored
2026-10-09 18:40:44,976 RX_ECHO ignored
2026-10-09 18:40:44,976 RX_ECHO ignored
2026-10-09 18:40:44,976 RX_ECHO ignored
2026-10-09 18:40:44,976 RX_ECHO ignored
2026-10-09 18:40:44,976 RX_ECHO ignored
2026-10-09 18:40:44,976 RX_ECHO ignored
2026-10-09 18:40:44,976 RX_ECHO ignored
2026-10-09 18:40:44,976 RX_ECHO ignored
2026-10-09 18:40:44,976 RX_ECHO ignored
2026-10-09 18:40:44,976 RX_ECHO ignored
2026-10-09 18:40:44,976 RX_ECHO ignored
2026-10-09 18:40:44,976 RX_ECHO ignored
2026-10-09 18:40:44,976 RX_ECHO ignored
2026-10-09 18:40:44,977 RX_ECHO ignored
2026-10-09 18:40:44,977 RX_ECHO ignored
2026-10-09 18:40:44,977 RX_ECHO ignored
2026-10-09 18:40:44,977 RX_ECHO ignored
2026-10-09 18:40:44,977 RX_ECHO ignored
2026-10-09 18:40:44,977 RX_ECHO ignored
2026-10-09 18:40:44,977 RX_ECHO ignored
2026-10-09 18:40:44,977 RX_ECHO ignored
2026-10-09 18:40:44,977 RX_ECHO ignored
2026-10-09 18:40:44,977 RX_ECHO ignored
2026-10-09 18:40:44,977 RX_ECHO ignored
2026-10-09 18:40:44,977 RX_ECHO ignored
2026-10-09 18:40:44,977 RX_ECHO ignored
2026-10-09 18:40:44,978 RX_ECHO ignored
2026-10-09 18:40:44,978 RX_ECHO ignored
2026-10-09 18:40:44,978 RX_ECHO ignored
2026-10-09 18:40:44,978 RX_ECHO ignored
2026-10-09 18:40:44,978 RX_ECHO ignored
2026-10-09 18:40:44,978 RX_ECHO ignored
2026-10-09 18:40:44,978 RX_ECHO ignored
2026-10-09 18:40:44,978 RX_ECHO ignored
2026-10-09 18:40:44,978 RX_ECHO ignored
2026-10-09 18:40:44,978 RX_ECHO ignored
2026-10-09 18:40:44,978 RX_ECHO ignored
2026-10-09 18:40:44,978 RX_ECHO ignored
2026-10-09 18:40:44,979 RX_ECHO ignored
2026-10-09 18:40:44,979 RX_ECHO ignored
2026-10-09 18:40:44,979 RX_ECHO ignored
2026-10-09 18:40:44,979 RX_ECHO ignored
2026-10-09 18:40:44,979 RX_ECHO ignored
2026-10-09 18:40:44,979 RX_ECHO ignored
2026-10-09 18:40:44,979 RX_ECHO ignored
2026-10-09 18:40:44,979 RX_ECHO ignored
2026-10-09 18:40:44,979 RX_ECHO ignored
2026-10-09 18:40:44,979 RX_ECHO ignored
2026-10-09 18:40:44,979 RX_ECHO ignored
2026-10-09 18:40:44,979 RX_ECHO ignored
2026-10-09 18:40:44,979 RX_ECHO ignored
2026-10-09 18:40:44,979 RX_ECHO ignored
2026-10-09 18:40:44,979 RX_ECHO ignored
2026-10-09 18:40:44,979 RX_ECHO ignored
2026-10-09 18:40:44,980 RX_ECHO ignored
2026-10-09 18:40:44,980 RX_ECHO ignored
2026-10-09 18:40:44,980 RX_ECHO ignored
2026-10-09 18:40:44,980 RX_ECHO ignored
2026-10-09 18:40:44,980 RX_ECHO ignored
2026-10-09 18:40:44,980 RX_ECHO ignored
2026-10-09 18:40:44,980 RX_ECHO ignored
2026-10-09 18:40:44,980 RX_ECHO ignored
2026-10-09 18:40:44,980 RX_ECHO ignored
2026-10-09 18:40:44,980 RX_ECHO ignored
2026-10-09 18:40:44,980 RX_ECHO ignored
2026-10-09 18:40:44,980 RX_ECHO ignored
2026-10-09 18:40:44,980 RX_ECHO ignored
2026-10-09 18:40:44,981 RX_ECHO ignored
2026-10-09 18:40:44,981 RX_ECHO ignored
2026-10-09 18:40:44,981 RX_ECHO ignored
2026-10-09 18:40:44,981 RX_ECHO ignored
2026-10-09 18:40:44,981 RX_ECHO ignored
2026-10-09 18:40:44,981 RX_ECHO ignored
2026-10-09 18:40:44,981 RX_ECHO ignored
2026-10-09 18:40:44,981 RX_ECHO ignored
2026-10-09 18:40:44,981 RX_ECHO ignored
2026-10-09 18:40:44,981 RX_ECHO ignored
2026-10-09 18:40:44,981 RX_ECHO ignored
2026-10-09 18:40:44,981 RX_ECHO ignored
2026-10-09 18:40:44,981 RX_ECHO ignored
2026-10-09 18:40:44,981 RX_ECHO ignored
2026-10-09 18:40:44,981 RX_ECHO ignored
2026-10-09 18:40:44,981 RX_ECHO ignored
2026-10-09 18:40:44,981 RX_ECHO ignored
2026-10-09 18:40:44,981 RX_ECHO ignored
2026-10-09 18:40:44,981 RX_ECHO ignored
2026-10-09 18:40:44,982 RX_ECHO ignored
2026-10-09 18:40:44,982 RX_ECHO ignored
2026-10-09 18:40:44,982 RX_ECHO ignored
2026-10-09 18:40:44,982 RX_ECHO ignored
2026-10-09 18:40:44,982 RX_ECHO ignored
2026-10-09 18:40:44,982 RX_ECHO ignored
2026-10-09 18:40:44,982 RX_ECHO ignored
2026-10-09 18:40:44,982 RX_ECHO ignored
2026-10-09 18:40:44,982 RX_ECHO ignored
2026-10-09 18:40:44,982 RX_ECHO ignored
2026-10-09 18:40:44,982 RX_ECHO ignored
2026-10-09 18:40:44,982 RX_ECHO ignored
2026-10-09 18:40:44,982 RX_ECHO ignored
2026-10-09 18:40:44,982 RX_ECHO ignored
2026-10-09 18:40:44,982 RX_ECHO ignored
2026-10-09 18:40:44,982 RX_ECHO ignored
2026-10-09 18:40:44,983 RX_ECHO ignored
2026-10-09 18:40:44,983 RX_ECHO ignored
2026-10-09 18:40:44,983 RX_ECHO ignored
2026-10-09 18:40:44,983 RX_ECHO ignored
2026-10-09 18:40:44,983 RX_ECHO ignored
2026-10-09 18:40:44,983 RX_ECHO ignored
2026-10-09 18:40:44,983 RX_ECHO ignored
2026-10-09 18:40:44,983 RX_ECHO ignored
2026-10-09 18:40:44,983 RX_ECHO ignored
2026-10-09 18:40:44,983 RX_ECHO ignored
2026-10-09 18:40:44,983 RX_ECHO ignored
2026-10-09 18:40:44,983 RX_ECHO ignored
2026-10-09 18:40:44,983 RX_ECHO ignored
2026-10-09 18:40:44,984 RX_ECHO ignored
2026-10-09 18:40:44,984 RX_ECHO ignored
2026-10-09 18:40:44,984 RX_ECHO ignored
2026-10-09 18:40:44,984 RX_ECHO ignored
2026-10-09 18:40:44,984 RX_ECHO ignored
2026-10-09 18:40:44,984 RX_ECHO ignored
2026-10-09 18:40:44,984 RX_ECHO ignored
2026-10-09 18:40:44,984 RX_ECHO ignored
2026-10-09 18:40:44,984 RX_ECHO ignored
2026-10-09 18:40:44,984 RX_ECHO ignored
2026-10-09 18:40:44,984 RX_ECHO ignored
2026-10-09 18:40:44,984 RX_ECHO ignored
2026-10-09 18:40:44,984 RX_ECHO ignored
2026-10-09 18:40:44,985 RX_ECHO ignored
2026-10-09 18:40:44,985 RX_ECHO ignored
2026-10-09 18:40:44,985 RX_ECHO ignored
2026-10-09 18:40:44,985 RX_ECHO ignored
2026-10-09 18:40:44,985 RX_ECHO ignored
2026-10-09 18:40:44,985 RX_ECHO ignored
2026-10-09 18:40:44,985 RX_ECHO ignored
2026-10-09 18:40:44,985 RX_ECHO ignored
2026-10-09 18:40:44,985 RX_ECHO ignored
2026-10-09 18:40:44,985 RX_ECHO ignored
2026-10-09 18:40:44,985 RX_ECHO ignored
2026-10-09 18:40:44,985 RX_ECHO ignored
2026-10-09 18:40:44,985 RX_ECHO ignored
2026-10-09 18:40:44,986 RX_ECHO ignored
2026-10-09 18:40:44,986 RX_ECHO ignored
2026-10-09 18:40:44,986 RX_ECHO ignored
2026-10-09 18:40:44,986 RX_ECHO ignored
2026-10-09 18:40:44,986 RX_ECHO ignored
2026-10-09 18:40:44,986 RX_ECHO ignored
2026-10-09 18:40:44,986 RX_ECHO ignored
2026-10-09 18:40:44,986 RX_ECHO ignored
2026-10-09 18:40:44,986 RX_ECHO ignored
2026-10-09 18:40:44,986 RX_ECHO ignored
2026-10-09 18:40:44,986 RX_ECHO ignored
2026-10-09 18:40:44,986 RX_ECHO ignored
2026-10-09 18:40:44,986 RX_ECHO ignored
2026-10-09 18:40:44,986 RX_ECHO ignored
2026-10-09 18:40:44,987 RX_ECHO ignored
2026-10-09 18:40:44,987 RX_ECHO ignored
2026-10-09 18:40:44,987 RX_ECHO ignored
2026-10-09 18:40:44,987 RX_ECHO ignored
2026-10-09 18:40:44,987 RX_ECHO ignored
2026-10-09 18:40:44,987 RX_ECHO ignored
2026-10-09 18:40:44,987 RX_ECHO ignored
2026-10-09 18:40:44,987 RX_ECHO ignored
2026-10-09 18:40:44,987 RX_ECHO ignored
2026-10-09 18:40:44,987 RX_ECHO ignored
2026-10-09 18:40:44,987 RX_ECHO ignored
2026-10-09 18:40:44,987 RX_ECHO ignored
2026-10-09 18:40:44,987 RX_ECHO ignored
2026-10-09 18:40:44,987 RX_ECHO ignored
2026-10-09 18:40:44,987 RX_ECHO ignored
2026-10-09 18:40:44,987 RX_ECHO ignored
2026-10-09 18:40:44,987 RX_ECHO ignored
2026-10-09 18:40:44,987 RX_ECHO ignored
2026-10-09 18:40:44,987 RX_ECHO ignored
2026-10-09 18:40:44,987 RX_ECHO ignored
2026-10-09 18:40:44,988 RX_ECHO ignored
2026-10-09 18:40:44,988 RX_ECHO ignored
2026-10-09 18:40:44,988 RX_ECHO ignored
2026-10-09 18:40:44,988 RX_ECHO ignored
2026-10-09 18:40:44,988 RX_ECHO ignored
2026-10-09 18:40:44,988 RX_ECHO ignored
2026-10-09 18:40:44,988 RX_ECHO ignored
2026-10-09 18:40:44,988 RX_ECHO ignored
2026-10-09 18:40:44,988 RX_ECHO ignored
2026-10-09 18:40:44,988 RX_ECHO ignored
2026-10-09 18:40:44,988 RX_ECHO ignored
2026-10-09 18:40:44,988 RX_ECHO ignored
2026-10-09 18:40:44,988 RX_ECHO ignored
2026-10-09 18:40:44,988 RX_ECHO ignored
2026-10-09 18:40:44,988 RX_ECHO ignored
2026-10-09 18:40:44,988 RX_ECHO ignored
2026-10-09 18:40:44,988 RX_ECHO ignored
2026-10-09 18:40:44,989 RX_ECHO ignored
2026-10-09 18:40:44,989 RX_ECHO ignored
2026-10-09 18:40:44,989 RX_ECHO ignored
2026-10-09 18:40:44,989 RX_ECHO ignored
2026-10-09 18:40:44,989 RX_ECHO ignored
2026-10-09 18:40:44,989 RX_ECHO ignored
2026-10-09 18:40:44,989 RX_ECHO ignored
2026-10-09 18:40:44,989 RX_ECHO ignored
2026-10-09 18:40:44,989 RX_ECHO ignored
2026-10-09 18:40:44,989 RX_ECHO ignored
2026-10-09 18:40:44,989 RX_ECHO ignored
2026-10-09 18:40:44,989 RX_ECHO ignored
2026-10-09 18:40:44,989 RX_ECHO ignored
2026-10-09 18:40:44,990 RX_ECHO ignored
2026-10-09 18:40:44,990 RX_ECHO ignored
2026-10-09 18:40:44,990 RX_ECHO ignored
2026-10-09 18:40:44,990 RX_ECHO ignored
2026-10-09 18:40:44,990 RX_ECHO ignored
2026-10-09 18:40:44,990 RX_ECHO ignored
2026-10-09 18:40:44,990 RX_ECHO ignored
2026-10-09 18:40:44,990 RX_ECHO ignored
2026-10-09 18:40:44,990 RX_ECHO ignored
2026-10-09 18:40:44,990 RX_ECHO ignored
2026-10-09 18:40:44,990 RX_ECHO ignored
2026-10-09 18:40:44,990 RX_ECHO ignored
2026-10-09 18:40:44,990 RX_ECHO ignored
2026-10-09 18:40:44,991 RX_ECHO ignored
2026-10-09 18:40:44,991 RX_ECHO ignored
2026-10-09 18:40:44,991 RX_ECHO ignored
2026-10-09 18:40:44,991 RX_ECHO ignored
2026-10-09 18:40:44,991 RX_ECHO ignored
2026-10-09 18:40:44,991 RX_ECHO ignored
2026-10-09 18:40:44,991 RX_ECHO ignored
2026-10-09 18:40:44,991 RX_ECHO ignored
2026-10-09 18:40:44,991 RX_ECHO ignored
2026-10-09 18:40:44,991 RX_ECHO ignored
2026-10-09 18:40:44,991 RX_ECHO ignored
2026-10-09 18:40:44,991 RX_ECHO ignored
2026-10-09 18:40:44,992 RX_ECHO ignored
2026-10-09 18:40:44,992 RX_ECHO ignored
2026-10-09 18:40:44,992 RX_ECHO ignored
2026-10-09 18:40:44,992 RX_ECHO ignored
2026-10-09 18:40:44,992 RX_ECHO ignored
2026-10-09 18:40:44,992 RX_ECHO ignored
2026-10-09 18:40:44,992 RX_ECHO ignored
2026-10-09 18:40:44,992 RX_ECHO ignored
2026-10-09 18:40:44,992 RX_ECHO ignored
2026-10-09 18:40:44,992 RX_ECHO ignored
2026-10-09 18:40:44,992 RX_ECHO ignored
2026-10-09 18:40:44,992 RX_ECHO ignored
2026-10-09 18:40:44,992 RX_ECHO ignored
2026-10-09 18:40:44,993 RX_ECHO ignored
2026-10-09 18:40:44,993 RX_ECHO ignored
2026-10-09 18:40:44,993 RX_ECHO ignored
2026-10-09 18:40:44,993 RX_ECHO ignored
2026-10-09 18:40:44,993 RX_ECHO ignored
2026-10-09 18:40:44,993 RX_ECHO ignored
2026-10-09 18:40:44,993 RX_ECHO ignored
2026-10-09 18:40:44,993 RX_ECHO ignored
2026-10-09 18:40:44,993 RX_ECHO ignored
2026-10-09 18:40:44,993 RX_ECHO ignored
2026-10-09 18:40:44,993 RX_ECHO ignored
2026-10-09 18:40:44,993 RX_ECHO ignored
2026-10-09 18:40:44,993 RX_ECHO ignored
2026-10-09 18:40:44,994 RX_ECHO ignored
2026-10-09 18:40:44,994 RX_ECHO ignored
2026-10-09 18:40:44,994 RX_ECHO ignored
2026-10-09 18:40:44,994 RX_ECHO ignored
2026-10-09 18:40:44,994 RX_ECHO ignored
2026-10-09 18:40:44,994 RX_ECHO ignored
2026-10-09 18:40:44,994 RX_ECHO ignored
2026-10-09 18:40:44,994 RX_ECHO ignored
2026-10-09 18:40:44,994 RX_ECHO ignored
2026-10-09 18:40:44,994 RX_ECHO ignored
2026-10-09 18:40:44,994 RX_ECHO ignored
2026-10-09 18:40:44,994 RX_ECHO ignored
2026-10-09 18:40:44,994 RX_ECHO ignored
2026-10-09 18:40:44,994 RX_ECHO ignored
2026-10-09 18:40:44,994 RX_ECHO ignored
2026-10-09 18:40:44,994 RX_ECHO ignored
2026-10-09 18:40:44,994 RX_ECHO ignored
2026-10-09 18:40:44,994 RX_ECHO ignored
2026-10-09 18:40:44,994 RX_ECHO ignored
2026-10-09 18:40:44,995 RX_ECHO ignored
2026-10-09 18:40:44,995 RX_ECHO ignored
2026-10-09 18:40:44,995 RX_ECHO ignored
2026-10-09 18:40:44,995 RX_ECHO ignored
2026-10-09 18:40:44,995 RX_ECHO ignored
2026-10-09 18:40:44,995 RX_ECHO ignored
2026-10-09 18:40:44,995 RX_ECHO ignored
2026-10-09 18:40:44,995 RX_ECHO ignored
2026-10-09 18:40:44,995 RX_ECHO ignored
2026-10-09 18:40:44,995 RX_ECHO ignored
2026-10-09 18:40:44,995 RX_ECHO ignored
2026-10-09 18:40:44,995 RX_ECHO ignored
2026-10-09 18:40:44,995 RX_ECHO ignored
2026-10-09 18:40:44,995 RX_ECHO ignored
2026-10-09 18:40:44,995 RX_ECHO ignored
2026-10-09 18:40:44,996 RX_ECHO ignored
2026-10-09 18:40:44,996 RX_ECHO ignored
2026-10-09 18:40:44,996 RX_ECHO ignored
2026-10-09 18:40:44,996 RX_ECHO ignored
2026-10-09 18:40:44,996 RX_ECHO ignored
2026-10-09 18:40:44,996 RX_ECHO ignored
2026-10-09 18:40:44,996 RX_ECHO ignored
2026-10-09 18:40:44,996 RX_ECHO ignored
2026-10-09 18:40:44,996 RX_ECHO ignored
2026-10-09 18:40:44,996 RX_ECHO ignored
2026-10-09 18:40:44,996 RX_ECHO ignored
2026-10-09 18:40:44,996 RX_ECHO ignored
2026-10-09 18:40:44,996 RX_ECHO ignored
2026-10-09 18:40:44,996 RX_ECHO ignored
2026-10-09 18:40:44,997 RX_ECHO ignored
2026-10-09 18:40:44,997 RX_ECHO ignored
2026-10-09 18:40:44,997 RX_ECHO ignored
2026-10-09 18:40:44,997 RX_ECHO ignored
2026-10-09 18:40:44,997 RX_ECHO ignored
2026-10-09 18:40:44,997 RX_ECHO ignored
2026-10-09 18:40:44,997 RX_ECHO ignored
2026-10-09 18:40:44,997 RX_ECHO ignored
2026-10-09 18:40:44,997 RX_ECHO ignored
2026-10-09 18:40:44,997 RX_ECHO ignored
2026-10-09 18:40:44,997 RX_ECHO ignored
2026-10-09 18:40:44,997 RX_ECHO ignored
2026-10-09 18:40:44,997 RX_ECHO ignored
2026-10-09 18:40:44,997 RX_ECHO ignored
2026-10-09 18:40:44,997 RX_ECHO ignored
2026-10-09 18:40:44,997 RX_ECHO ignored
2026-10-09 18:40:44,998 RX_ECHO ignored
2026-10-09 18:40:44,998 RX_ECHO ignored
2026-10-09 18:40:44,998 RX_ECHO ignored
2026-10-09 18:40:44,998 RX_ECHO ignored
2026-10-09 18:40:44,998 RX_ECHO ignored
2026-10-09 18:40:44,998 RX_ECHO ignored
2026-10-09 18:40:44,998 RX_ECHO ignored
2026-10-09 18:40:44,998 RX_ECHO ignored
2026-10-09 18:40:44,998 RX_ECHO ignored
2026-10-09 18:40:44,998 RX_ECHO ignored
2026-10-09 18:40:44,998 RX_ECHO ignored
2026-10-09 18:40:44,998 RX_ECHO ignored
2026-10-09 18:40:44,998 RX_ECHO ignored
2026-10-09 18:40:44,999 RX_ECHO ignored
2026-10-09 18:40:44,999 RX_ECHO ignored
2026-10-09 18:40:44,999 RX_ECHO ignored
2026-10-09 18:40:44,999 RX_ECHO ignored
2026-10-09 18:40:44,999 RX_ECHO ignored
2026-10-09 18:40:44,999 RX_ECHO ignored
2026-10-09 18:40:44,999 RX_ECHO ignored
2026-10-09 18:40:44,999 RX_ECHO ignored
2026-10-09 18:40:44,999 RX_ECHO ignored
2026-10-09 18:40:44,999 RX_ECHO ignored
2026-10-09 18:40:44,999 RX_ECHO ignored
2026-10-09 18:40:44,999 RX_ECHO ignored
2026-10-09 18:40:44,999 RX_ECHO ignored
2026-10-09 18:40:45,001 RX_ECHO ignored
2026-10-09 18:40:45,001 RX_ECHO ignored
2026-10-09 18:40:45,001 RX_ECHO ignored
2026-10-09 18:40:45,001 RX_ECHO ignored
2026-10-09 18:40:45,001 RX_ECHO ignored
2026-10-09 18:40:45,001 RX_ECHO ignored
2026-10-09 18:40:45,001 RX_ECHO ignored
2026-10-09 18:40:45,001 RX_ECHO ignored
2026-10-09 18:40:45,001 RX_ECHO ignored
2026-10-09 18:40:45,001 RX_ECHO ignored
2026-10-09 18:40:45,001 RX_ECHO ignored
2026-10-09 18:40:45,002 RX_ECHO ignored
2026-10-09 18:40:45,002 RX_ECHO ignored
2026-10-09 18:40:45,002 RX_ECHO ignored
2026-10-09 18:40:45,002 RX_ECHO ignored
2026-10-09 18:40:45,002 RX_ECHO ignored
2026-10-09 18:40:45,002 RX_ECHO ignored
2026-10-09 18:40:45,002 RX_ECHO ignored
2026-10-09 18:40:45,002 RX_ECHO ignored
2026-10-09 18:40:45,002 RX_ECHO ignored
2026-10-09 18:40:45,002 RX_ECHO ignored
2026-10-09 18:40:45,002 RX_ECHO ignored
2026-10-09 18:40:45,002 RX_ECHO ignored
2026-10-09 18:40:45,002 RX_ECHO ignored
2026-10-09 18:40:45,002 RX_ECHO ignored
2026-10-09 18:40:45,003 RX_ECHO ignored
2026-10-09 18:40:45,003 RX_ECHO ignored
2026-10-09 18:40:45,003 RX_ECHO ignored
2026-10-09 18:40:45,003 RX_ECHO ignored
2026-10-09 18:40:45,003 RX_ECHO ignored
2026-10-09 18:40:45,003 RX_ECHO ignored
2026-10-09 18:40:45,003 RX_ECHO ignored
2026-10-09 18:40:45,004 RX_ECHO ignored
2026-10-09 18:40:45,004 RX_ECHO ignored
2026-10-09 18:40:45,004 RX_ECHO ignored
2026-10-09 18:40:45,004 RX_ECHO ignored
2026-10-09 18:40:45,004 RX_ECHO ignored
2026-10-09 18:40:45,004 RX_ECHO ignored
2026-10-09 18:40:45,004 RX_ECHO ignored
2026-10-09 18:40:45,004 RX_ECHO ignored
2026-10-09 18:40:45,004 RX_ECHO ignored
2026-10-09 18:40:45,004 RX_ECHO ignored
2026-10-09 18:40:45,004 RX_ECHO ignored
2026-10-09 18:40:45,004 RX_ECHO ignored
2026-10-09 18:40:45,004 RX_ECHO ignored
2026-10-09 18:40:45,004 RX_ECHO ignored
2026-10-09 18:40:45,004 RX_ECHO ignored
2026-10-09 18:40:45,004 RX_ECHO ignored
2026-10-09 18:40:45,004 RX_ECHO ignored
2026-10-09 18:40:45,004 RX_ECHO ignored
2026-10-09 18:40:45,004 RX_ECHO ignored
2026-10-09 18:40:45,005 RX_ECHO ignored
2026-10-09 18:40:45,005 RX_ECHO ignored
2026-10-09 18:40:45,005 RX_ECHO ignored
2026-10-09 18:40:45,005 RX_ECHO ignored
2026-10-09 18:40:45,005 RX_ECHO ignored
2026-10-09 18:40:45,005 RX_ECHO ignored
2026-10-09 18:40:45,005 RX_ECHO ignored
2026-10-09 18:40:45,005 RX_ECHO ignored
2026-10-09 18:40:45,005 RX_ECHO ignored
2026-10-09 18:40:45,005 RX_ECHO ignored
2026-10-09 18:40:45,005 RX_ECHO ignored
2026-10-09 18:40:45,005 RX_ECHO ignored
2026-10-09 18:40:45,005 RX_ECHO ignored
2026-10-09 18:40:45,006 RX_ECHO ignored
2026-10-09 18:40:45,006 RX_ECHO ignored
2026-10-09 18:40:45,006 RX_ECHO ignored
2026-10-09 18:40:45,006 RX_ECHO ignored
2026-10-09 18:40:45,006 RX_ECHO ignored
2026-10-09 18:40:45,006 RX_ECHO ignored
2026-10-09 18:40:45,006 RX_ECHO ignored
2026-10-09 18:40:45,006 RX_ECHO ignored
2026-10-09 18:40:45,006 RX_ECHO ignored
2026-10-09 18:40:45,006 RX_ECHO ignored
2026-10-09 18:40:45,006 RX_ECHO ignored
2026-10-09 18:40:45,006 RX_ECHO ignored
2026-10-09 18:40:45,007 RX_ECHO ignored
2026-10-09 18:40:45,007 RX_ECHO ignored
2026-10-09 18:40:45,007 RX_ECHO ignored
2026-10-09 18:40:45,007 RX_ECHO ignored
2026-10-09 18:40:45,007 RX_ECHO ignored
2026-10-09 18:40:45,007 RX_ECHO ignored
2026-10-09 18:40:45,007 RX_ECHO ignored
2026-10-09 18:40:45,007 RX_ECHO ignored
2026-10-09 18:40:45,007 RX_ECHO ignored
2026-10-09 18:40:45,007 RX_ECHO ignored
2026-10-09 18:40:45,007 RX_ECHO ignored
2026-10-09 18:40:45,007 RX_ECHO ignored
2026-10-09 18:40:45,007 RX_ECHO ignored
2026-10-09 18:40:45,008 RX_ECHO ignored
2026-10-09 18:40:45,008 RX_ECHO ignored
2026-10-09 18:40:45,008 RX_ECHO ignored
2026-10-09 18:40:45,008 RX_ECHO ignored
2026-10-09 18:40:45,008 RX_ECHO ignored
2026-10-09 18:40:45,008 RX_ECHO ignored
2026-10-09 18:40:45,008 RX_ECHO ignored
2026-10-09 18:40:45,008 RX_ECHO ignored
2026-10-09 18:40:45,008 RX_ECHO ignored
2026-10-09 18:40:45,008 RX_ECHO ignored
2026-10-09 18:40:45,008 RX_ECHO ignored
2026-10-09 18:40:45,008 RX_ECHO ignored
2026-10-09 18:40:45,008 RX_ECHO ignored
2026-10-09 18:40:45,009 RX_ECHO ignored
2026-10-09 18:40:45,009 RX_ECHO ignored
2026-10-09 18:40:45,009 RX_ECHO ignored
2026-10-09 18:40:45,009 RX_ECHO ignored
2026-10-09 18:40:45,009 RX_ECHO ignored
2026-10-09 18:40:45,009 RX_ECHO ignored
2026-10-09 18:40:45,009 RX_ECHO ignored
2026-10-09 18:40:45,009 RX_ECHO ignored
2026-10-09 18:40:45,009 RX_ECHO ignored
2026-10-09 18:40:45,009 RX_ECHO ignored
2026-10-09 18:40:45,009 RX_ECHO ignored
2026-10-09 18:40:45,009 RX_ECHO ignored
2026-10-09 18:40:45,009 RX_ECHO ignored
2026-10-09 18:40:45,010 RX_ECHO ignored
2026-10-09 18:40:45,010 RX_ECHO ignored
2026-10-09 18:40:45,010 RX_ECHO ignored
2026-10-09 18:40:45,010 RX_ECHO ignored
2026-10-09 18:40:45,010 RX_ECHO ignored
2026-10-09 18:40:45,010 RX_ECHO ignored
2026-10-09 18:40:45,010 RX_ECHO ignored
2026-10-09 18:40:45,010 RX_ECHO ignored
2026-10-09 18:40:45,010 RX_ECHO ignored
2026-10-09 18:40:45,010 RX_ECHO ignored
2026-10-09 18:40:45,010 RX_ECHO ignored
2026-10-09 18:40:45,010 RX_ECHO ignored
2026-10-09 18:40:45,010 RX_ECHO ignored
2026-10-09 18:40:45,011 RX_ECHO ignored
2026-10-09 18:40:45,011 RX_ECHO ignored
2026-10-09 18:40:45,011 RX_ECHO ignored
2026-10-09 18:40:45,011 RX_ECHO ignored
2026-10-09 18:40:45,011 RX_ECHO ignored
2026-10-09 18:40:45,011 RX_ECHO ignored
2026-10-09 18:40:45,011 RX_ECHO ignored
2026-10-09 18:40:45,011 RX_ECHO ignored
2026-10-09 18:40:45,011 RX_ECHO ignored
2026-10-09 18:40:45,011 RX_ECHO ignored
2026-10-09 18:40:45,011 RX_ECHO ignored
2026-10-09 18:40:45,011 RX_ECHO ignored
2026-10-09 18:40:45,012 RX_ECHO ignored
2026-10-09 18:40:45,012 RX_ECHO ignored
2026-10-09 18:40:45,012 RX_ECHO ignored
2026-10-09 18:40:45,012 RX_ECHO ignored
2026-10-09 18:40:45,012 RX_ECHO ignored
2026-10-09 18:40:45,012 RX_ECHO ignored
2026-10-09 18:40:45,012 RX_ECHO ignored
2026-10-09 18:40:45,012 RX_ECHO ignored
2026-10-09 18:40:45,012 RX_ECHO ignored
2026-10-09 18:40:45,012 RX_ECHO ignored
2026-10-09 18:40:45,012 RX_ECHO ignored
2026-10-09 18:40:45,012 RX_ECHO ignored
2026-10-09 18:40:45,012 RX_ECHO ignored
2026-10-09 18:40:45,013 RX_ECHO ignored
2026-10-09 18:40:45,013 RX_ECHO ignored
2026-10-09 18:40:45,013 RX_ECHO ignored
2026-10-09 18:40:45,013 RX_ECHO ignored
2026-10-09 18:40:45,013 RX_ECHO ignored
2026-10-09 18:40:45,013 RX_ECHO ignored
2026-10-09 18:40:45,013 RX_ECHO ignored
2026-10-09 18:40:45,013 RX_ECHO ignored
2026-10-09 18:40:45,013 RX_ECHO ignored
2026-10-09 18:40:45,013 RX_ECHO ignored
2026-10-09 18:40:45,013 RX_ECHO ignored
2026-10-09 18:40:45,013 RX_ECHO ignored
2026-10-09 18:40:45,013 RX_ECHO ignored
2026-10-09 18:40:45,014 RX_ECHO ignored
2026-10-09 18:40:45,014 RX_ECHO ignored
2026-10-09 18:40:45,014 RX_ECHO ignored
2026-10-09 18:40:45,014 RX_ECHO ignored
2026-10-09 18:40:45,014 RX_ECHO ignored
2026-10-09 18:40:45,014 RX_ECHO ignored
2026-10-09 18:40:45,014 RX_ECHO ignored
2026-10-09 18:40:45,014 RX_ECHO ignored
2026-10-09 18:40:45,014 RX_ECHO ignored
2026-10-09 18:40:45,014 RX_ECHO ignored
2026-10-09 18:40:45,014 RX_ECHO ignored
2026-10-09 18:40:45,014 RX_ECHO ignored
2026-10-09 18:40:45,014 RX_ECHO ignored
2026-10-09 18:40:45,015 RX_ECHO ignored
2026-10-09 18:40:45,015 RX_ECHO ignored
2026-10-09 18:40:45,015 RX_ECHO ignored
2026-10-09 18:40:45,015 RX_ECHO ignored
2026-10-09 18:40:45,015 RX_ECHO ignored
2026-10-09 18:40:45,015 RX_ECHO ignored
2026-10-09 18:40:45,015 RX_ECHO ignored
2026-10-09 18:40:45,015 RX_ECHO ignored
2026-10-09 18:40:45,015 RX_ECHO ignored
2026-10-09 18:40:45,015 RX_ECHO ignored
2026-10-09 18:40:45,015 RX_ECHO ignored
2026-10-09 18:40:45,015 RX_ECHO ignored
2026-10-09 18:40:45,015 RX_ECHO ignored
2026-10-09 18:40:45,016 RX_ECHO ignored
2026-10-09 18:40:45,016 RX_ECHO ignored
2026-10-09 18:40:45,016 RX_ECHO ignored
2026-10-09 18:40:45,016 RX_ECHO ignored
2026-10-09 18:40:45,016 RX_ECHO ignored
2026-10-09 18:40:45,016 RX_ECHO ignored
2026-10-09 18:40:45,016 RX_ECHO ignored
2026-10-09 18:40:45,016 RX_ECHO ignored
2026-10-09 18:40:45,016 RX_ECHO ignored
2026-10-09 18:40:45,016 RX_ECHO ignored
2026-10-09 18:40:45,016 RX_ECHO ignored
2026-10-09 18:40:45,016 RX_ECHO ignored
2026-10-09 18:40:45,017 RX_ECHO ignored
2026-10-09 18:40:45,017 RX_ECHO ignored
2026-10-09 18:40:45,017 RX_ECHO ignored
2026-10-09 18:40:45,017 RX_ECHO ignored
2026-10-09 18:40:45,017 RX_ECHO ignored
2026-10-09 18:40:45,017 RX_ECHO ignored
2026-10-09 18:40:45,017 RX_ECHO ignored
2026-10-09 18:40:45,017 RX_ECHO ignored
2026-10-09 18:40:45,017 RX_ECHO ignored
2026-10-09 18:40:45,017 RX_ECHO ignored
2026-10-09 18:40:45,017 RX_ECHO ignored
2026-10-09 18:40:45,017 RX_ECHO ignored
2026-10-09 18:40:45,017 RX_ECHO ignored
2026-10-09 18:40:45,018 RX_ECHO ignored
2026-10-09 18:40:45,018 RX_ECHO ignored
2026-10-09 18:40:45,018 RX_ECHO ignored
2026-10-09 18:40:45,018 RX_ECHO ignored
2026-10-09 18:40:45,018 RX_ECHO ignored
2026-10-09 18:40:45,018 RX_ECHO ignored
2026-10-09 18:40:45,018 RX_ECHO ignored
2026-10-09 18:40:45,018 RX_ECHO ignored
2026-10-09 18:40:45,018 RX_ECHO ignored
2026-10-09 18:40:45,018 RX_ECHO ignored
2026-10-09 18:40:45,018 RX_ECHO ignored
2026-10-09 18:40:45,018 RX_ECHO ignored
2026-10-09 18:40:45,018 RX_ECHO ignored
2026-10-09 18:40:45,019 RX_ECHO ignored
2026-10-09 18:40:45,019 RX_ECHO ignored
2026-10-09 18:40:45,019 RX_ECHO ignored
2026-10-09 18:40:45,019 RX_ECHO ignored
2026-10-09 18:40:45,019 RX_ECHO ignored
2026-10-09 18:40:45,019 RX_ECHO ignored
2026-10-09 18:40:45,019 RX_ECHO ignored
2026-10-09 18:40:45,019 RX_ECHO ignored
2026-10-09 18:40:45,019 RX_ECHO ignored
2026-10-09 18:40:45,019 RX_ECHO ignored
2026-10-09 18:40:45,019 RX_ECHO ignored
2026-10-09 18:40:45,019 RX_ECHO ignored
2026-10-09 18:40:45,019 RX_ECHO ignored
2026-10-09 18:40:45,020 RX_ECHO ignored
2026-10-09 18:40:45,020 RX_ECHO ignored
2026-10-09 18:40:45,020 RX_ECHO ignored
2026-10-09 18:40:45,020 RX_ECHO ignored
2026-10-09 18:40:45,020 RX_ECHO ignored
2026-10-09 18:40:45,020 RX_ECHO ignored
2026-10-09 18:40:45,020 RX_ECHO ignored
2026-10-09 18:40:45,020 RX_ECHO ignored
2026-10-09 18:40:45,020 RX_ECHO ignored
2026-10-09 18:40:45,020 RX_ECHO ignored
2026-10-09 18:40:45,020 RX_ECHO ignored
2026-10-09 18:40:45,020 RX_ECHO ignored
2026-10-09 18:40:45,020 RX_ECHO ignored
2026-10-09 18:40:45,020 RX_ECHO ignored
2026-10-09 18:40:45,021 RX_ECHO ignored
2026-10-09 18:40:45,021 RX_ECHO ignored
2026-10-09 18:40:45,021 RX_ECHO ignored
2026-10-09 18:40:45,021 RX_ECHO ignored
2026-10-09 18:40:45,021 RX_ECHO ignored
2026-10-09 18:40:45,021 RX_ECHO ignored
2026-10-09 18:40:45,021 RX_ECHO ignored
2026-10-09 18:40:45,021 RX_ECHO ignored
2026-10-09 18:40:45,021 RX_ECHO ignored
2026-10-09 18:40:45,021 RX_ECHO ignored
2026-10-09 18:40:45,021 RX_ECHO ignored
2026-10-09 18:40:45,021 RX_ECHO ignored
2026-10-09 18:40:45,021 RX_ECHO ignored
2026-10-09 18:40:45,021 RX_ECHO ignored
2026-10-09 18:40:45,021 RX_ECHO ignored
2026-10-09 18:40:45,021 RX_ECHO ignored
2026-10-09 18:40:45,021 RX_ECHO ignored
2026-10-09 18:40:45,021 RX_ECHO ignored
2026-10-09 18:40:45,022 RX_ECHO ignored
2026-10-09 18:40:45,022 RX_ECHO ignored
2026-10-09 18:40:45,022 RX_ECHO ignored
2026-10-09 18:40:45,022 RX_ECHO ignored
2026-10-09 18:40:45,022 RX_ECHO ignored
2026-10-09 18:40:45,022 RX_ECHO ignored
2026-10-09 18:40:45,022 RX_ECHO ignored
2026-10-09 18:40:45,022 RX_ECHO ignored
2026-10-09 18:40:45,022 RX_ECHO ignored
2026-10-09 18:40:45,022 RX_ECHO ignored
2026-10-09 18:40:45,022 RX_ECHO ignored
2026-10-09 18:40:45,022 RX_ECHO ignored
2026-10-09 18:40:45,022 RX_ECHO ignored
2026-10-09 18:40:45,022 RX_ECHO ignored
2026-10-09 18:40:45,022 RX_ECHO ignored
2026-10-09 18:40:45,022 RX_ECHO ignored
2026-10-09 18:40:45,022 RX_ECHO ignored
2026-10-09 18:40:45,022 RX_ECHO ignored
2026-10-09 18:40:45,022 RX_ECHO ignored
2026-10-09 18:40:45,023 RX_ECHO ignored
2026-10-09 18:40:45,023 RX_ECHO ignored
2026-10-09 18:40:45,023 RX_ECHO ignored
2026-10-09 18:40:45,023 RX_ECHO ignored
2026-10-09 18:40:45,023 RX_ECHO ignored
2026-10-09 18:40:45,023 RX_ECHO ignored
2026-10-09 18:40:45,023 RX_ECHO ignored
2026-10-09 18:40:45,023 RX_ECHO ignored
2026-10-09 18:40:45,023 RX_ECHO ignored
2026-10-09 18:40:45,023 RX_ECHO ignored
2026-10-09 18:40:45,023 RX_ECHO ignored
2026-10-09 18:40:45,023 RX_ECHO ignored
2026-10-09 18:40:45,023 RX_ECHO ignored
2026-10-09 18:40:45,024 RX_ECHO ignored
2026-10-09 18:40:45,024 RX_ECHO ignored
2026-10-09 18:40:45,024 RX_ECHO ignored
2026-10-09 18:40:45,024 RX_ECHO ignored
2026-10-09 18:40:45,024 RX_ECHO ignored
2026-10-09 18:40:45,024 RX_ECHO ignored
2026-10-09 18:40:45,024 RX_ECHO ignored
2026-10-09 18:40:45,024 RX_ECHO ignored
2026-10-09 18:40:45,024 RX_ECHO ignored
2026-10-09 18:40:45,024 RX_ECHO ignored
2026-10-09 18:40:45,024 RX_ECHO ignored
2026-10-09 18:40:45,024 RX_ECHO ignored
2026-10-09 18:40:45,024 RX_ECHO ignored
2026-10-09 18:40:45,025 RX_ECHO ignored
2026-10-09 18:40:45,025 RX_ECHO ignored
2026-10-09 18:40:45,025 RX_ECHO ignored
2026-10-09 18:40:45,025 RX_ECHO ignored
2026-10-09 18:40:45,025 RX_ECHO ignored
2026-10-09 18:40:45,025 RX_ECHO ignored
2026-10-09 18:40:45,025 RX_ECHO ignored
2026-10-09 18:40:45,025 RX_ECHO ignored
2026-10-09 18:40:45,025 RX_ECHO ignored
2026-10-09 18:40:45,025 RX_ECHO ignored
2026-10-09 18:40:45,025 RX_ECHO ignored
2026-10-09 18:40:45,025 RX_ECHO ignored
2026-10-09 18:40:45,026 RX_ECHO ignored
2026-10-09 18:40:45,026 RX_ECHO ignored
2026-10-09 18:40:45,026 RX_ECHO ignored
2026-10-09 18:40:45,026 RX_ECHO ignored
2026-10-09 18:40:45,026 RX_ECHO ignored
2026-10-09 18:40:45,026 RX_ECHO ignored
2026-10-09 18:40:45,026 RX_ECHO ignored
2026-10-09 18:40:45,026 RX_ECHO ignored
2026-10-09 18:40:45,026 RX_ECHO ignored
2026-10-09 18:40:45,026 RX_ECHO ignored
2026-10-09 18:40:45,026 RX_ECHO ignored
2026-10-09 18:40:45,026 RX_ECHO ignored
2026-10-09 18:40:45,026 RX_ECHO ignored
2026-10-09 18:40:45,027 RX_ECHO ignored
2026-10-09 18:40:45,027 RX_ECHO ignored
2026-10-09 18:40:45,027 RX_ECHO ignored
2026-10-09 18:40:45,027 RX_ECHO ignored
2026-10-09 18:40:45,027 RX_ECHO ignored
2026-10-09 18:40:45,027 RX_ECHO ignored
2026-10-09 18:40:45,027 RX_ECHO ignored
2026-10-09 18:40:45,027 RX_ECHO ignored
2026-10-09 18:40:45,027 RX_ECHO ignored
2026-10-09 18:40:45,027 RX_ECHO ignored
2026-10-09 18:40:45,027 RX_ECHO ignored
2026-10-09 18:40:45,027 RX_ECHO ignored
2026-10-09 18:40:45,027 RX_ECHO ignored
2026-10-09 18:40:45,028 RX_ECHO ignored
2026-10-09 18:40:45,028 RX_ECHO ignored
2026-10-09 18:40:45,028 RX_ECHO ignored
2026-10-09 18:40:45,028 RX_ECHO ignored
2026-10-09 18:40:45,028 RX_ECHO ignored
2026-10-09 18:40:45,028 RX_ECHO ignored
2026-10-09 18:40:45,028 RX_ECHO ignored
2026-10-09 18:40:45,028 RX_ECHO ignored
2026-10-09 18:40:45,028 RX_ECHO ignored
2026-10-09 18:40:45,028 RX_ECHO ignored
2026-10-09 18:40:45,028 RX_ECHO ignored
2026-10-09 18:40:45,028 RX_ECHO ignored
2026-10-09 18:40:45,028 RX_ECHO ignored
2026-10-09 18:40:45,029 RX_ECHO ignored
2026-10-09 18:40:45,029 RX_ECHO ignored
2026-10-09 18:40:45,029 RX_ECHO ignored
2026-10-09 18:40:45,029 RX_ECHO ignored
2026-10-09 18:40:45,029 RX_ECHO ignored
2026-10-09 18:40:45,029 RX_ECHO ignored
2026-10-09 18:40:45,029 RX_ECHO ignored
2026-10-09 18:40:45,029 RX_ECHO ignored
2026-10-09 18:40:45,029 RX_ECHO ignored
2026-10-09 18:40:45,029 RX_ECHO ignored
2026-10-09 18:40:45,029 RX_ECHO ignored
2026-10-09 18:40:45,029 RX_ECHO ignored
2026-10-09 18:40:45,029 RX_ECHO ignored
2026-10-09 18:40:45,030 RX_ECHO ignored
2026-10-09 18:40:45,030 RX_ECHO ignored
2026-10-09 18:40:45,030 RX_ECHO ignored
2026-10-09 18:40:45,030 RX_ECHO ignored
2026-10-09 18:40:45,030 RX_ECHO ignored
2026-10-09 18:40:45,030 RX_ECHO ignored
2026-10-09 18:40:45,030 RX_ECHO ignored
2026-10-09 18:40:45,030 RX_ECHO ignored
2026-10-09 18:40:45,030 RX_ECHO ignored
2026-10-09 18:40:45,030 RX_ECHO ignored
2026-10-09 18:40:45,030 RX_ECHO ignored
2026-10-09 18:40:45,030 RX_ECHO ignored
2026-10-09 18:40:45,031 RX_ECHO ignored
2026-10-09 18:40:45,031 RX_ECHO ignored
2026-10-09 18:40:45,031 RX_ECHO ignored
2026-10-09 18:40:45,031 RX_ECHO ignored
2026-10-09 18:40:45,031 RX_ECHO ignored
2026-10-09 18:40:45,031 RX_ECHO ignored
2026-10-09 18:40:45,031 RX_ECHO ignored
2026-10-09 18:40:45,031 RX_ECHO ignored
2026-10-09 18:40:45,031 RX_ECHO ignored
2026-10-09 18:40:45,031 RX_ECHO ignored
2026-10-09 18:40:45,031 RX_ECHO ignored
2026-10-09 18:40:45,031 RX_ECHO ignored
2026-10-09 18:40:45,031 RX_ECHO ignored
2026-10-09 18:40:45,032 RX_ECHO ignored
2026-10-09 18:40:45,032 RX_ECHO ignored
2026-10-09 18:40:45,032 RX_ECHO ignored
2026-10-09 18:40:45,032 RX_ECHO ignored
2026-10-09 18:40:45,032 RX_ECHO ignored
2026-10-09 18:40:45,032 RX_ECHO ignored
2026-10-09 18:40:45,032 RX_ECHO ignored
2026-10-09 18:40:45,032 RX_ECHO ignored
2026-10-09 18:40:45,032 RX_ECHO ignored
2026-10-09 18:40:45,032 RX_ECHO ignored
2026-10-09 18:40:45,032 RX_ECHO ignored
2026-10-09 18:40:45,032 RX_ECHO ignored
2026-10-09 18:40:45,032 RX_ECHO ignored
2026-10-09 18:40:45,033 RX_ECHO ignored
2026-10-09 18:40:45,033 RX_ECHO ignored
2026-10-09 18:40:45,033 RX_ECHO ignored
2026-10-09 18:40:45,033 RX_ECHO ignored
2026-10-09 18:40:45,033 RX_ECHO ignored
2026-10-09 18:40:45,033 RX_ECHO ignored
2026-10-09 18:40:45,033 RX_ECHO ignored
2026-10-09 18:40:45,033 RX_ECHO ignored
2026-10-09 18:40:45,033 RX_ECHO ignored
2026-10-09 18:40:45,033 RX_ECHO ignored
2026-10-09 18:40:45,033 RX_ECHO ignored
2026-10-09 18:40:45,033 RX_ECHO ignored
2026-10-09 18:40:45,033 RX_ECHO ignored
2026-10-09 18:40:45,034 RX_ECHO ignored
2026-10-09 18:40:45,034 RX_ECHO ignored
2026-10-09 18:40:45,034 RX_ECHO ignored
2026-10-09 18:40:45,034 RX_ECHO ignored
2026-10-09 18:40:45,034 RX_ECHO ignored
2026-10-09 18:40:45,034 RX_ECHO ignored
2026-10-09 18:40:45,034 RX_ECHO ignored
2026-10-09 18:40:45,034 RX_ECHO ignored
2026-10-09 18:40:45,034 RX_ECHO ignored
2026-10-09 18:40:45,034 RX_ECHO ignored
2026-10-09 18:40:45,034 RX_ECHO ignored
2026-10-09 18:40:45,034 RX_ECHO ignored
2026-10-09 18:40:45,034 RX_ECHO ignored
2026-10-09 18:40:45,035 RX_ECHO ignored
2026-10-09 18:40:45,035 RX_ECHO ignored
2026-10-09 18:40:45,035 RX_ECHO ignored
2026-10-09 18:40:45,035 RX_ECHO ignored
2026-10-09 18:40:45,035 RX_ECHO ignored
2026-10-09 18:40:45,035 RX_ECHO ignored
2026-10-09 18:40:45,035 RX_ECHO ignored
2026-10-09 18:40:45,035 RX_ECHO ignored
2026-10-09 18:40:45,035 RX_ECHO ignored
2026-10-09 18:40:45,035 RX_ECHO ignored
2026-10-09 18:40:45,035 RX_ECHO ignored
2026-10-09 18:40:45,035 RX_ECHO ignored
2026-10-09 18:40:45,036 RX_ECHO ignored
2026-10-09 18:40:45,036 RX_ECHO ignored
2026-10-09 18:40:45,036 RX_ECHO ignored
2026-10-09 18:40:45,036 RX_ECHO ignored
2026-10-09 18:40:45,036 RX_ECHO ignored
2026-10-09 18:40:45,036 RX_ECHO ignored
2026-10-09 18:40:45,036 RX_ECHO ignored
2026-10-09 18:40:45,036 RX_ECHO ignored
2026-10-09 18:40:45,036 RX_ECHO ignored
2026-10-09 18:40:45,036 RX_ECHO ignored
2026-10-09 18:40:45,036 RX_ECHO ignored
2026-10-09 18:40:45,036 RX_ECHO ignored
2026-10-09 18:40:45,036 RX_ECHO ignored
2026-10-09 18:40:45,036 RX_ECHO ignored
2026-10-09 18:40:45,037 RX_ECHO ignored
2026-10-09 18:40:45,037 RX_ECHO ignored
2026-10-09 18:40:45,037 RX_ECHO ignored
2026-10-09 18:40:45,037 RX_ECHO ignored
2026-10-09 18:40:45,037 RX_ECHO ignored
2026-10-09 18:40:45,037 RX_ECHO ignored
2026-10-09 18:40:45,037 RX_ECHO ignored
2026-10-09 18:40:45,037 RX_ECHO ignored
2026-10-09 18:40:45,037 RX_ECHO ignored
2026-10-09 18:40:45,037 RX_ECHO ignored
2026-10-09 18:40:45,037 RX_ECHO ignored
2026-10-09 18:40:45,037 RX_ECHO ignored
2026-10-09 18:40:45,037 RX_ECHO ignored
2026-10-09 18:40:45,037 RX_ECHO ignored
2026-10-09 18:40:45,037 RX_ECHO ignored
2026-10-09 18:40:45,037 RX_ECHO ignored
2026-10-09 18:40:45,037 RX_ECHO ignored
2026-10-09 18:40:45,037 RX_ECHO ignored
2026-10-09 18:40:45,037 RX_ECHO ignored
2026-10-09 18:40:45,038 RX_ECHO ignored
2026-10-09 18:40:45,038 RX_ECHO ignored
2026-10-09 18:40:45,038 RX_ECHO ignored
2026-10-09 18:40:45,038 RX_ECHO ignored
2026-10-09 18:40:45,038 RX_ECHO ignored
2026-10-09 18:40:45,038 RX_ECHO ignored
2026-10-09 18:40:45,038 RX_ECHO ignored
2026-10-09 18:40:45,038 RX_ECHO ignored
2026-10-09 18:40:45,038 RX_ECHO ignored
2026-10-09 18:40:45,038 RX_ECHO ignored
2026-10-09 18:40:45,038 RX_ECHO ignored
2026-10-09 18:40:45,038 RX_ECHO ignored
2026-10-09 18:40:45,038 RX_ECHO ignored
2026-10-09 18:40:45,038 RX_ECHO ignored
2026-10-09 18:40:45,038 RX_ECHO ignored
2026-10-09 18:40:45,038 RX_ECHO ignored
2026-10-09 18:40:45,038 RX_ECHO ignored
2026-10-09 18:40:45,038 RX_ECHO ignored
2026-10-09 18:40:45,038 RX_ECHO ignored
2026-10-09 18:40:45,039 RX_ECHO ignored
2026-10-09 18:40:45,039 RX_ECHO ignored
2026-10-09 18:40:45,039 RX_ECHO ignored
2026-10-09 18:40:45,039 RX_ECHO ignored
2026-10-09 18:40:45,039 RX_ECHO ignored
2026-10-09 18:40:45,039 RX_ECHO ignored
2026-10-09 18:40:45,039 RX_ECHO ignored
2026-10-09 18:40:45,039 RX_ECHO ignored
2026-10-09 18:40:45,039 RX_ECHO ignored
2026-10-09 18:40:45,039 RX_ECHO ignored
2026-10-09 18:40:45,039 RX_ECHO ignored
2026-10-09 18:40:45,039 RX_ECHO ignored
2026-10-09 18:40:45,040 RX_ECHO ignored
2026-10-09 18:40:45,040 RX_ECHO ignored
2026-10-09 18:40:45,040 RX_ECHO ignored
2026-10-09 18:40:45,040 RX_ECHO ignored
2026-10-09 18:40:45,040 RX_ECHO ignored
2026-10-09 18:40:45,040 RX_ECHO ignored
2026-10-09 18:40:45,040 RX_ECHO ignored
2026-10-09 18:40:45,040 RX_ECHO ignored
2026-10-09 18:40:45,040 RX_ECHO ignored
2026-10-09 18:40:45,040 RX_ECHO ignored
2026-10-09 18:40:45,040 RX_ECHO ignored
2026-10-09 18:40:45,040 RX_ECHO ignored
2026-10-09 18:40:45,040 RX_ECHO ignored
2026-10-09 18:40:45,041 RX_ECHO ignored
2026-10-09 18:40:45,041 RX_ECHO ignored
2026-10-09 18:40:45,041 RX_ECHO ignored
2026-10-09 18:40:45,041 RX_ECHO ignored
2026-10-09 18:40:45,041 RX_ECHO ignored
2026-10-09 18:40:45,041 RX_ECHO ignored
2026-10-09 18:40:45,041 RX_ECHO ignored
2026-10-09 18:40:45,041 RX_ECHO ignored
2026-10-09 18:40:45,041 RX_ECHO ignored
2026-10-09 18:40:45,041 RX_ECHO ignored
2026-10-09 18:40:45,041 RX_ECHO ignored
2026-10-09 18:40:45,041 RX_ECHO ignored
2026-10-09 18:40:45,041 RX_ECHO ignored
2026-10-09 18:40:45,042 RX_ECHO ignored
2026-10-09 18:40:45,042 RX_ECHO ignored
2026-10-09 18:40:45,042 RX_ECHO ignored
2026-10-09 18:40:45,042 RX_ECHO ignored
2026-10-09 18:40:45,042 RX_ECHO ignored
2026-10-09 18:40:45,042 RX_ECHO ignored
2026-10-09 18:40:45,042 RX_ECHO ignored
2026-10-09 18:40:45,042 RX_ECHO ignored
2026-10-09 18:40:45,042 RX_ECHO ignored
2026-10-09 18:40:45,042 RX_ECHO ignored
2026-10-09 18:40:45,042 RX_ECHO ignored
2026-10-09 18:40:45,042 RX_ECHO ignored
2026-10-09 18:40:45,042 RX_ECHO ignored
2026-10-09 18:40:45,042 RX_ECHO ignored
2026-10-09 18:40:45,042 RX_ECHO ignored
2026-10-09 18:40:45,042 RX_ECHO ignored
2026-10-09 18:40:45,042 RX_ECHO ignored
2026-10-09 18:40:45,042 RX_ECHO ignored
2026-10-09 18:40:45,042 RX_ECHO ignored
2026-10-09 18:40:45,042 RX_ECHO ignored
2026-10-09 18:40:45,043 RX_ECHO ignored
2026-10-09 18:40:45,043 RX_ECHO ignored
2026-10-09 18:40:45,043 RX_ECHO ignored
2026-10-09 18:40:45,043 RX_ECHO ignored
2026-10-09 18:40:45,043 RX_ECHO ignored
2026-10-09 18:40:45,043 RX_ECHO ignored
2026-10-09 18:40:45,043 RX_ECHO ignored
2026-10-09 18:40:45,043 RX_ECHO ignored
2026-10-09 18:40:45,043 RX_ECHO ignored
2026-10-09 18:40:45,043 RX_ECHO ignored
2026-10-09 18:40:45,043 RX_ECHO ignored
2026-10-09 18:40:45,043 RX_ECHO ignored
2026-10-09 18:40:45,043 RX_ECHO ignored
2026-10-09 18:40:45,043 RX_ECHO ignored
2026-10-09 18:40:45,043 RX_ECHO ignored
2026-10-09 18:40:45,043 RX_ECHO ignored
2026-10-09 18:40:45,043 RX_ECHO ignored
2026-10-09 18:40:45,043 RX_ECHO ignored
2026-10-09 18:40:45,044 RX_ECHO ignored
2026-10-09 18:40:45,044 RX_ECHO ignored
2026-10-09 18:40:45,044 RX_ECHO ignored
2026-10-09 18:40:45,044 RX_ECHO ignored
2026-10-09 18:40:45,044 RX_ECHO ignored
2026-10-09 18:40:45,044 RX_ECHO ignored
2026-10-09 18:40:45,044 RX_ECHO ignored
2026-10-09 18:40:45,044 RX_ECHO ignored
2026-10-09 18:40:45,044 RX_ECHO ignored
2026-10-09 18:40:45,044 RX_ECHO ignored
2026-10-09 18:40:45,044 RX_ECHO ignored
2026-10-09 18:40:45,044 RX_ECHO ignored
2026-10-09 18:40:45,044 RX_ECHO ignored
2026-10-09 18:40:45,044 RX_ECHO ignored
2026-10-09 18:40:45,044 RX_ECHO ignored
2026-10-09 18:40:45,045 RX_ECHO ignored
2026-10-09 18:40:45,045 RX_ECHO ignored
2026-10-09 18:40:45,045 RX_ECHO ignored
2026-10-09 18:40:45,045 RX_ECHO ignored
2026-10-09 18:40:45,045 RX_ECHO ignored
2026-10-09 18:40:45,045 RX_ECHO ignored
2026-10-09 18:40:45,045 RX_ECHO ignored
2026-10-09 18:40:45,045 RX_ECHO ignored
2026-10-09 18:40:45,045 RX_ECHO ignored
2026-10-09 18:40:45,045 RX_ECHO ignored
2026-10-09 18:40:45,045 RX_ECHO ignored
2026-10-09 18:40:45,045 RX_ECHO ignored
2026-10-09 18:40:45,045 RX_ECHO ignored
2026-10-09 18:40:45,045 RX_ECHO ignored
2026-10-09 18:40:45,045 RX_ECHO ignored
2026-10-09 18:40:45,045 RX_ECHO ignored
2026-10-09 18:40:45,045 RX_ECHO ignored
2026-10-09 18:40:45,045 RX_ECHO ignored
2026-10-09 18:40:45,045 RX_ECHO ignored
2026-10-09 18:40:45,045 RX_ECHO ignored
2026-10-09 18:40:45,045 RX_ECHO ignored
2026-10-09 18:40:45,045 RX_ECHO ignored
2026-10-09 18:40:45,045 RX_ECHO ignored
2026-10-09 18:40:45,045 RX_ECHO ignored
2026-10-09 18:40:45,046 RX_ECHO ignored
2026-10-09 18:40:45,046 RX_ECHO ignored
2026-10-09 18:40:45,046 RX_ECHO ignored
2026-10-09 18:40:45,046 RX_ECHO ignored
2026-10-09 18:40:45,046 RX_ECHO ignored
2026-10-09 18:40:45,046 RX_ECHO ignored
2026-10-09 18:40:45,046 RX_ECHO ignored
2026-10-09 18:40:45,046 RX_ECHO ignored
2026-10-09 18:40:45,046 RX_ECHO ignored
2026-10-09 18:40:45,046 RX_ECHO ignored
2026-10-09 18:40:45,046 RX_ECHO ignored
2026-10-09 18:40:45,046 RX_ECHO ignored
2026-10-09 18:40:45,046 RX_ECHO ignored
2026-10-09 18:40:45,047 RX_ECHO ignored
2026-10-09 18:40:45,047 RX_ECHO ignored
2026-10-09 18:40:45,047 RX_ECHO ignored
2026-10-09 18:40:45,047 RX_ECHO ignored
2026-10-09 18:40:45,047 RX_ECHO ignored
2026-10-09 18:40:45,047 RX_ECHO ignored
2026-10-09 18:40:45,047 RX_ECHO ignored
2026-10-09 18:40:45,047 RX_ECHO ignored
2026-10-09 18:40:45,047 RX_ECHO ignored
2026-10-09 18:40:45,047 RX_ECHO ignored
2026-10-09 18:40:45,047 RX_ECHO ignored
2026-10-09 18:40:45,047 RX_ECHO ignored
2026-10-09 18:40:45,047 RX_ECHO ignored
2026-10-09 18:40:45,047 RX_ECHO ignored
2026-10-09 18:40:45,047 RX_ECHO ignored
2026-10-09 18:40:45,047 RX_ECHO ignored
2026-10-09 18:40:45,047 RX_ECHO ignored
2026-10-09 18:40:45,047 RX_ECHO ignored
2026-10-09 18:40:45,047 RX_ECHO ignored
2026-10-09 18:40:45,047 RX_ECHO ignored
2026-10-09 18:40:45,047 RX_ECHO ignored
2026-10-09 18:40:45,047 RX_ECHO ignored
2026-10-09 18:40:45,048 RX_ECHO ignored
2026-10-09 18:40:45,048 RX_ECHO ignored
2026-10-09 18:40:45,048 RX_ECHO ignored
2026-10-09 18:40:45,048 RX_ECHO ignored
2026-10-09 18:40:45,048 RX_ECHO ignored
2026-10-09 18:40:45,048 RX_ECHO ignored
2026-10-09 18:40:45,048 RX_ECHO ignored
2026-10-09 18:40:45,048 RX_ECHO ignored
2026-10-09 18:40:45,048 RX_ECHO ignored
2026-10-09 18:40:45,048 RX_ECHO ignored
2026-10-09 18:40:45,048 RX_ECHO ignored
2026-10-09 18:40:45,048 RX_ECHO ignored
2026-10-09 18:40:45,048 RX_ECHO ignored
2026-10-09 18:40:45,048 RX_ECHO ignored
2026-10-09 18:40:45,048 RX_ECHO ignored
2026-10-09 18:40:45,048 RX_ECHO ignored
2026-10-09 18:40:45,049 RX_ECHO ignored
2026-10-09 18:40:45,049 RX_ECHO ignored
2026-10-09 18:40:45,049 RX_ECHO ignored
2026-10-09 18:40:45,049 RX_ECHO ignored
2026-10-09 18:40:45,049 RX_ECHO ignored
2026-10-09 18:40:45,049 RX_ECHO ignored
2026-10-09 18:40:45,049 RX_ECHO ignored
2026-10-09 18:40:45,049 RX_ECHO ignored
2026-10-09 18:40:45,049 RX_ECHO ignored
2026-10-09 18:40:45,049 RX_ECHO ignored
2026-10-09 18:40:45,049 RX_ECHO ignored
2026-10-09 18:40:45,049 RX_ECHO ignored
2026-10-09 18:40:45,049 RX_ECHO ignored
2026-10-09 18:40:45,049 RX_ECHO ignored
2026-10-09 18:40:45,049 RX_ECHO ignored
2026-10-09 18:40:45,049 RX_ECHO ignored
2026-10-09 18:40:45,049 RX_ECHO ignored
2026-10-09 18:40:45,050 RX_ECHO ignored
2026-10-09 18:40:45,050 RX_ECHO ignored
2026-10-09 18:40:45,050 RX_ECHO ignored
2026-10-09 18:40:45,050 RX_ECHO ignored
2026-10-09 18:40:45,050 RX_ECHO ignored
2026-10-09 18:40:45,050 RX_ECHO ignored
2026-10-09 18:40:45,050 RX_ECHO ignored
2026-10-09 18:40:45,050 RX_ECHO ignored
2026-10-09 18:40:45,050 RX_ECHO ignored
2026-10-09 18:40:45,050 RX_ECHO ignored
2026-10-09 18:40:45,050 RX_ECHO ignored
2026-10-09 18:40:45,050 RX_ECHO ignored
2026-10-09 18:40:45,050 RX_ECHO ignored
2026-10-09 18:40:45,050 RX_ECHO ignored
2026-10-09 18:40:45,050 RX_ECHO ignored
2026-10-09 18:40:45,050 RX_ECHO ignored
2026-10-09 18:40:45,050 RX_ECHO ignored
2026-10-09 18:40:45,050 RX_ECHO ignored
2026-10-09 18:40:45,050 RX_ECHO ignored
2026-10-09 18:40:45,050 RX_ECHO ignored
2026-10-09 18:40:45,050 RX_ECHO ignored
2026-10-09 18:40:45,051 RX_ECHO ignored
2026-10-09 18:40:45,051 RX_ECHO ignored
2026-10-09 18:40:45,051 RX_ECHO ignored
2026-10-09 18:40:45,051 RX_ECHO ignored
2026-10-09 18:40:45,051 RX_ECHO ignored
2026-10-09 18:40:45,051 RX_ECHO ignored
2026-10-09 18:40:45,051 RX_ECHO ignored
2026-10-09 18:40:45,051 RX_ECHO ignored
2026-10-09 18:40:45,051 RX_ECHO ignored
2026-10-09 18:40:45,051 RX_ECHO ignored
2026-10-09 18:40:45,051 RX_ECHO ignored
2026-10-09 18:40:45,051 RX_ECHO ignored
2026-10-09 18:40:45,051 RX_ECHO ignored
2026-10-09 18:40:45,052 RX_ECHO ignored
2026-10-09 18:40:45,052 RX_ECHO ignored
2026-10-09 18:40:45,052 RX_ECHO ignored
2026-10-09 18:40:45,052 RX_ECHO ignored
2026-10-09 18:40:45,052 RX_ECHO ignored
2026-10-09 18:40:45,052 RX_ECHO ignored
2026-10-09 18:40:45,052 RX_ECHO ignored
2026-10-09 18:40:45,052 RX_ECHO ignored
2026-10-09 18:40:45,052 RX_ECHO ignored
2026-10-09 18:40:45,052 RX_ECHO ignored
2026-10-09 18:40:45,052 RX_ECHO ignored
2026-10-09 18:40:45,052 RX_ECHO ignored
2026-10-09 18:40:45,052 RX_ECHO ignored
2026-10-09 18:40:45,052 RX_ECHO ignored
2026-10-09 18:40:45,052 RX_ECHO ignored
2026-10-09 18:40:45,052 RX_ECHO ignored
2026-10-09 18:40:45,052 RX_ECHO ignored
2026-10-09 18:40:45,052 RX_ECHO ignored
2026-10-09 18:40:45,052 RX_ECHO ignored
2026-10-09 18:40:45,053 RX_ECHO ignored
2026-10-09 18:40:45,053 RX_ECHO ignored
2026-10-09 18:40:45,053 RX_ECHO ignored
2026-10-09 18:40:45,053 RX_ECHO ignored
2026-10-09 18:40:45,053 RX_ECHO ignored
2026-10-09 18:40:45,053 RX_ECHO ignored
2026-10-09 18:40:45,053 RX_ECHO ignored
2026-10-09 18:40:45,053 RX_ECHO ignored
2026-10-09 18:40:45,053 RX_ECHO ignored
2026-10-09 18:40:45,053 RX_ECHO ignored
2026-10-09 18:40:45,053 RX_ECHO ignored
2026-10-09 18:40:45,053 RX_ECHO ignored
2026-10-09 18:40:45,053 RX_ECHO ignored
2026-10-09 18:40:45,053 RX_ECHO ignored
2026-10-09 18:40:45,053 RX_ECHO ignored
2026-10-09 18:40:45,053 RX_ECHO ignored
2026-10-09 18:40:45,053 RX_ECHO ignored
2026-10-09 18:40:45,053 RX_ECHO ignored
2026-10-09 18:40:45,053 RX_ECHO ignored
2026-10-09 18:40:45,054 RX_ECHO ignored
2026-10-09 18:40:45,054 RX_ECHO ignored
2026-10-09 18:40:45,054 RX_ECHO ignored
2026-10-09 18:40:45,054 RX_ECHO ignored
2026-10-09 18:40:45,054 RX_ECHO ignored
2026-10-09 18:40:45,054 RX_ECHO ignored
2026-10-09 18:40:45,054 RX_ECHO ignored
2026-10-09 18:40:45,054 RX_ECHO ignored
2026-10-09 18:40:45,054 RX_ECHO ignored
2026-10-09 18:40:45,054 RX_ECHO ignored
2026-10-09 18:40:45,054 RX_ECHO ignored
2026-10-09 18:40:45,054 RX_ECHO ignored
2026-10-09 18:40:45,054 RX_ECHO ignored
2026-10-09 18:40:45,054 RX_ECHO ignored
2026-10-09 18:40:45,054 RX_ECHO ignored
2026-10-09 18:40:45,055 RX_ECHO ignored
2026-10-09 18:40:45,055 RX_ECHO ignored
2026-10-09 18:40:45,055 RX_ECHO ignored
2026-10-09 18:40:45,055 RX_ECHO ignored
2026-10-09 18:40:45,055 RX_ECHO ignored
2026-10-09 18:40:45,055 RX_ECHO ignored
2026-10-09 18:40:45,055 RX_ECHO ignored
2026-10-09 18:40:45,055 RX_ECHO ignored
2026-10-09 18:40:45,055 RX_ECHO ignored
2026-10-09 18:40:45,055 RX_ECHO ignored
2026-10-09 18:40:45,055 RX_ECHO ignored
2026-10-09 18:40:45,055 RX_ECHO ignored
2026-10-09 18:40:45,055 RX_ECHO ignored
2026-10-09 18:40:45,055 RX_ECHO ignored
2026-10-09 18:40:45,055 RX_ECHO ignored
2026-10-09 18:40:45,055 RX_ECHO ignored
2026-10-09 18:40:45,055 RX_ECHO ignored
2026-10-09 18:40:45,055 RX_ECHO ignored
2026-10-09 18:40:45,055 RX_ECHO ignored
2026-10-09 18:40:45,055 RX_ECHO ignored
2026-10-09 18:40:45,055 RX_ECHO ignored
2026-10-09 18:40:45,055 RX_ECHO ignored
2026-10-09 18:40:45,055 RX_ECHO ignored
2026-10-09 18:40:45,055 RX_ECHO ignored
2026-10-09 18:40:45,056 RX_ECHO ignored
2026-10-09 18:40:45,056 RX_ECHO ignored
2026-10-09 18:40:45,056 RX_ECHO ignored
2026-10-09 18:40:45,056 RX_ECHO ignored
2026-10-09 18:40:45,056 RX_ECHO ignored
2026-10-09 18:40:45,056 RX_ECHO ignored
2026-10-09 18:40:45,056 RX_ECHO ignored
2026-10-09 18:40:45,056 RX_ECHO ignored
2026-10-09 18:40:45,056 RX_ECHO ignored
2026-10-09 18:40:45,056 RX_ECHO ignored
2026-10-09 18:40:45,056 RX_ECHO ignored
2026-10-09 18:40:45,056 RX_ECHO ignored
2026-10-09 18:40:45,056 RX_ECHO ignored
2026-10-09 18:40:45,057 RX_ECHO ignored
2026-10-09 18:40:45,057 RX_ECHO ignored
2026-10-09 18:40:45,057 RX_ECHO ignored
2026-10-09 18:40:45,057 RX_ECHO ignored
2026-10-09 18:40:45,057 RX_ECHO ignored
2026-10-09 18:40:45,057 RX_ECHO ignored
2026-10-09 18:40:45,057 RX_ECHO ignored
2026-10-09 18:40:45,057 RX_ECHO ignored
2026-10-09 18:40:45,057 RX_ECHO ignored
2026-10-09 18:40:45,057 RX_ECHO ignored
2026-10-09 18:40:45,057 RX_ECHO ignored
2026-10-09 18:40:45,057 RX_ECHO ignored
2026-10-09 18:40:45,057 RX_ECHO ignored
2026-10-09 18:40:45,057 RX_ECHO ignored
2026-10-09 18:40:45,057 RX_ECHO ignored
2026-10-09 18:40:45,057 RX_ECHO ignored
2026-10-09 18:40:45,057 RX_ECHO ignored
2026-10-09 18:40:45,057 RX_ECHO ignored
2026-10-09 18:40:45,057 RX_ECHO ignored
2026-10-09 18:40:45,057 RX_ECHO ignored
2026-10-09 18:40:45,057 RX_ECHO ignored
2026-10-09 18:40:45,057 RX_ECHO ignored
2026-10-09 18:40:45,058 RX_ECHO ignored
2026-10-09 18:40:45,058 RX_ECHO ignored
2026-10-09 18:40:45,058 RX_ECHO ignored
2026-10-09 18:40:45,058 RX_ECHO ignored
2026-10-09 18:40:45,058 RX_ECHO ignored
2026-10-09 18:40:45,058 RX_ECHO ignored
2026-10-09 18:40:45,058 RX_ECHO ignored
2026-10-09 18:40:45,058 RX_ECHO ignored
2026-10-09 18:40:45,058 RX_ECHO ignored
2026-10-09 18:40:45,058 RX_ECHO ignored
2026-10-09 18:40:45,058 RX_ECHO ignored
2026-10-09 18:40:45,058 RX_ECHO ignored
2026-10-09 18:40:45,058 RX_ECHO ignored
2026-10-09 18:40:45,058 RX_ECHO ignored
2026-10-09 18:40:45,058 RX_ECHO ignored
2026-10-09 18:40:45,058 RX_ECHO ignored
2026-10-09 18:40:45,059 RX_ECHO ignored
2026-10-09 18:40:45,059 RX_ECHO ignored
2026-10-09 18:40:45,059 RX_ECHO ignored
2026-10-09 18:40:45,059 RX_ECHO ignored
2026-10-09 18:40:45,059 RX_ECHO ignored
2026-10-09 18:40:45,059 RX_ECHO ignored
2026-10-09 18:40:45,059 RX_ECHO ignored
2026-10-09 18:40:45,059 RX_ECHO ignored
2026-10-09 18:40:45,059 RX_ECHO ignored
2026-10-09 18:40:45,059 RX_ECHO ignored
2026-10-09 18:40:45,059 RX_ECHO ignored
2026-10-09 18:40:45,059 RX_ECHO ignored
2026-10-09 18:40:45,059 RX_ECHO ignored
2026-10-09 18:40:45,060 RX_ECHO ignored
2026-10-09 18:40:45,060 RX_ECHO ignored
2026-10-09 18:40:45,060 RX_ECHO ignored
2026-10-09 18:40:45,060 RX_ECHO ignored
2026-10-09 18:40:45,060 RX_ECHO ignored
2026-10-09 18:40:45,060 RX_ECHO ignored
2026-10-09 18:40:45,060 RX_ECHO ignored
2026-10-09 18:40:45,060 RX_ECHO ignored
2026-10-09 18:40:45,060 RX_ECHO ignored
2026-10-09 18:40:45,060 RX_ECHO ignored
2026-10-09 18:40:45,060 RX_ECHO ignored
2026-10-09 18:40:45,060 RX_ECHO ignored
2026-10-09 18:40:45,060 RX_ECHO ignored
2026-10-09 18:40:45,060 RX_ECHO ignored
2026-10-09 18:40:45,060 RX_ECHO ignored
2026-10-09 18:40:45,060 RX_ECHO ignored
2026-10-09 18:40:45,060 RX_ECHO ignored
2026-10-09 18:40:45,060 RX_ECHO ignored
2026-10-09 18:40:45,060 RX_ECHO ignored
2026-10-09 18:40:45,060 RX_ECHO ignored
2026-10-09 18:40:45,060 RX_ECHO ignored
2026-10-09 18:40:45,060 RX_ECHO ignored
2026-10-09 18:40:45,060 RX_ECHO ignored
2026-10-09 18:40:45,060 RX_ECHO ignored
2026-10-09 18:40:45,060 RX_ECHO ignored
2026-10-09 18:40:45,060 RX_ECHO ignored
2026-10-09 18:40:45,061 RX_ECHO ignored
2026-10-09 18:40:45,061 RX_ECHO ignored
2026-10-09 18:40:45,061 RX_ECHO ignored
2026-10-09 18:40:45,061 RX_ECHO ignored
2026-10-09 18:40:45,061 RX_ECHO ignored
2026-10-09 18:40:45,061 RX_ECHO ignored
2026-10-09 18:40:45,061 RX_ECHO ignored
2026-10-09 18:40:45,061 RX_ECHO ignored
2026-10-09 18:40:45,061 RX_ECHO ignored
2026-10-09 18:40:45,061 RX_ECHO ignored
2026-10-09 18:40:45,061 RX_ECHO ignored
2026-10-09 18:40:45,061 RX_ECHO ignored
2026-10-09 18:40:45,062 RX_ECHO ignored
2026-10-09 18:40:45,062 RX_ECHO ignored
2026-10-09 18:40:45,062 RX_ECHO ignored
2026-10-09 18:40:45,062 RX_ECHO ignored
2026-10-09 18:40:45,062 RX_ECHO ignored
2026-10-09 18:40:45,062 RX_ECHO ignored
2026-10-09 18:40:45,062 RX_ECHO ignored
2026-10-09 18:40:45,062 RX_ECHO ignored
2026-10-09 18:40:45,062 RX_ECHO ignored
2026-10-09 18:40:45,062 RX_ECHO ignored
2026-10-09 18:40:45,062 RX_ECHO ignored
2026-10-09 18:40:45,062 RX_ECHO ignored
2026-10-09 18:40:45,062 RX_ECHO ignored
2026-10-09 18:40:45,062 RX_ECHO ignored
2026-10-09 18:40:45,062 RX_ECHO ignored
2026-10-09 18:40:45,062 RX_ECHO ignored
2026-10-09 18:40:45,062 RX_ECHO ignored
2026-10-09 18:40:45,062 RX_ECHO ignored
2026-10-09 18:40:45,062 RX_ECHO ignored
2026-10-09 18:40:45,062 RX_ECHO ignored
2026-10-09 18:40:45,062 RX_ECHO ignored
2026-10-09 18:40:45,062 RX_ECHO ignored
2026-10-09 18:40:45,062 RX_ECHO ignored
2026-10-09 18:40:45,063 RX_ECHO ignored
2026-10-09 18:40:45,063 RX_ECHO ignored
2026-10-09 18:40:45,063 RX_ECHO ignored
2026-10-09 18:40:45,063 RX_ECHO ignored
2026-10-09 18:40:45,063 RX_ECHO ignored
2026-10-09 18:40:45,063 RX_ECHO ignored
2026-10-09 18:40:45,063 RX_ECHO ignored
2026-10-09 18:40:45,063 RX_ECHO ignored
2026-10-09 18:40:45,063 RX_ECHO ignored
2026-10-09 18:40:45,063 RX_ECHO ignored
2026-10-09 18:40:45,063 RX_ECHO ignored
2026-10-09 18:40:45,063 RX_ECHO ignored
2026-10-09 18:40:45,063 RX_ECHO ignored
2026-10-09 18:40:45,063 RX_ECHO ignored
2026-10-09 18:40:45,063 RX_ECHO ignored
2026-10-09 18:40:45,063 RX_ECHO ignored
2026-10-09 18:40:45,064 RX_ECHO ignored
2026-10-09 18:40:45,064 RX_ECHO ignored
2026-10-09 18:40:45,064 RX_ECHO ignored
2026-10-09 18:40:45,064 RX_ECHO ignored
2026-10-09 18:40:45,064 RX_ECHO ignored
2026-10-09 18:40:45,064 RX_ECHO ignored
2026-10-09 18:40:45,064 RX_ECHO ignored
2026-10-09 18:40:45,064 RX_ECHO ignored
2026-10-09 18:40:45,064 RX_ECHO ignored
2026-10-09 18:40:45,064 RX_ECHO ignored
2026-10-09 18:40:45,064 RX_ECHO ignored
2026-10-09 18:40:45,064 RX_ECHO ignored
2026-10-09 18:40:45,064 RX_ECHO ignored
2026-10-09 18:40:45,064 RX_ECHO ignored
2026-10-09 18:40:45,064 RX_ECHO ignored
2026-10-09 18:40:45,064 RX_ECHO ignored
2026-10-09 18:40:45,064 RX_ECHO ignored
2026-10-09 18:40:45,064 RX_ECHO ignored
2026-10-09 18:40:45,064 RX_ECHO ignored
2026-10-09 18:40:45,064 RX_ECHO ignored
2026-10-09 18:40:45,064 RX_ECHO ignored
2026-10-09 18:40:45,064 RX_ECHO ignored
2026-10-09 18:40:45,064 RX_ECHO ignored
2026-10-09 18:40:45,065 RX_ECHO ignored
2026-10-09 18:40:45,065 RX_ECHO ignored
2026-10-09 18:40:45,065 RX_ECHO ignored
2026-10-09 18:40:45,065 RX_ECHO ignored
2026-10-09 18:40:45,065 RX_ECHO ignored
2026-10-09 18:40:45,065 RX_ECHO ignored
2026-10-09 18:40:45,065 RX_ECHO ignored
2026-10-09 18:40:45,065 RX_ECHO ignored
2026-10-09 18:40:45,065 RX_ECHO ignored
2026-10-09 18:40:45,065 RX_ECHO ignored
2026-10-09 18:40:45,065 RX_ECHO ignored
2026-10-09 18:40:45,065 RX_ECHO ignored
2026-10-09 18:40:45,065 RX_ECHO ignored
2026-10-09 18:40:45,065 RX_ECHO ignored
2026-10-09 18:40:45,065 RX_ECHO ignored
2026-10-09 18:40:45,066 RX_ECHO ignored
2026-10-09 18:40:45,066 RX_ECHO ignored
2026-10-09 18:40:45,066 RX_ECHO ignored
2026-10-09 18:40:45,066 RX_ECHO ignored
2026-10-09 18:40:45,066 RX_ECHO ignored
2026-10-09 18:40:45,066 RX_ECHO ignored
2026-10-09 18:40:45,066 RX_ECHO ignored
2026-10-09 18:40:45,066 RX_ECHO ignored
2026-10-09 18:40:45,066 RX_ECHO ignored
2026-10-09 18:40:45,066 RX_ECHO ignored
2026-10-09 18:40:45,066 RX_ECHO ignored
2026-10-09 18:40:45,066 RX_ECHO ignored
2026-10-09 18:40:45,066 RX_ECHO ignored
2026-10-09 18:40:45,067 RX_ECHO ignored
2026-10-09 18:40:45,067 RX_ECHO ignored
2026-10-09 18:40:45,067 RX_ECHO ignored
2026-10-09 18:40:45,067 RX_ECHO ignored
2026-10-09 18:40:45,067 RX_ECHO ignored
2026-10-09 18:40:45,067 RX_ECHO ignored
2026-10-09 18:40:45,067 RX_ECHO ignored
2026-10-09 18:40:45,067 RX_ECHO ignored
2026-10-09 18:40:45,067 RX_ECHO ignored
2026-10-09 18:40:45,067 RX_ECHO ignored
2026-10-09 18:40:45,067 RX_ECHO ignored
2026-10-09 18:40:45,067 RX_ECHO ignored
2026-10-09 18:40:45,067 RX_ECHO ignored
2026-10-09 18:40:45,067 RX_ECHO ignored
2026-10-09 18:40:45,067 RX_ECHO ignored
2026-10-09 18:40:45,067 RX_ECHO ignored
2026-10-09 18:40:45,067 RX_ECHO ignored
2026-10-09 18:40:45,067 RX_ECHO ignored
2026-10-09 18:40:45,067 RX_ECHO ignored
2026-10-09 18:40:45,067 RX_ECHO ignored
2026-10-09 18:40:45,067 RX_ECHO ignored
2026-10-09 18:40:45,067 RX_ECHO ignored
2026-10-09 18:40:45,067 RX_ECHO ignored
2026-10-09 18:40:45,067 RX_ECHO ignored
2026-10-09 18:40:45,068 RX_ECHO ignored
2026-10-09 18:40:45,068 RX_ECHO ignored
2026-10-09 18:40:45,068 RX_ECHO ignored
2026-10-09 18:40:45,068 RX_ECHO ignored
2026-10-09 18:40:45,068 RX_ECHO ignored
2026-10-09 18:40:45,068 RX_ECHO ignored
2026-10-09 18:40:45,068 RX_ECHO ignored
2026-10-09 18:40:45,068 RX_ECHO ignored
2026-10-09 18:40:45,068 RX_ECHO ignored
2026-10-09 18:40:45,068 RX_ECHO ignored
2026-10-09 18:40:45,068 RX_ECHO ignored
2026-10-09 18:40:45,068 RX_ECHO ignored
2026-10-09 18:40:45,068 RX_ECHO ignored
2026-10-09 18:40:45,068 RX_ECHO ignored
2026-10-09 18:40:45,069 RX_ECHO ignored
2026-10-09 18:40:45,069 RX_ECHO ignored
2026-10-09 18:40:45,069 RX_ECHO ignored
2026-10-09 18:40:45,069 RX_ECHO ignored
2026-10-09 18:40:45,069 RX_ECHO ignored
2026-10-09 18:40:45,069 RX_ECHO ignored
2026-10-09 18:40:45,069 RX_ECHO ignored
2026-10-09 18:40:45,069 RX_ECHO ignored
2026-10-09 18:40:45,069 RX_ECHO ignored
2026-10-09 18:40:45,069 RX_ECHO ignored
2026-10-09 18:40:45,069 RX_ECHO ignored
2026-10-09 18:40:45,069 RX_ECHO ignored
2026-10-09 18:40:45,069 RX_ECHO ignored
2026-10-09 18:40:45,069 RX_ECHO ignored
2026-10-09 18:40:45,069 RX_ECHO ignored
2026-10-09 18:40:45,069 RX_ECHO ignored
2026-10-09 18:40:45,069 RX_ECHO ignored
2026-10-09 18:40:45,069 RX_ECHO ignored
2026-10-09 18:40:45,070 RX_ECHO ignored
2026-10-09 18:40:45,070 RX_ECHO ignored
2026-10-09 18:40:45,070 RX_ECHO ignored
2026-10-09 18:40:45,070 RX_ECHO ignored
2026-10-09 18:40:45,070 RX_ECHO ignored
2026-10-09 18:40:45,070 RX_ECHO ignored
2026-10-09 18:40:45,070 RX_ECHO ignored
2026-10-09 18:40:45,070 RX_ECHO ignored
2026-10-09 18:40:45,070 RX_ECHO ignored
2026-10-09 18:40:45,070 RX_ECHO ignored
2026-10-09 18:40:45,070 RX_ECHO ignored
2026-10-09 18:40:45,070 RX_ECHO ignored
2026-10-09 18:40:45,070 RX_ECHO ignored
2026-10-09 18:40:45,070 RX_ECHO ignored
2026-10-09 18:40:45,070 RX_ECHO ignored
2026-10-09 18:40:45,070 RX_ECHO ignored
2026-10-09 18:40:45,071 RX_ECHO ignored
2026-10-09 18:40:45,071 RX_ECHO ignored
2026-10-09 18:40:45,071 RX_ECHO ignored
2026-10-09 18:40:45,071 RX_ECHO ignored
2026-10-09 18:40:45,071 RX_ECHO ignored
2026-10-09 18:40:45,071 RX_ECHO ignored
2026-10-09 18:40:45,071 RX_ECHO ignored
2026-10-09 18:40:45,071 RX_ECHO ignored
2026-10-09 18:40:45,071 RX_ECHO ignored
2026-10-09 18:40:45,071 RX_ECHO ignored
2026-10-09 18:40:45,071 RX_ECHO ignored
2026-10-09 18:40:45,071 RX_ECHO ignored
2026-10-09 18:40:45,071 RX_ECHO ignored
2026-10-09 18:40:45,071 RX_ECHO ignored
2026-10-09 18:40:45,071 RX_ECHO ignored
2026-10-09 18:40:45,071 RX_ECHO ignored
2026-10-09 18:40:45,071 RX_ECHO ignored
2026-10-09 18:40:45,071 RX_ECHO ignored
2026-10-09 18:40:45,072 RX_ECHO ignored
2026-10-09 18:40:45,072 RX_ECHO ignored
2026-10-09 18:40:45,072 RX_ECHO ignored
2026-10-09 18:40:45,072 RX_ECHO ignored
2026-10-09 18:40:45,072 RX_ECHO ignored
2026-10-09 18:40:45,072 RX_ECHO ignored
2026-10-09 18:40:45,072 RX_ECHO ignored
2026-10-09 18:40:45,072 RX_ECHO ignored
2026-10-09 18:40:45,072 RX_ECHO ignored
2026-10-09 18:40:45,072 RX_ECHO ignored
2026-10-09 18:40:45,072 RX_ECHO ignored
2026-10-09 18:40:45,072 RX_ECHO ignored
2026-10-09 18:40:45,072 RX_ECHO ignored
2026-10-09 18:40:45,072 RX_ECHO ignored
2026-10-09 18:40:45,072 RX_ECHO ignored
2026-10-09 18:40:45,072 RX_ECHO ignored
2026-10-09 18:40:45,072 RX_ECHO ignored
2026-10-09 18:40:45,072 RX_ECHO ignored
2026-10-09 18:40:45,072 RX_ECHO ignored
2026-10-09 18:40:45,072 RX_ECHO ignored
2026-10-09 18:40:45,072 RX_ECHO ignored
2026-10-09 18:40:45,072 RX_ECHO ignored
2026-10-09 18:40:45,072 RX_ECHO ignored
2026-10-09 18:40:45,072 RX_ECHO ignored
2026-10-09 18:40:45,072 RX_ECHO ignored
2026-10-09 18:40:45,073 RX_ECHO ignored
2026-10-09 18:40:45,073 RX_ECHO ignored
2026-10-09 18:40:45,073 RX_ECHO ignored
2026-10-09 18:40:45,073 RX_ECHO ignored
2026-10-09 18:40:45,073 RX_ECHO ignored
2026-10-09 18:40:45,073 RX_ECHO ignored
2026-10-09 18:40:45,073 RX_ECHO ignored
2026-10-09 18:40:45,073 RX_ECHO ignored
2026-10-09 18:40:45,073 RX_ECHO ignored
2026-10-09 18:40:45,073 RX_ECHO ignored
2026-10-09 18:40:45,073 RX_ECHO ignored
2026-10-09 18:40:45,073 RX_ECHO ignored
2026-10-09 18:40:45,073 RX_ECHO ignored
2026-10-09 18:40:45,074 RX_ECHO ignored
2026-10-09 18:40:45,074 RX_ECHO ignored
2026-10-09 18:40:45,074 RX_ECHO ignored
2026-10-09 18:40:45,074 RX_ECHO ignored
2026-10-09 18:40:45,074 RX_ECHO ignored
2026-10-09 18:40:45,074 RX_ECHO ignored
2026-10-09 18:40:45,074 RX_ECHO ignored
2026-10-09 18:40:45,074 RX_ECHO ignored
2026-10-09 18:40:45,074 RX_ECHO ignored
2026-10-09 18:40:45,074 RX_ECHO ignored
2026-10-09 18:40:45,074 RX_ECHO ignored
2026-10-09 18:40:45,074 RX_ECHO ignored
2026-10-09 18:40:45,074 RX_ECHO ignored
2026-10-09 18:40:45,074 RX_ECHO ignored
2026-10-09 18:40:45,074 RX_ECHO ignored
2026-10-09 18:40:45,074 RX_ECHO ignored
2026-10-09 18:40:45,074 RX_ECHO ignored
2026-10-09 18:40:45,074 RX_ECHO ignored
2026-10-09 18:40:45,074 RX_ECHO ignored
2026-10-09 18:40:45,074 RX_ECHO ignored
2026-10-09 18:40:45,074 RX_ECHO ignored
2026-10-09 18:40:45,074 RX_ECHO ignored
2026-10-09 18:40:45,074 RX_ECHO ignored
2026-10-09 18:40:45,074 RX_ECHO ignored
2026-10-09 18:40:45,074 RX_ECHO ignored
2026-10-09 18:40:45,074 RX_ECHO ignored
2026-10-09 18:40:45,075 RX_ECHO ignored
2026-10-09 18:40:45,075 RX_ECHO ignored
2026-10-09 18:40:45,075 RX_ECHO ignored
2026-10-09 18:40:45,075 RX_ECHO ignored
2026-10-09 18:40:45,075 RX_ECHO ignored
2026-10-09 18:40:45,075 RX_ECHO ignored
2026-10-09 18:40:45,075 RX_ECHO ignored
2026-10-09 18:40:45,075 RX_ECHO ignored
2026-10-09 18:40:45,075 RX_ECHO ignored
2026-10-09 18:40:45,075 RX_ECHO ignored
2026-10-09 18:40:45,075 RX_ECHO ignored
2026-10-09 18:40:45,075 RX_ECHO ignored
2026-10-09 18:40:45,076 RX_ECHO ignored
2026-10-09 18:40:45,076 RX_ECHO ignored
2026-10-09 18:40:45,076 RX_ECHO ignored
2026-10-09 18:40:45,076 RX_ECHO ignored
2026-10-09 18:40:45,076 RX_ECHO ignored
2026-10-09 18:40:45,076 RX_ECHO ignored
2026-10-09 18:40:45,076 RX_ECHO ignored
2026-10-09 18:40:45,076 RX_ECHO ignored
2026-10-09 18:40:45,076 RX_ECHO ignored
2026-10-09 18:40:45,076 RX_ECHO ignored
2026-10-09 18:40:45,076 RX_ECHO ignored
2026-10-09 18:40:45,076 RX_ECHO ignored
2026-10-09 18:40:45,076 RX_ECHO ignored
2026-10-09 18:40:45,077 RX_ECHO ignored
2026-10-09 18:40:45,077 RX_ECHO ignored
2026-10-09 18:40:45,077 RX_ECHO ignored
2026-10-09 18:40:45,077 RX_ECHO ignored
2026-10-09 18:40:45,077 RX_ECHO ignored
2026-10-09 18:40:45,077 RX_ECHO ignored
2026-10-09 18:40:45,077 RX_ECHO ignored
2026-10-09 18:40:45,077 RX_ECHO ignored
2026-10-09 18:40:45,077 RX_ECHO ignored
2026-10-09 18:40:45,077 RX_ECHO ignored
2026-10-09 18:40:45,077 RX_ECHO ignored
2026-10-09 18:40:45,077 RX_ECHO ignored
2026-10-09 18:40:45,077 RX_ECHO ignored
2026-10-09 18:40:45,077 RX_ECHO ignored
2026-10-09 18:40:45,077 RX_ECHO ignored
2026-10-09 18:40:45,077 RX_ECHO ignored
2026-10-09 18:40:45,077 RX_ECHO ignored
2026-10-09 18:40:45,077 RX_ECHO ignored
2026-10-09 18:40:45,077 RX_ECHO ignored
2026-10-09 18:40:45,078 RX_ECHO ignored
2026-10-09 18:40:45,078 RX_ECHO ignored
2026-10-09 18:40:45,078 RX_ECHO ignored
2026-10-09 18:40:45,078 RX_ECHO ignored
2026-10-09 18:40:45,078 RX_ECHO ignored
2026-10-09 18:40:45,078 RX_ECHO ignored
2026-10-09 18:40:45,078 RX_ECHO ignored
2026-10-09 18:40:45,078 RX_ECHO ignored
2026-10-09 18:40:45,078 RX_ECHO ignored
2026-10-09 18:40:45,078 RX_ECHO ignored
2026-10-09 18:40:45,078 RX_ECHO ignored
2026-10-09 18:40:45,078 RX_ECHO ignored
2026-10-09 18:40:45,078 RX_ECHO ignored
2026-10-09 18:40:45,078 RX_ECHO ignored
2026-10-09 18:40:45,078 RX_ECHO ignored
2026-10-09 18:40:45,078 RX_ECHO ignored
2026-10-09 18:40:45,078 RX_ECHO ignored
2026-10-09 18:40:45,078 RX_ECHO ignored
2026-10-09 18:40:45,078 RX_ECHO ignored
2026-10-09 18:40:45,078 RX_ECHO ignored
2026-10-09 18:40:45,079 RX_ECHO ignored
2026-10-09 18:40:45,079 RX_ECHO ignored
2026-10-09 18:40:45,079 RX_ECHO ignored
2026-10-09 18:40:45,079 RX_ECHO ignored
2026-10-09 18:40:45,079 RX_ECHO ignored
2026-10-09 18:40:45,079 RX_ECHO ignored
2026-10-09 18:40:45,079 RX_ECHO ignored
2026-10-09 18:40:45,079 RX_ECHO ignored
2026-10-09 18:40:45,079 RX_ECHO ignored
2026-10-09 18:40:45,079 RX_ECHO ignored
2026-10-09 18:40:45,079 RX_ECHO ignored
2026-10-09 18:40:45,079 RX_ECHO ignored
2026-10-09 18:40:45,079 RX_ECHO ignored
2026-10-09 18:40:45,079 RX_ECHO ignored
2026-10-09 18:40:45,079 RX_ECHO ignored
2026-10-09 18:40:45,079 RX_ECHO ignored
2026-10-09 18:40:45,080 RX_ECHO ignored
2026-10-09 18:40:45,080 RX_ECHO ignored
2026-10-09 18:40:45,080 RX_ECHO ignored
2026-10-09 18:40:45,080 RX_ECHO ignored
2026-10-09 18:40:45,080 RX_ECHO ignored
2026-10-09 18:40:45,080 RX_ECHO ignored
2026-10-09 18:40:45,080 RX_ECHO ignored
2026-10-09 18:40:45,080 RX_ECHO ignored
2026-10-09 18:40:45,080 RX_ECHO ignored
2026-10-09 18:40:45,080 RX_ECHO ignored
2026-10-09 18:40:45,080 RX_ECHO ignored
2026-10-09 18:40:45,080 RX_ECHO ignored
2026-10-09 18:40:45,080 RX_ECHO ignored
2026-10-09 18:40:45,080 RX_ECHO ignored
2026-10-09 18:40:45,080 RX_ECHO ignored
2026-10-09 18:40:45,080 RX_ECHO ignored
2026-10-09 18:40:45,080 RX_ECHO ignored
2026-10-09 18:40:45,080 RX_ECHO ignored
2026-10-09 18:40:45,080 RX_ECHO ignored
2026-10-09 18:40:45,080 RX_ECHO ignored
2026-10-09 18:40:45,080 RX_ECHO ignored
2026-10-09 18:40:45,080 RX_ECHO ignored
2026-10-09 18:40:45,081 RX_ECHO ignored
2026-10-09 18:40:45,081 RX_ECHO ignored
2026-10-09 18:40:45,081 RX_ECHO ignored
2026-10-09 18:40:45,081 RX_ECHO ignored
2026-10-09 18:40:45,081 RX_ECHO ignored
2026-10-09 18:40:45,081 RX_ECHO ignored
2026-10-09 18:40:45,081 RX_ECHO ignored
2026-10-09 18:40:45,081 RX_ECHO ignored
2026-10-09 18:40:45,081 RX_ECHO ignored
2026-10-09 18:40:45,081 RX_ECHO ignored
2026-10-09 18:40:45,081 RX_ECHO ignored
2026-10-09 18:40:45,081 RX_ECHO ignored
2026-10-09 18:40:45,081 RX_ECHO ignored
2026-10-09 18:40:45,082 RX_ECHO ignored
2026-10-09 18:40:45,082 RX_ECHO ignored
2026-10-09 18:40:45,082 RX_ECHO ignored
2026-10-09 18:40:45,082 RX_ECHO ignored
2026-10-09 18:40:45,082 RX_ECHO ignored
2026-10-09 18:40:45,082 RX_ECHO ignored
2026-10-09 18:40:45,082 RX_ECHO ignored
2026-10-09 18:40:45,082 RX_ECHO ignored
2026-10-09 18:40:45,082 RX_ECHO ignored
2026-10-09 18:40:45,082 RX_ECHO ignored
2026-10-09 18:40:45,082 RX_ECHO ignored
2026-10-09 18:40:45,082 RX_ECHO ignored
2026-10-09 18:40:45,082 RX_ECHO ignored
2026-10-09 18:40:45,082 RX_ECHO ignored
2026-10-09 18:40:45,082 RX_ECHO ignored
2026-10-09 18:40:45,082 RX_ECHO ignored
2026-10-09 18:40:45,082 RX_ECHO ignored
2026-10-09 18:40:45,082 RX_ECHO ignored
2026-10-09 18:40:45,082 RX_ECHO ignored
2026-10-09 18:40:45,082 RX_ECHO ignored
2026-10-09 18:40:45,082 RX_ECHO ignored
2026-10-09 18:40:45,082 RX_ECHO ignored
2026-10-09 18:40:45,082 RX_ECHO ignored
2026-10-09 18:40:45,082 RX_ECHO ignored
2026-10-09 18:40:45,082 RX_ECHO ignored
2026-10-09 18:40:45,083 RX_ECHO ignored
2026-10-09 18:40:45,083 RX_ECHO ignored
2026-10-09 18:40:45,083 RX_ECHO ignored
2026-10-09 18:40:45,083 RX_ECHO ignored
2026-10-09 18:40:45,083 RX_ECHO ignored
2026-10-09 18:40:45,083 RX_ECHO ignored
2026-10-09 18:40:45,083 RX_ECHO ignored
2026-10-09 18:40:45,083 RX_ECHO ignored
2026-10-09 18:40:45,083 RX_ECHO ignored
2026-10-09 18:40:45,083 RX_ECHO ignored
2026-10-09 18:40:45,083 RX_ECHO ignored
2026-10-09 18:40:45,083 RX_ECHO ignored
2026-10-09 18:40:45,083 RX_ECHO ignored
2026-10-09 18:40:45,084 RX_ECHO ignored
2026-10-09 18:40:45,084 RX_ECHO ignored
2026-10-09 18:40:45,084 RX_ECHO ignored
2026-10-09 18:40:45,084 RX_ECHO ignored
2026-10-09 18:40:45,084 RX_ECHO ignored
2026-10-09 18:40:45,084 RX_ECHO ignored
2026-10-09 18:40:45,084 RX_ECHO ignored
2026-10-09 18:40:45,084 RX_ECHO ignored
2026-10-09 18:40:45,084 RX_ECHO ignored
2026-10-09 18:40:45,084 RX_ECHO ignored
2026-10-09 18:40:45,084 RX_ECHO ignored
2026-10-09 18:40:45,084 RX_ECHO ignored
2026-10-09 18:40:45,084 RX_ECHO ignored
2026-10-09 18:40:45,084 RX_ECHO ignored
2026-10-09 18:40:45,084 RX_ECHO ignored
2026-10-09 18:40:45,084 RX_ECHO ignored
2026-10-09 18:40:45,084 RX_ECHO ignored
2026-10-09 18:40:45,085 RX_ECHO ignored
2026-10-09 18:40:45,085 RX_ECHO ignored
2026-10-09 18:40:45,085 RX_ECHO ignored
2026-10-09 18:40:45,085 RX_ECHO ignored
2026-10-09 18:40:45,085 RX_ECHO ignored
2026-10-09 18:40:45,085 RX_ECHO ignored
2026-10-09 18:40:45,085 RX_ECHO ignored
2026-10-09 18:40:45,085 RX_ECHO ignored
2026-10-09 18:40:45,085 RX_ECHO ignored
2026-10-09 18:40:45,085 RX_ECHO ignored
2026-10-09 18:40:45,085 RX_ECHO ignored
2026-10-09 18:40:45,085 RX_ECHO ignored
2026-10-09 18:40:45,085 RX_ECHO ignored
2026-10-09 18:40:45,085 RX_ECHO ignored
2026-10-09 18:40:45,085 RX_ECHO ignored
2026-10-09 18:40:45,085 RX_ECHO ignored
2026-10-09 18:40:45,085 RX_ECHO ignored
2026-10-09 18:40:45,085 RX_ECHO ignored
2026-10-09 18:40:45,085 RX_ECHO ignored
2026-10-09 18:40:45,085 RX_ECHO ignored
2026-10-09 18:40:45,085 RX_ECHO ignored
2026-10-09 18:40:45,085 RX_ECHO ignored
2026-10-09 18:40:45,086 RX_ECHO ignored
2026-10-09 18:40:45,086 RX_ECHO ignored
2026-10-09 18:40:45,086 RX_ECHO ignored
2026-10-09 18:40:45,086 RX_ECHO ignored
2026-10-09 18:40:45,086 RX_ECHO ignored
2026-10-09 18:40:45,086 RX_ECHO ignored
2026-10-09 18:40:45,086 RX_ECHO ignored
2026-10-09 18:40:45,086 RX_ECHO ignored
2026-10-09 18:40:45,086 RX_ECHO ignored
2026-10-09 18:40:45,086 RX_ECHO ignored
2026-10-09 18:40:45,086 RX_ECHO ignored
2026-10-09 18:40:45,086 RX_ECHO ignored
2026-10-09 18:40:45,087 RX_ECHO ignored
2026-10-09 18:40:45,087 RX_ECHO ignored
2026-10-09 18:40:45,087 RX_ECHO ignored
2026-10-09 18:40:45,087 RX_ECHO ignored
2026-10-09 18:40:45,087 RX_ECHO ignored
2026-10-09 18:40:45,087 RX_ECHO ignored
2026-10-09 18:40:45,087 RX_ECHO ignored
2026-10-09 18:40:45,087 RX_ECHO ignored
2026-10-09 18:40:45,087 RX_ECHO ignored
2026-10-09 18:40:45,087 RX_ECHO ignored
2026-10-09 18:40:45,087 RX_ECHO ignored
2026-10-09 18:40:45,087 RX_ECHO ignored
2026-10-09 18:40:45,087 RX_ECHO ignored
2026-10-09 18:40:45,087 RX_ECHO ignored
2026-10-09 18:40:45,087 RX_ECHO ignored
2026-10-09 18:40:45,087 RX_ECHO ignored
2026-10-09 18:40:45,087 RX_ECHO ignored
2026-10-09 18:40:45,087 RX_ECHO ignored
2026-10-09 18:40:45,088 RX_ECHO ignored
2026-10-09 18:40:45,088 RX_ECHO ignored
2026-10-09 18:40:45,088 RX_ECHO ignored
2026-10-09 18:40:45,088 RX_ECHO ignored
2026-10-09 18:40:45,088 RX_ECHO ignored
2026-10-09 18:40:45,088 RX_ECHO ignored
2026-10-09 18:40:45,088 RX_ECHO ignored
2026-10-09 18:40:45,088 RX_ECHO ignored
2026-10-09 18:40:45,088 RX_ECHO ignored
2026-10-09 18:40:45,088 RX_ECHO ignored
2026-10-09 18:40:45,088 RX_ECHO ignored
2026-10-09 18:40:45,088 RX_ECHO ignored
2026-10-09 18:40:45,088 RX_ECHO ignored
2026-10-09 18:40:45,088 RX_ECHO ignored
2026-10-09 18:40:45,088 RX_ECHO ignored
2026-10-09 18:40:45,088 RX_ECHO ignored
2026-10-09 18:40:45,088 RX_ECHO ignored
2026-10-09 18:40:45,088 RX_ECHO ignored
2026-10-09 18:40:45,088 RX_ECHO ignored
2026-10-09 18:40:45,088 RX_ECHO ignored
2026-10-09 18:40:45,088 RX_ECHO ignored
2026-10-09 18:40:45,089 RX_ECHO ignored
2026-10-09 18:40:45,089 RX_ECHO ignored
2026-10-09 18:40:45,089 RX_ECHO ignored
2026-10-09 18:40:45,089 RX_ECHO ignored
2026-10-09 18:40:45,089 RX_ECHO ignored
2026-10-09 18:40:45,089 RX_ECHO ignored
2026-10-09 18:40:45,089 RX_ECHO ignored
2026-10-09 18:40:45,089 RX_ECHO ignored
2026-10-09 18:40:45,089 RX_ECHO ignored
2026-10-09 18:40:45,089 RX_ECHO ignored
2026-10-09 18:40:45,089 RX_ECHO ignored
2026-10-09 18:40:45,089 RX_ECHO ignored
2026-10-09 18:40:45,089 RX_ECHO ignored
2026-10-09 18:40:45,090 RX_ECHO ignored
2026-10-09 18:40:45,090 RX_ECHO ignored
2026-10-09 18:40:45,090 RX_ECHO ignored
2026-10-09 18:40:45,090 RX_ECHO ignored
2026-10-09 18:40:45,090 RX_ECHO ignored
2026-10-09 18:40:45,090 RX_ECHO ignored
2026-10-09 18:40:45,090 RX_ECHO ignored
2026-10-09 18:40:45,090 RX_ECHO ignored
2026-10-09 18:40:45,090 RX_ECHO ignored
2026-10-09 18:40:45,090 RX_ECHO ignored
2026-10-09 18:40:45,090 RX_ECHO ignored
2026-10-09 18:40:45,090 RX_ECHO ignored
2026-10-09 18:40:45,090 RX_ECHO ignored
2026-10-09 18:40:45,090 RX_ECHO ignored
2026-10-09 18:40:45,090 RX_ECHO ignored
2026-10-09 18:40:45,090 RX_ECHO ignored
2026-10-09 18:40:45,091 RX_ECHO ignored
2026-10-09 18:40:45,091 RX_ECHO ignored
2026-10-09 18:40:45,091 RX_ECHO ignored
2026-10-09 18:40:45,091 RX_ECHO ignored
2026-10-09 18:40:45,091 RX_ECHO ignored
2026-10-09 18:40:45,091 RX_ECHO ignored
2026-10-09 18:40:45,091 RX_ECHO ignored
2026-10-09 18:40:45,091 RX_ECHO ignored
2026-10-09 18:40:45,091 RX_ECHO ignored
2026-10-09 18:40:45,091 RX_ECHO ignored
2026-10-09 18:40:45,091 RX_ECHO ignored
2026-10-09 18:40:45,091 RX_ECHO ignored
2026-10-09 18:40:45,091 RX_ECHO ignored
2026-10-09 18:40:45,091 RX_ECHO ignored
2026-10-09 18:40:45,091 RX_ECHO ignored
2026-10-09 18:40:45,091 RX_ECHO ignored
2026-10-09 18:40:45,091 RX_ECHO ignored
2026-10-09 18:40:45,091 RX_ECHO ignored
2026-10-09 18:40:45,091 RX_ECHO ignored
2026-10-09 18:40:45,091 RX_ECHO ignored
2026-10-09 18:40:45,091 RX_ECHO ignored
2026-10-09 18:40:45,091 RX_ECHO ignored
2026-10-09 18:40:45,092 RX_ECHO ignored
2026-10-09 18:40:45,092 RX_ECHO ignored
2026-10-09 18:40:45,092 RX_ECHO ignored
2026-10-09 18:40:45,092 RX_ECHO ignored
2026-10-09 18:40:45,092 RX_ECHO ignored
2026-10-09 18:40:45,092 RX_ECHO ignored
2026-10-09 18:40:45,092 RX_ECHO ignored
2026-10-09 18:40:45,092 RX_ECHO ignored
2026-10-09 18:40:45,092 RX_ECHO ignored
2026-10-09 18:40:45,092 RX_ECHO ignored
2026-10-09 18:40:45,092 RX_ECHO ignored
2026-10-09 18:40:45,092 RX_ECHO ignored
2026-10-09 18:40:45,092 RX_ECHO ignored
2026-10-09 18:40:45,093 RX_ECHO ignored
2026-10-09 18:40:45,093 RX_ECHO ignored
2026-10-09 18:40:45,093 RX_ECHO ignored
2026-10-09 18:40:45,093 RX_ECHO ignored
2026-10-09 18:40:45,093 RX_ECHO ignored
2026-10-09 18:40:45,093 RX_ECHO ignored
2026-10-09 18:40:45,093 RX_ECHO ignored
2026-10-09 18:40:45,093 RX_ECHO ignored
2026-10-09 18:40:45,093 RX_ECHO ignored
2026-10-09 18:40:45,093 RX_ECHO ignored
2026-10-09 18:40:45,093 RX_ECHO ignored
2026-10-09 18:40:45,093 RX_ECHO ignored
2026-10-09 18:40:45,093 RX_ECHO ignored
2026-10-09 18:40:45,093 RX_ECHO ignored
2026-10-09 18:40:45,093 RX_ECHO ignored
2026-10-09 18:40:45,093 RX_ECHO ignored
2026-10-09 18:40:45,093 RX_ECHO ignored
2026-10-09 18:40:45,093 RX_ECHO ignored
2026-10-09 18:40:45,093 RX_ECHO ignored
2026-10-09 18:40:45,093 RX_ECHO ignored
2026-10-09 18:40:45,093 RX_ECHO ignored
2026-10-09 18:40:45,093 RX_ECHO ignored
2026-10-09 18:40:45,093 RX_ECHO ignored
2026-10-09 18:40:45,093 RX_ECHO ignored
2026-10-09 18:40:45,093 RX_ECHO ignored
2026-10-09 18:40:45,094 RX_ECHO ignored
2026-10-09 18:40:45,094 RX_ECHO ignored
2026-10-09 18:40:45,094 RX_ECHO ignored
2026-10-09 18:40:45,094 RX_ECHO ignored
2026-10-09 18:40:45,094 RX_ECHO ignored
2026-10-09 18:40:45,094 RX_ECHO ignored
2026-10-09 18:40:45,094 RX_ECHO ignored
2026-10-09 18:40:45,094 RX_ECHO ignored
2026-10-09 18:40:45,094 RX_ECHO ignored
2026-10-09 18:40:45,094 RX_ECHO ignored
2026-10-09 18:40:45,094 RX_ECHO ignored
2026-10-09 18:40:45,094 RX_ECHO ignored
2026-10-09 18:40:45,094 RX_ECHO ignored
2026-10-09 18:40:45,095 RX_ECHO ignored
2026-10-09 18:40:45,095 RX_ECHO ignored
2026-10-09 18:40:45,095 RX_ECHO ignored
2026-10-09 18:40:45,095 RX_ECHO ignored
2026-10-09 18:40:45,095 RX_ECHO ignored
2026-10-09 18:40:45,095 RX_ECHO ignored
2026-10-09 18:40:45,095 RX_ECHO ignored
2026-10-09 18:40:45,095 RX_ECHO ignored
2026-10-09 18:40:45,095 RX_ECHO ignored
2026-10-09 18:40:45,095 RX_ECHO ignored
2026-10-09 18:40:45,095 RX_ECHO ignored
2026-10-09 18:40:45,095 RX_ECHO ignored
2026-10-09 18:40:45,095 RX_ECHO ignored
2026-10-09 18:40:45,095 RX_ECHO ignored
2026-10-09 18:40:45,095 RX_ECHO ignored
2026-10-09 18:40:45,095 RX_ECHO ignored
2026-10-09 18:40:45,096 RX_ECHO ignored
2026-10-09 18:40:45,096 RX_ECHO ignored
2026-10-09 18:40:45,096 RX_ECHO ignored
2026-10-09 18:40:45,096 RX_ECHO ignored
2026-10-09 18:40:45,096 RX_ECHO ignored
2026-10-09 18:40:45,096 RX_ECHO ignored
2026-10-09 18:40:45,096 RX_ECHO ignored
2026-10-09 18:40:45,096 RX_ECHO ignored
2026-10-09 18:40:45,096 RX_ECHO ignored
2026-10-09 18:40:45,096 RX_ECHO ignored
2026-10-09 18:40:45,096 RX_ECHO ignored
2026-10-09 18:40:45,096 RX_ECHO ignored
2026-10-09 18:40:45,096 RX_ECHO ignored
2026-10-09 18:40:45,096 RX_ECHO ignored
2026-10-09 18:40:45,096 RX_ECHO ignored
2026-10-09 18:40:45,096 RX_ECHO ignored
2026-10-09 18:40:45,096 RX_ECHO ignored
2026-10-09 18:40:45,096 RX_ECHO ignored
2026-10-09 18:40:45,096 RX_ECHO ignored
2026-10-09 18:40:45,096 RX_ECHO ignored
2026-10-09 18:40:45,096 RX_ECHO ignored
2026-10-09 18:40:45,096 RX_ECHO ignored
2026-10-09 18:40:45,096 RX_ECHO ignored
2026-10-09 18:40:45,097 RX_ECHO ignored
2026-10-09 18:40:45,097 RX_ECHO ignored
2026-10-09 18:40:45,097 RX_ECHO ignored
2026-10-09 18:40:45,097 RX_ECHO ignored
2026-10-09 18:40:45,097 RX_ECHO ignored
2026-10-09 18:40:45,097 RX_ECHO ignored
2026-10-09 18:40:45,097 RX_ECHO ignored
2026-10-09 18:40:45,097 RX_ECHO ignored
2026-10-09 18:40:45,097 RX_ECHO ignored
2026-10-09 18:40:45,097 RX_ECHO ignored
2026-10-09 18:40:45,097 RX_ECHO ignored
2026-10-09 18:40:45,097 RX_ECHO ignored
2026-10-09 18:40:45,098 RX_ECHO ignored
2026-10-09 18:40:45,098 RX_ECHO ignored
2026-10-09 18:40:45,098 RX_ECHO ignored
2026-10-09 18:40:45,098 RX_ECHO ignored
2026-10-09 18:40:45,098 RX_ECHO ignored
2026-10-09 18:40:45,098 RX_ECHO ignored
2026-10-09 18:40:45,098 RX_ECHO ignored
2026-10-09 18:40:45,098 RX_ECHO ignored
2026-10-09 18:40:45,098 RX_ECHO ignored
2026-10-09 18:40:45,098 RX_ECHO ignored
2026-10-09 18:40:45,098 RX_ECHO ignored
2026-10-09 18:40:45,098 RX_ECHO ignored
2026-10-09 18:40:45,098 RX_ECHO ignored
2026-10-09 18:40:45,099 RX_ECHO ignored
2026-10-09 18:40:45,099 RX_ECHO ignored
2026-10-09 18:40:45,099 RX_ECHO ignored
2026-10-09 18:40:45,099 RX_ECHO ignored
2026-10-09 18:40:45,099 RX_ECHO ignored
2026-10-09 18:40:45,099 RX_ECHO ignored
2026-10-09 18:40:45,099 RX_ECHO ignored
2026-10-09 18:40:45,099 RX_ECHO ignored
2026-10-09 18:40:45,099 RX_ECHO ignored
2026-10-09 18:40:45,099 RX_ECHO ignored
2026-10-09 18:40:45,099 RX_ECHO ignored
2026-10-09 18:40:45,099 RX_ECHO ignored
2026-10-09 18:40:45,099 RX_ECHO ignored
2026-10-09 18:40:45,100 RX_ECHO ignored
2026-10-09 18:40:45,100 RX_ECHO ignored
2026-10-09 18:40:45,100 RX_ECHO ignored
2026-10-09 18:40:45,100 RX_ECHO ignored
2026-10-09 18:40:45,100 RX_ECHO ignored
2026-10-09 18:40:45,100 RX_ECHO ignored
2026-10-09 18:40:45,100 RX_ECHO ignored
2026-10-09 18:40:45,100 RX_ECHO ignored
2026-10-09 18:40:45,100 RX_ECHO ignored
2026-10-09 18:40:45,100 RX_ECHO ignored
2026-10-09 18:40:45,100 RX_ECHO ignored
2026-10-09 18:40:45,100 RX_ECHO ignored
2026-10-09 18:40:45,100 RX_ECHO ignored
2026-10-09 18:40:45,101 RX_ECHO ignored
2026-10-09 18:40:45,101 RX_ECHO ignored
2026-10-09 18:40:45,101 RX_ECHO ignored
2026-10-09 18:40:45,101 RX_ECHO ignored
2026-10-09 18:40:45,101 RX_ECHO ignored
2026-10-09 18:40:45,101 RX_ECHO ignored
2026-10-09 18:40:45,101 RX_ECHO ignored
2026-10-09 18:40:45,101 RX_ECHO ignored
2026-10-09 18:40:45,101 RX_ECHO ignored
2026-10-09 18:40:45,101 RX_ECHO ignored
2026-10-09 18:40:45,101 RX_ECHO ignored
2026-10-09 18:40:45,101 RX_ECHO ignored
2026-10-09 18:40:45,101 RX_ECHO ignored
2026-10-09 18:40:45,102 RX_ECHO ignored
2026-10-09 18:40:45,102 RX_ECHO ignored
2026-10-09 18:40:45,102 RX_ECHO ignored
2026-10-09 18:40:45,102 RX_ECHO ignored
2026-10-09 18:40:45,102 RX_ECHO ignored
2026-10-09 18:40:45,102 RX_ECHO ignored
2026-10-09 18:40:45,102 RX_ECHO ignored
2026-10-09 18:40:45,102 RX_ECHO ignored
2026-10-09 18:40:45,102 RX_ECHO ignored
2026-10-09 18:40:45,102 RX_ECHO ignored
2026-10-09 18:40:45,102 RX_ECHO ignored
2026-10-09 18:40:45,102 RX_ECHO ignored
2026-10-09 18:40:45,102 RX_ECHO ignored
2026-10-09 18:40:45,102 RX_ECHO ignored
2026-10-09 18:40:45,103 RX_ECHO ignored
2026-10-09 18:40:45,103 RX_ECHO ignored
2026-10-09 18:40:45,103 RX_ECHO ignored
2026-10-09 18:40:45,103 RX_ECHO ignored
2026-10-09 18:40:45,103 RX_ECHO ignored
2026-10-09 18:40:45,103 RX_ECHO ignored
2026-10-09 18:40:45,103 RX_ECHO ignored
2026-10-09 18:40:45,103 RX_ECHO ignored
2026-10-09 18:40:45,103 RX_ECHO ignored
2026-10-09 18:40:45,103 RX_ECHO ignored
2026-10-09 18:40:45,103 RX_ECHO ignored
2026-10-09 18:40:45,103 RX_ECHO ignored
2026-10-09 18:40:45,103 RX_ECHO ignored
2026-10-09 18:40:45,104 RX_ECHO ignored
2026-10-09 18:40:45,104 RX_ECHO ignored
2026-10-09 18:40:45,104 RX_ECHO ignored
2026-10-09 18:40:45,104 RX_ECHO ignored
2026-10-09 18:40:45,104 RX_ECHO ignored
2026-10-09 18:40:45,104 RX_ECHO ignored
2026-10-09 18:40:45,104 RX_ECHO ignored
2026-10-09 18:40:45,104 RX_ECHO ignored
2026-10-09 18:40:45,104 RX_ECHO ignored
2026-10-09 18:40:45,104 RX_ECHO ignored
2026-10-09 18:40:45,104 RX_ECHO ignored
2026-10-09 18:40:45,104 RX_ECHO ignored
2026-10-09 18:40:45,104 RX_ECHO ignored
2026-10-09 18:40:45,104 RX_ECHO ignored
2026-10-09 18:40:45,104 RX_ECHO ignored
2026-10-09 18:40:45,104 RX_ECHO ignored
2026-10-09 18:40:45,104 RX_ECHO ignored
2026-10-09 18:40:45,104 RX_ECHO ignored
2026-10-09 18:40:45,104 RX_ECHO ignored
2026-10-09 18:40:45,104 RX_ECHO ignored
2026-10-09 18:40:45,104 RX_ECHO ignored
2026-10-09 18:40:45,104 RX_ECHO ignored
2026-10-09 18:40:45,104 RX_ECHO ignored
2026-10-09 18:40:45,104 RX_ECHO ignored
2026-10-09 18:40:45,105 RX_ECHO ignored
2026-10-09 18:40:45,105 RX_ECHO ignored
2026-10-09 18:40:45,105 RX_ECHO ignored
2026-10-09 18:40:45,105 RX_ECHO ignored
2026-10-09 18:40:45,105 RX_ECHO ignored
2026-10-09 18:40:45,105 RX_ECHO ignored
2026-10-09 18:40:45,105 RX_ECHO ignored
2026-10-09 18:40:45,105 RX_ECHO ignored
2026-10-09 18:40:45,105 RX_ECHO ignored
2026-10-09 18:40:45,105 RX_ECHO ignored
2026-10-09 18:40:45,105 RX_ECHO ignored
2026-10-09 18:40:45,105 RX_ECHO ignored
2026-10-09 18:40:45,105 RX_ECHO ignored
2026-10-09 18:40:45,106 RX_ECHO ignored
2026-10-09 18:40:45,106 RX_ECHO ignored
2026-10-09 18:40:45,106 RX_ECHO ignored
2026-10-09 18:40:45,106 RX_ECHO ignored
2026-10-09 18:40:45,106 RX_ECHO ignored
2026-10-09 18:40:45,106 RX_ECHO ignored
2026-10-09 18:40:45,106 RX_ECHO ignored
2026-10-09 18:40:45,106 RX_ECHO ignored
2026-10-09 18:40:45,106 RX_ECHO ignored
2026-10-09 18:40:45,106 RX_ECHO ignored
2026-10-09 18:40:45,106 RX_ECHO ignored
2026-10-09 18:40:45,106 RX_ECHO ignored
2026-10-09 18:40:45,107 RX_ECHO ignored
2026-10-09 18:40:45,107 RX_ECHO ignored
2026-10-09 18:40:45,107 RX_ECHO ignored
2026-10-09 18:40:45,107 RX_ECHO ignored
2026-10-09 18:40:45,107 RX_ECHO ignored
2026-10-09 18:40:45,107 RX_ECHO ignored
2026-10-09 18:40:45,107 RX_ECHO ignored
2026-10-09 18:40:45,107 RX_ECHO ignored
2026-10-09 18:40:45,107 RX_ECHO ignored
2026-10-09 18:40:45,107 RX_ECHO ignored
2026-10-09 18:40:45,107 RX_ECHO ignored
2026-10-09 18:40:45,107 RX_ECHO ignored
2026-10-09 18:40:45,107 RX_ECHO ignored
2026-10-09 18:40:45,108 RX_ECHO ignored
2026-10-09 18:40:45,108 RX_ECHO ignored
2026-10-09 18:40:45,108 RX_ECHO ignored
2026-10-09 18:40:45,108 RX_ECHO ignored
2026-10-09 18:40:45,108 RX_ECHO ignored
2026-10-09 18:40:45,108 RX_ECHO ignored
2026-10-09 18:40:45,108 RX_ECHO ignored
2026-10-09 18:40:45,108 RX_ECHO ignored
2026-10-09 18:40:45,108 RX_ECHO ignored
2026-10-09 18:40:45,108 RX_ECHO ignored
2026-10-09 18:40:45,108 RX_ECHO ignored
2026-10-09 18:40:45,108 RX_ECHO ignored
2026-10-09 18:40:45,108 RX_ECHO ignored
2026-10-09 18:40:45,109 RX_ECHO ignored
2026-10-09 18:40:45,109 RX_ECHO ignored
2026-10-09 18:40:45,109 RX_ECHO ignored
2026-10-09 18:40:45,109 RX_ECHO ignored
2026-10-09 18:40:45,109 RX_ECHO ignored
2026-10-09 18:40:45,109 RX_ECHO ignored
2026-10-09 18:40:45,109 RX_ECHO ignored
2026-10-09 18:40:45,109 RX_ECHO ignored
2026-10-09 18:40:45,109 RX_ECHO ignored
2026-10-09 18:40:45,109 RX_ECHO ignored
2026-10-09 18:40:45,109 RX_ECHO ignored
2026-10-09 18:40:45,109 RX_ECHO ignored
2026-10-09 18:40:45,109 RX_ECHO ignored
2026-10-09 18:40:45,110 RX_ECHO ignored
2026-10-09 18:40:45,110 RX_ECHO ignored
2026-10-09 18:40:45,110 RX_ECHO ignored
2026-10-09 18:40:45,110 RX_ECHO ignored
2026-10-09 18:40:45,110 RX_ECHO ignored
2026-10-09 18:40:45,110 RX_ECHO ignored
2026-10-09 18:40:45,110 RX_ECHO ignored
2026-10-09 18:40:45,110 RX_ECHO ignored
2026-10-09 18:40:45,110 RX_ECHO ignored
2026-10-09 18:40:45,110 RX_ECHO ignored
2026-10-09 18:40:45,110 RX_ECHO ignored
2026-10-09 18:40:45,110 RX_ECHO ignored
2026-10-09 18:40:45,110 RX_ECHO ignored
2026-10-09 18:40:45,111 RX_ECHO ignored
2026-10-09 18:40:45,111 RX_ECHO ignored
2026-10-09 18:40:45,111 RX_ECHO ignored
2026-10-09 18:40:45,111 RX_ECHO ignored
2026-10-09 18:40:45,111 RX_ECHO ignored
2026-10-09 18:40:45,111 RX_ECHO ignored
2026-10-09 18:40:45,111 RX_ECHO ignored
2026-10-09 18:40:45,111 RX_ECHO ignored
2026-10-09 18:40:45,111 RX_ECHO ignored
2026-10-09 18:40:45,111 RX_ECHO ignored
2026-10-09 18:40:45,111 RX_ECHO ignored
2026-10-09 18:40:45,111 RX_ECHO ignored
2026-10-09 18:40:45,112 RX_ECHO ignored
2026-10-09 18:40:45,112 RX_ECHO ignored
2026-10-09 18:40:45,112 RX_ECHO ignored
2026-10-09 18:40:45,112 RX_ECHO ignored
2026-10-09 18:40:45,112 RX_ECHO ignored
2026-10-09 18:40:45,112 RX_ECHO ignored
2026-10-09 18:40:45,112 RX_ECHO ignored
2026-10-09 18:40:45,112 RX_ECHO ignored
2026-10-09 18:40:45,112 RX_ECHO ignored
2026-10-09 18:40:45,112 RX_ECHO ignored
2026-10-09 18:40:45,112 RX_ECHO ignored
2026-10-09 18:40:45,112 RX_ECHO ignored
2026-10-09 18:40:45,112 RX_ECHO ignored
2026-10-09 18:40:45,112 RX_ECHO ignored
2026-10-09 18:40:45,112 RX_ECHO ignored
2026-10-09 18:40:45,112 RX_ECHO ignored
2026-10-09 18:40:45,112 RX_ECHO ignored
2026-10-09 18:40:45,112 RX_ECHO ignored
2026-10-09 18:40:45,112 RX_ECHO ignored
2026-10-09 18:40:45,112 RX_ECHO ignored
2026-10-09 18:40:45,113 RX_ECHO ignored
2026-10-09 18:40:45,113 RX_ECHO ignored
2026-10-09 18:40:45,113 RX_ECHO ignored
2026-10-09 18:40:45,113 RX_ECHO ignored
2026-10-09 18:40:45,113 RX_ECHO ignored
2026-10-09 18:40:45,113 RX_ECHO ignored
2026-10-09 18:40:45,113 RX_ECHO ignored
2026-10-09 18:40:45,113 RX_ECHO ignored
2026-10-09 18:40:45,113 RX_ECHO ignored
2026-10-09 18:40:45,113 RX_ECHO ignored
2026-10-09 18:40:45,114 RX_ECHO ignored
2026-10-09 18:40:45,114 RX_ECHO ignored
2026-10-09 18:40:45,114 RX_ECHO ignored
2026-10-09 18:40:45,114 RX_ECHO ignored
2026-10-09 18:40:45,114 RX_ECHO ignored
2026-10-09 18:40:45,114 RX_ECHO ignored
2026-10-09 18:40:45,114 RX_ECHO ignored
2026-10-09 18:40:45,114 RX_ECHO ignored
2026-10-09 18:40:45,114 RX_ECHO ignored
2026-10-09 18:40:45,114 RX_ECHO ignored
2026-10-09 18:40:45,114 RX_ECHO ignored
2026-10-09 18:40:45,114 RX_ECHO ignored
2026-10-09 18:40:45,114 RX_ECHO ignored
2026-10-09 18:40:45,114 RX_ECHO ignored
2026-10-09 18:40:45,114 RX_ECHO ignored
2026-10-09 18:40:45,114 RX_ECHO ignored
2026-10-09 18:40:45,114 RX_ECHO ignored
2026-10-09 18:40:45,114 RX_ECHO ignored
2026-10-09 18:40:45,115 RX_ECHO ignored
2026-10-09 18:40:45,115 RX_ECHO ignored
2026-10-09 18:40:45,115 RX_ECHO ignored
2026-10-09 18:40:45,115 RX_ECHO ignored
2026-10-09 18:40:45,115 RX_ECHO ignored
2026-10-09 18:40:45,115 RX_ECHO ignored
2026-10-09 18:40:45,115 RX_ECHO ignored
2026-10-09 18:40:45,115 RX_ECHO ignored
2026-10-09 18:40:45,115 RX_ECHO ignored
2026-10-09 18:40:45,115 RX_ECHO ignored
2026-10-09 18:40:45,115 RX_ECHO ignored
2026-10-09 18:40:45,115 RX_ECHO ignored
2026-10-09 18:40:45,115 RX_ECHO ignored
2026-10-09 18:40:45,115 RX_ECHO ignored
2026-10-09 18:40:45,116 RX_ECHO ignored
2026-10-09 18:40:45,116 RX_ECHO ignored
2026-10-09 18:40:45,116 RX_ECHO ignored
2026-10-09 18:40:45,116 RX_ECHO ignored
2026-10-09 18:40:45,116 RX_ECHO ignored
2026-10-09 18:40:45,116 RX_ECHO ignored
2026-10-09 18:40:45,116 RX_ECHO ignored
2026-10-09 18:40:45,116 RX_ECHO ignored
2026-10-09 18:40:45,116 RX_ECHO ignored
2026-10-09 18:40:45,116 RX_ECHO ignored
2026-10-09 18:40:45,116 RX_ECHO ignored
2026-10-09 18:40:45,116 RX_ECHO ignored
2026-10-09 18:40:45,116 RX_ECHO ignored
2026-10-09 18:40:45,116 RX_ECHO ignored
2026-10-09 18:40:45,116 RX_ECHO ignored
2026-10-09 18:40:45,117 RX_ECHO ignored
2026-10-09 18:40:45,117 RX_ECHO ignored
2026-10-09 18:40:45,117 RX_ECHO ignored
2026-10-09 18:40:45,117 RX_ECHO ignored
2026-10-09 18:40:45,117 RX_ECHO ignored
2026-10-09 18:40:45,117 RX_ECHO ignored
2026-10-09 18:40:45,117 RX_ECHO ignored
2026-10-09 18:40:45,117 RX_ECHO ignored
2026-10-09 18:40:45,117 RX_ECHO ignored
2026-10-09 18:40:45,117 RX_ECHO ignored
2026-10-09 18:40:45,117 RX_ECHO ignored
2026-10-09 18:40:45,117 RX_ECHO ignored
2026-10-09 18:40:45,117 RX_ECHO ignored
2026-10-09 18:40:45,118 RX_ECHO ignored
2026-10-09 18:40:45,118 RX_ECHO ignored
2026-10-09 18:40:45,118 RX_ECHO ignored
2026-10-09 18:40:45,118 RX_ECHO ignored
2026-10-09 18:40:45,118 RX_ECHO ignored
2026-10-09 18:40:45,118 RX_ECHO ignored
2026-10-09 18:40:45,118 RX_ECHO ignored
2026-10-09 18:40:45,118 RX_ECHO ignored
2026-10-09 18:40:45,118 RX_ECHO ignored
2026-10-09 18:40:45,118 RX_ECHO ignored
2026-10-09 18:40:45,118 RX_ECHO ignored
2026-10-09 18:40:45,118 RX_ECHO ignored
2026-10-09 18:40:45,118 RX_ECHO ignored
2026-10-09 18:40:45,119 RX_ECHO ignored
2026-10-09 18:40:45,119 RX_ECHO ignored
2026-10-09 18:40:45,119 RX_ECHO ignored
2026-10-09 18:40:45,119 RX_ECHO ignored
2026-10-09 18:40:45,119 RX_ECHO ignored
2026-10-09 18:40:45,119 RX_ECHO ignored
2026-10-09 18:40:45,119 RX_ECHO ignored
2026-10-09 18:40:45,119 RX_ECHO ignored
2026-10-09 18:40:45,119 RX_ECHO ignored
2026-10-09 18:40:45,119 RX_ECHO ignored
2026-10-09 18:40:45,119 RX_ECHO ignored
2026-10-09 18:40:45,119 RX_ECHO ignored
2026-10-09 18:40:45,119 RX_ECHO ignored
2026-10-09 18:40:45,120 RX_ECHO ignored
2026-10-09 18:40:45,120 RX_ECHO ignored
2026-10-09 18:40:45,120 RX_ECHO ignored
2026-10-09 18:40:45,120 RX_ECHO ignored
2026-10-09 18:40:45,120 RX_ECHO ignored
2026-10-09 18:40:45,120 RX_ECHO ignored
2026-10-09 18:40:45,120 RX_ECHO ignored
2026-10-09 18:40:45,120 RX_ECHO ignored
2026-10-09 18:40:45,120 RX_ECHO ignored
2026-10-09 18:40:45,120 RX_ECHO ignored
2026-10-09 18:40:45,120 RX_ECHO ignored
2026-10-09 18:40:45,120 RX_ECHO ignored
2026-10-09 18:40:45,121 RX_ECHO ignored
2026-10-09 18:40:45,121 RX_ECHO ignored
2026-10-09 18:40:45,121 RX_ECHO ignored
2026-10-09 18:40:45,121 RX_ECHO ignored
2026-10-09 18:40:45,121 RX_ECHO ignored
2026-10-09 18:40:45,121 RX_ECHO ignored
2026-10-09 18:40:45,121 RX_ECHO ignored
2026-10-09 18:40:45,121 RX_ECHO ignored
2026-10-09 18:40:45,121 RX_ECHO ignored
2026-10-09 18:40:45,121 RX_ECHO ignored
2026-10-09 18:40:45,121 RX_ECHO ignored
2026-10-09 18:40:45,121 RX_ECHO ignored
2026-10-09 18:40:45,121 RX_ECHO ignored
2026-10-09 18:40:45,121 RX_ECHO ignored
2026-10-09 18:40:45,121 RX_ECHO ignored
2026-10-09 18:40:45,121 RX_ECHO ignored
2026-10-09 18:40:45,121 RX_ECHO ignored
2026-10-09 18:40:45,122 RX_ECHO ignored
2026-10-09 18:40:45,122 RX_ECHO ignored
2026-10-09 18:40:45,122 RX_ECHO ignored
2026-10-09 18:40:45,122 RX_ECHO ignored
2026-10-09 18:40:45,122 RX_ECHO ignored
2026-10-09 18:40:45,122 RX_ECHO ignored
2026-10-09 18:40:45,122 RX_ECHO ignored
2026-10-09 18:40:45,122 RX_ECHO ignored
2026-10-09 18:40:45,122 RX_ECHO ignored
2026-10-09 18:40:45,122 RX_ECHO ignored
2026-10-09 18:40:45,122 RX_ECHO ignored
2026-10-09 18:40:45,122 RX_ECHO ignored
2026-10-09 18:40:45,122 RX_ECHO ignored
2026-10-09 18:40:45,122 RX_ECHO ignored
2026-10-09 18:40:45,122 RX_ECHO ignored
2026-10-09 18:40:45,122 RX_ECHO ignored
2026-10-09 18:40:45,122 RX_ECHO ignored
2026-10-09 18:40:45,122 RX_ECHO ignored
2026-10-09 18:40:45,122 RX_ECHO ignored
2026-10-09 18:40:45,122 RX_ECHO ignored
2026-10-09 18:40:45,123 RX_ECHO ignored
2026-10-09 18:40:45,123 RX_ECHO ignored
2026-10-09 18:40:45,123 RX_ECHO ignored
2026-10-09 18:40:45,123 RX_ECHO ignored
2026-10-09 18:40:45,123 RX_ECHO ignored
2026-10-09 18:40:45,123 RX_ECHO ignored
2026-10-09 18:40:45,123 RX_ECHO ignored
2026-10-09 18:40:45,123 RX_ECHO ignored
2026-10-09 18:40:45,123 RX_ECHO ignored
2026-10-09 18:40:45,123 RX_ECHO ignored
2026-10-09 18:40:45,123 RX_ECHO ignored
2026-10-09 18:40:45,123 RX_ECHO ignored
2026-10-09 18:40:45,123 RX_ECHO ignored
2026-10-09 18:40:45,123 RX_ECHO ignored
2026-10-09 18:40:45,123 RX_ECHO ignored
2026-10-09 18:40:45,124 RX_ECHO ignored
2026-10-09 18:40:45,124 RX_ECHO ignored
2026-10-09 18:40:45,124 RX_ECHO ignored
2026-10-09 18:40:45,124 RX_ECHO ignored
2026-10-09 18:40:45,124 RX_ECHO ignored
2026-10-09 18:40:45,124 RX_ECHO ignored
2026-10-09 18:40:45,124 RX_ECHO ignored
2026-10-09 18:40:45,124 RX_ECHO ignored
2026-10-09 18:40:45,124 RX_ECHO ignored
2026-10-09 18:40:45,124 RX_ECHO ignored
2026-10-09 18:40:45,124 RX_ECHO ignored
2026-10-09 18:40:45,124 RX_ECHO ignored
2026-10-09 18:40:45,125 RX_ECHO ignored
2026-10-09 18:40:45,125 RX_ECHO ignored
2026-10-09 18:40:45,125 RX_ECHO ignored
2026-10-09 18:40:45,125 RX_ECHO ignored
2026-10-09 18:40:45,125 RX_ECHO ignored
2026-10-09 18:40:45,125 RX_ECHO ignored
2026-10-09 18:40:45,125 RX_ECHO ignored
2026-10-09 18:40:45,125 RX_ECHO ignored
2026-10-09 18:40:45,125 RX_ECHO ignored
2026-10-09 18:40:45,125 RX_ECHO ignored
2026-10-09 18:40:45,125 RX_ECHO ignored
2026-10-09 18:40:45,125 RX_ECHO ignored
2026-10-09 18:40:45,125 RX_ECHO ignored
2026-10-09 18:40:45,126 RX_ECHO ignored
2026-10-09 18:40:45,126 RX_ECHO ignored
2026-10-09 18:40:45,126 RX_ECHO ignored
2026-10-09 18:40:45,126 RX_ECHO ignored
2026-10-09 18:40:45,126 RX_ECHO ignored
2026-10-09 18:40:45,126 RX_ECHO ignored
2026-10-09 18:40:45,126 RX_ECHO ignored
2026-10-09 18:40:45,126 RX_ECHO ignored
2026-10-09 18:40:45,126 RX_ECHO ignored
2026-10-09 18:40:45,126 RX_ECHO ignored
2026-10-09 18:40:45,126 RX_ECHO ignored
2026-10-09 18:40:45,126 RX_ECHO ignored
2026-10-09 18:40:45,126 RX_ECHO ignored
2026-10-09 18:40:45,127 RX_ECHO ignored
2026-10-09 18:40:45,127 RX_ECHO ignored
2026-10-09 18:40:45,127 RX_ECHO ignored
2026-10-09 18:40:45,127 RX_ECHO ignored
2026-10-09 18:40:45,127 RX_ECHO ignored
2026-10-09 18:40:45,127 RX_ECHO ignored
2026-10-09 18:40:45,127 RX_ECHO ignored
2026-10-09 18:40:45,127 RX_ECHO ignored
2026-10-09 18:40:45,127 RX_ECHO ignored
2026-10-09 18:40:45,127 RX_ECHO ignored
2026-10-09 18:40:45,127 RX_ECHO ignored
2026-10-09 18:40:45,127 RX_ECHO ignored
2026-10-09 18:40:45,127 RX_ECHO ignored
2026-10-09 18:40:45,128 RX_ECHO ignored
2026-10-09 18:40:45,128 RX_ECHO ignored
2026-10-09 18:40:45,128 RX_ECHO ignored
2026-10-09 18:40:45,128 RX_ECHO ignored
2026-10-09 18:40:45,128 RX_ECHO ignored
2026-10-09 18:40:45,128 RX_ECHO ignored
2026-10-09 18:40:45,128 RX_ECHO ignored
2026-10-09 18:40:45,128 RX_ECHO ignored
2026-10-09 18:40:45,128 RX_ECHO ignored
2026-10-09 18:40:45,128 RX_ECHO ignored
2026-10-09 18:40:45,128 RX_ECHO ignored
2026-10-09 18:40:45,128 RX_ECHO ignored
2026-10-09 18:40:45,128 RX_ECHO ignored
2026-10-09 18:40:45,129 RX_ECHO ignored
2026-10-09 18:40:45,129 RX_ECHO ignored
2026-10-09 18:40:45,129 RX_ECHO ignored
2026-10-09 18:40:45,129 RX_ECHO ignored
2026-10-09 18:40:45,129 RX_ECHO ignored
2026-10-09 18:40:45,129 RX_ECHO ignored
2026-10-09 18:40:45,129 RX_ECHO ignored
2026-10-09 18:40:45,129 RX_ECHO ignored
2026-10-09 18:40:45,129 RX_ECHO ignored
2026-10-09 18:40:45,129 RX_ECHO ignored
2026-10-09 18:40:45,129 RX_ECHO ignored
2026-10-09 18:40:45,129 RX_ECHO ignored
2026-10-09 18:40:45,130 RX_ECHO ignored
2026-10-09 18:40:45,130 RX_ECHO ignored
2026-10-09 18:40:45,130 RX_ECHO ignored
2026-10-09 18:40:45,130 RX_ECHO ignored
2026-10-09 18:40:45,130 RX_ECHO ignored
2026-10-09 18:40:45,130 RX_ECHO ignored
2026-10-09 18:40:45,130 RX_ECHO ignored
2026-10-09 18:40:45,130 RX_ECHO ignored
2026-10-09 18:40:45,130 RX_ECHO ignored
2026-10-09 18:40:45,130 RX_ECHO ignored
2026-10-09 18:40:45,130 RX_ECHO ignored
2026-10-09 18:40:45,130 RX_ECHO ignored
2026-10-09 18:40:45,130 RX_ECHO ignored
2026-10-09 18:40:45,131 RX_ECHO ignored
2026-10-09 18:40:45,131 RX_ECHO ignored
2026-10-09 18:40:45,131 RX_ECHO ignored
2026-10-09 18:40:45,131 RX_ECHO ignored
2026-10-09 18:40:45,131 RX_ECHO ignored
2026-10-09 18:40:45,131 RX_ECHO ignored
2026-10-09 18:40:45,131 RX_ECHO ignored
2026-10-09 18:40:45,131 RX_ECHO ignored
2026-10-09 18:40:45,131 RX_ECHO ignored
2026-10-09 18:40:45,131 RX_ECHO ignored
2026-10-09 18:40:45,131 RX_ECHO ignored
2026-10-09 18:40:45,131 RX_ECHO ignored
2026-10-09 18:40:45,131 RX_ECHO ignored
2026-10-09 18:40:45,132 RX_ECHO ignored
2026-10-09 18:40:45,132 RX_ECHO ignored
2026-10-09 18:40:45,132 RX_ECHO ignored
2026-10-09 18:40:45,132 RX_ECHO ignored
2026-10-09 18:40:45,132 RX_ECHO ignored
2026-10-09 18:40:45,132 RX_ECHO ignored
2026-10-09 18:40:45,132 RX_ECHO ignored
2026-10-09 18:40:45,132 RX_ECHO ignored
2026-10-09 18:40:45,132 RX_ECHO ignored
2026-10-09 18:40:45,132 RX_ECHO ignored
2026-10-09 18:40:45,132 RX_ECHO ignored
2026-10-09 18:40:45,132 RX_ECHO ignored
2026-10-09 18:40:45,132 RX_ECHO ignored
2026-10-09 18:40:45,132 RX_ECHO ignored
2026-10-09 18:40:45,132 RX_ECHO ignored
2026-10-09 18:40:45,132 RX_ECHO ignored
2026-10-09 18:40:45,132 RX_ECHO ignored
2026-10-09 18:40:45,133 RX_ECHO ignored
2026-10-09 18:40:45,133 RX_ECHO ignored
2026-10-09 18:40:45,133 RX_ECHO ignored
2026-10-09 18:40:45,133 RX_ECHO ignored
2026-10-09 18:40:45,133 RX_ECHO ignored
2026-10-09 18:40:45,133 RX_ECHO ignored
2026-10-09 18:40:45,133 RX_ECHO ignored
2026-10-09 18:40:45,133 RX_ECHO ignored
2026-10-09 18:40:45,133 RX_ECHO ignored
2026-10-09 18:40:45,133 RX_ECHO ignored
2026-10-09 18:40:45,133 RX_ECHO ignored
2026-10-09 18:40:45,133 RX_ECHO ignored
2026-10-09 18:40:45,133 RX_ECHO ignored
2026-10-09 18:40:45,134 RX_ECHO ignored
2026-10-09 18:40:45,134 RX_ECHO ignored
2026-10-09 18:40:45,134 RX_ECHO ignored
2026-10-09 18:40:45,134 RX_ECHO ignored
2026-10-09 18:40:45,134 RX_ECHO ignored
2026-10-09 18:40:45,134 RX_ECHO ignored
2026-10-09 18:40:45,134 RX_ECHO ignored
2026-10-09 18:40:45,134 RX_ECHO ignored
2026-10-09 18:40:45,134 RX_ECHO ignored
2026-10-09 18:40:45,134 RX_ECHO ignored
2026-10-09 18:40:45,134 RX_ECHO ignored
2026-10-09 18:40:45,134 RX_ECHO ignored
2026-10-09 18:40:45,134 RX_ECHO ignored
2026-10-09 18:40:45,134 RX_ECHO ignored
2026-10-09 18:40:45,134 RX_ECHO ignored
2026-10-09 18:40:45,134 RX_ECHO ignored
2026-10-09 18:40:45,134 RX_ECHO ignored
2026-10-09 18:40:45,134 RX_ECHO ignored
2026-10-09 18:40:45,134 RX_ECHO ignored
2026-10-09 18:40:45,134 RX_ECHO ignored
2026-10-09 18:40:45,134 RX_ECHO ignored
2026-10-09 18:40:45,135 RX_ECHO ignored
2026-10-09 18:40:45,135 RX_ECHO ignored
2026-10-09 18:40:45,135 RX_ECHO ignored
2026-10-09 18:40:45,135 RX_ECHO ignored
2026-10-09 18:40:45,135 RX_ECHO ignored
2026-10-09 18:40:45,135 RX_ECHO ignored
2026-10-09 18:40:45,135 RX_ECHO ignored
2026-10-09 18:40:45,135 RX_ECHO ignored
2026-10-09 18:40:45,135 RX_ECHO ignored
2026-10-09 18:40:45,135 RX_ECHO ignored
2026-10-09 18:40:45,135 RX_ECHO ignored
2026-10-09 18:40:45,135 RX_ECHO ignored
2026-10-09 18:40:45,135 RX_ECHO ignored
2026-10-09 18:40:45,136 RX_ECHO ignored
2026-10-09 18:40:45,136 RX_ECHO ignored
2026-10-09 18:40:45,136 RX_ECHO ignored
2026-10-09 18:40:45,136 RX_ECHO ignored
2026-10-09 18:40:45,136 RX_ECHO ignored
2026-10-09 18:40:45,136 RX_ECHO ignored
2026-10-09 18:40:45,136 RX_ECHO ignored
2026-10-09 18:40:45,136 RX_ECHO ignored
2026-10-09 18:40:45,136 RX_ECHO ignored
2026-10-09 18:40:45,136 RX_ECHO ignored
2026-10-09 18:40:45,136 RX_ECHO ignored
2026-10-09 18:40:45,136 RX_ECHO ignored
2026-10-09 18:40:45,136 RX_ECHO ignored
2026-10-09 18:40:45,137 RX_ECHO ignored
2026-10-09 18:40:45,137 RX_ECHO ignored
2026-10-09 18:40:45,137 RX_ECHO ignored
2026-10-09 18:40:45,137 RX_ECHO ignored
2026-10-09 18:40:45,137 RX_ECHO ignored
2026-10-09 18:40:45,137 RX_ECHO ignored
2026-10-09 18:40:45,137 RX_ECHO ignored
2026-10-09 18:40:45,137 RX_ECHO ignored
2026-10-09 18:40:45,137 RX_ECHO ignored
2026-10-09 18:40:45,137 RX_ECHO ignored
2026-10-09 18:40:45,137 RX_ECHO ignored
2026-10-09 18:40:45,137 RX_ECHO ignored
2026-10-09 18:40:45,137 RX_ECHO ignored
2026-10-09 18:40:45,138 RX_ECHO ignored
2026-10-09 18:40:45,138 RX_ECHO ignored
2026-10-09 18:40:45,138 RX_ECHO ignored
2026-10-09 18:40:45,138 RX_ECHO ignored
2026-10-09 18:40:45,138 RX_ECHO ignored
2026-10-09 18:40:45,138 RX_ECHO ignored
2026-10-09 18:40:45,138 RX_ECHO ignored
2026-10-09 18:40:45,138 RX_ECHO ignored
2026-10-09 18:40:45,138 RX_ECHO ignored
2026-10-09 18:40:45,138 RX_ECHO ignored
2026-10-09 18:40:45,138 RX_ECHO ignored
2026-10-09 18:40:45,138 RX_ECHO ignored
2026-10-09 18:40:45,138 RX_ECHO ignored
2026-10-09 18:40:45,138 RX_ECHO ignored
2026-10-09 18:40:45,138 RX_ECHO ignored
2026-10-09 18:40:45,138 RX_ECHO ignored
2026-10-09 18:40:45,138 RX_ECHO ignored
2026-10-09 18:40:45,138 RX_ECHO ignored
2026-10-09 18:40:45,138 RX_ECHO ignored
2026-10-09 18:40:45,139 RX_ECHO ignored
2026-10-09 18:40:45,139 RX_ECHO ignored
2026-10-09 18:40:45,139 RX_ECHO ignored
2026-10-09 18:40:45,139 RX_ECHO ignored
2026-10-09 18:40:45,139 RX_ECHO ignored
2026-10-09 18:40:45,139 RX_ECHO ignored
2026-10-09 18:40:45,139 RX_ECHO ignored
2026-10-09 18:40:45,139 RX_ECHO ignored
2026-10-09 18:40:45,139 RX_ECHO ignored
2026-10-09 18:40:45,139 RX_ECHO ignored
2026-10-09 18:40:45,139 RX_ECHO ignored
2026-10-09 18:40:45,139 RX_ECHO ignored
2026-10-09 18:40:45,139 RX_ECHO ignored
2026-10-09 18:40:45,139 RX_ECHO ignored
2026-10-09 18:40:45,139 RX_ECHO ignored
2026-10-09 18:40:45,139 RX_ECHO ignored
2026-10-09 18:40:45,139 RX_ECHO ignored
2026-10-09 18:40:45,139 RX_ECHO ignored
2026-10-09 18:40:45,139 RX_ECHO ignored
2026-10-09 18:40:45,140 RX_ECHO ignored
2026-10-09 18:40:45,140 RX_ECHO ignored
2026-10-09 18:40:45,140 RX_ECHO ignored
2026-10-09 18:40:45,140 RX_ECHO ignored
2026-10-09 18:40:45,140 RX_ECHO ignored
2026-10-09 18:40:45,140 RX_ECHO ignored
2026-10-09 18:40:45,140 RX_ECHO ignored
2026-10-09 18:40:45,140 RX_ECHO ignored
2026-10-09 18:40:45,140 RX_ECHO ignored
2026-10-09 18:40:45,140 RX_ECHO ignored
2026-10-09 18:40:45,140 RX_ECHO ignored
2026-10-09 18:40:45,140 RX_ECHO ignored
2026-10-09 18:40:45,140 RX_ECHO ignored
2026-10-09 18:40:45,141 RX_ECHO ignored
2026-10-09 18:40:45,141 RX_ECHO ignored
2026-10-09 18:40:45,141 RX_ECHO ignored
2026-10-09 18:40:45,141 RX_ECHO ignored
2026-10-09 18:40:45,141 RX_ECHO ignored
2026-10-09 18:40:45,141 RX_ECHO ignored
2026-10-09 18:40:45,141 RX_ECHO ignored
2026-10-09 18:40:45,141 RX_ECHO ignored
2026-10-09 18:40:45,141 RX_ECHO ignored
2026-10-09 18:40:45,141 RX_ECHO ignored
2026-10-09 18:40:45,141 RX_ECHO ignored
2026-10-09 18:40:45,141 RX_ECHO ignored
2026-10-09 18:40:45,141 RX_ECHO ignored
2026-10-09 18:40:45,142 RX_ECHO ignored
2026-10-09 18:40:45,142 RX_ECHO ignored
2026-10-09 18:40:45,142 RX_ECHO ignored
2026-10-09 18:40:45,142 RX_ECHO ignored
2026-10-09 18:40:45,142 RX_ECHO ignored
2026-10-09 18:40:45,142 RX_ECHO ignored
2026-10-09 18:40:45,142 RX_ECHO ignored
2026-10-09 18:40:45,142 RX_ECHO ignored
2026-10-09 18:40:45,142 RX_ECHO ignored
2026-10-09 18:40:45,142 RX_ECHO ignored
2026-10-09 18:40:45,142 RX_ECHO ignored
2026-10-09 18:40:45,142 RX_ECHO ignored
2026-10-09 18:40:45,143 RX_ECHO ignored
2026-10-09 18:40:45,143 RX_ECHO ignored
2026-10-09 18:40:45,143 RX_ECHO ignored
2026-10-09 18:40:45,143 RX_ECHO ignored
2026-10-09 18:40:45,143 RX_ECHO ignored
2026-10-09 18:40:45,143 RX_ECHO ignored
2026-10-09 18:40:45,143 RX_ECHO ignored
2026-10-09 18:40:45,143 RX_ECHO ignored
2026-10-09 18:40:45,143 RX_ECHO ignored
2026-10-09 18:40:45,143 RX_ECHO ignored
2026-10-09 18:40:45,143 RX_ECHO ignored
2026-10-09 18:40:45,143 RX_ECHO ignored
2026-10-09 18:40:45,143 RX_ECHO ignored
2026-10-09 18:40:45,144 RX_ECHO ignored
2026-10-09 18:40:45,144 RX_ECHO ignored
2026-10-09 18:40:45,144 RX_ECHO ignored
2026-10-09 18:40:45,144 RX_ECHO ignored
2026-10-09 18:40:45,144 RX_ECHO ignored
2026-10-09 18:40:45,144 RX_ECHO ignored
2026-10-09 18:40:45,144 RX_ECHO ignored
2026-10-09 18:40:45,144 RX_ECHO ignored
2026-10-09 18:40:45,144 RX_ECHO ignored
2026-10-09 18:40:45,144 RX_ECHO ignored
2026-10-09 18:40:45,144 RX_ECHO ignored
2026-10-09 18:40:45,144 RX_ECHO ignored
2026-10-09 18:40:45,144 RX_ECHO ignored
2026-10-09 18:40:45,145 RX_ECHO ignored
2026-10-09 18:40:45,145 RX_ECHO ignored
2026-10-09 18:40:45,145 RX_ECHO ignored
2026-10-09 18:40:45,145 RX_ECHO ignored
2026-10-09 18:40:45,145 RX_ECHO ignored
2026-10-09 18:40:45,145 RX_ECHO ignored
2026-10-09 18:40:45,145 RX_ECHO ignored
2026-10-09 18:40:45,145 RX_ECHO ignored
2026-10-09 18:40:45,145 RX_ECHO ignored
2026-10-09 18:40:45,145 RX_ECHO ignored
2026-10-09 18:40:45,145 RX_ECHO ignored
2026-10-09 18:40:45,145 RX_ECHO ignored
2026-10-09 18:40:45,145 RX_ECHO ignored
2026-10-09 18:40:45,146 RX_ECHO ignored
2026-10-09 18:40:45,146 RX_ECHO ignored
2026-10-09 18:40:45,146 RX_ECHO ignored
2026-10-09 18:40:45,146 RX_ECHO ignored
2026-10-09 18:40:45,146 RX_ECHO ignored
2026-10-09 18:40:45,146 RX_ECHO ignored
2026-10-09 18:40:45,146 RX_ECHO ignored
2026-10-09 18:40:45,146 RX_ECHO ignored
2026-10-09 18:40:45,146 RX_ECHO ignored
2026-10-09 18:40:45,146 RX_ECHO ignored
2026-10-09 18:40:45,146 RX_ECHO ignored
2026-10-09 18:40:45,146 RX_ECHO ignored
2026-10-09 18:40:45,146 RX_ECHO ignored
2026-10-09 18:40:45,147 RX_ECHO ignored
2026-10-09 18:40:45,147 RX_ECHO ignored
2026-10-09 18:40:45,147 RX_ECHO ignored
2026-10-09 18:40:45,147 RX_ECHO ignored
2026-10-09 18:40:45,147 RX_ECHO ignored
2026-10-09 18:40:45,147 RX_ECHO ignored
2026-10-09 18:40:45,147 RX_ECHO ignored
2026-10-09 18:40:45,147 RX_ECHO ignored
2026-10-09 18:40:45,147 RX_ECHO ignored
2026-10-09 18:40:45,147 RX_ECHO ignored
2026-10-09 18:40:45,147 RX_ECHO ignored
2026-10-09 18:40:45,147 RX_ECHO ignored
2026-10-09 18:40:45,148 RX_ECHO ignored
2026-10-09 18:40:45,148 RX_ECHO ignored
2026-10-09 18:40:45,148 RX_ECHO ignored
2026-10-09 18:40:45,148 RX_ECHO ignored
2026-10-09 18:40:45,148 RX_ECHO ignored
2026-10-09 18:40:45,148 RX_ECHO ignored
2026-10-09 18:40:45,148 RX_ECHO ignored
2026-10-09 18:40:45,148 RX_ECHO ignored
2026-10-09 18:40:45,148 RX_ECHO ignored
2026-10-09 18:40:45,148 RX_ECHO ignored
2026-10-09 18:40:45,148 RX_ECHO ignored
2026-10-09 18:40:45,148 RX_ECHO ignored
2026-10-09 18:40:45,148 RX_ECHO ignored
2026-10-09 18:40:45,149 RX_ECHO ignored
2026-10-09 18:40:45,149 RX_ECHO ignored
2026-10-09 18:40:45,149 RX_ECHO ignored
2026-10-09 18:40:45,149 RX_ECHO ignored
2026-10-09 18:40:45,149 RX_ECHO ignored
2026-10-09 18:40:45,149 RX_ECHO ignored
2026-10-09 18:40:45,149 RX_ECHO ignored
2026-10-09 18:40:45,149 RX_ECHO ignored
2026-10-09 18:40:45,149 RX_ECHO ignored
2026-10-09 18:40:45,149 RX_ECHO ignored
2026-10-09 18:40:45,149 RX_ECHO ignored
2026-10-09 18:40:45,149 RX_ECHO ignored
2026-10-09 18:40:45,149 RX_ECHO ignored
2026-10-09 18:40:45,149 RX_ECHO ignored
2026-10-09 18:40:45,149 RX_ECHO ignored
2026-10-09 18:40:45,149 RX_ECHO ignored
2026-10-09 18:40:45,149 RX_ECHO ignored
2026-10-09 18:40:45,150 RX_ECHO ignored
2026-10-09 18:40:45,150 RX_ECHO ignored
2026-10-09 18:40:45,150 RX_ECHO ignored
2026-10-09 18:40:45,150 RX_ECHO ignored
2026-10-09 18:40:45,150 RX_ECHO ignored
2026-10-09 18:40:45,150 RX_ECHO ignored
2026-10-09 18:40:45,150 RX_ECHO ignored
2026-10-09 18:40:45,150 RX_ECHO ignored
2026-10-09 18:40:45,150 RX_ECHO ignored
2026-10-09 18:40:45,150 RX_ECHO ignored
2026-10-09 18:40:45,150 RX_ECHO ignored
2026-10-09 18:40:45,150 RX_ECHO ignored
2026-10-09 18:40:45,150 RX_ECHO ignored
2026-10-09 18:40:45,150 RX_ECHO ignored
2026-10-09 18:40:45,150 RX_ECHO ignored
2026-10-09 18:40:45,150 RX_ECHO ignored
2026-10-09 18:40:45,150 RX_ECHO ignored
2026-10-09 18:40:45,150 RX_ECHO ignored
2026-10-09 18:40:45,150 RX_ECHO ignored
2026-10-09 18:40:45,150 RX_ECHO ignored
2026-10-09 18:40:45,150 RX_ECHO ignored
2026-10-09 18:40:45,150 RX_ECHO ignored
2026-10-09 18:40:45,151 RX_ECHO ignored
2026-10-09 18:40:45,151 RX_ECHO ignored
2026-10-09 18:40:45,151 RX_ECHO ignored
2026-10-09 18:40:45,151 RX_ECHO ignored
2026-10-09 18:40:45,151 RX_ECHO ignored
2026-10-09 18:40:45,151 RX_ECHO ignored
2026-10-09 18:40:45,151 RX_ECHO ignored
2026-10-09 18:40:45,151 RX_ECHO ignored
2026-10-09 18:40:45,151 RX_ECHO ignored
2026-10-09 18:40:45,151 RX_ECHO ignored
2026-10-09 18:40:45,151 RX_ECHO ignored
2026-10-09 18:40:45,151 RX_ECHO ignored
2026-10-09 18:40:45,152 RX_ECHO ignored
2026-10-09 18:40:45,152 RX_ECHO ignored
2026-10-09 18:40:45,152 RX_ECHO ignored
2026-10-09 18:40:45,152 RX_ECHO ignored
2026-10-09 18:40:45,152 RX_ECHO ignored
2026-10-09 18:40:45,152 RX_ECHO ignored
2026-10-09 18:40:45,152 RX_ECHO ignored
2026-10-09 18:40:45,152 RX_ECHO ignored
2026-10-09 18:40:45,152 RX_ECHO ignored
2026-10-09 18:40:45,152 RX_ECHO ignored
2026-10-09 18:40:45,152 RX_ECHO ignored
2026-10-09 18:40:45,152 RX_ECHO ignored
2026-10-09 18:40:45,152 RX_ECHO ignored
2026-10-09 18:40:45,153 RX_ECHO ignored
2026-10-09 18:40:45,153 RX_ECHO ignored
2026-10-09 18:40:45,153 RX_ECHO ignored
2026-10-09 18:40:45,153 RX_ECHO ignored
2026-10-09 18:40:45,153 RX_ECHO ignored
2026-10-09 18:40:45,153 RX_ECHO ignored
2026-10-09 18:40:45,153 RX_ECHO ignored
2026-10-09 18:40:45,153 RX_ECHO ignored
2026-10-09 18:40:45,153 RX_ECHO ignored
2026-10-09 18:40:45,153 RX_ECHO ignored
2026-10-09 18:40:45,153 RX_ECHO ignored
2026-10-09 18:40:45,153 RX_ECHO ignored
2026-10-09 18:40:45,153 RX_ECHO ignored
2026-10-09 18:40:45,154 RX_ECHO ignored
2026-10-09 18:40:45,154 RX_ECHO ignored
2026-10-09 18:40:45,154 RX_ECHO ignored
2026-10-09 18:40:45,154 RX_ECHO ignored
2026-10-09 18:40:45,154 RX_ECHO ignored
2026-10-09 18:40:45,154 RX_ECHO ignored
2026-10-09 18:40:45,154 RX_ECHO ignored
2026-10-09 18:40:45,154 RX_ECHO ignored
2026-10-09 18:40:45,154 RX_ECHO ignored
2026-10-09 18:40:45,154 RX_ECHO ignored
2026-10-09 18:40:45,154 RX_ECHO ignored
2026-10-09 18:40:45,154 RX_ECHO ignored
2026-10-09 18:40:45,154 RX_ECHO ignored
2026-10-09 18:40:45,155 RX_ECHO ignored
2026-10-09 18:40:45,155 RX_ECHO ignored
2026-10-09 18:40:45,155 RX_ECHO ignored
2026-10-09 18:40:45,155 RX_ECHO ignored
2026-10-09 18:40:45,155 RX_ECHO ignored
2026-10-09 18:40:45,155 RX_ECHO ignored
2026-10-09 18:40:45,155 RX_ECHO ignored
2026-10-09 18:40:45,155 RX_ECHO ignored
2026-10-09 18:40:45,155 RX_ECHO ignored
2026-10-09 18:40:45,155 RX_ECHO ignored
2026-10-09 18:40:45,155 RX_ECHO ignored
2026-10-09 18:40:45,155 RX_ECHO ignored
2026-10-09 18:40:45,155 RX_ECHO ignored
2026-10-09 18:40:45,155 RX_ECHO ignored
2026-10-09 18:40:45,155 RX_ECHO ignored
2026-10-09 18:40:45,155 RX_ECHO ignored
2026-10-09 18:40:45,155 RX_ECHO ignored
2026-10-09 18:40:45,156 RX_ECHO ignored
2026-10-09 18:40:45,156 RX_ECHO ignored
2026-10-09 18:40:45,156 RX_ECHO ignored
2026-10-09 18:40:45,156 RX_ECHO ignored
2026-10-09 18:40:45,156 RX_ECHO ignored
2026-10-09 18:40:45,156 RX_ECHO ignored
2026-10-09 18:40:45,156 RX_ECHO ignored
2026-10-09 18:40:45,156 RX_ECHO ignored
2026-10-09 18:40:45,156 RX_ECHO ignored
2026-10-09 18:40:45,156 RX_ECHO ignored
2026-10-09 18:40:45,156 RX_ECHO ignored
2026-10-09 18:40:45,156 RX_ECHO ignored
2026-10-09 18:40:45,156 RX_ECHO ignored
2026-10-09 18:40:45,156 RX_ECHO ignored
2026-10-09 18:40:45,156 RX_ECHO ignored
2026-10-09 18:40:45,156 RX_ECHO ignored
2026-10-09 18:40:45,156 RX_ECHO ignored
2026-10-09 18:40:45,156 RX_ECHO ignored
2026-10-09 18:40:45,157 RX_ECHO ignored
2026-10-09 18:40:45,157 RX_ECHO ignored
2026-10-09 18:40:45,157 RX_ECHO ignored
2026-10-09 18:40:45,157 RX_ECHO ignored
2026-10-09 18:40:45,157 RX_ECHO ignored
2026-10-09 18:40:45,157 RX_ECHO ignored
2026-10-09 18:40:45,157 RX_ECHO ignored
2026-10-09 18:40:45,157 RX_ECHO ignored
2026-10-09 18:40:45,157 RX_ECHO ignored
2026-10-09 18:40:45,157 RX_ECHO ignored
2026-10-09 18:40:45,157 RX_ECHO ignored
2026-10-09 18:40:45,157 RX_ECHO ignored
2026-10-09 18:40:45,157 RX_ECHO ignored
2026-10-09 18:40:45,157 RX_ECHO ignored
2026-10-09 18:40:45,157 RX_ECHO ignored
2026-10-09 18:40:45,157 RX_ECHO ignored
2026-10-09 18:40:45,158 RX_ECHO ignored
2026-10-09 18:40:45,158 RX_ECHO ignored
2026-10-09 18:40:45,158 RX_ECHO ignored
2026-10-09 18:40:45,158 RX_ECHO ignored
2026-10-09 18:40:45,158 RX_ECHO ignored
2026-10-09 18:40:45,158 RX_ECHO ignored
2026-10-09 18:40:45,158 RX_ECHO ignored
2026-10-09 18:40:45,158 RX_ECHO ignored
2026-10-09 18:40:45,158 RX_ECHO ignored
2026-10-09 18:40:45,158 RX_ECHO ignored
2026-10-09 18:40:45,158 RX_ECHO ignored
2026-10-09 18:40:45,158 RX_ECHO ignored
2026-10-09 18:40:45,158 RX_ECHO ignored
2026-10-09 18:40:45,159 RX_ECHO ignored
2026-10-09 18:40:45,159 RX_ECHO ignored
2026-10-09 18:40:45,159 RX_ECHO ignored
2026-10-09 18:40:45,159 RX_ECHO ignored
2026-10-09 18:40:45,159 RX_ECHO ignored
2026-10-09 18:40:45,159 RX_ECHO ignored
2026-10-09 18:40:45,159 RX_ECHO ignored
2026-10-09 18:40:45,159 RX_ECHO ignored
2026-10-09 18:40:45,159 RX_ECHO ignored
2026-10-09 18:40:45,159 RX_ECHO ignored
2026-10-09 18:40:45,159 RX_ECHO ignored
2026-10-09 18:40:45,159 RX_ECHO ignored
2026-10-09 18:40:45,159 RX_ECHO ignored
2026-10-09 18:40:45,160 RX_ECHO ignored
2026-10-09 18:40:45,160 RX_ECHO ignored
2026-10-09 18:40:45,160 RX_ECHO ignored
2026-10-09 18:40:45,160 RX_ECHO ignored
2026-10-09 18:40:45,160 RX_ECHO ignored
2026-10-09 18:40:45,160 RX_ECHO ignored
2026-10-09 18:40:45,160 RX_ECHO ignored
2026-10-09 18:40:45,160 RX_ECHO ignored
2026-10-09 18:40:45,160 RX_ECHO ignored
2026-10-09 18:40:45,160 RX_ECHO ignored
2026-10-09 18:40:45,160 RX_ECHO ignored
2026-10-09 18:40:45,160 RX_ECHO ignored
2026-10-09 18:40:45,161 RX_ECHO ignored
2026-10-09 18:40:45,161 RX_ECHO ignored
2026-10-09 18:40:45,161 RX_ECHO ignored
2026-10-09 18:40:45,161 RX_ECHO ignored
2026-10-09 18:40:45,161 RX_ECHO ignored
2026-10-09 18:40:45,161 RX_ECHO ignored
2026-10-09 18:40:45,161 RX_ECHO ignored
2026-10-09 18:40:45,161 RX_ECHO ignored
2026-10-09 18:40:45,161 RX_ECHO ignored
2026-10-09 18:40:45,161 RX_ECHO ignored
2026-10-09 18:40:45,161 RX_ECHO ignored
2026-10-09 18:40:45,161 RX_ECHO ignored
2026-10-09 18:40:45,161 RX_ECHO ignored
2026-10-09 18:40:45,162 RX_ECHO ignored
2026-10-09 18:40:45,162 RX_ECHO ignored
2026-10-09 18:40:45,162 RX_ECHO ignored
2026-10-09 18:40:45,162 RX_ECHO ignored
2026-10-09 18:40:45,162 RX_ECHO ignored
2026-10-09 18:40:45,162 RX_ECHO ignored
2026-10-09 18:40:45,162 RX_ECHO ignored
2026-10-09 18:40:45,162 RX_ECHO ignored
2026-10-09 18:40:45,162 RX_ECHO ignored
2026-10-09 18:40:45,162 RX_ECHO ignored
2026-10-09 18:40:45,162 RX_ECHO ignored
2026-10-09 18:40:45,162 RX_ECHO ignored
2026-10-09 18:40:45,162 RX_ECHO ignored
2026-10-09 18:40:45,163 RX_ECHO ignored
2026-10-09 18:40:45,163 RX_ECHO ignored
2026-10-09 18:40:45,163 RX_ECHO ignored
2026-10-09 18:40:45,163 RX_ECHO ignored
2026-10-09 18:40:45,163 RX_ECHO ignored
2026-10-09 18:40:45,163 RX_ECHO ignored
2026-10-09 18:40:45,163 RX_ECHO ignored
2026-10-09 18:40:45,163 RX_ECHO ignored
2026-10-09 18:40:45,163 RX_ECHO ignored
2026-10-09 18:40:45,163 RX_ECHO ignored
2026-10-09 18:40:45,163 RX_ECHO ignored
2026-10-09 18:40:45,163 RX_ECHO ignored
2026-10-09 18:40:45,163 RX_ECHO ignored
2026-10-09 18:40:45,164 RX_ECHO ignored
2026-10-09 18:40:45,164 RX_ECHO ignored
2026-10-09 18:40:45,164 RX_ECHO ignored
2026-10-09 18:40:45,164 RX_ECHO ignored
2026-10-09 18:40:45,164 RX_ECHO ignored
2026-10-09 18:40:45,164 RX_ECHO ignored
2026-10-09 18:40:45,164 RX_ECHO ignored
2026-10-09 18:40:45,164 RX_ECHO ignored
2026-10-09 18:40:45,164 RX_ECHO ignored
2026-10-09 18:40:45,164 RX_ECHO ignored
2026-10-09 18:40:45,164 RX_ECHO ignored
2026-10-09 18:40:45,164 RX_ECHO ignored
2026-10-09 18:40:45,164 RX_ECHO ignored
2026-10-09 18:40:45,164 RX_ECHO ignored
2026-10-09 18:40:45,165 RX_ECHO ignored
2026-10-09 18:40:45,165 RX_ECHO ignored
2026-10-09 18:40:45,165 RX_ECHO ignored
2026-10-09 18:40:45,165 RX_ECHO ignored
2026-10-09 18:40:45,165 RX_ECHO ignored
2026-10-09 18:40:45,165 RX_ECHO ignored
2026-10-09 18:40:45,165 RX_ECHO ignored
2026-10-09 18:40:45,165 RX_ECHO ignored
2026-10-09 18:40:45,165 RX_ECHO ignored
2026-10-09 18:40:45,165 RX_ECHO ignored
2026-10-09 18:40:45,165 RX_ECHO ignored
2026-10-09 18:40:45,165 RX_ECHO ignored
2026-10-09 18:40:45,165 RX_ECHO ignored
2026-10-09 18:40:45,165 RX_ECHO ignored
2026-10-09 18:40:45,166 RX_ECHO ignored
2026-10-09 18:40:45,166 RX_ECHO ignored
2026-10-09 18:40:45,166 RX_ECHO ignored
2026-10-09 18:40:45,166 RX_ECHO ignored
2026-10-09 18:40:45,166 RX_ECHO ignored
2026-10-09 18:40:45,166 RX_ECHO ignored
2026-10-09 18:40:45,166 RX_ECHO ignored
2026-10-09 18:40:45,166 RX_ECHO ignored
2026-10-09 18:40:45,166 RX_ECHO ignored
2026-10-09 18:40:45,166 RX_ECHO ignored
2026-10-09 18:40:45,166 RX_ECHO ignored
2026-10-09 18:40:45,166 RX_ECHO ignored
2026-10-09 18:40:45,166 RX_ECHO ignored
2026-10-09 18:40:45,166 RX_ECHO ignored
2026-10-09 18:40:45,166 RX_ECHO ignored
2026-10-09 18:40:45,166 RX_ECHO ignored
2026-10-09 18:40:45,167 RX_ECHO ignored
2026-10-09 18:40:45,167 RX_ECHO ignored
2026-10-09 18:40:45,167 RX_ECHO ignored
2026-10-09 18:40:45,167 RX_ECHO ignored
2026-10-09 18:40:45,167 RX_ECHO ignored
2026-10-09 18:40:45,167 RX_ECHO ignored
2026-10-09 18:40:45,167 RX_ECHO ignored
2026-10-09 18:40:45,167 RX_ECHO ignored
2026-10-09 18:40:45,167 RX_ECHO ignored
2026-10-09 18:40:45,167 RX_ECHO ignored
2026-10-09 18:40:45,167 RX_ECHO ignored
2026-10-09 18:40:45,167 RX_ECHO ignored
2026-10-09 18:40:45,167 RX_ECHO ignored
2026-10-09 18:40:45,167 RX_ECHO ignored
2026-10-09 18:40:45,167 RX_ECHO ignored
2026-10-09 18:40:45,167 RX_ECHO ignored
2026-10-09 18:40:45,168 RX_ECHO ignored
2026-10-09 18:40:45,168 RX_ECHO ignored
2026-10-09 18:40:45,168 RX_ECHO ignored
2026-10-09 18:40:45,168 RX_ECHO ignored
2026-10-09 18:40:45,168 RX_ECHO ignored
2026-10-09 18:40:45,168 RX_ECHO ignored
2026-10-09 18:40:45,168 RX_ECHO ignored
2026-10-09 18:40:45,168 RX_ECHO ignored
2026-10-09 18:40:45,168 RX_ECHO ignored
2026-10-09 18:40:45,168 RX_ECHO ignored
2026-10-09 18:40:45,168 RX_ECHO ignored
2026-10-09 18:40:45,168 RX_ECHO ignored
2026-10-09 18:40:45,168 RX_ECHO ignored
2026-10-09 18:40:45,168 RX_ECHO ignored
2026-10-09 18:40:45,168 RX_ECHO ignored
2026-10-09 18:40:45,168 RX_ECHO ignored
2026-10-09 18:40:45,168 RX_ECHO ignored
2026-10-09 18:40:45,169 RX_ECHO ignored
2026-10-09 18:40:45,169 RX_ECHO ignored
2026-10-09 18:40:45,169 RX_ECHO ignored
2026-10-09 18:40:45,169 RX_ECHO ignored
2026-10-09 18:40:45,169 RX_ECHO ignored
2026-10-09 18:40:45,169 RX_ECHO ignored
2026-10-09 18:40:45,169 RX_ECHO ignored
2026-10-09 18:40:45,169 RX_ECHO ignored
2026-10-09 18:40:45,169 RX_ECHO ignored
2026-10-09 18:40:45,169 RX_ECHO ignored
2026-10-09 18:40:45,170 RX_ECHO ignored
2026-10-09 18:40:45,170 RX_ECHO ignored
2026-10-09 18:40:45,170 RX_ECHO ignored
2026-10-09 18:40:45,170 RX_ECHO ignored
2026-10-09 18:40:45,170 RX_ECHO ignored
2026-10-09 18:40:45,170 RX_ECHO ignored
2026-10-09 18:40:45,170 RX_ECHO ignored
2026-10-09 18:40:45,170 RX_ECHO ignored
2026-10-09 18:40:45,170 RX_ECHO ignored
2026-10-09 18:40:45,170 RX_ECHO ignored
2026-10-09 18:40:45,170 RX_ECHO ignored
2026-10-09 18:40:45,170 RX_ECHO ignored
2026-10-09 18:40:45,170 RX_ECHO ignored
2026-10-09 18:40:45,170 RX_ECHO ignored
2026-10-09 18:40:45,170 RX_ECHO ignored
2026-10-09 18:40:45,171 RX_ECHO ignored
2026-10-09 18:40:45,171 RX_ECHO ignored
2026-10-09 18:40:45,171 RX_ECHO ignored
2026-10-09 18:40:45,171 RX_ECHO ignored
2026-10-09 18:40:45,171 RX_ECHO ignored
2026-10-09 18:40:45,171 RX_ECHO ignored
2026-10-09 18:40:45,171 RX_ECHO ignored
2026-10-09 18:40:45,171 RX_ECHO ignored
2026-10-09 18:40:45,171 RX_ECHO ignored
2026-10-09 18:40:45,171 RX_ECHO ignored
2026-10-09 18:40:45,171 RX_ECHO ignored
2026-10-09 18:40:45,171 RX_ECHO ignored
2026-10-09 18:40:45,171 RX_ECHO ignored
2026-10-09 18:40:45,172 RX_ECHO ignored
2026-10-09 18:40:45,172 RX_ECHO ignored
2026-10-09 18:40:45,172 RX_ECHO ignored
2026-10-09 18:40:45,172 RX_ECHO ignored
2026-10-09 18:40:45,172 RX_ECHO ignored
2026-10-09 18:40:45,172 RX_ECHO ignored
2026-10-09 18:40:45,172 RX_ECHO ignored
2026-10-09 18:40:45,172 RX_ECHO ignored
2026-10-09 18:40:45,172 RX_ECHO ignored
2026-10-09 18:40:45,172 RX_ECHO ignored
2026-10-09 18:40:45,172 RX_ECHO ignored
2026-10-09 18:40:45,172 RX_ECHO ignored
2026-10-09 18:40:45,172 RX_ECHO ignored
2026-10-09 18:40:45,172 RX_ECHO ignored
2026-10-09 18:40:45,173 RX_ECHO ignored
2026-10-09 18:40:45,173 RX_ECHO ignored
2026-10-09 18:40:45,173 RX_ECHO ignored
2026-10-09 18:40:45,173 RX_ECHO ignored
2026-10-09 18:40:45,173 RX_ECHO ignored
2026-10-09 18:40:45,173 RX_ECHO ignored
2026-10-09 18:40:45,173 RX_ECHO ignored
2026-10-09 18:40:45,173 RX_ECHO ignored
2026-10-09 18:40:45,173 RX_ECHO ignored
2026-10-09 18:40:45,173 RX_ECHO ignored
2026-10-09 18:40:45,173 RX_ECHO ignored
2026-10-09 18:40:45,173 RX_ECHO ignored
2026-10-09 18:40:45,173 RX_ECHO ignored
2026-10-09 18:40:45,173 RX_ECHO ignored
2026-10-09 18:40:45,173 RX_ECHO ignored
2026-10-09 18:40:45,174 RX_ECHO ignored
2026-10-09 18:40:45,174 RX_ECHO ignored
2026-10-09 18:40:45,174 RX_ECHO ignored
2026-10-09 18:40:45,174 RX_ECHO ignored
2026-10-09 18:40:45,174 RX_ECHO ignored
2026-10-09 18:40:45,174 RX_ECHO ignored
2026-10-09 18:40:45,174 RX_ECHO ignored
2026-10-09 18:40:45,174 RX_ECHO ignored
2026-10-09 18:40:45,174 RX_ECHO ignored
2026-10-09 18:40:45,174 RX_ECHO ignored
2026-10-09 18:40:45,174 RX_ECHO ignored
2026-10-09 18:40:45,174 RX_ECHO ignored
2026-10-09 18:40:45,174 RX_ECHO ignored
2026-10-09 18:40:45,174 RX_ECHO ignored
2026-10-09 18:40:45,174 RX_ECHO ignored
2026-10-09 18:40:45,174 RX_ECHO ignored
2026-10-09 18:40:45,174 RX_ECHO ignored
2026-10-09 18:40:45,174 RX_ECHO ignored
2026-10-09 18:40:45,175 RX_ECHO ignored
2026-10-09 18:40:45,175 RX_ECHO ignored
2026-10-09 18:40:45,175 RX_ECHO ignored
2026-10-09 18:40:45,175 RX_ECHO ignored
2026-10-09 18:40:45,175 RX_ECHO ignored
2026-10-09 18:40:45,175 RX_ECHO ignored
2026-10-09 18:40:45,175 RX_ECHO ignored
2026-10-09 18:40:45,175 RX_ECHO ignored
2026-10-09 18:40:45,175 RX_ECHO ignored
2026-10-09 18:40:45,175 RX_ECHO ignored
2026-10-09 18:40:45,175 RX_ECHO ignored
2026-10-09 18:40:45,175 RX_ECHO ignored
2026-10-09 18:40:45,175 RX_ECHO ignored
2026-10-09 18:40:45,175 RX_ECHO ignored
2026-10-09 18:40:45,175 RX_ECHO ignored
2026-10-09 18:40:45,175 RX_ECHO ignored
2026-10-09 18:40:45,175 RX_ECHO ignored
2026-10-09 18:40:45,176 RX_ECHO ignored
2026-10-09 18:40:45,176 RX_ECHO ignored
2026-10-09 18:40:45,176 RX_ECHO ignored
2026-10-09 18:40:45,176 RX_ECHO ignored
2026-10-09 18:40:45,176 RX_ECHO ignored
2026-10-09 18:40:45,176 RX_ECHO ignored
2026-10-09 18:40:45,176 RX_ECHO ignored
2026-10-09 18:40:45,176 RX_ECHO ignored
2026-10-09 18:40:45,176 RX_ECHO ignored
2026-10-09 18:40:45,176 RX_ECHO ignored
2026-10-09 18:40:45,176 RX_ECHO ignored
2026-10-09 18:40:45,176 RX_ECHO ignored
2026-10-09 18:40:45,176 RX_ECHO ignored
2026-10-09 18:40:45,177 RX_ECHO ignored
2026-10-09 18:40:45,177 RX_ECHO ignored
2026-10-09 18:40:45,177 RX_ECHO ignored
2026-10-09 18:40:45,177 RX_ECHO ignored
2026-10-09 18:40:45,177 RX_ECHO ignored
2026-10-09 18:40:45,177 RX_ECHO ignored
2026-10-09 18:40:45,177 RX_ECHO ignored
2026-10-09 18:40:45,177 RX_ECHO ignored
2026-10-09 18:40:45,177 RX_ECHO ignored
2026-10-09 18:40:45,177 RX_ECHO ignored
2026-10-09 18:40:45,177 RX_ECHO ignored
2026-10-09 18:40:45,177 RX_ECHO ignored
2026-10-09 18:40:45,177 RX_ECHO ignored
2026-10-09 18:40:45,178 RX_ECHO ignored
2026-10-09 18:40:45,178 RX_ECHO ignored
2026-10-09 18:40:45,178 RX_ECHO ignored
2026-10-09 18:40:45,178 RX_ECHO ignored
2026-10-09 18:40:45,178 RX_ECHO ignored
2026-10-09 18:40:45,178 RX_ECHO ignored
2026-10-09 18:40:45,178 RX_ECHO ignored
2026-10-09 18:40:45,178 RX_ECHO ignored
2026-10-09 18:40:45,178 RX_ECHO ignored
2026-10-09 18:40:45,178 RX_ECHO ignored
2026-10-09 18:40:45,178 RX_ECHO ignored
2026-10-09 18:40:45,178 RX_ECHO ignored
2026-10-09 18:40:45,179 RX_ECHO ignored
2026-10-09 18:40:45,179 RX_ECHO ignored
2026-10-09 18:40:45,179 RX_ECHO ignored
2026-10-09 18:40:45,179 RX_ECHO ignored
2026-10-09 18:40:45,179 RX_ECHO ignored
2026-10-09 18:40:45,179 RX_ECHO ignored
2026-10-09 18:40:45,179 RX_ECHO ignored
2026-10-09 18:40:45,179 RX_ECHO ignored
2026-10-09 18:40:45,179 RX_ECHO ignored
2026-10-09 18:40:45,179 RX_ECHO ignored
2026-10-09 18:40:45,179 RX_ECHO ignored
2026-10-09 18:40:45,179 RX_ECHO ignored
2026-10-09 18:40:45,179 RX_ECHO ignored
2026-10-09 18:40:45,180 RX_ECHO ignored
2026-10-09 18:40:45,180 RX_ECHO ignored
2026-10-09 18:40:45,180 RX_ECHO ignored
2026-10-09 18:40:45,180 RX_ECHO ignored
2026-10-09 18:40:45,180 RX_ECHO ignored
2026-10-09 18:40:45,180 RX_ECHO ignored
2026-10-09 18:40:45,180 RX_ECHO ignored
2026-10-09 18:40:45,180 RX_ECHO ignored
2026-10-09 18:40:45,180 RX_ECHO ignored
2026-10-09 18:40:45,180 RX_ECHO ignored
2026-10-09 18:40:45,180 RX_ECHO ignored
2026-10-09 18:40:45,180 RX_ECHO ignored
2026-10-09 18:40:45,180 RX_ECHO ignored
2026-10-09 18:40:45,181 RX_ECHO ignored
2026-10-09 18:40:45,181 RX_ECHO ignored
2026-10-09 18:40:45,181 RX_ECHO ignored
2026-10-09 18:40:45,181 RX_ECHO ignored
2026-10-09 18:40:45,181 RX_ECHO ignored
2026-10-09 18:40:45,181 RX_ECHO ignored
2026-10-09 18:40:45,181 RX_ECHO ignored
2026-10-09 18:40:45,181 RX_ECHO ignored
2026-10-09 18:40:45,181 RX_ECHO ignored
2026-10-09 18:40:45,181 RX_ECHO ignored
2026-10-09 18:40:45,181 RX_ECHO ignored
2026-10-09 18:40:45,181 RX_ECHO ignored
2026-10-09 18:40:45,181 RX_ECHO ignored
2026-10-09 18:40:45,182 RX_ECHO ignored
2026-10-09 18:40:45,182 RX_ECHO ignored
2026-10-09 18:40:45,182 RX_ECHO ignored
2026-10-09 18:40:45,182 RX_ECHO ignored
2026-10-09 18:40:45,182 RX_ECHO ignored
2026-10-09 18:40:45,182 RX_ECHO ignored
2026-10-09 18:40:45,182 RX_ECHO ignored
2026-10-09 18:40:45,182 RX_ECHO ignored
2026-10-09 18:40:45,182 RX_ECHO ignored
2026-10-09 18:40:45,182 RX_ECHO ignored
2026-10-09 18:40:45,182 RX_ECHO ignored
2026-10-09 18:40:45,182 RX_ECHO ignored
2026-10-09 18:40:45,182 RX_ECHO ignored
2026-10-09 18:40:45,183 RX_ECHO ignored
2026-10-09 18:40:45,183 RX_ECHO ignored
2026-10-09 18:40:45,183 RX_ECHO ignored
2026-10-09 18:40:45,183 RX_ECHO ignored
2026-10-09 18:40:45,183 RX_ECHO ignored
2026-10-09 18:40:45,183 RX_ECHO ignored
2026-10-09 18:40:45,183 RX_ECHO ignored
2026-10-09 18:40:45,183 RX_ECHO ignored
2026-10-09 18:40:45,183 RX_ECHO ignored
2026-10-09 18:40:45,183 RX_ECHO ignored
2026-10-09 18:40:45,183 RX_ECHO ignored
2026-10-09 18:40:45,183 RX_ECHO ignored
2026-10-09 18:40:45,184 RX_ECHO ignored
2026-10-09 18:40:45,184 RX_ECHO ignored
2026-10-09 18:40:45,184 RX_ECHO ignored
2026-10-09 18:40:45,184 RX_ECHO ignored
2026-10-09 18:40:45,184 RX_ECHO ignored
2026-10-09 18:40:45,184 RX_ECHO ignored
2026-10-09 18:40:45,184 RX_ECHO ignored
2026-10-09 18:40:45,184 RX_ECHO ignored
2026-10-09 18:40:45,184 RX_ECHO ignored
2026-10-09 18:40:45,184 RX_ECHO ignored
2026-10-09 18:40:45,184 RX_ECHO ignored
2026-10-09 18:40:45,184 RX_ECHO ignored
2026-10-09 18:40:45,184 RX_ECHO ignored
2026-10-09 18:40:45,185 RX_ECHO ignored
2026-10-09 18:40:45,185 RX_ECHO ignored
2026-10-09 18:40:45,185 RX_ECHO ignored
2026-10-09 18:40:45,185 RX_ECHO ignored
2026-10-09 18:40:45,185 RX_ECHO ignored
2026-10-09 18:40:45,185 RX_ECHO ignored
2026-10-09 18:40:45,185 RX_ECHO ignored
2026-10-09 18:40:45,185 RX_ECHO ignored
2026-10-09 18:40:45,185 RX_ECHO ignored
2026-10-09 18:40:45,185 RX_ECHO ignored
2026-10-09 18:40:45,185 RX_ECHO ignored
2026-10-09 18:40:45,185 RX_ECHO ignored
2026-10-09 18:40:45,185 RX_ECHO ignored
2026-10-09 18:40:45,185 RX_ECHO ignored
2026-10-09 18:40:45,185 RX_ECHO ignored
2026-10-09 18:40:45,185 RX_ECHO ignored
2026-10-09 18:40:45,186 RX_ECHO ignored
2026-10-09 18:40:45,186 RX_ECHO ignored
2026-10-09 18:40:45,186 RX_ECHO ignored
2026-10-09 18:40:45,186 RX_ECHO ignored
2026-10-09 18:40:45,186 RX_ECHO ignored
2026-10-09 18:40:45,186 RX_ECHO ignored
2026-10-09 18:40:45,186 RX_ECHO ignored
2026-10-09 18:40:45,186 RX_ECHO ignored
2026-10-09 18:40:45,186 RX_ECHO ignored
2026-10-09 18:40:45,186 RX_ECHO ignored
2026-10-09 18:40:45,186 RX_ECHO ignored
2026-10-09 18:40:45,186 RX_ECHO ignored
2026-10-09 18:40:45,186 RX_ECHO ignored
2026-10-09 18:40:45,186 RX_ECHO ignored
2026-10-09 18:40:45,186 RX_ECHO ignored
2026-10-09 18:40:45,186 RX_ECHO ignored
2026-10-09 18:40:45,186 RX_ECHO ignored
2026-10-09 18:40:45,186 RX_ECHO ignored
2026-10-09 18:40:45,186 RX_ECHO ignored
2026-10-09 18:40:45,186 RX_ECHO ignored
2026-10-09 18:40:45,186 RX_ECHO ignored
2026-10-09 18:40:45,186 RX_ECHO ignored
2026-10-09 18:40:45,186 RX_ECHO ignored
2026-10-09 18:40:45,187 RX_ECHO ignored
2026-10-09 18:40:45,187 RX_ECHO ignored
2026-10-09 18:40:45,187 RX_ECHO ignored
2026-10-09 18:40:45,187 RX_ECHO ignored
2026-10-09 18:40:45,187 RX_ECHO ignored
2026-10-09 18:40:45,187 RX_ECHO ignored
2026-10-09 18:40:45,187 RX_ECHO ignored
2026-10-09 18:40:45,187 RX_ECHO ignored
2026-10-09 18:40:45,187 RX_ECHO ignored
2026-10-09 18:40:45,187 RX_ECHO ignored
2026-10-09 18:40:45,187 RX_ECHO ignored
2026-10-09 18:40:45,187 RX_ECHO ignored
2026-10-09 18:40:45,188 RX_ECHO ignored
2026-10-09 18:40:45,188 RX_ECHO ignored
2026-10-09 18:40:45,188 RX_ECHO ignored
2026-10-09 18:40:45,188 RX_ECHO ignored
2026-10-09 18:40:45,188 RX_ECHO ignored
2026-10-09 18:40:45,188 RX_ECHO ignored
2026-10-09 18:40:45,188 RX_ECHO ignored
2026-10-09 18:40:45,188 RX_ECHO ignored
2026-10-09 18:40:45,188 RX_ECHO ignored
2026-10-09 18:40:45,188 RX_ECHO ignored
2026-10-09 18:40:45,188 RX_ECHO ignored
2026-10-09 18:40:45,188 RX_ECHO ignored
2026-10-09 18:40:45,188 RX_ECHO ignored
2026-10-09 18:40:45,189 RX_ECHO ignored
2026-10-09 18:40:45,189 RX_ECHO ignored
2026-10-09 18:40:45,189 RX_ECHO ignored
2026-10-09 18:40:45,189 RX_ECHO ignored
2026-10-09 18:40:45,189 RX_ECHO ignored
2026-10-09 18:40:45,189 RX_ECHO ignored
2026-10-09 18:40:45,189 RX_ECHO ignored
2026-10-09 18:40:45,189 RX_ECHO ignored
2026-10-09 18:40:45,189 RX_ECHO ignored
2026-10-09 18:40:45,189 RX_ECHO ignored
2026-10-09 18:40:45,189 RX_ECHO ignored
2026-10-09 18:40:45,189 RX_ECHO ignored
2026-10-09 18:40:45,189 RX_ECHO ignored
2026-10-09 18:40:45,190 RX_ECHO ignored
2026-10-09 18:40:45,190 RX_ECHO ignored
2026-10-09 18:40:45,190 RX_ECHO ignored
2026-10-09 18:40:45,190 RX_ECHO ignored
2026-10-09 18:40:45,190 RX_ECHO ignored
2026-10-09 18:40:45,190 RX_ECHO ignored
2026-10-09 18:40:45,190 RX_ECHO ignored
2026-10-09 18:40:45,190 RX_ECHO ignored
2026-10-09 18:40:45,190 RX_ECHO ignored
2026-10-09 18:40:45,190 RX_ECHO ignored
2026-10-09 18:40:45,190 RX_ECHO ignored
2026-10-09 18:40:45,190 RX_ECHO ignored
2026-10-09 18:40:45,190 RX_ECHO ignored
2026-10-09 18:40:45,191 RX_ECHO ignored
2026-10-09 18:40:45,191 RX_ECHO ignored
2026-10-09 18:40:45,191 RX_ECHO ignored
2026-10-09 18:40:45,191 RX_ECHO ignored
2026-10-09 18:40:45,191 RX_ECHO ignored
2026-10-09 18:40:45,191 RX_ECHO ignored
2026-10-09 18:40:45,191 RX_ECHO ignored
2026-10-09 18:40:45,191 RX_ECHO ignored
2026-10-09 18:40:45,191 RX_ECHO ignored
2026-10-09 18:40:45,191 RX_ECHO ignored
2026-10-09 18:40:45,191 RX_ECHO ignored
2026-10-09 18:40:45,191 RX_ECHO ignored
2026-10-09 18:40:45,191 RX_ECHO ignored
2026-10-09 18:40:45,192 RX_ECHO ignored
2026-10-09 18:40:45,192 RX_ECHO ignored
2026-10-09 18:40:45,192 RX_ECHO ignored
2026-10-09 18:40:45,192 RX_ECHO ignored
2026-10-09 18:40:45,192 RX_ECHO ignored
2026-10-09 18:40:45,192 RX_ECHO ignored
2026-10-09 18:40:45,192 RX_ECHO ignored
2026-10-09 18:40:45,192 RX_ECHO ignored
2026-10-09 18:40:45,192 RX_ECHO ignored
2026-10-09 18:40:45,192 RX_ECHO ignored
2026-10-09 18:40:45,192 RX_ECHO ignored
2026-10-09 18:40:45,192 RX_ECHO ignored
2026-10-09 18:40:45,193 RX_ECHO ignored
2026-10-09 18:40:45,193 RX_ECHO ignored
2026-10-09 18:40:45,193 RX_ECHO ignored
2026-10-09 18:40:45,193 RX_ECHO ignored
2026-10-09 18:40:45,193 RX_ECHO ignored
2026-10-09 18:40:45,193 RX_ECHO ignored
2026-10-09 18:40:45,193 RX_ECHO ignored
2026-10-09 18:40:45,193 RX_ECHO ignored
2026-10-09 18:40:45,193 RX_ECHO ignored
2026-10-09 18:40:45,193 RX_ECHO ignored
2026-10-09 18:40:45,193 RX_ECHO ignored
2026-10-09 18:40:45,193 RX_ECHO ignored
2026-10-09 18:40:45,193 RX_ECHO ignored
2026-10-09 18:40:45,193 RX_ECHO ignored
2026-10-09 18:40:45,193 RX_ECHO ignored
2026-10-09 18:40:45,193 RX_ECHO ignored
2026-10-09 18:40:45,193 RX_ECHO ignored
2026-10-09 18:40:45,194 RX_ECHO ignored
2026-10-09 18:40:45,194 RX_ECHO ignored
2026-10-09 18:40:45,194 RX_ECHO ignored
2026-10-09 18:40:45,194 RX_ECHO ignored
2026-10-09 18:40:45,194 RX_ECHO ignored
2026-10-09 18:40:45,194 RX_ECHO ignored
2026-10-09 18:40:45,194 RX_ECHO ignored
2026-10-09 18:40:45,194 RX_ECHO ignored
2026-10-09 18:40:45,194 RX_ECHO ignored
2026-10-09 18:40:45,194 RX_ECHO ignored
2026-10-09 18:40:45,194 RX_ECHO ignored
2026-10-09 18:40:45,194 RX_ECHO ignored
2026-10-09 18:40:45,194 RX_ECHO ignored
2026-10-09 18:40:45,194 RX_ECHO ignored
2026-10-09 18:40:45,194 RX_ECHO ignored
2026-10-09 18:40:45,194 RX_ECHO ignored
2026-10-09 18:40:45,195 RX_ECHO ignored
2026-10-09 18:40:45,195 RX_ECHO ignored
2026-10-09 18:40:45,195 RX_ECHO ignored
2026-10-09 18:40:45,195 RX_ECHO ignored
2026-10-09 18:40:45,195 RX_ECHO ignored
2026-10-09 18:40:45,195 RX_ECHO ignored
2026-10-09 18:40:45,195 RX_ECHO ignored
2026-10-09 18:40:45,195 RX_ECHO ignored
2026-10-09 18:40:45,195 RX_ECHO ignored
2026-10-09 18:40:45,195 RX_ECHO ignored
2026-10-09 18:40:45,195 RX_ECHO ignored
2026-10-09 18:40:45,195 RX_ECHO ignored
2026-10-09 18:40:45,195 RX_ECHO ignored
2026-10-09 18:40:45,195 RX_ECHO ignored
2026-10-09 18:40:45,195 RX_ECHO ignored
2026-10-09 18:40:45,195 RX_ECHO ignored
2026-10-09 18:40:45,196 RX_ECHO ignored
2026-10-09 18:40:45,196 RX_ECHO ignored
2026-10-09 18:40:45,196 RX_ECHO ignored
2026-10-09 18:40:45,196 RX_ECHO ignored
2026-10-09 18:40:45,196 RX_ECHO ignored
2026-10-09 18:40:45,196 RX_ECHO ignored
2026-10-09 18:40:45,196 RX_ECHO ignored
2026-10-09 18:40:45,196 RX_ECHO ignored
2026-10-09 18:40:45,196 RX_ECHO ignored
2026-10-09 18:40:45,196 RX_ECHO ignored
2026-10-09 18:40:45,196 RX_ECHO ignored
2026-10-09 18:40:45,196 RX_ECHO ignored
2026-10-09 18:40:45,197 RX_ECHO ignored
2026-10-09 18:40:45,197 RX_ECHO ignored
2026-10-09 18:40:45,197 RX_ECHO ignored
2026-10-09 18:40:45,197 RX_ECHO ignored
2026-10-09 18:40:45,197 RX_ECHO ignored
2026-10-09 18:40:45,197 RX_ECHO ignored
2026-10-09 18:40:45,197 RX_ECHO ignored
2026-10-09 18:40:45,197 RX_ECHO ignored
2026-10-09 18:40:45,197 RX_ECHO ignored
2026-10-09 18:40:45,197 RX_ECHO ignored
2026-10-09 18:40:45,197 RX_ECHO ignored
2026-10-09 18:40:45,197 RX_ECHO ignored
2026-10-09 18:40:45,198 RX_ECHO ignored
2026-10-09 18:40:45,198 RX_ECHO ignored
2026-10-09 18:40:45,198 RX_ECHO ignored
2026-10-09 18:40:45,198 RX_ECHO ignored
2026-10-09 18:40:45,198 RX_ECHO ignored
2026-10-09 18:40:45,198 RX_ECHO ignored
2026-10-09 18:40:45,198 RX_ECHO ignored
2026-10-09 18:40:45,198 RX_ECHO ignored
2026-10-09 18:40:45,198 RX_ECHO ignored
2026-10-09 18:40:45,198 RX_ECHO ignored
2026-10-09 18:40:45,198 RX_ECHO ignored
2026-10-09 18:40:45,198 RX_ECHO ignored
2026-10-09 18:40:45,199 RX_ECHO ignored
2026-10-09 18:40:45,199 RX_ECHO ignored
2026-10-09 18:40:45,199 RX_ECHO ignored
2026-10-09 18:40:45,199 RX_ECHO ignored
2026-10-09 18:40:45,199 RX_ECHO ignored
2026-10-09 18:40:45,199 RX_ECHO ignored
2026-10-09 18:40:45,199 RX_ECHO ignored
2026-10-09 18:40:45,199 RX_ECHO ignored
2026-10-09 18:40:45,199 RX_ECHO ignored
2026-10-09 18:40:45,199 RX_ECHO ignored
2026-10-09 18:40:45,199 RX_ECHO ignored
2026-10-09 18:40:45,199 RX_ECHO ignored
2026-10-09 18:40:45,199 RX_ECHO ignored
2026-10-09 18:40:45,199 RX_ECHO ignored
2026-10-09 18:40:45,200 RX_ECHO ignored
2026-10-09 18:40:45,200 RX_ECHO ignored
2026-10-09 18:40:45,200 RX_ECHO ignored
2026-10-09 18:40:45,200 RX_ECHO ignored
2026-10-09 18:40:45,200 RX_ECHO ignored
2026-10-09 18:40:45,200 RX_ECHO ignored
2026-10-09 18:40:45,200 RX_ECHO ignored
2026-10-09 18:40:45,200 RX_ECHO ignored
2026-10-09 18:40:45,200 RX_ECHO ignored
2026-10-09 18:40:45,200 RX_ECHO ignored
2026-10-09 18:40:45,200 RX_ECHO ignored
2026-10-09 18:40:45,200 RX_ECHO ignored
2026-10-09 18:40:45,200 RX_ECHO ignored
2026-10-09 18:40:45,200 RX_ECHO ignored
2026-10-09 18:40:45,200 RX_ECHO ignored
2026-10-09 18:40:45,200 RX_ECHO ignored
2026-10-09 18:40:45,200 RX_ECHO ignored
2026-10-09 18:40:45,201 RX_ECHO ignored
2026-10-09 18:40:45,201 RX_ECHO ignored
2026-10-09 18:40:45,201 RX_ECHO ignored
2026-10-09 18:40:45,201 RX_ECHO ignored
2026-10-09 18:40:45,201 RX_ECHO ignored
2026-10-09 18:40:45,201 RX_ECHO ignored
2026-10-09 18:40:45,201 RX_ECHO ignored
2026-10-09 18:40:45,201 RX_ECHO ignored
2026-10-09 18:40:45,201 RX_ECHO ignored
2026-10-09 18:40:45,201 RX_ECHO ignored
2026-10-09 18:40:45,201 RX_ECHO ignored
2026-10-09 18:40:45,201 RX_ECHO ignored
2026-10-09 18:40:45,202 RX_ECHO ignored
2026-10-09 18:40:45,202 RX_ECHO ignored
2026-10-09 18:40:45,202 RX_ECHO ignored
2026-10-09 18:40:45,202 RX_ECHO ignored
2026-10-09 18:40:45,202 RX_ECHO ignored
2026-10-09 18:40:45,202 RX_ECHO ignored
2026-10-09 18:40:45,202 RX_ECHO ignored
2026-10-09 18:40:45,202 RX_ECHO ignored
2026-10-09 18:40:45,202 RX_ECHO ignored
2026-10-09 18:40:45,202 RX_ECHO ignored
2026-10-09 18:40:45,202 RX_ECHO ignored
2026-10-09 18:40:45,202 RX_ECHO ignored
2026-10-09 18:40:45,202 RX_ECHO ignored
2026-10-09 18:40:45,203 RX_ECHO ignored
2026-10-09 18:40:45,203 RX_ECHO ignored
2026-10-09 18:40:45,203 RX_ECHO ignored
2026-10-09 18:40:45,203 RX_ECHO ignored
2026-10-09 18:40:45,203 RX_ECHO ignored
2026-10-09 18:40:45,203 RX_ECHO ignored
2026-10-09 18:40:45,203 RX_ECHO ignored
2026-10-09 18:40:45,203 RX_ECHO ignored
2026-10-09 18:40:45,203 RX_ECHO ignored
2026-10-09 18:40:45,203 RX_ECHO ignored
2026-10-09 18:40:45,203 RX_ECHO ignored
2026-10-09 18:40:45,203 RX_ECHO ignored
2026-10-09 18:40:45,203 RX_ECHO ignored
2026-10-09 18:40:45,204 RX_ECHO ignored
2026-10-09 18:40:45,204 RX_ECHO ignored
2026-10-09 18:40:45,204 RX_ECHO ignored
2026-10-09 18:40:45,204 RX_ECHO ignored
2026-10-09 18:40:45,204 RX_ECHO ignored
2026-10-09 18:40:45,204 RX_ECHO ignored
2026-10-09 18:40:45,204 RX_ECHO ignored
2026-10-09 18:40:45,204 RX_ECHO ignored
2026-10-09 18:40:45,204 RX_ECHO ignored
2026-10-09 18:40:45,204 RX_ECHO ignored
2026-10-09 18:40:45,204 RX_ECHO ignored
2026-10-09 18:40:45,204 RX_ECHO ignored
2026-10-09 18:40:45,204 RX_ECHO ignored
2026-10-09 18:40:45,205 RX_ECHO ignored
2026-10-09 18:40:45,205 RX_ECHO ignored
2026-10-09 18:40:45,205 RX_ECHO ignored
2026-10-09 18:40:45,205 RX_ECHO ignored
2026-10-09 18:40:45,205 RX_ECHO ignored
2026-10-09 18:40:45,205 RX_ECHO ignored
2026-10-09 18:40:45,205 RX_ECHO ignored
2026-10-09 18:40:45,205 RX_ECHO ignored
2026-10-09 18:40:45,205 RX_ECHO ignored
2026-10-09 18:40:45,205 RX_ECHO ignored
2026-10-09 18:40:45,205 RX_ECHO ignored
2026-10-09 18:40:45,205 RX_ECHO ignored
2026-10-09 18:40:45,205 RX_ECHO ignored
2026-10-09 18:40:45,205 RX_ECHO ignored
2026-10-09 18:40:45,205 RX_ECHO ignored
2026-10-09 18:40:45,206 RX_ECHO ignored
2026-10-09 18:40:45,206 RX_ECHO ignored
2026-10-09 18:40:45,206 RX_ECHO ignored
2026-10-09 18:40:45,206 RX_ECHO ignored
2026-10-09 18:40:45,206 RX_ECHO ignored
2026-10-09 18:40:45,206 RX_ECHO ignored
2026-10-09 18:40:45,206 RX_ECHO ignored
2026-10-09 18:40:45,206 RX_ECHO ignored
2026-10-09 18:40:45,206 RX_ECHO ignored
2026-10-09 18:40:45,206 RX_ECHO ignored
2026-10-09 18:40:45,206 RX_ECHO ignored
2026-10-09 18:40:45,206 RX_ECHO ignored
2026-10-09 18:40:45,206 RX_ECHO ignored
2026-10-09 18:40:45,206 RX_ECHO ignored
2026-10-09 18:40:45,206 RX_ECHO ignored
2026-10-09 18:40:45,206 RX_ECHO ignored
2026-10-09 18:40:45,206 RX_ECHO ignored
2026-10-09 18:40:45,206 RX_ECHO ignored
2026-10-09 18:40:45,206 RX_ECHO ignored
2026-10-09 18:40:45,206 RX_ECHO ignored
2026-10-09 18:40:45,206 RX_ECHO ignored
2026-10-09 18:40:45,207 RX_ECHO ignored
2026-10-09 18:40:45,207 RX_ECHO ignored
2026-10-09 18:40:45,207 RX_ECHO ignored
2026-10-09 18:40:45,207 RX_ECHO ignored
2026-10-09 18:40:45,207 RX_ECHO ignored
2026-10-09 18:40:45,207 RX_ECHO ignored
2026-10-09 18:40:45,207 RX_ECHO ignored
2026-10-09 18:40:45,207 RX_ECHO ignored
2026-10-09 18:40:45,207 RX_ECHO ignored
2026-10-09 18:40:45,207 RX_ECHO ignored
2026-10-09 18:40:45,207 RX_ECHO ignored
2026-10-09 18:40:45,207 RX_ECHO ignored
2026-10-09 18:40:45,207 RX_ECHO ignored
2026-10-09 18:40:45,207 RX_ECHO ignored
2026-10-09 18:40:45,207 RX_ECHO ignored
2026-10-09 18:40:45,208 RX_ECHO ignored
2026-10-09 18:40:45,208 RX_ECHO ignored
2026-10-09 18:40:45,208 RX_ECHO ignored
2026-10-09 18:40:45,208 RX_ECHO ignored
2026-10-09 18:40:45,208 RX_ECHO ignored
2026-10-09 18:40:45,208 RX_ECHO ignored
2026-10-09 18:40:45,208 RX_ECHO ignored
2026-10-09 18:40:45,208 RX_ECHO ignored
2026-10-09 18:40:45,208 RX_ECHO ignored
2026-10-09 18:40:45,208 RX_ECHO ignored
2026-10-09 18:40:45,208 RX_ECHO ignored
2026-10-09 18:40:45,208 RX_ECHO ignored
2026-10-09 18:40:45,208 RX_ECHO ignored
2026-10-09 18:40:45,209 RX_ECHO ignored
2026-10-09 18:40:45,209 RX_ECHO ignored
2026-10-09 18:40:45,209 RX_ECHO ignored
2026-10-09 18:40:45,209 RX_ECHO ignored
2026-10-09 18:40:45,209 RX_ECHO ignored
2026-10-09 18:40:45,209 RX_ECHO ignored
2026-10-09 18:40:45,209 RX_ECHO ignored
2026-10-09 18:40:45,209 RX_ECHO ignored
2026-10-09 18:40:45,209 RX_ECHO ignored
2026-10-09 18:40:45,209 RX_ECHO ignored
2026-10-09 18:40:45,209 RX_ECHO ignored
2026-10-09 18:40:45,209 RX_ECHO ignored
2026-10-09 18:40:45,209 RX_ECHO ignored
2026-10-09 18:40:45,210 RX_ECHO ignored
2026-10-09 18:40:45,210 RX_ECHO ignored
2026-10-09 18:40:45,210 RX_ECHO ignored
2026-10-09 18:40:45,210 RX_ECHO ignored
2026-10-09 18:40:45,210 RX_ECHO ignored
2026-10-09 18:40:45,210 RX_ECHO ignored
2026-10-09 18:40:45,210 RX_ECHO ignored
2026-10-09 18:40:45,210 RX_ECHO ignored
2026-10-09 18:40:45,210 RX_ECHO ignored
2026-10-09 18:40:45,210 RX_ECHO ignored
2026-10-09 18:40:45,210 RX_ECHO ignored
2026-10-09 18:40:45,210 RX_ECHO ignored
2026-10-09 18:40:45,211 RX_ECHO ignored
2026-10-09 18:40:45,211 RX_ECHO ignored
2026-10-09 18:40:45,211 RX_ECHO ignored
2026-10-09 18:40:45,211 RX_ECHO ignored
2026-10-09 18:40:45,211 RX_ECHO ignored
2026-10-09 18:40:45,211 RX_ECHO ignored
2026-10-09 18:40:45,211 RX_ECHO ignored
2026-10-09 18:40:45,211 RX_ECHO ignored
2026-10-09 18:40:45,211 RX_ECHO ignored
2026-10-09 18:40:45,211 RX_ECHO ignored
2026-10-09 18:40:45,211 RX_ECHO ignored
2026-10-09 18:40:45,211 RX_ECHO ignored
2026-10-09 18:40:45,211 RX_ECHO ignored
2026-10-09 18:40:45,212 RX_ECHO ignored
2026-10-09 18:40:45,212 RX_ECHO ignored
2026-10-09 18:40:45,212 RX_ECHO ignored
2026-10-09 18:40:45,212 RX_ECHO ignored
2026-10-09 18:40:45,212 RX_ECHO ignored
2026-10-09 18:40:45,212 RX_ECHO ignored
2026-10-09 18:40:45,212 RX_ECHO ignored
2026-10-09 18:40:45,212 RX_ECHO ignored
2026-10-09 18:40:45,212 RX_ECHO ignored
2026-10-09 18:40:45,212 RX_ECHO ignored
2026-10-09 18:40:45,212 RX_ECHO ignored
2026-10-09 18:40:45,212 RX_ECHO ignored
2026-10-09 18:40:45,212 RX_ECHO ignored
2026-10-09 18:40:45,213 RX_ECHO ignored
2026-10-09 18:40:45,213 RX_ECHO ignored
2026-10-09 18:40:45,213 RX_ECHO ignored
2026-10-09 18:40:45,213 RX_ECHO ignored
2026-10-09 18:40:45,213 RX_ECHO ignored
2026-10-09 18:40:45,213 RX_ECHO ignored
2026-10-09 18:40:45,213 RX_ECHO ignored
2026-10-09 18:40:45,213 RX_ECHO ignored
2026-10-09 18:40:45,213 RX_ECHO ignored
2026-10-09 18:40:45,213 RX_ECHO ignored
2026-10-09 18:40:45,213 RX_ECHO ignored
2026-10-09 18:40:45,213 RX_ECHO ignored
2026-10-09 18:40:45,213 RX_ECHO ignored
2026-10-09 18:40:45,214 RX_ECHO ignored
2026-10-09 18:40:45,214 RX_ECHO ignored
2026-10-09 18:40:45,214 RX_ECHO ignored
2026-10-09 18:40:45,214 RX_ECHO ignored
2026-10-09 18:40:45,214 RX_ECHO ignored
2026-10-09 18:40:45,214 RX_ECHO ignored
2026-10-09 18:40:45,214 RX_ECHO ignored
2026-10-09 18:40:45,214 RX_ECHO ignored
2026-10-09 18:40:45,214 RX_ECHO ignored
2026-10-09 18:40:45,214 RX_ECHO ignored
2026-10-09 18:40:45,214 RX_ECHO ignored
2026-10-09 18:40:45,214 RX_ECHO ignored
2026-10-09 18:40:45,214 RX_ECHO ignored
2026-10-09 18:40:45,215 RX_ECHO ignored
2026-10-09 18:40:45,215 RX_ECHO ignored
2026-10-09 18:40:45,215 RX_ECHO ignored
2026-10-09 18:40:45,215 RX_ECHO ignored
2026-10-09 18:40:45,215 RX_ECHO ignored
2026-10-09 18:40:45,215 RX_ECHO ignored
2026-10-09 18:40:45,215 RX_ECHO ignored
2026-10-09 18:40:45,215 RX_ECHO ignored
2026-10-09 18:40:45,215 RX_ECHO ignored
2026-10-09 18:40:45,215 RX_ECHO ignored
2026-10-09 18:40:45,215 RX_ECHO ignored
2026-10-09 18:40:45,215 RX_ECHO ignored
2026-10-09 18:40:45,216 RX_ECHO ignored
2026-10-09 18:40:45,216 RX_ECHO ignored
2026-10-09 18:40:45,216 RX_ECHO ignored
2026-10-09 18:40:45,216 RX_ECHO ignored
2026-10-09 18:40:45,216 RX_ECHO ignored
2026-10-09 18:40:45,216 RX_ECHO ignored
2026-10-09 18:40:45,216 RX_ECHO ignored
2026-10-09 18:40:45,216 RX_ECHO ignored
2026-10-09 18:40:45,216 RX_ECHO ignored
2026-10-09 18:40:45,216 RX_ECHO ignored
2026-10-09 18:40:45,216 RX_ECHO ignored
2026-10-09 18:40:45,216 RX_ECHO ignored
2026-10-09 18:40:45,216 RX_ECHO ignored
2026-10-09 18:40:45,217 RX_ECHO ignored
2026-10-09 18:40:45,217 RX_ECHO ignored
2026-10-09 18:40:45,217 RX_ECHO ignored
2026-10-09 18:40:45,217 RX_ECHO ignored
2026-10-09 18:40:45,217 RX_ECHO ignored
2026-10-09 18:40:45,217 RX_ECHO ignored
2026-10-09 18:40:45,217 RX_ECHO ignored
2026-10-09 18:40:45,217 RX_ECHO ignored
2026-10-09 18:40:45,217 RX_ECHO ignored
2026-10-09 18:40:45,217 RX_ECHO ignored
2026-10-09 18:40:45,217 RX_ECHO ignored
2026-10-09 18:40:45,217 RX_ECHO ignored
2026-10-09 18:40:45,217 RX_ECHO ignored
2026-10-09 18:40:45,217 RX_ECHO ignored
2026-10-09 18:40:45,217 RX_ECHO ignored
2026-10-09 18:40:45,218 RX_ECHO ignored
2026-10-09 18:40:45,218 RX_ECHO ignored
2026-10-09 18:40:45,218 RX_ECHO ignored
2026-10-09 18:40:45,218 RX_ECHO ignored
2026-10-09 18:40:45,218 RX_ECHO ignored
2026-10-09 18:40:45,218 RX_ECHO ignored
2026-10-09 18:40:45,218 RX_ECHO ignored
2026-10-09 18:40:45,218 RX_ECHO ignored
2026-10-09 18:40:45,218 RX_ECHO ignored
2026-10-09 18:40:45,218 RX_ECHO ignored
2026-10-09 18:40:45,218 RX_ECHO ignored
2026-10-09 18:40:45,218 RX_ECHO ignored
2026-10-09 18:40:45,218 RX_ECHO ignored
2026-10-09 18:40:45,218 RX_ECHO ignored
2026-10-09 18:40:45,218 RX_ECHO ignored
2026-10-09 18:40:45,218 RX_ECHO ignored
2026-10-09 18:40:45,218 RX_ECHO ignored
2026-10-09 18:40:45,218 RX_ECHO ignored
2026-10-09 18:40:45,218 RX_ECHO ignored
2026-10-09 18:40:45,218 RX_ECHO ignored
2026-10-09 18:40:45,218 RX_ECHO ignored
2026-10-09 18:40:45,218 RX_ECHO ignored
2026-10-09 18:40:45,218 RX_ECHO ignored
2026-10-09 18:40:45,219 RX_ECHO ignored
2026-10-09 18:40:45,219 RX_ECHO ignored
2026-10-09 18:40:45,219 RX_ECHO ignored
2026-10-09 18:40:45,219 RX_ECHO ignored
2026-10-09 18:40:45,219 RX_ECHO ignored
2026-10-09 18:40:45,219 RX_ECHO ignored
2026-10-09 18:40:45,219 RX_ECHO ignored
2026-10-09 18:40:45,219 RX_ECHO ignored
2026-10-09 18:40:45,219 RX_ECHO ignored
2026-10-09 18:40:45,219 RX_ECHO ignored
2026-10-09 18:40:45,219 RX_ECHO ignored
2026-10-09 18:40:45,219 RX_ECHO ignored
2026-10-09 18:40:45,219 RX_ECHO ignored
2026-10-09 18:40:45,220 RX_ECHO ignored
2026-10-09 18:40:45,220 RX_ECHO ignored
2026-10-09 18:40:45,220 RX_ECHO ignored
2026-10-09 18:40:45,220 RX_ECHO ignored
2026-10-09 18:40:45,220 RX_ECHO ignored
2026-10-09 18:40:45,221 RX_ECHO ignored
2026-10-09 18:40:45,221 RX_ECHO ignored
2026-10-09 18:40:45,221 RX_ECHO ignored
2026-10-09 18:40:45,221 RX_ECHO ignored
2026-10-09 18:40:45,221 RX_ECHO ignored
2026-10-09 18:40:45,221 RX_ECHO ignored
2026-10-09 18:40:45,221 RX_ECHO ignored
2026-10-09 18:40:45,221 RX_ECHO ignored
2026-10-09 18:40:45,221 RX_ECHO ignored
2026-10-09 18:40:45,221 RX_ECHO ignored
2026-10-09 18:40:45,221 RX_ECHO ignored
2026-10-09 18:40:45,221 RX_ECHO ignored
2026-10-09 18:40:45,221 RX_ECHO ignored
2026-10-09 18:40:45,221 RX_ECHO ignored
2026-10-09 18:40:45,221 RX_ECHO ignored
2026-10-09 18:40:45,221 RX_ECHO ignored
2026-10-09 18:40:45,221 RX_ECHO ignored
2026-10-09 18:40:45,221 RX_ECHO ignored
2026-10-09 18:40:45,221 RX_ECHO ignored
2026-10-09 18:40:45,221 RX_ECHO ignored
2026-10-09 18:40:45,221 RX_ECHO ignored
2026-10-09 18:40:45,222 RX_ECHO ignored
2026-10-09 18:40:45,222 RX_ECHO ignored
2026-10-09 18:40:45,222 RX_ECHO ignored
2026-10-09 18:40:45,222 RX_ECHO ignored
2026-10-09 18:40:45,222 RX_ECHO ignored
2026-10-09 18:40:45,222 RX_ECHO ignored
2026-10-09 18:40:45,222 RX_ECHO ignored
2026-10-09 18:40:45,222 RX_ECHO ignored
2026-10-09 18:40:45,222 RX_ECHO ignored
2026-10-09 18:40:45,222 RX_ECHO ignored
2026-10-09 18:40:45,222 RX_ECHO ignored
2026-10-09 18:40:45,222 RX_ECHO ignored
2026-10-09 18:40:45,222 RX_ECHO ignored
2026-10-09 18:40:45,223 RX_ECHO ignored
2026-10-09 18:40:45,223 RX_ECHO ignored
2026-10-09 18:40:45,223 RX_ECHO ignored
2026-10-09 18:40:45,223 RX_ECHO ignored
2026-10-09 18:40:45,223 RX_ECHO ignored
2026-10-09 18:40:45,223 RX_ECHO ignored
2026-10-09 18:40:45,223 RX_ECHO ignored
2026-10-09 18:40:45,223 RX_ECHO ignored
2026-10-09 18:40:45,223 RX_ECHO ignored
2026-10-09 18:40:45,223 RX_ECHO ignored
2026-10-09 18:40:45,223 RX_ECHO ignored
2026-10-09 18:40:45,223 RX_ECHO ignored
2026-10-09 18:40:45,223 RX_ECHO ignored
2026-10-09 18:40:45,223 RX_ECHO ignored
2026-10-09 18:40:45,223 RX_ECHO ignored
2026-10-09 18:40:45,223 RX_ECHO ignored
2026-10-09 18:40:45,224 RX_ECHO ignored
2026-10-09 18:40:45,224 RX_ECHO ignored
2026-10-09 18:40:45,224 RX_ECHO ignored
2026-10-09 18:40:45,224 RX_ECHO ignored
2026-10-09 18:40:45,224 RX_ECHO ignored
2026-10-09 18:40:45,224 RX_ECHO ignored
2026-10-09 18:40:45,224 RX_ECHO ignored
2026-10-09 18:40:45,224 RX_ECHO ignored
2026-10-09 18:40:45,224 RX_ECHO ignored
2026-10-09 18:40:45,224 RX_ECHO ignored
2026-10-09 18:40:45,224 RX_ECHO ignored
2026-10-09 18:40:45,224 RX_ECHO ignored
2026-10-09 18:40:45,224 RX_ECHO ignored
2026-10-09 18:40:45,224 RX_ECHO ignored
2026-10-09 18:40:45,224 RX_ECHO ignored
2026-10-09 18:40:45,224 RX_ECHO ignored
2026-10-09 18:40:45,224 RX_ECHO ignored
2026-10-09 18:40:45,225 RX_ECHO ignored
2026-10-09 18:40:45,225 RX_ECHO ignored
2026-10-09 18:40:45,225 RX_ECHO ignored
2026-10-09 18:40:45,225 RX_ECHO ignored
2026-10-09 18:40:45,225 RX_ECHO ignored
2026-10-09 18:40:45,225 RX_ECHO ignored
2026-10-09 18:40:45,225 RX_ECHO ignored
2026-10-09 18:40:45,225 RX_ECHO ignored
2026-10-09 18:40:45,225 RX_ECHO ignored
2026-10-09 18:40:45,225 RX_ECHO ignored
2026-10-09 18:40:45,225 RX_ECHO ignored
2026-10-09 18:40:45,225 RX_ECHO ignored
2026-10-09 18:40:45,225 RX_ECHO ignored
2026-10-09 18:40:45,225 RX_ECHO ignored
2026-10-09 18:40:45,225 RX_ECHO ignored
2026-10-09 18:40:45,225 RX_ECHO ignored
2026-10-09 18:40:45,225 RX_ECHO ignored
2026-10-09 18:40:45,225 RX_ECHO ignored
2026-10-09 18:40:45,226 RX_ECHO ignored
2026-10-09 18:40:45,226 RX_ECHO ignored
2026-10-09 18:40:45,226 RX_ECHO ignored
2026-10-09 18:40:45,226 RX_ECHO ignored
2026-10-09 18:40:45,226 RX_ECHO ignored
2026-10-09 18:40:45,226 RX_ECHO ignored
2026-10-09 18:40:45,226 RX_ECHO ignored
2026-10-09 18:40:45,226 RX_ECHO ignored
2026-10-09 18:40:45,226 RX_ECHO ignored
2026-10-09 18:40:45,226 RX_ECHO ignored
2026-10-09 18:40:45,226 RX_ECHO ignored
2026-10-09 18:40:45,226 RX_ECHO ignored
2026-10-09 18:40:45,226 RX_ECHO ignored
2026-10-09 18:40:45,227 RX_ECHO ignored
2026-10-09 18:40:45,227 RX_ECHO ignored
2026-10-09 18:40:45,227 RX_ECHO ignored
2026-10-09 18:40:45,227 RX_ECHO ignored
2026-10-09 18:40:45,227 RX_ECHO ignored
2026-10-09 18:40:45,227 RX_ECHO ignored
2026-10-09 18:40:45,227 RX_ECHO ignored
2026-10-09 18:40:45,227 RX_ECHO ignored
2026-10-09 18:40:45,227 RX_ECHO ignored
2026-10-09 18:40:45,227 RX_ECHO ignored
2026-10-09 18:40:45,227 RX_ECHO ignored
2026-10-09 18:40:45,227 RX_ECHO ignored
2026-10-09 18:40:45,227 RX_ECHO ignored
2026-10-09 18:40:45,228 RX_ECHO ignored
2026-10-09 18:40:45,228 RX_ECHO ignored
2026-10-09 18:40:45,228 RX_ECHO ignored
2026-10-09 18:40:45,228 RX_ECHO ignored
2026-10-09 18:40:45,228 RX_ECHO ignored
2026-10-09 18:40:45,228 RX_ECHO ignored
2026-10-09 18:40:45,228 RX_ECHO ignored
2026-10-09 18:40:45,228 RX_ECHO ignored
2026-10-09 18:40:45,228 RX_ECHO ignored
2026-10-09 18:40:45,228 RX_ECHO ignored
2026-10-09 18:40:45,228 RX_ECHO ignored
2026-10-09 18:40:45,228 RX_ECHO ignored
2026-10-09 18:40:45,229 RX_ECHO ignored
2026-10-09 18:40:45,229 RX_ECHO ignored
2026-10-09 18:40:45,229 RX_ECHO ignored
2026-10-09 18:40:45,229 RX_ECHO ignored
2026-10-09 18:40:45,229 RX_ECHO ignored
2026-10-09 18:40:45,229 RX_ECHO ignored
2026-10-09 18:40:45,229 RX_ECHO ignored
2026-10-09 18:40:45,229 RX_ECHO ignored
2026-10-09 18:40:45,229 RX_ECHO ignored
2026-10-09 18:40:45,229 RX_ECHO ignored
2026-10-09 18:40:45,229 RX_ECHO ignored
2026-10-09 18:40:45,229 RX_ECHO ignored
2026-10-09 18:40:45,229 RX_ECHO ignored
2026-10-09 18:40:45,230 RX_ECHO ignored
2026-10-09 18:40:45,230 RX_ECHO ignored
2026-10-09 18:40:45,230 RX_ECHO ignored
2026-10-09 18:40:45,230 RX_ECHO ignored
2026-10-09 18:40:45,230 RX_ECHO ignored
2026-10-09 18:40:45,230 RX_ECHO ignored
2026-10-09 18:40:45,230 RX_ECHO ignored
2026-10-09 18:40:45,230 RX_ECHO ignored
2026-10-09 18:40:45,230 RX_ECHO ignored
2026-10-09 18:40:45,230 RX_ECHO ignored
2026-10-09 18:40:45,230 RX_ECHO ignored
2026-10-09 18:40:45,230 RX_ECHO ignored
2026-10-09 18:40:45,230 RX_ECHO ignored
2026-10-09 18:40:45,231 RX_ECHO ignored
2026-10-09 18:40:45,231 RX_ECHO ignored
2026-10-09 18:40:45,231 RX_ECHO ignored
2026-10-09 18:40:45,231 RX_ECHO ignored
2026-10-09 18:40:45,231 RX_ECHO ignored
2026-10-09 18:40:45,231 RX_ECHO ignored
2026-10-09 18:40:45,231 RX_ECHO ignored
2026-10-09 18:40:45,231 RX_ECHO ignored
2026-10-09 18:40:45,231 RX_ECHO ignored
2026-10-09 18:40:45,231 RX_ECHO ignored
2026-10-09 18:40:45,231 RX_ECHO ignored
2026-10-09 18:40:45,231 RX_ECHO ignored
2026-10-09 18:40:45,231 RX_ECHO ignored
2026-10-09 18:40:45,232 RX_ECHO ignored
2026-10-09 18:40:45,232 RX_ECHO ignored
2026-10-09 18:40:45,232 RX_ECHO ignored
2026-10-09 18:40:45,232 RX_ECHO ignored
2026-10-09 18:40:45,232 RX_ECHO ignored
2026-10-09 18:40:45,232 RX_ECHO ignored
2026-10-09 18:40:45,232 RX_ECHO ignored
2026-10-09 18:40:45,232 RX_ECHO ignored
2026-10-09 18:40:45,232 RX_ECHO ignored
2026-10-09 18:40:45,232 RX_ECHO ignored
2026-10-09 18:40:45,232 RX_ECHO ignored
2026-10-09 18:40:45,232 RX_ECHO ignored
2026-10-09 18:40:45,232 RX_ECHO ignored
2026-10-09 18:40:45,233 RX_ECHO ignored
2026-10-09 18:40:45,233 RX_ECHO ignored
2026-10-09 18:40:45,233 RX_ECHO ignored
2026-10-09 18:40:45,233 RX_ECHO ignored
2026-10-09 18:40:45,233 RX_ECHO ignored
2026-10-09 18:40:45,233 RX_ECHO ignored
2026-10-09 18:40:45,233 RX_ECHO ignored
2026-10-09 18:40:45,233 RX_ECHO ignored
2026-10-09 18:40:45,233 RX_ECHO ignored
2026-10-09 18:40:45,233 RX_ECHO ignored
2026-10-09 18:40:45,233 RX_ECHO ignored
2026-10-09 18:40:45,233 RX_ECHO ignored
2026-10-09 18:40:45,234 RX_ECHO ignored
2026-10-09 18:40:45,234 RX_ECHO ignored
2026-10-09 18:40:45,234 RX_ECHO ignored
2026-10-09 18:40:45,234 RX_ECHO ignored
2026-10-09 18:40:45,234 RX_ECHO ignored
2026-10-09 18:40:45,234 RX_ECHO ignored
2026-10-09 18:40:45,234 RX_ECHO ignored
2026-10-09 18:40:45,234 RX_ECHO ignored
2026-10-09 18:40:45,234 RX_ECHO ignored
2026-10-09 18:40:45,234 RX_ECHO ignored
2026-10-09 18:40:45,234 RX_ECHO ignored
2026-10-09 18:40:45,234 RX_ECHO ignored
2026-10-09 18:40:45,234 RX_ECHO ignored
2026-10-09 18:40:45,235 RX_ECHO ignored
2026-10-09 18:40:45,235 RX_ECHO ignored
2026-10-09 18:40:45,235 RX_ECHO ignored
2026-10-09 18:40:45,235 RX_ECHO ignored
2026-10-09 18:40:45,235 RX_ECHO ignored
2026-10-09 18:40:45,235 RX_ECHO ignored
2026-10-09 18:40:45,235 RX_ECHO ignored
2026-10-09 18:40:45,235 RX_ECHO ignored
2026-10-09 18:40:45,235 RX_ECHO ignored
2026-10-09 18:40:45,235 RX_ECHO ignored
2026-10-09 18:40:45,235 RX_ECHO ignored
2026-10-09 18:40:45,235 RX_ECHO ignored
2026-10-09 18:40:45,235 RX_ECHO ignored
2026-10-09 18:40:45,235 RX_ECHO ignored
2026-10-09 18:40:45,235 RX_ECHO ignored
2026-10-09 18:40:45,235 RX_ECHO ignored
2026-10-09 18:40:45,235 RX_ECHO ignored
2026-10-09 18:40:45,235 RX_ECHO ignored
2026-10-09 18:40:45,235 RX_ECHO ignored
2026-10-09 18:40:45,235 RX_ECHO ignored
2026-10-09 18:40:45,235 RX_ECHO ignored
2026-10-09 18:40:45,235 RX_ECHO ignored
2026-10-09 18:40:45,235 RX_ECHO ignored
2026-10-09 18:40:45,236 RX_ECHO ignored
2026-10-09 18:40:45,236 RX_ECHO ignored
2026-10-09 18:40:45,236 RX_ECHO ignored
2026-10-09 18:40:45,236 RX_ECHO ignored
2026-10-09 18:40:45,236 RX_ECHO ignored
2026-10-09 18:40:45,236 RX_ECHO ignored
2026-10-09 18:40:45,236 RX_ECHO ignored
2026-10-09 18:40:45,236 RX_ECHO ignored
2026-10-09 18:40:45,236 RX_ECHO ignored
2026-10-09 18:40:45,236 RX_ECHO ignored
2026-10-09 18:40:45,236 RX_ECHO ignored
2026-10-09 18:40:45,236 RX_ECHO ignored
2026-10-09 18:40:45,236 RX_ECHO ignored
2026-10-09 18:40:45,237 RX_ECHO ignored
2026-10-09 18:40:45,237 RX_ECHO ignored
2026-10-09 18:40:45,237 RX_ECHO ignored
2026-10-09 18:40:45,237 RX_ECHO ignored
2026-10-09 18:40:45,237 RX_ECHO ignored
2026-10-09 18:40:45,237 RX_ECHO ignored
2026-10-09 18:40:45,237 RX_ECHO ignored
2026-10-09 18:40:45,237 RX_ECHO ignored
2026-10-09 18:40:45,237 RX_ECHO ignored
2026-10-09 18:40:45,237 RX_ECHO ignored
2026-10-09 18:40:45,237 RX_ECHO ignored
2026-10-09 18:40:45,237 RX_ECHO ignored
2026-10-09 18:40:45,237 RX_ECHO ignored
2026-10-09 18:40:45,237 RX_ECHO ignored
2026-10-09 18:40:45,237 RX_ECHO ignored
2026-10-09 18:40:45,238 RX_ECHO ignored
2026-10-09 18:40:45,238 RX_ECHO ignored
2026-10-09 18:40:45,238 RX_ECHO ignored
2026-10-09 18:40:45,238 RX_ECHO ignored
2026-10-09 18:40:45,238 RX_ECHO ignored
2026-10-09 18:40:45,238 RX_ECHO ignored
2026-10-09 18:40:45,238 RX_ECHO ignored
2026-10-09 18:40:45,238 RX_ECHO ignored
2026-10-09 18:40:45,238 RX_ECHO ignored
2026-10-09 18:40:45,238 RX_ECHO ignored
2026-10-09 18:40:45,238 RX_ECHO ignored
2026-10-09 18:40:45,238 RX_ECHO ignored
2026-10-09 18:40:45,238 RX_ECHO ignored
2026-10-09 18:40:45,239 RX_ECHO ignored
2026-10-09 18:40:45,239 RX_ECHO ignored
2026-10-09 18:40:45,239 RX_ECHO ignored
2026-10-09 18:40:45,239 RX_ECHO ignored
2026-10-09 18:40:45,239 RX_ECHO ignored
2026-10-09 18:40:45,239 RX_ECHO ignored
2026-10-09 18:40:45,239 RX_ECHO ignored
2026-10-09 18:40:45,239 RX_ECHO ignored
2026-10-09 18:40:45,239 RX_ECHO ignored
2026-10-09 18:40:45,239 RX_ECHO ignored
2026-10-09 18:40:45,239 RX_ECHO ignored
2026-10-09 18:40:45,239 RX_ECHO ignored
2026-10-09 18:40:45,239 RX_ECHO ignored
2026-10-09 18:40:45,240 RX_ECHO ignored
2026-10-09 18:40:45,240 RX_ECHO ignored
2026-10-09 18:40:45,240 RX_ECHO ignored
2026-10-09 18:40:45,240 RX_ECHO ignored
2026-10-09 18:40:45,240 RX_ECHO ignored
2026-10-09 18:40:45,240 RX_ECHO ignored
2026-10-09 18:40:45,240 RX_ECHO ignored
2026-10-09 18:40:45,240 RX_ECHO ignored
2026-10-09 18:40:45,240 RX_ECHO ignored
2026-10-09 18:40:45,240 RX_ECHO ignored
2026-10-09 18:40:45,240 RX_ECHO ignored
2026-10-09 18:40:45,240 RX_ECHO ignored
2026-10-09 18:40:45,240 RX_ECHO ignored
2026-10-09 18:40:45,241 RX_ECHO ignored
2026-10-09 18:40:45,241 RX_ECHO ignored
2026-10-09 18:40:45,241 RX_ECHO ignored
2026-10-09 18:40:45,241 RX_ECHO ignored
2026-10-09 18:40:45,241 RX_ECHO ignored
2026-10-09 18:40:45,241 RX_ECHO ignored
2026-10-09 18:40:45,241 RX_ECHO ignored
2026-10-09 18:40:45,241 RX_ECHO ignored
2026-10-09 18:40:45,241 RX_ECHO ignored
2026-10-09 18:40:45,241 RX_ECHO ignored
2026-10-09 18:40:45,241 RX_ECHO ignored
2026-10-09 18:40:45,241 RX_ECHO ignored
2026-10-09 18:40:45,241 RX_ECHO ignored
2026-10-09 18:40:45,241 RX_ECHO ignored
2026-10-09 18:40:45,241 RX_ECHO ignored
2026-10-09 18:40:45,242 RX_ECHO ignored
2026-10-09 18:40:45,242 RX_ECHO ignored
2026-10-09 18:40:45,242 RX_ECHO ignored
2026-10-09 18:40:45,242 RX_ECHO ignored
2026-10-09 18:40:45,242 RX_ECHO ignored
2026-10-09 18:40:45,242 RX_ECHO ignored
2026-10-09 18:40:45,242 RX_ECHO ignored
2026-10-09 18:40:45,242 RX_ECHO ignored
2026-10-09 18:40:45,242 RX_ECHO ignored
2026-10-09 18:40:45,242 RX_ECHO ignored
2026-10-09 18:40:45,242 RX_ECHO ignored
2026-10-09 18:40:45,242 RX_ECHO ignored
2026-10-09 18:40:45,243 RX_ECHO ignored
2026-10-09 18:40:45,243 RX_ECHO ignored
2026-10-09 18:40:45,243 RX_ECHO ignored
2026-10-09 18:40:45,243 RX_ECHO ignored
2026-10-09 18:40:45,243 RX_ECHO ignored
2026-10-09 18:40:45,243 RX_ECHO ignored
2026-10-09 18:40:45,243 RX_ECHO ignored
2026-10-09 18:40:45,243 RX_ECHO ignored
2026-10-09 18:40:45,243 RX_ECHO ignored
2026-10-09 18:40:45,243 RX_ECHO ignored
2026-10-09 18:40:45,243 RX_ECHO ignored
2026-10-09 18:40:45,243 RX_ECHO ignored
2026-10-09 18:40:45,243 RX_ECHO ignored
2026-10-09 18:40:45,243 RX_ECHO ignored
2026-10-09 18:40:45,244 RX_ECHO ignored
2026-10-09 18:40:45,244 RX_ECHO ignored
2026-10-09 18:40:45,244 RX_ECHO ignored
2026-10-09 18:40:45,244 RX_ECHO ignored
2026-10-09 18:40:45,244 RX_ECHO ignored
2026-10-09 18:40:45,244 RX_ECHO ignored
2026-10-09 18:40:45,244 RX_ECHO ignored
2026-10-09 18:40:45,244 RX_ECHO ignored
2026-10-09 18:40:45,244 RX_ECHO ignored
2026-10-09 18:40:45,244 RX_ECHO ignored
2026-10-09 18:40:45,244 RX_ECHO ignored
2026-10-09 18:40:45,244 RX_ECHO ignored
2026-10-09 18:40:45,244 RX_ECHO ignored
2026-10-09 18:40:45,244 RX_ECHO ignored
2026-10-09 18:40:45,244 RX_ECHO ignored
2026-10-09 18:40:45,244 RX_ECHO ignored
2026-10-09 18:40:45,244 RX_ECHO ignored
2026-10-09 18:40:45,244 RX_ECHO ignored
2026-10-09 18:40:45,245 RX_ECHO ignored
2026-10-09 18:40:45,245 RX_ECHO ignored
2026-10-09 18:40:45,245 RX_ECHO ignored
2026-10-09 18:40:45,245 RX_ECHO ignored
2026-10-09 18:40:45,245 RX_ECHO ignored
2026-10-09 18:40:45,245 RX_ECHO ignored
2026-10-09 18:40:45,245 RX_ECHO ignored
2026-10-09 18:40:45,245 RX_ECHO ignored
2026-10-09 18:40:45,245 RX_ECHO ignored
2026-10-09 18:40:45,245 RX_ECHO ignored
2026-10-09 18:40:45,245 RX_ECHO ignored
2026-10-09 18:40:45,245 RX_ECHO ignored
2026-10-09 18:40:45,245 RX_ECHO ignored
2026-10-09 18:40:45,245 RX_ECHO ignored
2026-10-09 18:40:45,245 RX_ECHO ignored
2026-10-09 18:40:45,245 RX_ECHO ignored
2026-10-09 18:40:45,245 RX_ECHO ignored
2026-10-09 18:40:45,245 RX_ECHO ignored
2026-10-09 18:40:45,246 RX_ECHO ignored
2026-10-09 18:40:45,246 RX_ECHO ignored
2026-10-09 18:40:45,246 RX_ECHO ignored
2026-10-09 18:40:45,246 RX_ECHO ignored
2026-10-09 18:40:45,246 RX_ECHO ignored
2026-10-09 18:40:45,246 RX_ECHO ignored
2026-10-09 18:40:45,246 RX_ECHO ignored
2026-10-09 18:40:45,246 RX_ECHO ignored
2026-10-09 18:40:45,246 RX_ECHO ignored
2026-10-09 18:40:45,246 RX_ECHO ignored
2026-10-09 18:40:45,246 RX_ECHO ignored
2026-10-09 18:40:45,246 RX_ECHO ignored
2026-10-09 18:40:45,247 RX_ECHO ignored
2026-10-09 18:40:45,247 RX_ECHO ignored
2026-10-09 18:40:45,247 RX_ECHO ignored
2026-10-09 18:40:45,247 RX_ECHO ignored
2026-10-09 18:40:45,247 RX_ECHO ignored
2026-10-09 18:40:45,247 RX_ECHO ignored
2026-10-09 18:40:45,247 RX_ECHO ignored
2026-10-09 18:40:45,247 RX_ECHO ignored
2026-10-09 18:40:45,247 RX_ECHO ignored
2026-10-09 18:40:45,247 RX_ECHO ignored
2026-10-09 18:40:45,247 RX_ECHO ignored
2026-10-09 18:40:45,247 RX_ECHO ignored
2026-10-09 18:40:45,247 RX_ECHO ignored
2026-10-09 18:40:45,248 RX_ECHO ignored
2026-10-09 18:40:45,248 RX_ECHO ignored
2026-10-09 18:40:45,248 RX_ECHO ignored
2026-10-09 18:40:45,248 RX_ECHO ignored
2026-10-09 18:40:45,248 RX_ECHO ignored
2026-10-09 18:40:45,248 RX_ECHO ignored
2026-10-09 18:40:45,248 RX_ECHO ignored
2026-10-09 18:40:45,248 RX_ECHO ignored
2026-10-09 18:40:45,248 RX_ECHO ignored
2026-10-09 18:40:45,248 RX_ECHO ignored
2026-10-09 18:40:45,248 RX_ECHO ignored
2026-10-09 18:40:45,248 RX_ECHO ignored
2026-10-09 18:40:45,248 RX_ECHO ignored
2026-10-09 18:40:45,249 RX_ECHO ignored
2026-10-09 18:40:45,249 RX_ECHO ignored
2026-10-09 18:40:45,249 RX_ECHO ignored
2026-10-09 18:40:45,249 RX_ECHO ignored
2026-10-09 18:40:45,249 RX_ECHO ignored
2026-10-09 18:40:45,249 RX_ECHO ignored
2026-10-09 18:40:45,249 RX_ECHO ignored
2026-10-09 18:40:45,249 RX_ECHO ignored
2026-10-09 18:40:45,249 RX_ECHO ignored
2026-10-09 18:40:45,249 RX_ECHO ignored
2026-10-09 18:40:45,249 RX_ECHO ignored
2026-10-09 18:40:45,249 RX_ECHO ignored
2026-10-09 18:40:45,249 RX_ECHO ignored
2026-10-09 18:40:45,250 RX_ECHO ignored
2026-10-09 18:40:45,250 RX_ECHO ignored
2026-10-09 18:40:45,250 RX_ECHO ignored
2026-10-09 18:40:45,250 RX_ECHO ignored
2026-10-09 18:40:45,250 RX_ECHO ignored
2026-10-09 18:40:45,250 RX_ECHO ignored
2026-10-09 18:40:45,250 RX_ECHO ignored
2026-10-09 18:40:45,250 RX_ECHO ignored
2026-10-09 18:40:45,250 RX_ECHO ignored
2026-10-09 18:40:45,250 RX_ECHO ignored
2026-10-09 18:40:45,250 RX_ECHO ignored
2026-10-09 18:40:45,250 RX_ECHO ignored
2026-10-09 18:40:45,250 RX_ECHO ignored
2026-10-09 18:40:45,251 RX_ECHO ignored
2026-10-09 18:40:45,251 RX_ECHO ignored
2026-10-09 18:40:45,251 RX_ECHO ignored
2026-10-09 18:40:45,251 RX_ECHO ignored
2026-10-09 18:40:45,251 RX_ECHO ignored
2026-10-09 18:40:45,251 RX_ECHO ignored
2026-10-09 18:40:45,251 RX_ECHO ignored
2026-10-09 18:40:45,251 RX_ECHO ignored
2026-10-09 18:40:45,251 RX_ECHO ignored
2026-10-09 18:40:45,251 RX_ECHO ignored
2026-10-09 18:40:45,251 RX_ECHO ignored
2026-10-09 18:40:45,251 RX_ECHO ignored
2026-10-09 18:40:45,252 RX_ECHO ignored
2026-10-09 18:40:45,252 RX_ECHO ignored
2026-10-09 18:40:45,252 RX_ECHO ignored
2026-10-09 18:40:45,252 RX_ECHO ignored
2026-10-09 18:40:45,252 RX_ECHO ignored
2026-10-09 18:40:45,252 RX_ECHO ignored
2026-10-09 18:40:45,252 RX_ECHO ignored
2026-10-09 18:40:45,252 RX_ECHO ignored
2026-10-09 18:40:45,252 RX_ECHO ignored
2026-10-09 18:40:45,252 RX_ECHO ignored
2026-10-09 18:40:45,252 RX_ECHO ignored
2026-10-09 18:40:45,252 RX_ECHO ignored
2026-10-09 18:40:45,252 RX_ECHO ignored
2026-10-09 18:40:45,253 RX_ECHO ignored
2026-10-09 18:40:45,253 RX_ECHO ignored
2026-10-09 18:40:45,253 RX_ECHO ignored
2026-10-09 18:40:45,253 RX_ECHO ignored
2026-10-09 18:40:45,253 RX_ECHO ignored
2026-10-09 18:40:45,253 RX_ECHO ignored
2026-10-09 18:40:45,253 RX_ECHO ignored
2026-10-09 18:40:45,253 RX_ECHO ignored
2026-10-09 18:40:45,253 RX_ECHO ignored
2026-10-09 18:40:45,253 RX_ECHO ignored
2026-10-09 18:40:45,253 RX_ECHO ignored
2026-10-09 18:40:45,253 RX_ECHO ignored
2026-10-09 18:40:45,253 RX_ECHO ignored
2026-10-09 18:40:45,253 RX_ECHO ignored
2026-10-09 18:40:45,254 RX_ECHO ignored
2026-10-09 18:40:45,254 RX_ECHO ignored
2026-10-09 18:40:45,254 RX_ECHO ignored
2026-10-09 18:40:45,254 RX_ECHO ignored
2026-10-09 18:40:45,254 RX_ECHO ignored
2026-10-09 18:40:45,254 RX_ECHO ignored
2026-10-09 18:40:45,254 RX_ECHO ignored
2026-10-09 18:40:45,254 RX_ECHO ignored
2026-10-09 18:40:45,254 RX_ECHO ignored
2026-10-09 18:40:45,254 RX_ECHO ignored
2026-10-09 18:40:45,254 RX_ECHO ignored
2026-10-09 18:40:45,254 RX_ECHO ignored
2026-10-09 18:40:45,254 RX_ECHO ignored
2026-10-09 18:40:45,254 RX_ECHO ignored
2026-10-09 18:40:45,254 RX_ECHO ignored
2026-10-09 18:40:45,254 RX_ECHO ignored
2026-10-09 18:40:45,254 RX_ECHO ignored
2026-10-09 18:40:45,254 RX_ECHO ignored
2026-10-09 18:40:45,254 RX_ECHO ignored
2026-10-09 18:40:45,255 RX_ECHO ignored
2026-10-09 18:40:45,255 RX_ECHO ignored
2026-10-09 18:40:45,255 RX_ECHO ignored
2026-10-09 18:40:45,255 RX_ECHO ignored
2026-10-09 18:40:45,255 RX_ECHO ignored
2026-10-09 18:40:45,255 RX_ECHO ignored
2026-10-09 18:40:45,255 RX_ECHO ignored
2026-10-09 18:40:45,255 RX_ECHO ignored
2026-10-09 18:40:45,255 RX_ECHO ignored
2026-10-09 18:40:45,255 RX_ECHO ignored
2026-10-09 18:40:45,255 RX_ECHO ignored
2026-10-09 18:40:45,255 RX_ECHO ignored
2026-10-09 18:40:45,255 RX_ECHO ignored
2026-10-09 18:40:45,255 RX_ECHO ignored
2026-10-09 18:40:45,255 RX_ECHO ignored
2026-10-09 18:40:45,255 RX_ECHO ignored
2026-10-09 18:40:45,255 RX_ECHO ignored
2026-10-09 18:40:45,255 RX_ECHO ignored
2026-10-09 18:40:45,256 RX_ECHO ignored
2026-10-09 18:40:45,256 RX_ECHO ignored
2026-10-09 18:40:45,256 RX_ECHO ignored
2026-10-09 18:40:45,256 RX_ECHO ignored
2026-10-09 18:40:45,256 RX_ECHO ignored
2026-10-09 18:40:45,256 RX_ECHO ignored
2026-10-09 18:40:45,256 RX_ECHO ignored
2026-10-09 18:40:45,256 RX_ECHO ignored
2026-10-09 18:40:45,256 RX_ECHO ignored
2026-10-09 18:40:45,256 RX_ECHO ignored
2026-10-09 18:40:45,256 RX_ECHO ignored
2026-10-09 18:40:45,256 RX_ECHO ignored
2026-10-09 18:40:45,256 RX_ECHO ignored
2026-10-09 18:40:45,257 RX_ECHO ignored
2026-10-09 18:40:45,257 RX_ECHO ignored
2026-10-09 18:40:45,257 RX_ECHO ignored
2026-10-09 18:40:45,257 RX_ECHO ignored
2026-10-09 18:40:45,257 RX_ECHO ignored
2026-10-09 18:40:45,257 RX_ECHO ignored
2026-10-09 18:40:45,257 RX_ECHO ignored
2026-10-09 18:40:45,257 RX_ECHO ignored
2026-10-09 18:40:45,257 RX_ECHO ignored
2026-10-09 18:40:45,257 RX_ECHO ignored
2026-10-09 18:40:45,257 RX_ECHO ignored
2026-10-09 18:40:45,257 RX_ECHO ignored
2026-10-09 18:40:45,257 RX_ECHO ignored
2026-10-09 18:40:45,258 RX_ECHO ignored
2026-10-09 18:40:45,258 RX_ECHO ignored
2026-10-09 18:40:45,258 RX_ECHO ignored
2026-10-09 18:40:45,258 RX_ECHO ignored
2026-10-09 18:40:45,258 RX_ECHO ignored
2026-10-09 18:40:45,258 RX_ECHO ignored
2026-10-09 18:40:45,258 RX_ECHO ignored
2026-10-09 18:40:45,258 RX_ECHO ignored
2026-10-09 18:40:45,258 RX_ECHO ignored
2026-10-09 18:40:45,258 RX_ECHO ignored
2026-10-09 18:40:45,258 RX_ECHO ignored
2026-10-09 18:40:45,258 RX_ECHO ignored
2026-10-09 18:40:45,258 RX_ECHO ignored
2026-10-09 18:40:45,258 RX_ECHO ignored
2026-10-09 18:40:45,258 RX_ECHO ignored
2026-10-09 18:40:45,258 RX_ECHO ignored
2026-10-09 18:40:45,258 RX_ECHO ignored
2026-10-09 18:40:45,258 RX_ECHO ignored
2026-10-09 18:40:45,259 RX_ECHO ignored
2026-10-09 18:40:45,259 RX_ECHO ignored
2026-10-09 18:40:45,259 RX_ECHO ignored
2026-10-09 18:40:45,259 RX_ECHO ignored
2026-10-09 18:40:45,259 RX_ECHO ignored
2026-10-09 18:40:45,259 RX_ECHO ignored
2026-10-09 18:40:45,259 RX_ECHO ignored
2026-10-09 18:40:45,259 RX_ECHO ignored
2026-10-09 18:40:45,259 RX_ECHO ignored
2026-10-09 18:40:45,259 RX_ECHO ignored
2026-10-09 18:40:45,259 RX_ECHO ignored
2026-10-09 18:40:45,259 RX_ECHO ignored
2026-10-09 18:40:45,259 RX_ECHO ignored
2026-10-09 18:40:45,259 RX_ECHO ignored
2026-10-09 18:40:45,259 RX_ECHO ignored
2026-10-09 18:40:45,259 RX_ECHO ignored
2026-10-09 18:40:45,260 RX_ECHO ignored
2026-10-09 18:40:45,260 RX_ECHO ignored
2026-10-09 18:40:45,260 RX_ECHO ignored
2026-10-09 18:40:45,260 RX_ECHO ignored
2026-10-09 18:40:45,260 RX_ECHO ignored
2026-10-09 18:40:45,261 RX_ECHO ignored
2026-10-09 18:40:45,261 RX_ECHO ignored
2026-10-09 18:40:45,261 RX_ECHO ignored
2026-10-09 18:40:45,261 RX_ECHO ignored
2026-10-09 18:40:45,261 RX_ECHO ignored
2026-10-09 18:40:45,261 RX_ECHO ignored
2026-10-09 18:40:45,261 RX_ECHO ignored
2026-10-09 18:40:45,261 RX_ECHO ignored
2026-10-09 18:40:45,261 RX_ECHO ignored
2026-10-09 18:40:45,261 RX_ECHO ignored
2026-10-09 18:40:45,261 RX_ECHO ignored
2026-10-09 18:40:45,261 RX_ECHO ignored
2026-10-09 18:40:45,261 RX_ECHO ignored
2026-10-09 18:40:45,261 RX_ECHO ignored
2026-10-09 18:40:45,261 RX_ECHO ignored
2026-10-09 18:40:45,261 RX_ECHO ignored
2026-10-09 18:40:45,261 RX_ECHO ignored
2026-10-09 18:40:45,262 RX_ECHO ignored
2026-10-09 18:40:45,262 RX_ECHO ignored
2026-10-09 18:40:45,262 RX_ECHO ignored
2026-10-09 18:40:45,262 RX_ECHO ignored
2026-10-09 18:40:45,262 RX_ECHO ignored
2026-10-09 18:40:45,262 RX_ECHO ignored
2026-10-09 18:40:45,262 RX_ECHO ignored
2026-10-09 18:40:45,262 RX_ECHO ignored
2026-10-09 18:40:45,262 RX_ECHO ignored
2026-10-09 18:40:45,262 RX_ECHO ignored
2026-10-09 18:40:45,262 RX_ECHO ignored
2026-10-09 18:40:45,262 RX_ECHO ignored
2026-10-09 18:40:45,262 RX_ECHO ignored
2026-10-09 18:40:45,262 RX_ECHO ignored
2026-10-09 18:40:45,262 RX_ECHO ignored
2026-10-09 18:40:45,262 RX_ECHO ignored
2026-10-09 18:40:45,263 RX_ECHO ignored
2026-10-09 18:40:45,263 RX_ECHO ignored
2026-10-09 18:40:45,263 RX_ECHO ignored
2026-10-09 18:40:45,263 RX_ECHO ignored
2026-10-09 18:40:45,263 RX_ECHO ignored
2026-10-09 18:40:45,263 RX_ECHO ignored
2026-10-09 18:40:45,263 RX_ECHO ignored
2026-10-09 18:40:45,263 RX_ECHO ignored
2026-10-09 18:40:45,263 RX_ECHO ignored
2026-10-09 18:40:45,263 RX_ECHO ignored
2026-10-09 18:40:45,263 RX_ECHO ignored
2026-10-09 18:40:45,263 RX_ECHO ignored
2026-10-09 18:40:45,263 RX_ECHO ignored
2026-10-09 18:40:45,263 RX_ECHO ignored
2026-10-09 18:40:45,263 RX_ECHO ignored
2026-10-09 18:40:45,263 RX_ECHO ignored
2026-10-09 18:40:45,263 RX_ECHO ignored
2026-10-09 18:40:45,263 RX_ECHO ignored
2026-10-09 18:40:45,264 RX_ECHO ignored
2026-10-09 18:40:45,264 RX_ECHO ignored
2026-10-09 18:40:45,264 RX_ECHO ignored
2026-10-09 18:40:45,264 RX_ECHO ignored
2026-10-09 18:40:45,264 RX_ECHO ignored
2026-10-09 18:40:45,264 RX_ECHO ignored
2026-10-09 18:40:45,264 RX_ECHO ignored
2026-10-09 18:40:45,264 RX_ECHO ignored
2026-10-09 18:40:45,264 RX_ECHO ignored
2026-10-09 18:40:45,264 RX_ECHO ignored
2026-10-09 18:40:45,264 RX_ECHO ignored
2026-10-09 18:40:45,264 RX_ECHO ignored
2026-10-09 18:40:45,265 RX_ECHO ignored
2026-10-09 18:40:45,265 RX_ECHO ignored
2026-10-09 18:40:45,265 RX_ECHO ignored
2026-10-09 18:40:45,265 RX_ECHO ignored
2026-10-09 18:40:45,265 RX_ECHO ignored
2026-10-09 18:40:45,265 RX_ECHO ignored
2026-10-09 18:40:45,265 RX_ECHO ignored
2026-10-09 18:40:45,265 RX_ECHO ignored
2026-10-09 18:40:45,265 RX_ECHO ignored
2026-10-09 18:40:45,265 RX_ECHO ignored
2026-10-09 18:40:45,265 RX_ECHO ignored
2026-10-09 18:40:45,265 RX_ECHO ignored
2026-10-09 18:40:45,265 RX_ECHO ignored
2026-10-09 18:40:45,266 RX_ECHO ignored
2026-10-09 18:40:45,266 RX_ECHO ignored
2026-10-09 18:40:45,266 RX_ECHO ignored
2026-10-09 18:40:45,266 RX_ECHO ignored
2026-10-09 18:40:45,266 RX_ECHO ignored
2026-10-09 18:40:45,266 RX_ECHO ignored
2026-10-09 18:40:45,266 RX_ECHO ignored
2026-10-09 18:40:45,266 RX_ECHO ignored
2026-10-09 18:40:45,266 RX_ECHO ignored
2026-10-09 18:40:45,266 RX_ECHO ignored
2026-10-09 18:40:45,266 RX_ECHO ignored
2026-10-09 18:40:45,266 RX_ECHO ignored
2026-10-09 18:40:45,266 RX_ECHO ignored
2026-10-09 18:40:45,267 RX_ECHO ignored
2026-10-09 18:40:45,267 RX_ECHO ignored
2026-10-09 18:40:45,267 RX_ECHO ignored
2026-10-09 18:40:45,267 RX_ECHO ignored
2026-10-09 18:40:45,267 RX_ECHO ignored
2026-10-09 18:40:45,267 RX_ECHO ignored
2026-10-09 18:40:45,267 RX_ECHO ignored
2026-10-09 18:40:45,267 RX_ECHO ignored
2026-10-09 18:40:45,267 RX_ECHO ignored
2026-10-09 18:40:45,267 RX_ECHO ignored
2026-10-09 18:40:45,267 RX_ECHO ignored
2026-10-09 18:40:45,267 RX_ECHO ignored
2026-10-09 18:40:45,267 RX_ECHO ignored
2026-10-09 18:40:45,268 RX_ECHO ignored
2026-10-09 18:40:45,268 RX_ECHO ignored
2026-10-09 18:40:45,268 RX_ECHO ignored
2026-10-09 18:40:45,268 RX_ECHO ignored
2026-10-09 18:40:45,268 RX_ECHO ignored
2026-10-09 18:40:45,268 RX_ECHO ignored
2026-10-09 18:40:45,268 RX_ECHO ignored
2026-10-09 18:40:45,268 RX_ECHO ignored
2026-10-09 18:40:45,268 RX_ECHO ignored
2026-10-09 18:40:45,268 RX_ECHO ignored
2026-10-09 18:40:45,268 RX_ECHO ignored
2026-10-09 18:40:45,268 RX_ECHO ignored
2026-10-09 18:40:45,268 RX_ECHO ignored
2026-10-09 18:40:45,269 RX_ECHO ignored
2026-10-09 18:40:45,269 RX_ECHO ignored
2026-10-09 18:40:45,269 RX_ECHO ignored
2026-10-09 18:40:45,269 RX_ECHO ignored
2026-10-09 18:40:45,269 RX_ECHO ignored
2026-10-09 18:40:45,269 RX_ECHO ignored
2026-10-09 18:40:45,269 RX_ECHO ignored
2026-10-09 18:40:45,269 RX_ECHO ignored
2026-10-09 18:40:45,269 RX_ECHO ignored
2026-10-09 18:40:45,269 RX_ECHO ignored
2026-10-09 18:40:45,269 RX_ECHO ignored
2026-10-09 18:40:45,269 RX_ECHO ignored
2026-10-09 18:40:45,270 RX_ECHO ignored
2026-10-09 18:40:45,270 RX_ECHO ignored
2026-10-09 18:40:45,270 RX_ECHO ignored
2026-10-09 18:40:45,270 RX_ECHO ignored
2026-10-09 18:40:45,270 RX_ECHO ignored
2026-10-09 18:40:45,270 RX_ECHO ignored
2026-10-09 18:40:45,270 RX_ECHO ignored
2026-10-09 18:40:45,270 RX_ECHO ignored
2026-10-09 18:40:45,270 RX_ECHO ignored
2026-10-09 18:40:45,270 RX_ECHO ignored
2026-10-09 18:40:45,270 RX_ECHO ignored
2026-10-09 18:40:45,270 RX_ECHO ignored
2026-10-09 18:40:45,270 RX_ECHO ignored
2026-10-09 18:40:45,270 RX_ECHO ignored
2026-10-09 18:40:45,271 RX_ECHO ignored
2026-10-09 18:40:45,271 RX_ECHO ignored
2026-10-09 18:40:45,271 RX_ECHO ignored
2026-10-09 18:40:45,271 RX_ECHO ignored
2026-10-09 18:40:45,271 RX_ECHO ignored
2026-10-09 18:40:45,271 RX_ECHO ignored
2026-10-09 18:40:45,271 RX_ECHO ignored
2026-10-09 18:40:45,271 RX_ECHO ignored
2026-10-09 18:40:45,271 RX_ECHO ignored
2026-10-09 18:40:45,271 RX_ECHO ignored
2026-10-09 18:40:45,271 RX_ECHO ignored
2026-10-09 18:40:45,271 RX_ECHO ignored
2026-10-09 18:40:45,271 RX_ECHO ignored
2026-10-09 18:40:45,271 RX_ECHO ignored
2026-10-09 18:40:45,271 RX_ECHO ignored
2026-10-09 18:40:45,271 RX_ECHO ignored
2026-10-09 18:40:45,271 RX_ECHO ignored
2026-10-09 18:40:45,272 RX_ECHO ignored
2026-10-09 18:40:45,272 RX_ECHO ignored
2026-10-09 18:40:45,272 RX_ECHO ignored
2026-10-09 18:40:45,272 RX_ECHO ignored
2026-10-09 18:40:45,272 RX_ECHO ignored
2026-10-09 18:40:45,272 RX_ECHO ignored
2026-10-09 18:40:45,272 RX_ECHO ignored
2026-10-09 18:40:45,272 RX_ECHO ignored
2026-10-09 18:40:45,272 RX_ECHO ignored
2026-10-09 18:40:45,272 RX_ECHO ignored
2026-10-09 18:40:45,272 RX_ECHO ignored
2026-10-09 18:40:45,272 RX_ECHO ignored
2026-10-09 18:40:45,272 RX_ECHO ignored
2026-10-09 18:40:45,272 RX_ECHO ignored
2026-10-09 18:40:45,272 RX_ECHO ignored
2026-10-09 18:40:45,272 RX_ECHO ignored
2026-10-09 18:40:45,272 RX_ECHO ignored
2026-10-09 18:40:45,272 RX_ECHO ignored
2026-10-09 18:40:45,272 RX_ECHO ignored
2026-10-09 18:40:45,272 RX_ECHO ignored
2026-10-09 18:40:45,272 RX_ECHO ignored
2026-10-09 18:40:45,273 RX_ECHO ignored
2026-10-09 18:40:45,273 RX_ECHO ignored
2026-10-09 18:40:45,273 RX_ECHO ignored
2026-10-09 18:40:45,273 RX_ECHO ignored
2026-10-09 18:40:45,273 RX_ECHO ignored
2026-10-09 18:40:45,273 RX_ECHO ignored
2026-10-09 18:40:45,273 RX_ECHO ignored
2026-10-09 18:40:45,273 RX_ECHO ignored
2026-10-09 18:40:45,273 RX_ECHO ignored
2026-10-09 18:40:45,273 RX_ECHO ignored
2026-10-09 18:40:45,273 RX_ECHO ignored
2026-10-09 18:40:45,273 RX_ECHO ignored
2026-10-09 18:40:45,274 RX_ECHO ignored
2026-10-09 18:40:45,274 RX_ECHO ignored
2026-10-09 18:40:45,274 RX_ECHO ignored
2026-10-09 18:40:45,274 RX_ECHO ignored
2026-10-09 18:40:45,274 RX_ECHO ignored
2026-10-09 18:40:45,274 RX_ECHO ignored
2026-10-09 18:40:45,274 RX_ECHO ignored
2026-10-09 18:40:45,274 RX_ECHO ignored
2026-10-09 18:40:45,274 RX_ECHO ignored
2026-10-09 18:40:45,274 RX_ECHO ignored
2026-10-09 18:40:45,274 RX_ECHO ignored
2026-10-09 18:40:45,274 RX_ECHO ignored
2026-10-09 18:40:45,274 RX_ECHO ignored
2026-10-09 18:40:45,274 RX_ECHO ignored
2026-10-09 18:40:45,274 RX_ECHO ignored
2026-10-09 18:40:45,274 RX_ECHO ignored
2026-10-09 18:40:45,274 RX_ECHO ignored
2026-10-09 18:40:45,274 RX_ECHO ignored
2026-10-09 18:40:45,274 RX_ECHO ignored
2026-10-09 18:40:45,274 RX_ECHO ignored
2026-10-09 18:40:45,274 RX_ECHO ignored
2026-10-09 18:40:45,274 RX_ECHO ignored
2026-10-09 18:40:45,274 RX_ECHO ignored
2026-10-09 18:40:45,274 RX_ECHO ignored
2026-10-09 18:40:45,275 RX_ECHO ignored
2026-10-09 18:40:45,275 RX_ECHO ignored
2026-10-09 18:40:45,275 RX_ECHO ignored
2026-10-09 18:40:45,275 RX_ECHO ignored
2026-10-09 18:40:45,275 RX_ECHO ignored
2026-10-09 18:40:45,275 RX_ECHO ignored
2026-10-09 18:40:45,275 RX_ECHO ignored
2026-10-09 18:40:45,275 RX_ECHO ignored
2026-10-09 18:40:45,275 RX_ECHO ignored
2026-10-09 18:40:45,275 RX_ECHO ignored
2026-10-09 18:40:45,275 RX_ECHO ignored
2026-10-09 18:40:45,275 RX_ECHO ignored
2026-10-09 18:40:45,275 RX_ECHO ignored
2026-10-09 18:40:45,275 RX_ECHO ignored
2026-10-09 18:40:45,275 RX_ECHO ignored
2026-10-09 18:40:45,276 RX_ECHO ignored
2026-10-09 18:40:45,276 RX_ECHO ignored
2026-10-09 18:40:45,276 RX_ECHO ignored
2026-10-09 18:40:45,276 RX_ECHO ignored
2026-10-09 18:40:45,276 RX_ECHO ignored
2026-10-09 18:40:45,276 RX_ECHO ignored
2026-10-09 18:40:45,276 RX_ECHO ignored
2026-10-09 18:40:45,276 RX_ECHO ignored
2026-10-09 18:40:45,276 RX_ECHO ignored
2026-10-09 18:40:45,276 RX_ECHO ignored
2026-10-09 18:40:45,276 RX_ECHO ignored
2026-10-09 18:40:45,276 RX_ECHO ignored
2026-10-09 18:40:45,276 RX_ECHO ignored
2026-10-09 18:40:45,276 RX_ECHO ignored
2026-10-09 18:40:45,276 RX_ECHO ignored
2026-10-09 18:40:45,276 RX_ECHO ignored
2026-10-09 18:40:45,276 RX_ECHO ignored
2026-10-09 18:40:45,276 RX_ECHO ignored
2026-10-09 18:40:45,276 RX_ECHO ignored
2026-10-09 18:40:45,276 RX_ECHO ignored
2026-10-09 18:40:45,276 RX_ECHO ignored
2026-10-09 18:40:45,276 RX_ECHO ignored
2026-10-09 18:40:45,276 RX_ECHO ignored
2026-10-09 18:40:45,276 RX_ECHO ignored
2026-10-09 18:40:45,277 RX_ECHO ignored
2026-10-09 18:40:45,277 RX_ECHO ignored
2026-10-09 18:40:45,277 RX_ECHO ignored
2026-10-09 18:40:45,277 RX_ECHO ignored
2026-10-09 18:40:45,277 RX_ECHO ignored
2026-10-09 18:40:45,277 RX_ECHO ignored
2026-10-09 18:40:45,277 RX_ECHO ignored
2026-10-09 18:40:45,277 RX_ECHO ignored
2026-10-09 18:40:45,277 RX_ECHO ignored
2026-10-09 18:40:45,277 RX_ECHO ignored
2026-10-09 18:40:45,277 RX_ECHO ignored
2026-10-09 18:40:45,277 RX_ECHO ignored
2026-10-09 18:40:45,277 RX_ECHO ignored
2026-10-09 18:40:45,277 RX_ECHO ignored
2026-10-09 18:40:45,278 RX_ECHO ignored
2026-10-09 18:40:45,278 RX_ECHO ignored
2026-10-09 18:40:45,278 RX_ECHO ignored
2026-10-09 18:40:45,278 RX_ECHO ignored
2026-10-09 18:40:45,278 RX_ECHO ignored
2026-10-09 18:40:45,278 RX_ECHO ignored
2026-10-09 18:40:45,278 RX_ECHO ignored
2026-10-09 18:40:45,278 RX_ECHO ignored
2026-10-09 18:40:45,278 RX_ECHO ignored
2026-10-09 18:40:45,278 RX_ECHO ignored
2026-10-09 18:40:45,278 RX_ECHO ignored
2026-10-09 18:40:45,278 RX_ECHO ignored
2026-10-09 18:40:45,278 RX_ECHO ignored
2026-10-09 18:40:45,278 RX_ECHO ignored
2026-10-09 18:40:45,278 RX_ECHO ignored
2026-10-09 18:40:45,278 RX_ECHO ignored
2026-10-09 18:40:45,278 RX_ECHO ignored
2026-10-09 18:40:45,278 RX_ECHO ignored
2026-10-09 18:40:45,278 RX_ECHO ignored
2026-10-09 18:40:45,278 RX_ECHO ignored
2026-10-09 18:40:45,278 RX_ECHO ignored
2026-10-09 18:40:45,278 RX_ECHO ignored
2026-10-09 18:40:45,279 RX_ECHO ignored
2026-10-09 18:40:45,279 RX_ECHO ignored
2026-10-09 18:40:45,279 RX_ECHO ignored
2026-10-09 18:40:45,279 RX_ECHO ignored
2026-10-09 18:40:45,279 RX_ECHO ignored
2026-10-09 18:40:45,279 RX_ECHO ignored
2026-10-09 18:40:45,279 RX_ECHO ignored
2026-10-09 18:40:45,279 RX_ECHO ignored
2026-10-09 18:40:45,279 RX_ECHO ignored
2026-10-09 18:40:45,279 RX_ECHO ignored
2026-10-09 18:40:45,279 RX_ECHO ignored
2026-10-09 18:40:45,279 RX_ECHO ignored
2026-10-09 18:40:45,279 RX_ECHO ignored
2026-10-09 18:40:45,279 RX_ECHO ignored
2026-10-09 18:40:45,279 RX_ECHO ignored
2026-10-09 18:40:45,279 RX_ECHO ignored
2026-10-09 18:40:45,279 RX_ECHO ignored
2026-10-09 18:40:45,280 RX_ECHO ignored
2026-10-09 18:40:45,280 RX_ECHO ignored
2026-10-09 18:40:45,280 RX_ECHO ignored
2026-10-09 18:40:45,280 RX_ECHO ignored
2026-10-09 18:40:45,280 RX_ECHO ignored
2026-10-09 18:40:45,280 RX_ECHO ignored
2026-10-09 18:40:45,280 RX_ECHO ignored
2026-10-09 18:40:45,280 RX_ECHO ignored
2026-10-09 18:40:45,280 RX_ECHO ignored
2026-10-09 18:40:45,280 RX_ECHO ignored
2026-10-09 18:40:45,280 RX_ECHO ignored
2026-10-09 18:40:45,280 RX_ECHO ignored
2026-10-09 18:40:45,280 RX_ECHO ignored
2026-10-09 18:40:45,280 RX_ECHO ignored
2026-10-09 18:40:45,280 RX_ECHO ignored
2026-10-09 18:40:45,280 RX_ECHO ignored
2026-10-09 18:40:45,281 RX_ECHO ignored
2026-10-09 18:40:45,281 RX_ECHO ignored
2026-10-09 18:40:45,281 RX_ECHO ignored
2026-10-09 18:40:45,281 RX_ECHO ignored
2026-10-09 18:40:45,281 RX_ECHO ignored
2026-10-09 18:40:45,281 RX_ECHO ignored
2026-10-09 18:40:45,281 RX_ECHO ignored
2026-10-09 18:40:45,281 RX_ECHO ignored
2026-10-09 18:40:45,281 RX_ECHO ignored
2026-10-09 18:40:45,281 RX_ECHO ignored
2026-10-09 18:40:45,281 RX_ECHO ignored
2026-10-09 18:40:45,281 RX_ECHO ignored
2026-10-09 18:40:45,281 RX_ECHO ignored
2026-10-09 18:40:45,281 RX_ECHO ignored
2026-10-09 18:40:45,281 RX_ECHO ignored
2026-10-09 18:40:45,281 RX_ECHO ignored
2026-10-09 18:40:45,281 RX_ECHO ignored
2026-10-09 18:40:45,281 RX_ECHO ignored
2026-10-09 18:40:45,281 RX_ECHO ignored
2026-10-09 18:40:45,281 RX_ECHO ignored
2026-10-09 18:40:45,281 RX_ECHO ignored
2026-10-09 18:40:45,281 RX_ECHO ignored
2026-10-09 18:40:45,282 RX_ECHO ignored
2026-10-09 18:40:45,282 RX_ECHO ignored
2026-10-09 18:40:45,282 RX_ECHO ignored
2026-10-09 18:40:45,282 RX_ECHO ignored
2026-10-09 18:40:45,282 RX_ECHO ignored
2026-10-09 18:40:45,282 RX_ECHO ignored
2026-10-09 18:40:45,282 RX_ECHO ignored
2026-10-09 18:40:45,282 RX_ECHO ignored
2026-10-09 18:40:45,282 RX_ECHO ignored
2026-10-09 18:40:45,282 RX_ECHO ignored
2026-10-09 18:40:45,282 RX_ECHO ignored
2026-10-09 18:40:45,282 RX_ECHO ignored
2026-10-09 18:40:45,282 RX_ECHO ignored
2026-10-09 18:40:45,283 RX_ECHO ignored
2026-10-09 18:40:45,283 RX_ECHO ignored
2026-10-09 18:40:45,283 RX_ECHO ignored
2026-10-09 18:40:45,283 RX_ECHO ignored
2026-10-09 18:40:45,283 RX_ECHO ignored
2026-10-09 18:40:45,283 RX_ECHO ignored
2026-10-09 18:40:45,283 RX_ECHO ignored
2026-10-09 18:40:45,283 RX_ECHO ignored
2026-10-09 18:40:45,283 RX_ECHO ignored
2026-10-09 18:40:45,283 RX_ECHO ignored
2026-10-09 18:40:45,283 RX_ECHO ignored
2026-10-09 18:40:45,283 RX_ECHO ignored
2026-10-09 18:40:45,283 RX_ECHO ignored
2026-10-09 18:40:45,283 RX_ECHO ignored
2026-10-09 18:40:45,283 RX_ECHO ignored
2026-10-09 18:40:45,284 RX_ECHO ignored
2026-10-09 18:40:45,284 RX_ECHO ignored
2026-10-09 18:40:45,284 RX_ECHO ignored
2026-10-09 18:40:45,284 RX_ECHO ignored
2026-10-09 18:40:45,284 RX_ECHO ignored
2026-10-09 18:40:45,284 RX_ECHO ignored
2026-10-09 18:40:45,284 RX_ECHO ignored
2026-10-09 18:40:45,284 RX_ECHO ignored
2026-10-09 18:40:45,284 RX_ECHO ignored
2026-10-09 18:40:45,284 RX_ECHO ignored
2026-10-09 18:40:45,284 RX_ECHO ignored
2026-10-09 18:40:45,284 RX_ECHO ignored
2026-10-09 18:40:45,284 RX_ECHO ignored
2026-10-09 18:40:45,284 RX_ECHO ignored
2026-10-09 18:40:45,284 RX_ECHO ignored
2026-10-09 18:40:45,284 RX_ECHO ignored
2026-10-09 18:40:45,284 RX_ECHO ignored
2026-10-09 18:40:45,284 RX_ECHO ignored
2026-10-09 18:40:45,284 RX_ECHO ignored
2026-10-09 18:40:45,284 RX_ECHO ignored
2026-10-09 18:40:45,284 RX_ECHO ignored
2026-10-09 18:40:45,284 RX_ECHO ignored
2026-10-09 18:40:45,284 RX_ECHO ignored
2026-10-09 18:40:45,285 RX_ECHO ignored
2026-10-09 18:40:45,285 RX_ECHO ignored
2026-10-09 18:40:45,285 RX_ECHO ignored
2026-10-09 18:40:45,285 RX_ECHO ignored
2026-10-09 18:40:45,285 RX_ECHO ignored
2026-10-09 18:40:45,285 RX_ECHO ignored
2026-10-09 18:40:45,285 RX_ECHO ignored
2026-10-09 18:40:45,285 RX_ECHO ignored
2026-10-09 18:40:45,285 RX_ECHO ignored
2026-10-09 18:40:45,285 RX_ECHO ignored
2026-10-09 18:40:45,285 RX_ECHO ignored
2026-10-09 18:40:45,285 RX_ECHO ignored
2026-10-09 18:40:45,285 RX_ECHO ignored
2026-10-09 18:40:45,285 RX_ECHO ignored
2026-10-09 18:40:45,285 RX_ECHO ignored
2026-10-09 18:40:45,286 RX_ECHO ignored
2026-10-09 18:40:45,286 RX_ECHO ignored
2026-10-09 18:40:45,286 RX_ECHO ignored
2026-10-09 18:40:45,286 RX_ECHO ignored
2026-10-09 18:40:45,286 RX_ECHO ignored
2026-10-09 18:40:45,286 RX_ECHO ignored
2026-10-09 18:40:45,286 RX_ECHO ignored
2026-10-09 18:40:45,286 RX_ECHO ignored
2026-10-09 18:40:45,286 RX_ECHO ignored
2026-10-09 18:40:45,286 RX_ECHO ignored
2026-10-09 18:40:45,286 RX_ECHO ignored
2026-10-09 18:40:45,286 RX_ECHO ignored
2026-10-09 18:40:45,286 RX_ECHO ignored
2026-10-09 18:40:45,286 RX_ECHO ignored
2026-10-09 18:40:45,286 RX_ECHO ignored
2026-10-09 18:40:45,286 RX_ECHO ignored
2026-10-09 18:40:45,286 RX_ECHO ignored
2026-10-09 18:40:45,286 RX_ECHO ignored
2026-10-09 18:40:45,286 RX_ECHO ignored
2026-10-09 18:40:45,286 RX_ECHO ignored
2026-10-09 18:40:45,286 RX_ECHO ignored
2026-10-09 18:40:45,286 RX_ECHO ignored
2026-10-09 18:40:45,286 RX_ECHO ignored
2026-10-09 18:40:45,286 RX_ECHO ignored
2026-10-09 18:40:45,287 RX_ECHO ignored
2026-10-09 18:40:45,287 RX_ECHO ignored
2026-10-09 18:40:45,287 RX_ECHO ignored
2026-10-09 18:40:45,287 RX_ECHO ignored
2026-10-09 18:40:45,287 RX_ECHO ignored
2026-10-09 18:40:45,287 RX_ECHO ignored
2026-10-09 18:40:45,287 RX_ECHO ignored
2026-10-09 18:40:45,287 RX_ECHO ignored
2026-10-09 18:40:45,287 RX_ECHO ignored
2026-10-09 18:40:45,287 RX_ECHO ignored
2026-10-09 18:40:45,288 RX_ECHO ignored
2026-10-09 18:40:45,288 RX_ECHO ignored
2026-10-09 18:40:45,288 RX_ECHO ignored
2026-10-09 18:40:45,288 RX_ECHO ignored
2026-10-09 18:40:45,288 RX_ECHO ignored
2026-10-09 18:40:45,288 RX_ECHO ignored
2026-10-09 18:40:45,288 RX_ECHO ignored
2026-10-09 18:40:45,288 RX_ECHO ignored
2026-10-09 18:40:45,288 RX_ECHO ignored
2026-10-09 18:40:45,288 RX_ECHO ignored
2026-10-09 18:40:45,288 RX_ECHO ignored
2026-10-09 18:40:45,288 RX_ECHO ignored
2026-10-09 18:40:45,288 RX_ECHO ignored
2026-10-09 18:40:45,288 RX_ECHO ignored
2026-10-09 18:40:45,288 RX_ECHO ignored
2026-10-09 18:40:45,288 RX_ECHO ignored
2026-10-09 18:40:45,288 RX_ECHO ignored
2026-10-09 18:40:45,288 RX_ECHO ignored
2026-10-09 18:40:45,289 RX_ECHO ignored
2026-10-09 18:40:45,289 RX_ECHO ignored
2026-10-09 18:40:45,289 RX_ECHO ignored
2026-10-09 18:40:45,289 RX_ECHO ignored
2026-10-09 18:40:45,289 RX_ECHO ignored
2026-10-09 18:40:45,289 RX_ECHO ignored
2026-10-09 18:40:45,289 RX_ECHO ignored
2026-10-09 18:40:45,289 RX_ECHO ignored
2026-10-09 18:40:45,289 RX_ECHO ignored
2026-10-09 18:40:45,289 RX_ECHO ignored
2026-10-09 18:40:45,289 RX_ECHO ignored
2026-10-09 18:40:45,289 RX_ECHO ignored
2026-10-09 18:40:45,289 RX_ECHO ignored
2026-10-09 18:40:45,289 RX_ECHO ignored
2026-10-09 18:40:45,289 RX_ECHO ignored
2026-10-09 18:40:45,289 RX_ECHO ignored
2026-10-09 18:40:45,289 RX_ECHO ignored
2026-10-09 18:40:45,289 RX_ECHO ignored
2026-10-09 18:40:45,289 RX_ECHO ignored
2026-10-09 18:40:45,289 RX_ECHO ignored
2026-10-09 18:40:45,289 RX_ECHO ignored
2026-10-09 18:40:45,289 RX_ECHO ignored
2026-10-09 18:40:45,289 RX_ECHO ignored
2026-10-09 18:40:45,289 RX_ECHO ignored
2026-10-09 18:40:45,289 RX_ECHO ignored
2026-10-09 18:40:45,290 RX_ECHO ignored
2026-10-09 18:40:45,290 RX_ECHO ignored
2026-10-09 18:40:45,290 RX_ECHO ignored
2026-10-09 18:40:45,290 RX_ECHO ignored
2026-10-09 18:40:45,290 RX_ECHO ignored
2026-10-09 18:40:45,290 RX_ECHO ignored
2026-10-09 18:40:45,290 RX_ECHO ignored
2026-10-09 18:40:45,290 RX_ECHO ignored
2026-10-09 18:40:45,290 RX_ECHO ignored
2026-10-09 18:40:45,290 RX_ECHO ignored
2026-10-09 18:40:45,290 RX_ECHO ignored
2026-10-09 18:40:45,290 RX_ECHO ignored
2026-10-09 18:40:45,290 RX_ECHO ignored
2026-10-09 18:40:45,290 RX_ECHO ignored
2026-10-09 18:40:45,290 RX_ECHO ignored
2026-10-09 18:40:45,290 RX_ECHO ignored
2026-10-09 18:40:45,290 RX_ECHO ignored
2026-10-09 18:40:45,290 RX_ECHO ignored
2026-10-09 18:40:45,290 RX_ECHO ignored
2026-10-09 18:40:45,290 RX_ECHO ignored
2026-10-09 18:40:45,290 RX_ECHO ignored
2026-10-09 18:40:45,290 RX_ECHO ignored
2026-10-09 18:40:45,290 RX_ECHO ignored
2026-10-09 18:40:45,291 RX_ECHO ignored
2026-10-09 18:40:45,291 RX_ECHO ignored
2026-10-09 18:40:45,291 RX_ECHO ignored
2026-10-09 18:40:45,291 RX_ECHO ignored
2026-10-09 18:40:45,291 RX_ECHO ignored
2026-10-09 18:40:45,291 RX_ECHO ignored
2026-10-09 18:40:45,291 RX_ECHO ignored
2026-10-09 18:40:45,291 RX_ECHO ignored
2026-10-09 18:40:45,291 RX_ECHO ignored
2026-10-09 18:40:45,291 RX_ECHO ignored
2026-10-09 18:40:45,291 RX_ECHO ignored
2026-10-09 18:40:45,291 RX_ECHO ignored
2026-10-09 18:40:45,291 RX_ECHO ignored
2026-10-09 18:40:45,292 RX_ECHO ignored
2026-10-09 18:40:45,292 RX_ECHO ignored
2026-10-09 18:40:45,292 RX_ECHO ignored
2026-10-09 18:40:45,292 RX_ECHO ignored
2026-10-09 18:40:45,292 RX_ECHO ignored
2026-10-09 18:40:45,292 RX_ECHO ignored
2026-10-09 18:40:45,292 RX_ECHO ignored
2026-10-09 18:40:45,292 RX_ECHO ignored
2026-10-09 18:40:45,292 RX_ECHO ignored
2026-10-09 18:40:45,292 RX_ECHO ignored
2026-10-09 18:40:45,292 RX_ECHO ignored
2026-10-09 18:40:45,292 RX_ECHO ignored
2026-10-09 18:40:45,292 RX_ECHO ignored
2026-10-09 18:40:45,292 RX_ECHO ignored
2026-10-09 18:40:45,292 RX_ECHO ignored
2026-10-09 18:40:45,292 RX_ECHO ignored
2026-10-09 18:40:45,293 RX_ECHO ignored
2026-10-09 18:40:45,293 RX_ECHO ignored
2026-10-09 18:40:45,293 RX_ECHO ignored
2026-10-09 18:40:45,293 RX_ECHO ignored
2026-10-09 18:40:45,293 RX_ECHO ignored
2026-10-09 18:40:45,293 RX_ECHO ignored
2026-10-09 18:40:45,293 RX_ECHO ignored
2026-10-09 18:40:45,293 RX_ECHO ignored
2026-10-09 18:40:45,293 RX_ECHO ignored
2026-10-09 18:40:45,293 RX_ECHO ignored
2026-10-09 18:40:45,293 RX_ECHO ignored
2026-10-09 18:40:45,293 RX_ECHO ignored
2026-10-09 18:40:45,293 RX_ECHO ignored
2026-10-09 18:40:45,293 RX_ECHO ignored
2026-10-09 18:40:45,293 RX_ECHO ignored
2026-10-09 18:40:45,293 RX_ECHO ignored
2026-10-09 18:40:45,293 RX_ECHO ignored
2026-10-09 18:40:45,293 RX_ECHO ignored
2026-10-09 18:40:45,293 RX_ECHO ignored
2026-10-09 18:40:45,293 RX_ECHO ignored
2026-10-09 18:40:45,293 RX_ECHO ignored
2026-10-09 18:40:45,293 RX_ECHO ignored
2026-10-09 18:40:45,293 RX_ECHO ignored
2026-10-09 18:40:45,294 RX_ECHO ignored
2026-10-09 18:40:45,294 RX_ECHO ignored
2026-10-09 18:40:45,294 RX_ECHO ignored
2026-10-09 18:40:45,294 RX_ECHO ignored
2026-10-09 18:40:45,294 RX_ECHO ignored
2026-10-09 18:40:45,294 RX_ECHO ignored
2026-10-09 18:40:45,294 RX_ECHO ignored
2026-10-09 18:40:45,294 RX_ECHO ignored
2026-10-09 18:40:45,294 RX_ECHO ignored
2026-10-09 18:40:45,294 RX_ECHO ignored
2026-10-09 18:40:45,294 RX_ECHO ignored
2026-10-09 18:40:45,294 RX_ECHO ignored
2026-10-09 18:40:45,295 RX_ECHO ignored
2026-10-09 18:40:45,295 RX_ECHO ignored
2026-10-09 18:40:45,295 RX_ECHO ignored
2026-10-09 18:40:45,295 RX_ECHO ignored
2026-10-09 18:40:45,295 RX_ECHO ignored
2026-10-09 18:40:45,295 RX_ECHO ignored
2026-10-09 18:40:45,295 RX_ECHO ignored
2026-10-09 18:40:45,295 RX_ECHO ignored
2026-10-09 18:40:45,295 RX_ECHO ignored
2026-10-09 18:40:45,295 RX_ECHO ignored
2026-10-09 18:40:45,295 RX_ECHO ignored
2026-10-09 18:40:45,295 RX_ECHO ignored
2026-10-09 18:40:45,295 RX_ECHO ignored
2026-10-09 18:40:45,295 RX_ECHO ignored
2026-10-09 18:40:45,295 RX_ECHO ignored
2026-10-09 18:40:45,295 RX_ECHO ignored
2026-10-09 18:40:45,295 RX_ECHO ignored
2026-10-09 18:40:45,295 RX_ECHO ignored
2026-10-09 18:40:45,295 RX_ECHO ignored
2026-10-09 18:40:45,295 RX_ECHO ignored
2026-10-09 18:40:45,295 RX_ECHO ignored
2026-10-09 18:40:45,295 RX_ECHO ignored
2026-10-09 18:40:45,295 RX_ECHO ignored
2026-10-09 18:40:45,295 RX_ECHO ignored
2026-10-09 18:40:45,295 RX_ECHO ignored
2026-10-09 18:40:45,295 RX_ECHO ignored
2026-10-09 18:40:45,296 RX_ECHO ignored
2026-10-09 18:40:45,296 RX_ECHO ignored
2026-10-09 18:40:45,296 RX_ECHO ignored
2026-10-09 18:40:45,296 RX_ECHO ignored
2026-10-09 18:40:45,296 RX_ECHO ignored
2026-10-09 18:40:45,296 RX_ECHO ignored
2026-10-09 18:40:45,296 RX_ECHO ignored
2026-10-09 18:40:45,296 RX_ECHO ignored
2026-10-09 18:40:45,296 RX_ECHO ignored
2026-10-09 18:40:45,296 RX_ECHO ignored
2026-10-09 18:40:45,296 RX_ECHO ignored
2026-10-09 18:40:45,296 RX_ECHO ignored
2026-10-09 18:40:45,296 RX_ECHO ignored
2026-10-09 18:40:45,297 RX_ECHO ignored
2026-10-09 18:40:45,297 RX_ECHO ignored
2026-10-09 18:40:45,297 RX_ECHO ignored
2026-10-09 18:40:45,297 RX_ECHO ignored
2026-10-09 18:40:45,297 RX_ECHO ignored
2026-10-09 18:40:45,297 RX_ECHO ignored
2026-10-09 18:40:45,297 RX_ECHO ignored
2026-10-09 18:40:45,297 RX_ECHO ignored
2026-10-09 18:40:45,297 RX_ECHO ignored
2026-10-09 18:40:45,297 RX_ECHO ignored
2026-10-09 18:40:45,297 RX_ECHO ignored
2026-10-09 18:40:45,297 RX_ECHO ignored
2026-10-09 18:40:45,297 RX_ECHO ignored
2026-10-09 18:40:45,298 RX_ECHO ignored
2026-10-09 18:40:45,298 RX_ECHO ignored
2026-10-09 18:40:45,298 RX_ECHO ignored
2026-10-09 18:40:45,298 RX_ECHO ignored
2026-10-09 18:40:45,298 RX_ECHO ignored
2026-10-09 18:40:45,298 RX_ECHO ignored
2026-10-09 18:40:45,298 RX_ECHO ignored
2026-10-09 18:40:45,298 RX_ECHO ignored
2026-10-09 18:40:45,298 RX_ECHO ignored
2026-10-09 18:40:45,298 RX_ECHO ignored
2026-10-09 18:40:45,298 RX_ECHO ignored
2026-10-09 18:40:45,298 RX_ECHO ignored
2026-10-09 18:40:45,298 RX_ECHO ignored
2026-10-09 18:40:45,298 RX_ECHO ignored
2026-10-09 18:40:45,298 RX_ECHO ignored
2026-10-09 18:40:45,298 RX_ECHO ignored
2026-10-09 18:40:45,298 RX_ECHO ignored
2026-10-09 18:40:45,298 RX_ECHO ignored
2026-10-09 18:40:45,298 RX_ECHO ignored
2026-10-09 18:40:45,298 RX_ECHO ignored
2026-10-09 18:40:45,298 RX_ECHO ignored
2026-10-09 18:40:45,298 RX_ECHO ignored
2026-10-09 18:40:45,298 RX_ECHO ignored
2026-10-09 18:40:45,299 RX_ECHO ignored
2026-10-09 18:40:45,299 RX_ECHO ignored
2026-10-09 18:40:45,299 RX_ECHO ignored
2026-10-09 18:40:45,299 RX_ECHO ignored
2026-10-09 18:40:45,299 RX_ECHO ignored
2026-10-09 18:40:45,299 RX_ECHO ignored
2026-10-09 18:40:45,299 RX_ECHO ignored
2026-10-09 18:40:45,299 RX_ECHO ignored
2026-10-09 18:40:45,299 RX_ECHO ignored
2026-10-09 18:40:45,299 RX_ECHO ignored
2026-10-09 18:40:45,299 RX_ECHO ignored
2026-10-09 18:40:45,299 RX_ECHO ignored
2026-10-09 18:40:45,299 RX_ECHO ignored
2026-10-09 18:40:45,299 RX_ECHO ignored
2026-10-09 18:40:45,299 RX_ECHO ignored
2026-10-09 18:40:45,300 RX_ECHO ignored
2026-10-09 18:40:45,300 RX_ECHO ignored
2026-10-09 18:40:45,300 RX_ECHO ignored
2026-10-09 18:40:45,300 RX_ECHO ignored
2026-10-09 18:40:45,300 RX_ECHO ignored
2026-10-09 18:40:45,300 RX_ECHO ignored
2026-10-09 18:40:45,300 RX_ECHO ignored
2026-10-09 18:40:45,300 RX_ECHO ignored
2026-10-09 18:40:45,300 RX_ECHO ignored
2026-10-09 18:40:45,300 RX_ECHO ignored
2026-10-09 18:40:45,300 RX_ECHO ignored
2026-10-09 18:40:45,300 RX_ECHO ignored
2026-10-09 18:40:45,300 RX_ECHO ignored
2026-10-09 18:40:45,301 RX_ECHO ignored
2026-10-09 18:40:45,301 RX_ECHO ignored
2026-10-09 18:40:45,301 RX_ECHO ignored
2026-10-09 18:40:45,301 RX_ECHO ignored
2026-10-09 18:40:45,301 RX_ECHO ignored
2026-10-09 18:40:45,301 RX_ECHO ignored
2026-10-09 18:40:45,301 RX_ECHO ignored
2026-10-09 18:40:45,301 RX_ECHO ignored
2026-10-09 18:40:45,301 RX_ECHO ignored
2026-10-09 18:40:45,301 RX_ECHO ignored
2026-10-09 18:40:45,301 RX_ECHO ignored
2026-10-09 18:40:45,301 RX_ECHO ignored
2026-10-09 18:40:45,301 RX_ECHO ignored
2026-10-09 18:40:45,301 RX_ECHO ignored
2026-10-09 18:40:45,301 RX_ECHO ignored
2026-10-09 18:40:45,301 RX_ECHO ignored
2026-10-09 18:40:45,301 RX_ECHO ignored
2026-10-09 18:40:45,301 RX_ECHO ignored
2026-10-09 18:40:45,301 RX_ECHO ignored
2026-10-09 18:40:45,301 RX_ECHO ignored
2026-10-09 18:40:45,301 RX_ECHO ignored
2026-10-09 18:40:45,301 RX_ECHO ignored
2026-10-09 18:40:45,301 RX_ECHO ignored
2026-10-09 18:40:45,301 RX_ECHO ignored
2026-10-09 18:40:45,301 RX_ECHO ignored
2026-10-09 18:40:45,302 RX_ECHO ignored
2026-10-09 18:40:45,302 RX_ECHO ignored
2026-10-09 18:40:45,302 RX_ECHO ignored
2026-10-09 18:40:45,302 RX_ECHO ignored
2026-10-09 18:40:45,302 RX_ECHO ignored
2026-10-09 18:40:45,302 RX_ECHO ignored
2026-10-09 18:40:45,302 RX_ECHO ignored
2026-10-09 18:40:45,302 RX_ECHO ignored
2026-10-09 18:40:45,302 RX_ECHO ignored
2026-10-09 18:40:45,302 RX_ECHO ignored
2026-10-09 18:40:45,302 RX_ECHO ignored
2026-10-09 18:40:45,302 RX_ECHO ignored
2026-10-09 18:40:45,302 RX_ECHO ignored
2026-10-09 18:40:45,303 RX_ECHO ignored
2026-10-09 18:40:45,303 RX_ECHO ignored
2026-10-09 18:40:45,303 RX_ECHO ignored
2026-10-09 18:40:45,303 RX_ECHO ignored
2026-10-09 18:40:45,303 RX_ECHO ignored
2026-10-09 18:40:45,303 RX_ECHO ignored
2026-10-09 18:40:45,303 RX_ECHO ignored
2026-10-09 18:40:45,303 RX_ECHO ignored
2026-10-09 18:40:45,303 RX_ECHO ignored
2026-10-09 18:40:45,304 RX_ECHO ignored
2026-10-09 18:40:45,304 RX_ECHO ignored
2026-10-09 18:40:45,304 RX_ECHO ignored
2026-10-09 18:40:45,304 RX_ECHO ignored
2026-10-09 18:40:45,304 RX_ECHO ignored
2026-10-09 18:40:45,304 RX_ECHO ignored
2026-10-09 18:40:45,305 RX_ECHO ignored
2026-10-09 18:40:45,305 RX_ECHO ignored
2026-10-09 18:40:45,305 RX_ECHO ignored
2026-10-09 18:40:45,305 RX_ECHO ignored
2026-10-09 18:40:45,305 RX_ECHO ignored
2026-10-09 18:40:45,305 RX_ECHO ignored
2026-10-09 18:40:45,305 RX_ECHO ignored
2026-10-09 18:40:45,305 RX_ECHO ignored
2026-10-09 18:40:45,305 RX_ECHO ignored
2026-10-09 18:40:45,305 RX_ECHO ignored
2026-10-09 18:40:45,305 RX_ECHO ignored
2026-10-09 18:40:45,305 RX_ECHO ignored
2026-10-09 18:40:45,305 RX_ECHO ignored
2026-10-09 18:40:45,305 RX_ECHO ignored
2026-10-09 18:40:45,305 RX_ECHO ignored
2026-10-09 18:40:45,305 RX_ECHO ignored
2026-10-09 18:40:45,305 RX_ECHO ignored
2026-10-09 18:40:45,306 RX_ECHO ignored
2026-10-09 18:40:45,306 RX_ECHO ignored
2026-10-09 18:40:45,306 RX_ECHO ignored
2026-10-09 18:40:45,306 RX_ECHO ignored
2026-10-09 18:40:45,306 RX_ECHO ignored
2026-10-09 18:40:45,306 RX_ECHO ignored
2026-10-09 18:40:45,306 RX_ECHO ignored
2026-10-09 18:40:45,306 RX_ECHO ignored
2026-10-09 18:40:45,306 RX_ECHO ignored
2026-10-09 18:40:45,306 RX_ECHO ignored
2026-10-09 18:40:45,306 RX_ECHO ignored
2026-10-09 18:40:45,306 RX_ECHO ignored
2026-10-09 18:40:45,306 RX_ECHO ignored
2026-10-09 18:40:45,306 RX_ECHO ignored
2026-10-09 18:40:45,306 RX_ECHO ignored
2026-10-09 18:40:45,306 RX_ECHO ignored
2026-10-09 18:40:45,306 RX_ECHO ignored
2026-10-09 18:40:45,306 RX_ECHO ignored
2026-10-09 18:40:45,306 RX_ECHO ignored
2026-10-09 18:40:45,306 RX_ECHO ignored
2026-10-09 18:40:45,306 RX_ECHO ignored
2026-10-09 18:40:45,306 RX_ECHO ignored
2026-10-09 18:40:45,306 RX_ECHO ignored
2026-10-09 18:40:45,306 RX_ECHO ignored
2026-10-09 18:40:45,306 RX_ECHO ignored
2026-10-09 18:40:45,306 RX_ECHO ignored
2026-10-09 18:40:45,306 RX_ECHO ignored
2026-10-09 18:40:45,306 RX_ECHO ignored
2026-10-09 18:40:45,306 RX_ECHO ignored
2026-10-09 18:40:45,306 RX_ECHO ignored
2026-10-09 18:40:45,306 RX_ECHO ignored
2026-10-09 18:40:45,306 RX_ECHO ignored
2026-10-09 18:40:45,307 RX_ECHO ignored
2026-10-09 18:40:45,307 RX_ECHO ignored
2026-10-09 18:40:45,307 RX_ECHO ignored
2026-10-09 18:40:45,307 RX_ECHO ignored
2026-10-09 18:40:45,307 RX_ECHO ignored
2026-10-09 18:40:45,307 RX_ECHO ignored
2026-10-09 18:40:45,307 RX_ECHO ignored
2026-10-09 18:40:45,307 RX_ECHO ignored
2026-10-09 18:40:45,307 RX_ECHO ignored
2026-10-09 18:40:45,307 RX_ECHO ignored
2026-10-09 18:40:45,307 RX_ECHO ignored
2026-10-09 18:40:45,307 RX_ECHO ignored
2026-10-09 18:40:45,307 RX_ECHO ignored
2026-10-09 18:40:45,307 RX_ECHO ignored
2026-10-09 18:40:45,307 RX_ECHO ignored
2026-10-09 18:40:45,307 RX_ECHO ignored
2026-10-09 18:40:45,307 RX_ECHO ignored
2026-10-09 18:40:45,307 RX_ECHO ignored
2026-10-09 18:40:45,307 RX_ECHO ignored
2026-10-09 18:40:45,307 RX_ECHO ignored
2026-10-09 18:40:45,308 RX_ECHO ignored
2026-10-09 18:40:45,308 RX_ECHO ignored
2026-10-09 18:40:45,308 RX_ECHO ignored
2026-10-09 18:40:45,308 RX_ECHO ignored
2026-10-09 18:40:45,308 RX_ECHO ignored
2026-10-09 18:40:45,308 RX_ECHO ignored
2026-10-09 18:40:45,308 RX_ECHO ignored
2026-10-09 18:40:45,308 RX_ECHO ignored
2026-10-09 18:40:45,308 RX_ECHO ignored
2026-10-09 18:40:45,308 RX_ECHO ignored
2026-10-09 18:40:45,308 RX_ECHO ignored
2026-10-09 18:40:45,308 RX_ECHO ignored
2026-10-09 18:40:45,308 RX_ECHO ignored
2026-10-09 18:40:45,308 RX_ECHO ignored
2026-10-09 18:40:45,308 RX_ECHO ignored
2026-10-09 18:40:45,308 RX_ECHO ignored
2026-10-09 18:40:45,308 RX_ECHO ignored
2026-10-09 18:40:45,308 RX_ECHO ignored
2026-10-09 18:40:45,308 RX_ECHO ignored
2026-10-09 18:40:45,309 RX_ECHO ignored
2026-10-09 18:40:45,309 RX_ECHO ignored
2026-10-09 18:40:45,309 RX_ECHO ignored
2026-10-09 18:40:45,309 RX_ECHO ignored
2026-10-09 18:40:45,309 RX_ECHO ignored
2026-10-09 18:40:45,309 RX_ECHO ignored
2026-10-09 18:40:45,309 RX_ECHO ignored
2026-10-09 18:40:45,309 RX_ECHO ignored
2026-10-09 18:40:45,309 RX_ECHO ignored
2026-10-09 18:40:45,309 RX_ECHO ignored
2026-10-09 18:40:45,309 RX_ECHO ignored
2026-10-09 18:40:45,309 RX_ECHO ignored
2026-10-09 18:40:45,310 RX_ECHO ignored
2026-10-09 18:40:45,310 RX_ECHO ignored
2026-10-09 18:40:45,310 RX_ECHO ignored
2026-10-09 18:40:45,310 RX_ECHO ignored
2026-10-09 18:40:45,310 RX_ECHO ignored
2026-10-09 18:40:45,310 RX_ECHO ignored
2026-10-09 18:40:45,310 RX_ECHO ignored
2026-10-09 18:40:45,310 RX_ECHO ignored
2026-10-09 18:40:45,310 RX_ECHO ignored
2026-10-09 18:40:45,310 RX_ECHO ignored
2026-10-09 18:40:45,310 RX_ECHO ignored
2026-10-09 18:40:45,310 RX_ECHO ignored
2026-10-09 18:40:45,310 RX_ECHO ignored
2026-10-09 18:40:45,311 RX_ECHO ignored
2026-10-09 18:40:45,311 RX_ECHO ignored
2026-10-09 18:40:45,311 RX_ECHO ignored
2026-10-09 18:40:45,311 RX_ECHO ignored
2026-10-09 18:40:45,311 RX_ECHO ignored
2026-10-09 18:40:45,311 RX_ECHO ignored
2026-10-09 18:40:45,311 RX_ECHO ignored
2026-10-09 18:40:45,311 RX_ECHO ignored
2026-10-09 18:40:45,311 RX_ECHO ignored
2026-10-09 18:40:45,311 RX_ECHO ignored
2026-10-09 18:40:45,311 RX_ECHO ignored
2026-10-09 18:40:45,311 RX_ECHO ignored
2026-10-09 18:40:45,311 RX_ECHO ignored
2026-10-09 18:40:45,311 RX_ECHO ignored
2026-10-09 18:40:45,311 RX_ECHO ignored
2026-10-09 18:40:45,311 RX_ECHO ignored
2026-10-09 18:40:45,311 RX_ECHO ignored
2026-10-09 18:40:45,312 RX_ECHO ignored
2026-10-09 18:40:45,312 RX_ECHO ignored
2026-10-09 18:40:45,312 RX_ECHO ignored
2026-10-09 18:40:45,312 RX_ECHO ignored
2026-10-09 18:40:45,312 RX_ECHO ignored
2026-10-09 18:40:45,312 RX_ECHO ignored
2026-10-09 18:40:45,312 RX_ECHO ignored
2026-10-09 18:40:45,312 RX_ECHO ignored
2026-10-09 18:40:45,312 RX_ECHO ignored
2026-10-09 18:40:45,312 RX_ECHO ignored
2026-10-09 18:40:45,312 RX_ECHO ignored
2026-10-09 18:40:45,312 RX_ECHO ignored
2026-10-09 18:40:45,312 RX_ECHO ignored
2026-10-09 18:40:45,312 RX_ECHO ignored
2026-10-09 18:40:45,312 RX_ECHO ignored
2026-10-09 18:40:45,312 RX_ECHO ignored
2026-10-09 18:40:45,312 RX_ECHO ignored
2026-10-09 18:40:45,312 RX_ECHO ignored
2026-10-09 18:40:45,312 RX_ECHO ignored
2026-10-09 18:40:45,312 RX_ECHO ignored
2026-10-09 18:40:45,312 RX_ECHO ignored
2026-10-09 18:40:45,312 RX_ECHO ignored
2026-10-09 18:40:45,313 RX_ECHO ignored
2026-10-09 18:40:45,313 RX_ECHO ignored
2026-10-09 18:40:45,313 RX_ECHO ignored
2026-10-09 18:40:45,313 RX_ECHO ignored
2026-10-09 18:40:45,313 RX_ECHO ignored
2026-10-09 18:40:45,313 RX_ECHO ignored
2026-10-09 18:40:45,313 RX_ECHO ignored
2026-10-09 18:40:45,313 RX_ECHO ignored
2026-10-09 18:40:45,313 RX_ECHO ignored
2026-10-09 18:40:45,313 RX_ECHO ignored
2026-10-09 18:40:45,313 RX_ECHO ignored
2026-10-09 18:40:45,313 RX_ECHO ignored
2026-10-09 18:40:45,314 RX_ECHO ignored
2026-10-09 18:40:45,314 RX_ECHO ignored
2026-10-09 18:40:45,314 RX_ECHO ignored
2026-10-09 18:40:45,314 RX_ECHO ignored
2026-10-09 18:40:45,314 RX_ECHO ignored
2026-10-09 18:40:45,314 RX_ECHO ignored
2026-10-09 18:40:45,314 RX_ECHO ignored
2026-10-09 18:40:45,314 RX_ECHO ignored
2026-10-09 18:40:45,314 RX_ECHO ignored
2026-10-09 18:40:45,314 RX_ECHO ignored
2026-10-09 18:40:45,314 RX_ECHO ignored
2026-10-09 18:40:45,314 RX_ECHO ignored
2026-10-09 18:40:45,314 RX_ECHO ignored
2026-10-09 18:40:45,314 RX_ECHO ignored
2026-10-09 18:40:45,314 RX_ECHO ignored
2026-10-09 18:40:45,314 RX_ECHO ignored
2026-10-09 18:40:45,314 RX_ECHO ignored
2026-10-09 18:40:45,314 RX_ECHO ignored
2026-10-09 18:40:45,314 RX_ECHO ignored
2026-10-09 18:40:45,314 RX_ECHO ignored
2026-10-09 18:40:45,314 RX_ECHO ignored
2026-10-09 18:40:45,314 RX_ECHO ignored
2026-10-09 18:40:45,314 RX_ECHO ignored
2026-10-09 18:40:45,314 RX_ECHO ignored
2026-10-09 18:40:45,314 RX_ECHO ignored
2026-10-09 18:40:45,314 RX_ECHO ignored
2026-10-09 18:40:45,315 RX_ECHO ignored
2026-10-09 18:40:45,315 RX_ECHO ignored
2026-10-09 18:40:45,315 RX_ECHO ignored
2026-10-09 18:40:45,315 RX_ECHO ignored
2026-10-09 18:40:45,315 RX_ECHO ignored
2026-10-09 18:40:45,315 RX_ECHO ignored
2026-10-09 18:40:45,315 RX_ECHO ignored
2026-10-09 18:40:45,315 RX_ECHO ignored
2026-10-09 18:40:45,315 RX_ECHO ignored
2026-10-09 18:40:45,315 RX_ECHO ignored
2026-10-09 18:40:45,315 RX_ECHO ignored
2026-10-09 18:40:45,315 RX_ECHO ignored
2026-10-09 18:40:45,315 RX_ECHO ignored
2026-10-09 18:40:45,315 RX_ECHO ignored
2026-10-09 18:40:45,316 RX_ECHO ignored
2026-10-09 18:40:45,316 RX_ECHO ignored
2026-10-09 18:40:45,316 RX_ECHO ignored
2026-10-09 18:40:45,316 RX_ECHO ignored
2026-10-09 18:40:45,316 RX_ECHO ignored
2026-10-09 18:40:45,316 RX_ECHO ignored
2026-10-09 18:40:45,316 RX_ECHO ignored
2026-10-09 18:40:45,316 RX_ECHO ignored
2026-10-09 18:40:45,316 RX_ECHO ignored
2026-10-09 18:40:45,316 RX_ECHO ignored
2026-10-09 18:40:45,316 RX_ECHO ignored
2026-10-09 18:40:45,316 RX_ECHO ignored
2026-10-09 18:40:45,316 RX_ECHO ignored
2026-10-09 18:40:45,316 RX_ECHO ignored
2026-10-09 18:40:45,316 RX_ECHO ignored
2026-10-09 18:40:45,316 RX_ECHO ignored
2026-10-09 18:40:45,316 RX_ECHO ignored
2026-10-09 18:40:45,316 RX_ECHO ignored
2026-10-09 18:40:45,316 RX_ECHO ignored
2026-10-09 18:40:45,316 RX_ECHO ignored
2026-10-09 18:40:45,316 RX_ECHO ignored
2026-10-09 18:40:45,316 RX_ECHO ignored
2026-10-09 18:40:45,316 RX_ECHO ignored
2026-10-09 18:40:45,316 RX_ECHO ignored
2026-10-09 18:40:45,317 RX_ECHO ignored
2026-10-09 18:40:45,317 RX_ECHO ignored
2026-10-09 18:40:45,317 RX_ECHO ignored
2026-10-09 18:40:45,317 RX_ECHO ignored
2026-10-09 18:40:45,317 RX_ECHO ignored
2026-10-09 18:40:45,317 RX_ECHO ignored
2026-10-09 18:40:45,317 RX_ECHO ignored
2026-10-09 18:40:45,317 RX_ECHO ignored
2026-10-09 18:40:45,317 RX_ECHO ignored
2026-10-09 18:40:45,317 RX_ECHO ignored
2026-10-09 18:40:45,317 RX_ECHO ignored
2026-10-09 18:40:45,317 RX_ECHO ignored
2026-10-09 18:40:45,317 RX_ECHO ignored
2026-10-09 18:40:45,317 RX_ECHO ignored
2026-10-09 18:40:45,317 RX_ECHO ignored
2026-10-09 18:40:45,317 RX_ECHO ignored
2026-10-09 18:40:45,318 RX_ECHO ignored
2026-10-09 18:40:45,318 RX_ECHO ignored
2026-10-09 18:40:45,318 RX_ECHO ignored
2026-10-09 18:40:45,318 RX_ECHO ignored
2026-10-09 18:40:45,318 RX_ECHO ignored
2026-10-09 18:40:45,318 RX_ECHO ignored
2026-10-09 18:40:45,318 RX_ECHO ignored
2026-10-09 18:40:45,318 RX_ECHO ignored
2026-10-09 18:40:45,318 RX_ECHO ignored
2026-10-09 18:40:45,318 RX_ECHO ignored
2026-10-09 18:40:45,318 RX_ECHO ignored
2026-10-09 18:40:45,318 RX_ECHO ignored
2026-10-09 18:40:45,318 RX_ECHO ignored
2026-10-09 18:40:45,318 RX_ECHO ignored
2026-10-09 18:40:45,318 RX_ECHO ignored
2026-10-09 18:40:45,318 RX_ECHO ignored
2026-10-09 18:40:45,318 RX_ECHO ignored
2026-10-09 18:40:45,318 RX_ECHO ignored
2026-10-09 18:40:45,318 RX_ECHO ignored
2026-10-09 18:40:45,318 RX_ECHO ignored
2026-10-09 18:40:45,318 RX_ECHO ignored
2026-10-09 18:40:45,318 RX_ECHO ignored
2026-10-09 18:40:45,318 RX_ECHO ignored
2026-10-09 18:40:45,319 RX_ECHO ignored
2026-10-09 18:40:45,319 RX_ECHO ignored
2026-10-09 18:40:45,319 RX_ECHO ignored
2026-10-09 18:40:45,319 RX_ECHO ignored
2026-10-09 18:40:45,319 RX_ECHO ignored
2026-10-09 18:40:45,319 RX_ECHO ignored
2026-10-09 18:40:45,319 RX_ECHO ignored
2026-10-09 18:40:45,319 RX_ECHO ignored
2026-10-09 18:40:45,319 RX_ECHO ignored
2026-10-09 18:40:45,319 RX_ECHO ignored
2026-10-09 18:40:45,319 RX_ECHO ignored
2026-10-09 18:40:45,319 RX_ECHO ignored
2026-10-09 18:40:45,319 RX_ECHO ignored
2026-10-09 18:40:45,320 RX_ECHO ignored
2026-10-09 18:40:45,320 RX_ECHO ignored
2026-10-09 18:40:45,320 RX_ECHO ignored
2026-10-09 18:40:45,320 RX_ECHO ignored
2026-10-09 18:40:45,320 RX_ECHO ignored
2026-10-09 18:40:45,320 RX_ECHO ignored
2026-10-09 18:40:45,320 RX_ECHO ignored
2026-10-09 18:40:45,320 RX_ECHO ignored
2026-10-09 18:40:45,320 RX_ECHO ignored
2026-10-09 18:40:45,320 RX_ECHO ignored
2026-10-09 18:40:45,320 RX_ECHO ignored
2026-10-09 18:40:45,320 RX_ECHO ignored
2026-10-09 18:40:45,320 RX_ECHO ignored
2026-10-09 18:40:45,320 RX_ECHO ignored
2026-10-09 18:40:45,320 RX_ECHO ignored
2026-10-09 18:40:45,321 RX_ECHO ignored
2026-10-09 18:40:45,321 RX_ECHO ignored
2026-10-09 18:40:45,321 RX_ECHO ignored
2026-10-09 18:40:45,321 RX_ECHO ignored
2026-10-09 18:40:45,321 RX_ECHO ignored
2026-10-09 18:40:45,321 RX_ECHO ignored
2026-10-09 18:40:45,321 RX_ECHO ignored
2026-10-09 18:40:45,321 RX_ECHO ignored
2026-10-09 18:40:45,321 RX_ECHO ignored
2026-10-09 18:40:45,321 RX_ECHO ignored
2026-10-09 18:40:45,321 RX_ECHO ignored
2026-10-09 18:40:45,321 RX_ECHO ignored
2026-10-09 18:40:45,321 RX_ECHO ignored
2026-10-09 18:40:45,321 RX_ECHO ignored
2026-10-09 18:40:45,322 RX_ECHO ignored
2026-10-09 18:40:45,322 RX_ECHO ignored
2026-10-09 18:40:45,322 RX_ECHO ignored
2026-10-09 18:40:45,322 RX_ECHO ignored
2026-10-09 18:40:45,322 RX_ECHO ignored
2026-10-09 18:40:45,322 RX_ECHO ignored
2026-10-09 18:40:45,322 RX_ECHO ignored
2026-10-09 18:40:45,322 RX_ECHO ignored
2026-10-09 18:40:45,322 RX_ECHO ignored
2026-10-09 18:40:45,322 RX_ECHO ignored
2026-10-09 18:40:45,322 RX_ECHO ignored
2026-10-09 18:40:45,322 RX_ECHO ignored
2026-10-09 18:40:45,322 RX_ECHO ignored
2026-10-09 18:40:45,322 RX_ECHO ignored
2026-10-09 18:40:45,322 RX_ECHO ignored
2026-10-09 18:40:45,322 RX_ECHO ignored
2026-10-09 18:40:45,322 RX_ECHO ignored
2026-10-09 18:40:45,322 RX_ECHO ignored
2026-10-09 18:40:45,322 RX_ECHO ignored
2026-10-09 18:40:45,322 RX_ECHO ignored
2026-10-09 18:40:45,322 RX_ECHO ignored
2026-10-09 18:40:45,322 RX_ECHO ignored
2026-10-09 18:40:45,323 RX_ECHO ignored
2026-10-09 18:40:45,323 RX_ECHO ignored
2026-10-09 18:40:45,323 RX_ECHO ignored
2026-10-09 18:40:45,323 RX_ECHO ignored
2026-10-09 18:40:45,323 RX_ECHO ignored
2026-10-09 18:40:45,323 RX_ECHO ignored
2026-10-09 18:40:45,323 RX_ECHO ignored
2026-10-09 18:40:45,323 RX_ECHO ignored
2026-10-09 18:40:45,323 RX_ECHO ignored
2026-10-09 18:40:45,323 RX_ECHO ignored
2026-10-09 18:40:45,323 RX_ECHO ignored
2026-10-09 18:40:45,323 RX_ECHO ignored
2026-10-09 18:40:45,323 RX_ECHO ignored
2026-10-09 18:40:45,323 RX_ECHO ignored
2026-10-09 18:40:45,323 RX_ECHO ignored
2026-10-09 18:40:45,323 RX_ECHO ignored
2026-10-09 18:40:45,323 RX_ECHO ignored
2026-10-09 18:40:45,323 RX_ECHO ignored
2026-10-09 18:40:45,323 RX_ECHO ignored
2026-10-09 18:40:45,323 RX_ECHO ignored
2026-10-09 18:40:45,323 RX_ECHO ignored
2026-10-09 18:40:45,323 RX_ECHO ignored
2026-10-09 18:40:45,323 RX_ECHO ignored
2026-10-09 18:40:45,323 RX_ECHO ignored
2026-10-09 18:40:45,323 RX_ECHO ignored
2026-10-09 18:40:45,324 RX_ECHO ignored
2026-10-09 18:40:45,324 RX_ECHO ignored
2026-10-09 18:40:45,324 RX_ECHO ignored
2026-10-09 18:40:45,324 RX_ECHO ignored
2026-10-09 18:40:45,324 RX_ECHO ignored
2026-10-09 18:40:45,324 RX_ECHO ignored
2026-10-09 18:40:45,324 RX_ECHO ignored
2026-10-09 18:40:45,324 RX_ECHO ignored
2026-10-09 18:40:45,324 RX_ECHO ignored
2026-10-09 18:40:45,324 RX_ECHO ignored
2026-10-09 18:40:45,324 RX_ECHO ignored
2026-10-09 18:40:45,324 RX_ECHO ignored
2026-10-09 18:40:45,324 RX_ECHO ignored
2026-10-09 18:40:45,325 RX_ECHO ignored
2026-10-09 18:40:45,325 RX_ECHO ignored
2026-10-09 18:40:45,325 RX_ECHO ignored
2026-10-09 18:40:45,325 RX_ECHO ignored
2026-10-09 18:40:45,325 RX_ECHO ignored
2026-10-09 18:40:45,325 RX_ECHO ignored
2026-10-09 18:40:45,325 RX_ECHO ignored
2026-10-09 18:40:45,325 RX_ECHO ignored
2026-10-09 18:40:45,325 RX_ECHO ignored
2026-10-09 18:40:45,325 RX_ECHO ignored
2026-10-09 18:40:45,325 RX_ECHO ignored
2026-10-09 18:40:45,325 RX_ECHO ignored
2026-10-09 18:40:45,325 RX_ECHO ignored
2026-10-09 18:40:45,325 RX_ECHO ignored
2026-10-09 18:40:45,325 RX_ECHO ignored
2026-10-09 18:40:45,325 RX_ECHO ignored
2026-10-09 18:40:45,325 RX_ECHO ignored
2026-10-09 18:40:45,325 RX_ECHO ignored
2026-10-09 18:40:45,325 RX_ECHO ignored
2026-10-09 18:40:45,325 RX_ECHO ignored
2026-10-09 18:40:45,325 RX_ECHO ignored
2026-10-09 18:40:45,325 RX_ECHO ignored
2026-10-09 18:40:45,325 RX_ECHO ignored
2026-10-09 18:40:45,325 RX_ECHO ignored
2026-10-09 18:40:45,325 RX_ECHO ignored
2026-10-09 18:40:45,325 RX_ECHO ignored
2026-10-09 18:40:45,326 RX_ECHO ignored
2026-10-09 18:40:45,326 RX_ECHO ignored
2026-10-09 18:40:45,326 RX_ECHO ignored
2026-10-09 18:40:45,326 RX_ECHO ignored
2026-10-09 18:40:45,326 RX_ECHO ignored
2026-10-09 18:40:45,326 RX_ECHO ignored
2026-10-09 18:40:45,326 RX_ECHO ignored
2026-10-09 18:40:45,326 RX_ECHO ignored
2026-10-09 18:40:45,326 RX_ECHO ignored
2026-10-09 18:40:45,326 RX_ECHO ignored
2026-10-09 18:40:45,326 RX_ECHO ignored
2026-10-09 18:40:45,326 RX_ECHO ignored
2026-10-09 18:40:45,326 RX_ECHO ignored
2026-10-09 18:40:45,327 RX_ECHO ignored
2026-10-09 18:40:45,327 RX_ECHO ignored
2026-10-09 18:40:45,327 RX_ECHO ignored
2026-10-09 18:40:45,327 RX_ECHO ignored
2026-10-09 18:40:45,327 RX_ECHO ignored
2026-10-09 18:40:45,327 RX_ECHO ignored
2026-10-09 18:40:45,327 RX_ECHO ignored
2026-10-09 18:40:45,327 RX_ECHO ignored
2026-10-09 18:40:45,327 RX_ECHO ignored
2026-10-09 18:40:45,327 RX_ECHO ignored
2026-10-09 18:40:45,327 RX_ECHO ignored
2026-10-09 18:40:45,327 RX_ECHO ignored
2026-10-09 18:40:45,327 RX_ECHO ignored
2026-10-09 18:40:45,327 RX_ECHO ignored
2026-10-09 18:40:45,327 RX_ECHO ignored
2026-10-09 18:40:45,327 RX_ECHO ignored
2026-10-09 18:40:45,327 RX_ECHO ignored
2026-10-09 18:40:45,327 RX_ECHO ignored
2026-10-09 18:40:45,327 RX_ECHO ignored
2026-10-09 18:40:45,327 RX_ECHO ignored
2026-10-09 18:40:45,327 RX_ECHO ignored
2026-10-09 18:40:45,327 RX_ECHO ignored
2026-10-09 18:40:45,327 RX_ECHO ignored
2026-10-09 18:40:45,327 RX_ECHO ignored
2026-10-09 18:40:45,328 RX_ECHO ignored
2026-10-09 18:40:45,328 RX_ECHO ignored
2026-10-09 18:40:45,328 RX_ECHO ignored
2026-10-09 18:40:45,328 RX_ECHO ignored
2026-10-09 18:40:45,328 RX_ECHO ignored
2026-10-09 18:40:45,328 RX_ECHO ignored
2026-10-09 18:40:45,328 RX_ECHO ignored
2026-10-09 18:40:45,328 RX_ECHO ignored
2026-10-09 18:40:45,328 RX_ECHO ignored
2026-10-09 18:40:45,328 RX_ECHO ignored
2026-10-09 18:40:45,328 RX_ECHO ignored
2026-10-09 18:40:45,328 RX_ECHO ignored
2026-10-09 18:40:45,328 RX_ECHO ignored
2026-10-09 18:40:45,328 RX_ECHO ignored
2026-10-09 18:40:45,329 RX_ECHO ignored
2026-10-09 18:40:45,329 RX_ECHO ignored
2026-10-09 18:40:45,329 RX_ECHO ignored
2026-10-09 18:40:45,329 RX_ECHO ignored
2026-10-09 18:40:45,329 RX_ECHO ignored
2026-10-09 18:40:45,329 RX_ECHO ignored
2026-10-09 18:40:45,329 RX_ECHO ignored
2026-10-09 18:40:45,329 RX_ECHO ignored
2026-10-09 18:40:45,329 RX_ECHO ignored
2026-10-09 18:40:45,329 RX_ECHO ignored
2026-10-09 18:40:45,329 RX_ECHO ignored
2026-10-09 18:40:45,329 RX_ECHO ignored
2026-10-09 18:40:45,329 RX_ECHO ignored
2026-10-09 18:40:45,329 RX_ECHO ignored
2026-10-09 18:40:45,329 RX_ECHO ignored
2026-10-09 18:40:45,330 RX_ECHO ignored
2026-10-09 18:40:45,330 RX_ECHO ignored
2026-10-09 18:40:45,330 RX_ECHO ignored
2026-10-09 18:40:45,330 RX_ECHO ignored
2026-10-09 18:40:45,330 RX_ECHO ignored
2026-10-09 18:40:45,330 RX_ECHO ignored
2026-10-09 18:40:45,330 RX_ECHO ignored
2026-10-09 18:40:45,330 RX_ECHO ignored
2026-10-09 18:40:45,330 RX_ECHO ignored
2026-10-09 18:40:45,330 RX_ECHO ignored
2026-10-09 18:40:45,330 RX_ECHO ignored
2026-10-09 18:40:45,330 RX_ECHO ignored
2026-10-09 18:40:45,330 RX_ECHO ignored
2026-10-09 18:40:45,330 RX_ECHO ignored
2026-10-09 18:40:45,330 RX_ECHO ignored
2026-10-09 18:40:45,330 RX_ECHO ignored
2026-10-09 18:40:45,330 RX_ECHO ignored
2026-10-09 18:40:45,330 RX_ECHO ignored
2026-10-09 18:40:45,330 RX_ECHO ignored
2026-10-09 18:40:45,330 RX_ECHO ignored
2026-10-09 18:40:45,330 RX_ECHO ignored
2026-10-09 18:40:45,330 RX_ECHO ignored
2026-10-09 18:40:45,330 RX_ECHO ignored
2026-10-09 18:40:45,331 RX_ECHO ignored
2026-10-09 18:40:45,331 RX_ECHO ignored
2026-10-09 18:40:45,331 RX_ECHO ignored
2026-10-09 18:40:45,331 RX_ECHO ignored
2026-10-09 18:40:45,331 RX_ECHO ignored
2026-10-09 18:40:45,331 RX_ECHO ignored
2026-10-09 18:40:45,331 RX_ECHO ignored
2026-10-09 18:40:45,331 RX_ECHO ignored
2026-10-09 18:40:45,331 RX_ECHO ignored
2026-10-09 18:40:45,331 RX_ECHO ignored
2026-10-09 18:40:45,331 RX_ECHO ignored
2026-10-09 18:40:45,331 RX_ECHO ignored
2026-10-09 18:40:45,331 RX_ECHO ignored
2026-10-09 18:40:45,332 RX_ECHO ignored
2026-10-09 18:40:45,332 RX_ECHO ignored
2026-10-09 18:40:45,332 RX_ECHO ignored
2026-10-09 18:40:45,332 RX_ECHO ignored
2026-10-09 18:40:45,332 RX_ECHO ignored
2026-10-09 18:40:45,332 RX_ECHO ignored
2026-10-09 18:40:45,332 RX_ECHO ignored
2026-10-09 18:40:45,332 RX_ECHO ignored
2026-10-09 18:40:45,332 RX_ECHO ignored
2026-10-09 18:40:45,332 RX_ECHO ignored
2026-10-09 18:40:45,332 RX_ECHO ignored
2026-10-09 18:40:45,332 RX_ECHO ignored
2026-10-09 18:40:45,332 RX_ECHO ignored
2026-10-09 18:40:45,332 RX_ECHO ignored
2026-10-09 18:40:45,332 RX_ECHO ignored
2026-10-09 18:40:45,332 RX_ECHO ignored
2026-10-09 18:40:45,333 RX_ECHO ignored
2026-10-09 18:40:45,333 RX_ECHO ignored
2026-10-09 18:40:45,333 RX_ECHO ignored
2026-10-09 18:40:45,333 RX_ECHO ignored
2026-10-09 18:40:45,333 RX_ECHO ignored
2026-10-09 18:40:45,333 RX_ECHO ignored
2026-10-09 18:40:45,333 RX_ECHO ignored
2026-10-09 18:40:45,333 RX_ECHO ignored
2026-10-09 18:40:45,333 RX_ECHO ignored
2026-10-09 18:40:45,333 RX_ECHO ignored
2026-10-09 18:40:45,333 RX_ECHO ignored
2026-10-09 18:40:45,333 RX_ECHO ignored
2026-10-09 18:40:45,333 RX_ECHO ignored
2026-10-09 18:40:45,333 RX_ECHO ignored
2026-10-09 18:40:45,333 RX_ECHO ignored
2026-10-09 18:40:45,333 RX_ECHO ignored
2026-10-09 18:40:45,333 RX_ECHO ignored
2026-10-09 18:40:45,333 RX_ECHO ignored
2026-10-09 18:40:45,333 RX_ECHO ignored
2026-10-09 18:40:45,333 RX_ECHO ignored
2026-10-09 18:40:45,333 RX_ECHO ignored
2026-10-09 18:40:45,333 RX_ECHO ignored
2026-10-09 18:40:45,333 RX_ECHO ignored
2026-10-09 18:40:45,334 RX_ECHO ignored
2026-10-09 18:40:45,334 RX_ECHO ignored
2026-10-09 18:40:45,334 RX_ECHO ignored
2026-10-09 18:40:45,334 RX_ECHO ignored
2026-10-09 18:40:45,334 RX_ECHO ignored
2026-10-09 18:40:45,334 RX_ECHO ignored
2026-10-09 18:40:45,334 RX_ECHO ignored
2026-10-09 18:40:45,334 RX_ECHO ignored
2026-10-09 18:40:45,334 RX_ECHO ignored
2026-10-09 18:40:45,334 RX_ECHO ignored
2026-10-09 18:40:45,334 RX_ECHO ignored
2026-10-09 18:40:45,334 RX_ECHO ignored
2026-10-09 18:40:45,335 RX_ECHO ignored
2026-10-09 18:40:45,335 RX_ECHO ignored
2026-10-09 18:40:45,335 RX_ECHO ignored
2026-10-09 18:40:45,335 RX_ECHO ignored
2026-10-09 18:40:45,335 RX_ECHO ignored
2026-10-09 18:40:45,335 RX_ECHO ignored
2026-10-09 18:40:45,335 RX_ECHO ignored
2026-10-09 18:40:45,335 RX_ECHO ignored
2026-10-09 18:40:45,335 RX_ECHO ignored
2026-10-09 18:40:45,335 RX_ECHO ignored
2026-10-09 18:40:45,335 RX_ECHO ignored
2026-10-09 18:40:45,335 RX_ECHO ignored
2026-10-09 18:40:45,335 RX_ECHO ignored
2026-10-09 18:40:45,335 RX_ECHO ignored
2026-10-09 18:40:45,335 RX_ECHO ignored
2026-10-09 18:40:45,335 RX_ECHO ignored
2026-10-09 18:40:45,335 RX_ECHO ignored
2026-10-09 18:40:45,335 RX_ECHO ignored
2026-10-09 18:40:45,335 RX_ECHO ignored
2026-10-09 18:40:45,335 RX_ECHO ignored
2026-10-09 18:40:45,335 RX_ECHO ignored
2026-10-09 18:40:45,335 RX_ECHO ignored
2026-10-09 18:40:45,335 RX_ECHO ignored
2026-10-09 18:40:45,335 RX_ECHO ignored
2026-10-09 18:40:45,335 RX_ECHO ignored
2026-10-09 18:40:45,335 RX_ECHO ignored
2026-10-09 18:40:45,336 RX_ECHO ignored
2026-10-09 18:40:45,336 RX_ECHO ignored
2026-10-09 18:40:45,336 RX_ECHO ignored
2026-10-09 18:40:45,336 RX_ECHO ignored
2026-10-09 18:40:45,336 RX_ECHO ignored
2026-10-09 18:40:45,336 RX_ECHO ignored
2026-10-09 18:40:45,336 RX_ECHO ignored
2026-10-09 18:40:45,336 RX_ECHO ignored
2026-10-09 18:40:45,336 RX_ECHO ignored
2026-10-09 18:40:45,336 RX_ECHO ignored
2026-10-09 18:40:45,336 RX_ECHO ignored
2026-10-09 18:40:45,336 RX_ECHO ignored
2026-10-09 18:40:45,336 RX_ECHO ignored
2026-10-09 18:40:45,337 RX_ECHO ignored
2026-10-09 18:40:45,337 RX_ECHO ignored
2026-10-09 18:40:45,337 RX_ECHO ignored
2026-10-09 18:40:45,337 RX_ECHO ignored
2026-10-09 18:40:45,337 RX_ECHO ignored
2026-10-09 18:40:45,337 RX_ECHO ignored
2026-10-09 18:40:45,337 RX_ECHO ignored
2026-10-09 18:40:45,337 RX_ECHO ignored
2026-10-09 18:40:45,337 RX_ECHO ignored
2026-10-09 18:40:45,337 RX_ECHO ignored
2026-10-09 18:40:45,337 RX_ECHO ignored
2026-10-09 18:40:45,337 RX_ECHO ignored
2026-10-09 18:40:45,337 RX_ECHO ignored
2026-10-09 18:40:45,337 RX_ECHO ignored
2026-10-09 18:40:45,337 RX_ECHO ignored
2026-10-09 18:40:45,337 RX_ECHO ignored
2026-10-09 18:40:45,337 RX_ECHO ignored
2026-10-09 18:40:45,337 RX_ECHO ignored
2026-10-09 18:40:45,337 RX_ECHO ignored
2026-10-09 18:40:45,337 RX_ECHO ignored
2026-10-09 18:40:45,338 RX_ECHO ignored
2026-10-09 18:40:45,338 RX_ECHO ignored
2026-10-09 18:40:45,338 RX_ECHO ignored
2026-10-09 18:40:45,338 RX_ECHO ignored
2026-10-09 18:40:45,338 RX_ECHO ignored
2026-10-09 18:40:45,338 RX_ECHO ignored
2026-10-09 18:40:45,338 RX_ECHO ignored
2026-10-09 18:40:45,338 RX_ECHO ignored
2026-10-09 18:40:45,338 RX_ECHO ignored
2026-10-09 18:40:45,338 RX_ECHO ignored
2026-10-09 18:40:45,338 RX_ECHO ignored
2026-10-09 18:40:45,338 RX_ECHO ignored
2026-10-09 18:40:45,338 RX_ECHO ignored
2026-10-09 18:40:45,338 RX_ECHO ignored
2026-10-09 18:40:45,338 RX_ECHO ignored
2026-10-09 18:40:45,338 RX_ECHO ignored
2026-10-09 18:40:45,338 RX_ECHO ignored
2026-10-09 18:40:45,338 RX_ECHO ignored
2026-10-09 18:40:45,339 RX_ECHO ignored
2026-10-09 18:40:45,339 RX_ECHO ignored
2026-10-09 18:40:45,339 RX_ECHO ignored
2026-10-09 18:40:45,339 RX_ECHO ignored
2026-10-09 18:40:45,339 RX_ECHO ignored
2026-10-09 18:40:45,339 RX_ECHO ignored
2026-10-09 18:40:45,339 RX_ECHO ignored
2026-10-09 18:40:45,339 RX_ECHO ignored
2026-10-09 18:40:45,339 RX_ECHO ignored
2026-10-09 18:40:45,339 RX_ECHO ignored
2026-10-09 18:40:45,339 RX_ECHO ignored
2026-10-09 18:40:45,339 RX_ECHO ignored
2026-10-09 18:40:45,339 RX_ECHO ignored
2026-10-09 18:40:45,339 RX_ECHO ignored
2026-10-09 18:40:45,339 RX_ECHO ignored
2026-10-09 18:40:45,339 RX_ECHO ignored
2026-10-09 18:40:45,339 RX_ECHO ignored
2026-10-09 18:40:45,339 RX_ECHO ignored
2026-10-09 18:40:45,339 RX_ECHO ignored
2026-10-09 18:40:45,339 RX_ECHO ignored
2026-10-09 18:40:45,339 RX_ECHO ignored
2026-10-09 18:40:45,339 RX_ECHO ignored
2026-10-09 18:40:45,339 RX_ECHO ignored
2026-10-09 18:40:45,339 RX_ECHO ignored
2026-10-09 18:40:45,339 RX_ECHO ignored
2026-10-09 18:40:45,339 RX_ECHO ignored
2026-10-09 18:40:45,340 RX_ECHO ignored
2026-10-09 18:40:45,340 RX_ECHO ignored
2026-10-09 18:40:45,340 RX_ECHO ignored
2026-10-09 18:40:45,340 RX_ECHO ignored
2026-10-09 18:40:45,340 RX_ECHO ignored
2026-10-09 18:40:45,340 RX_ECHO ignored
2026-10-09 18:40:45,340 RX_ECHO ignored
2026-10-09 18:40:45,340 RX_ECHO ignored
2026-10-09 18:40:45,340 RX_ECHO ignored
2026-10-09 18:40:45,340 RX_ECHO ignored
2026-10-09 18:40:45,340 RX_ECHO ignored
2026-10-09 18:40:45,340 RX_ECHO ignored
2026-10-09 18:40:45,340 RX_ECHO ignored
2026-10-09 18:40:45,340 RX_ECHO ignored
2026-10-09 18:40:45,340 RX_ECHO ignored
2026-10-09 18:40:45,340 RX_ECHO ignored
2026-10-09 18:40:45,340 RX_ECHO ignored
2026-10-09 18:40:45,341 RX_ECHO ignored
2026-10-09 18:40:45,341 RX_ECHO ignored
2026-10-09 18:40:45,341 RX_ECHO ignored
2026-10-09 18:40:45,341 RX_ECHO ignored
2026-10-09 18:40:45,341 RX_ECHO ignored
2026-10-09 18:40:45,341 RX_ECHO ignored
2026-10-09 18:40:45,341 RX_ECHO ignored
2026-10-09 18:40:45,341 RX_ECHO ignored
2026-10-09 18:40:45,341 RX_ECHO ignored
2026-10-09 18:40:45,341 RX_ECHO ignored
2026-10-09 18:40:45,341 RX_ECHO ignored
2026-10-09 18:40:45,341 RX_ECHO ignored
2026-10-09 18:40:45,341 RX_ECHO ignored
2026-10-09 18:40:45,341 RX_ECHO ignored
2026-10-09 18:40:45,341 RX_ECHO ignored
2026-10-09 18:40:45,341 RX_ECHO ignored
2026-10-09 18:40:45,341 RX_ECHO ignored
2026-10-09 18:40:45,341 RX_ECHO ignored
2026-10-09 18:40:45,341 RX_ECHO ignored
2026-10-09 18:40:45,341 RX_ECHO ignored
2026-10-09 18:40:45,341 RX_ECHO ignored
2026-10-09 18:40:45,342 RX_ECHO ignored
2026-10-09 18:40:45,342 RX_ECHO ignored
2026-10-09 18:40:45,342 RX_ECHO ignored
2026-10-09 18:40:45,342 RX_ECHO ignored
2026-10-09 18:40:45,342 RX_ECHO ignored
2026-10-09 18:40:45,342 RX_ECHO ignored
2026-10-09 18:40:45,342 RX_ECHO ignored
2026-10-09 18:40:45,342 RX_ECHO ignored
2026-10-09 18:40:45,342 RX_ECHO ignored
2026-10-09 18:40:45,342 RX_ECHO ignored
2026-10-09 18:40:45,342 RX_ECHO ignored
2026-10-09 18:40:45,342 RX_ECHO ignored
2026-10-09 18:40:45,342 RX_ECHO ignored
2026-10-09 18:40:45,342 RX_ECHO ignored
2026-10-09 18:40:45,343 RX_ECHO ignored
2026-10-09 18:40:45,343 RX_ECHO ignored
2026-10-09 18:40:45,343 RX_ECHO ignored
2026-10-09 18:40:45,343 RX_ECHO ignored
2026-10-09 18:40:45,343 RX_ECHO ignored
2026-10-09 18:40:45,343 RX_ECHO ignored
2026-10-09 18:40:45,343 RX_ECHO ignored
2026-10-09 18:40:45,343 RX_ECHO ignored
2026-10-09 18:40:45,343 RX_ECHO ignored
2026-10-09 18:40:45,343 RX_ECHO ignored
2026-10-09 18:40:45,343 RX_ECHO ignored
2026-10-09 18:40:45,343 RX_ECHO ignored
2026-10-09 18:40:45,343 RX_ECHO ignored
2026-10-09 18:40:45,343 RX_ECHO ignored
2026-10-09 18:40:45,343 RX_ECHO ignored
2026-10-09 18:40:45,343 RX_ECHO ignored
2026-10-09 18:40:45,343 RX_ECHO ignored
2026-10-09 18:40:45,343 RX_ECHO ignored
2026-10-09 18:40:45,343 RX_ECHO ignored
2026-10-09 18:40:45,343 RX_ECHO ignored
2026-10-09 18:40:45,343 RX_ECHO ignored
2026-10-09 18:40:45,343 RX_ECHO ignored
2026-10-09 18:40:45,343 RX_ECHO ignored
2026-10-09 18:40:45,343 RX_ECHO ignored
2026-10-09 18:40:45,343 RX_ECHO ignored
2026-10-09 18:40:45,344 RX_ECHO ignored
2026-10-09 18:40:45,344 RX_ECHO ignored
2026-10-09 18:40:45,344 RX_ECHO ignored
2026-10-09 18:40:45,344 RX_ECHO ignored
2026-10-09 18:40:45,344 RX_ECHO ignored
2026-10-09 18:40:45,344 RX_ECHO ignored
2026-10-09 18:40:45,344 RX_ECHO ignored
2026-10-09 18:40:45,344 RX_ECHO ignored
2026-10-09 18:40:45,344 RX_ECHO ignored
2026-10-09 18:40:45,344 RX_ECHO ignored
2026-10-09 18:40:45,344 RX_ECHO ignored
2026-10-09 18:40:45,344 RX_ECHO ignored
2026-10-09 18:40:45,345 RX_ECHO ignored
2026-10-09 18:40:45,345 RX_ECHO ignored
2026-10-09 18:40:45,345 RX_ECHO ignored
2026-10-09 18:40:45,345 RX_ECHO ignored
2026-10-09 18:40:45,345 RX_ECHO ignored
2026-10-09 18:40:45,345 RX_ECHO ignored
2026-10-09 18:40:45,345 RX_ECHO ignored
2026-10-09 18:40:45,345 RX_ECHO ignored
2026-10-09 18:40:45,345 RX_ECHO ignored
2026-10-09 18:40:45,345 RX_ECHO ignored
2026-10-09 18:40:45,345 RX_ECHO ignored
2026-10-09 18:40:45,345 RX_ECHO ignored
2026-10-09 18:40:45,345 RX_ECHO ignored
2026-10-09 18:40:45,346 RX_ECHO ignored
2026-10-09 18:40:45,346 RX_ECHO ignored
2026-10-09 18:40:45,346 RX_ECHO ignored
2026-10-09 18:40:45,346 RX_ECHO ignored
2026-10-09 18:40:45,346 RX_ECHO ignored
2026-10-09 18:40:45,346 RX_ECHO ignored
2026-10-09 18:40:45,346 RX_ECHO ignored
2026-10-09 18:40:45,346 RX_ECHO ignored
2026-10-09 18:40:45,346 RX_ECHO ignored
2026-10-09 18:40:45,346 RX_ECHO ignored
2026-10-09 18:40:45,346 RX_ECHO ignored
2026-10-09 18:40:45,346 RX_ECHO ignored
2026-10-09 18:40:45,346 RX_ECHO ignored
2026-10-09 18:40:45,346 RX_ECHO ignored
2026-10-09 18:40:45,346 RX_ECHO ignored
2026-10-09 18:40:45,346 RX_ECHO ignored
2026-10-09 18:40:45,346 RX_ECHO ignored
2026-10-09 18:40:45,346 RX_ECHO ignored
2026-10-09 18:40:45,346 RX_ECHO ignored
2026-10-09 18:40:45,346 RX_ECHO ignored
2026-10-09 18:40:45,346 RX_ECHO ignored
2026-10-09 18:40:45,346 RX_ECHO ignored
2026-10-09 18:40:45,346 RX_ECHO ignored
2026-10-09 18:40:45,346 RX_ECHO ignored
2026-10-09 18:40:45,346 RX_ECHO ignored
2026-10-09 18:40:45,346 RX_ECHO ignored
2026-10-09 18:40:45,347 RX_ECHO ignored
2026-10-09 18:40:45,347 RX_ECHO ignored
2026-10-09 18:40:45,347 RX_ECHO ignored
2026-10-09 18:40:45,347 RX_ECHO ignored
2026-10-09 18:40:45,347 RX_ECHO ignored
2026-10-09 18:40:45,347 RX_ECHO ignored
2026-10-09 18:40:45,347 RX_ECHO ignored
2026-10-09 18:40:45,347 RX_ECHO ignored
2026-10-09 18:40:45,347 RX_ECHO ignored
2026-10-09 18:40:45,347 RX_ECHO ignored
2026-10-09 18:40:45,347 RX_ECHO ignored
2026-10-09 18:40:45,347 RX_ECHO ignored
2026-10-09 18:40:45,347 RX_ECHO ignored
2026-10-09 18:40:45,348 RX_ECHO ignored
2026-10-09 18:40:45,348 RX_ECHO ignored
2026-10-09 18:40:45,348 RX_ECHO ignored
2026-10-09 18:40:45,348 RX_ECHO ignored
2026-10-09 18:40:45,348 RX_ECHO ignored
2026-10-09 18:40:45,348 RX_ECHO ignored
2026-10-09 18:40:45,348 RX_ECHO ignored
2026-10-09 18:40:45,348 RX_ECHO ignored
2026-10-09 18:40:45,348 RX_ECHO ignored
2026-10-09 18:40:45,348 RX_ECHO ignored
2026-10-09 18:40:45,348 RX_ECHO ignored
2026-10-09 18:40:45,348 RX_ECHO ignored
2026-10-09 18:40:45,348 RX_ECHO ignored
2026-10-09 18:40:45,349 RX_ECHO ignored
2026-10-09 18:40:45,349 RX_ECHO ignored
2026-10-09 18:40:45,349 RX_ECHO ignored
2026-10-09 18:40:45,349 RX_ECHO ignored
2026-10-09 18:40:45,349 RX_ECHO ignored
2026-10-09 18:40:45,349 RX_ECHO ignored
2026-10-09 18:40:45,349 RX_ECHO ignored
2026-10-09 18:40:45,349 RX_ECHO ignored
2026-10-09 18:40:45,349 RX_ECHO ignored
2026-10-09 18:40:45,349 RX_ECHO ignored
2026-10-09 18:40:45,349 RX_ECHO ignored
2026-10-09 18:40:45,349 RX_ECHO ignored
2026-10-09 18:40:45,349 RX_ECHO ignored
2026-10-09 18:40:45,349 RX_ECHO ignored
2026-10-09 18:40:45,349 RX_ECHO ignored
2026-10-09 18:40:45,349 RX_ECHO ignored
2026-10-09 18:40:45,349 RX_ECHO ignored
2026-10-09 18:40:45,349 RX_ECHO ignored
2026-10-09 18:40:45,349 RX_ECHO ignored
2026-10-09 18:40:45,349 RX_ECHO ignored
2026-10-09 18:40:45,349 RX_ECHO ignored
2026-10-09 18:40:45,349 RX_ECHO ignored
2026-10-09 18:40:45,349 RX_ECHO ignored
2026-10-09 18:40:45,349 RX_ECHO ignored
2026-10-09 18:40:45,349 RX_ECHO ignored
2026-10-09 18:40:45,350 RX_ECHO ignored
2026-10-09 18:40:45,350 RX_ECHO ignored
2026-10-09 18:40:45,350 RX_ECHO ignored
2026-10-09 18:40:45,350 RX_ECHO ignored
2026-10-09 18:40:45,350 RX_ECHO ignored
2026-10-09 18:40:45,350 RX_ECHO ignored
2026-10-09 18:40:45,350 RX_ECHO ignored
2026-10-09 18:40:45,350 RX_ECHO ignored
2026-10-09 18:40:45,350 RX_ECHO ignored
2026-10-09 18:40:45,350 RX_ECHO ignored
2026-10-09 18:40:45,350 RX_ECHO ignored
2026-10-09 18:40:45,350 RX_ECHO ignored
2026-10-09 18:40:45,350 RX_ECHO ignored
2026-10-09 18:40:45,351 RX_ECHO ignored
2026-10-09 18:40:45,351 RX_ECHO ignored
2026-10-09 18:40:45,351 RX_ECHO ignored
2026-10-09 18:40:45,351 RX_ECHO ignored
2026-10-09 18:40:45,351 RX_ECHO ignored
2026-10-09 18:40:45,351 RX_ECHO ignored
2026-10-09 18:40:45,351 RX_ECHO ignored
2026-10-09 18:40:45,351 RX_ECHO ignored
2026-10-09 18:40:45,351 RX_ECHO ignored
2026-10-09 18:40:45,351 RX_ECHO ignored
2026-10-09 18:40:45,351 RX_ECHO ignored
2026-10-09 18:40:45,351 RX_ECHO ignored
2026-10-09 18:40:45,351 RX_ECHO ignored
2026-10-09 18:40:45,351 RX_ECHO ignored
2026-10-09 18:40:45,351 RX_ECHO ignored
2026-10-09 18:40:45,351 RX_ECHO ignored
2026-10-09 18:40:45,351 RX_ECHO ignored
2026-10-09 18:40:45,351 RX_ECHO ignored
2026-10-09 18:40:45,351 RX_ECHO ignored
2026-10-09 18:40:45,352 RX_ECHO ignored
2026-10-09 18:40:45,352 RX_ECHO ignored
2026-10-09 18:40:45,352 RX_ECHO ignored
2026-10-09 18:40:45,352 RX_ECHO ignored
2026-10-09 18:40:45,352 RX_ECHO ignored
2026-10-09 18:40:45,352 RX_ECHO ignored
2026-10-09 18:40:45,352 RX_ECHO ignored
2026-10-09 18:40:45,352 RX_ECHO ignored
2026-10-09 18:40:45,352 RX_ECHO ignored
2026-10-09 18:40:45,352 RX_ECHO ignored
2026-10-09 18:40:45,352 RX_ECHO ignored
2026-10-09 18:40:45,352 RX_ECHO ignored
2026-10-09 18:40:45,352 RX_ECHO ignored
2026-10-09 18:40:45,352 RX_ECHO ignored
2026-10-09 18:40:45,352 RX_ECHO ignored
2026-10-09 18:40:45,352 RX_ECHO ignored
2026-10-09 18:40:45,352 RX_ECHO ignored
2026-10-09 18:40:45,352 RX_ECHO ignored
2026-10-09 18:40:45,352 RX_ECHO ignored
2026-10-09 18:40:45,353 RX_ECHO ignored
2026-10-09 18:40:45,353 RX_ECHO ignored
2026-10-09 18:40:45,353 RX_ECHO ignored
2026-10-09 18:40:45,353 RX_ECHO ignored
2026-10-09 18:40:45,353 RX_ECHO ignored
2026-10-09 18:40:45,353 RX_ECHO ignored
2026-10-09 18:40:45,353 RX_ECHO ignored
2026-10-09 18:40:45,353 RX_ECHO ignored
2026-10-09 18:40:45,353 RX_ECHO ignored
2026-10-09 18:40:45,354 RX_ECHO ignored
2026-10-09 18:40:45,354 RX_ECHO ignored
2026-10-09 18:40:45,354 RX_ECHO ignored
2026-10-09 18:40:45,354 RX_ECHO ignored
2026-10-09 18:40:45,354 RX_ECHO ignored
2026-10-09 18:40:45,354 RX_ECHO ignored
2026-10-09 18:40:45,354 RX_ECHO ignored
2026-10-09 18:40:45,354 RX_ECHO ignored
2026-10-09 18:40:45,354 RX_ECHO ignored
2026-10-09 18:40:45,354 RX_ECHO ignored
2026-10-09 18:40:45,354 RX_ECHO ignored
2026-10-09 18:40:45,354 RX_ECHO ignored
2026-10-09 18:40:45,354 RX_ECHO ignored
2026-10-09 18:40:45,354 RX_ECHO ignored
2026-10-09 18:40:45,354 RX_ECHO ignored
2026-10-09 18:40:45,354 RX_ECHO ignored
2026-10-09 18:40:45,354 RX_ECHO ignored
2026-10-09 18:40:45,354 RX_ECHO ignored
2026-10-09 18:40:45,355 RX_ECHO ignored
2026-10-09 18:40:45,355 RX_ECHO ignored
2026-10-09 18:40:45,355 RX_ECHO ignored
2026-10-09 18:40:45,355 RX_ECHO ignored
2026-10-09 18:40:45,355 RX_ECHO ignored
2026-10-09 18:40:45,355 RX_ECHO ignored
2026-10-09 18:40:45,355 RX_ECHO ignored
2026-10-09 18:40:45,355 RX_ECHO ignored
2026-10-09 18:40:45,355 RX_ECHO ignored
2026-10-09 18:40:45,355 RX_ECHO ignored
2026-10-09 18:40:45,355 RX_ECHO ignored
2026-10-09 18:40:45,355 RX_ECHO ignored
2026-10-09 18:40:45,355 RX_ECHO ignored
2026-10-09 18:40:45,355 RX_ECHO ignored
2026-10-09 18:40:45,355 RX_ECHO ignored
2026-10-09 18:40:45,355 RX_ECHO ignored
2026-10-09 18:40:45,355 RX_ECHO ignored
2026-10-09 18:40:45,355 RX_ECHO ignored
2026-10-09 18:40:45,355 RX_ECHO ignored
2026-10-09 18:40:45,355 RX_ECHO ignored
2026-10-09 18:40:45,355 RX_ECHO ignored
2026-10-09 18:40:45,355 RX_ECHO ignored
2026-10-09 18:40:45,355 RX_ECHO ignored
2026-10-09 18:40:45,355 RX_ECHO ignored
2026-10-09 18:40:45,356 RX_ECHO ignored
2026-10-09 18:40:45,356 RX_ECHO ignored
2026-10-09 18:40:45,356 RX_ECHO ignored
2026-10-09 18:40:45,356 RX_ECHO ignored
2026-10-09 18:40:45,356 RX_ECHO ignored
2026-10-09 18:40:45,356 RX_ECHO ignored
2026-10-09 18:40:45,356 RX_ECHO ignored
2026-10-09 18:40:45,356 RX_ECHO ignored
2026-10-09 18:40:45,356 RX_ECHO ignored
2026-10-09 18:40:45,356 RX_ECHO ignored
2026-10-09 18:40:45,356 RX_ECHO ignored
2026-10-09 18:40:45,356 RX_ECHO ignored
2026-10-09 18:40:45,356 RX_ECHO ignored
2026-10-09 18:40:45,357 RX_ECHO ignored
2026-10-09 18:40:45,357 RX_ECHO ignored
2026-10-09 18:40:45,357 RX_ECHO ignored
2026-10-09 18:40:45,357 RX_ECHO ignored
2026-10-09 18:40:45,357 RX_ECHO ignored
2026-10-09 18:40:45,357 RX_ECHO ignored
2026-10-09 18:40:45,357 RX_ECHO ignored
2026-10-09 18:40:45,357 RX_ECHO ignored
2026-10-09 18:40:45,357 RX_ECHO ignored
2026-10-09 18:40:45,357 RX_ECHO ignored
2026-10-09 18:40:45,357 RX_ECHO ignored
2026-10-09 18:40:45,357 RX_ECHO ignored
2026-10-09 18:40:45,357 RX_ECHO ignored
2026-10-09 18:40:45,358 RX_ECHO ignored
2026-10-09 18:40:45,358 RX_ECHO ignored
2026-10-09 18:40:45,358 RX_ECHO ignored
2026-10-09 18:40:45,358 RX_ECHO ignored
2026-10-09 18:40:45,358 RX_ECHO ignored
2026-10-09 18:40:45,358 RX_ECHO ignored
2026-10-09 18:40:45,358 RX_ECHO ignored
2026-10-09 18:40:45,358 RX_ECHO ignored
2026-10-09 18:40:45,358 RX_ECHO ignored
2026-10-09 18:40:45,358 RX_ECHO ignored
2026-10-09 18:40:45,358 RX_ECHO ignored
2026-10-09 18:40:45,358 RX_ECHO ignored
2026-10-09 18:40:45,358 RX_ECHO ignored
2026-10-09 18:40:45,358 RX_ECHO ignored
2026-10-09 18:40:45,358 RX_ECHO ignored
2026-10-09 18:40:45,358 RX_ECHO ignored
2026-10-09 18:40:45,358 RX_ECHO ignored
2026-10-09 18:40:45,358 RX_ECHO ignored
2026-10-09 18:40:45,358 RX_ECHO ignored
2026-10-09 18:40:45,358 RX_ECHO ignored
2026-10-09 18:40:45,358 RX_ECHO ignored
2026-10-09 18:40:45,358 RX_ECHO ignored
2026-10-09 18:40:45,359 RX_ECHO ignored
2026-10-09 18:40:45,359 RX_ECHO ignored
2026-10-09 18:40:45,359 RX_ECHO ignored
2026-10-09 18:40:45,359 RX_ECHO ignored
2026-10-09 18:40:45,359 RX_ECHO ignored
2026-10-09 18:40:45,359 RX_ECHO ignored
2026-10-09 18:40:45,359 RX_ECHO ignored
2026-10-09 18:40:45,359 RX_ECHO ignored
2026-10-09 18:40:45,359 RX_ECHO ignored
2026-10-09 18:40:45,359 RX_ECHO ignored
2026-10-09 18:40:45,359 RX_ECHO ignored
2026-10-09 18:40:45,359 RX_ECHO ignored
2026-10-09 18:40:45,359 RX_ECHO ignored
2026-10-09 18:40:45,359 RX_ECHO ignored
2026-10-09 18:40:45,359 RX_ECHO ignored
2026-10-09 18:40:45,359 RX_ECHO ignored
2026-10-09 18:40:45,360 RX_ECHO ignored
2026-10-09 18:40:45,360 RX_ECHO ignored
2026-10-09 18:40:45,360 RX_ECHO ignored
2026-10-09 18:40:45,360 RX_ECHO ignored
2026-10-09 18:40:45,360 RX_ECHO ignored
2026-10-09 18:40:45,360 RX_ECHO ignored
2026-10-09 18:40:45,360 RX_ECHO ignored
2026-10-09 18:40:45,360 RX_ECHO ignored
2026-10-09 18:40:45,360 RX_ECHO ignored
2026-10-09 18:40:45,360 RX_ECHO ignored
2026-10-09 18:40:45,360 RX_ECHO ignored
2026-10-09 18:40:45,360 RX_ECHO ignored
2026-10-09 18:40:45,360 RX_ECHO ignored
2026-10-09 18:40:45,361 RX_ECHO ignored
2026-10-09 18:40:45,361 RX_ECHO ignored
2026-10-09 18:40:45,361 RX_ECHO ignored
2026-10-09 18:40:45,361 RX_ECHO ignored
2026-10-09 18:40:45,361 RX_ECHO ignored
2026-10-09 18:40:45,361 RX_ECHO ignored
2026-10-09 18:40:45,361 RX_ECHO ignored
2026-10-09 18:40:45,361 RX_ECHO ignored
2026-10-09 18:40:45,361 RX_ECHO ignored
2026-10-09 18:40:45,361 RX_ECHO ignored
2026-10-09 18:40:45,361 RX_ECHO ignored
2026-10-09 18:40:45,361 RX_ECHO ignored
2026-10-09 18:40:45,361 RX_ECHO ignored
2026-10-09 18:40:45,361 RX_ECHO ignored
2026-10-09 18:40:45,361 RX_ECHO ignored
2026-10-09 18:40:45,361 RX_ECHO ignored
2026-10-09 18:40:45,361 RX_ECHO ignored
2026-10-09 18:40:45,361 RX_ECHO ignored
2026-10-09 18:40:45,361 RX_ECHO ignored
2026-10-09 18:40:45,361 RX_ECHO ignored
2026-10-09 18:40:45,361 RX_ECHO ignored
2026-10-09 18:40:45,361 RX_ECHO ignored
2026-10-09 18:40:45,362 RX_ECHO ignored
2026-10-09 18:40:45,362 RX_ECHO ignored
2026-10-09 18:40:45,362 RX_ECHO ignored
2026-10-09 18:40:45,362 RX_ECHO ignored
2026-10-09 18:40:45,362 RX_ECHO ignored
2026-10-09 18:40:45,362 RX_ECHO ignored
2026-10-09 18:40:45,362 RX_ECHO ignored
2026-10-09 18:40:45,362 RX_ECHO ignored
2026-10-09 18:40:45,362 RX_ECHO ignored
2026-10-09 18:40:45,362 RX_ECHO ignored
2026-10-09 18:40:45,362 RX_ECHO ignored
2026-10-09 18:40:45,362 RX_ECHO ignored
2026-10-09 18:40:45,362 RX_ECHO ignored
2026-10-09 18:40:45,362 RX_ECHO ignored
2026-10-09 18:40:45,362 RX_ECHO ignored
2026-10-09 18:40:45,362 RX_ECHO ignored
2026-10-09 18:40:45,362 RX_ECHO ignored
2026-10-09 18:40:45,363 RX_ECHO ignored
2026-10-09 18:40:45,363 RX_ECHO ignored
2026-10-09 18:40:45,363 RX_ECHO ignored
2026-10-09 18:40:45,363 RX_ECHO ignored
2026-10-09 18:40:45,363 RX_ECHO ignored
2026-10-09 18:40:45,363 RX_ECHO ignored
2026-10-09 18:40:45,363 RX_ECHO ignored
2026-10-09 18:40:45,363 RX_ECHO ignored
2026-10-09 18:40:45,363 RX_ECHO ignored
2026-10-09 18:40:45,363 RX_ECHO ignored
2026-10-09 18:40:45,363 RX_ECHO ignored
2026-10-09 18:40:45,363 RX_ECHO ignored
2026-10-09 18:40:45,364 RX_ECHO ignored
2026-10-09 18:40:45,364 RX_ECHO ignored
2026-10-09 18:40:45,364 RX_ECHO ignored
2026-10-09 18:40:45,364 RX_ECHO ignored
2026-10-09 18:40:45,364 RX_ECHO ignored
2026-10-09 18:40:45,364 RX_ECHO ignored
2026-10-09 18:40:45,364 RX_ECHO ignored
2026-10-09 18:40:45,364 RX_ECHO ignored
2026-10-09 18:40:45,364 RX_ECHO ignored
2026-10-09 18:40:45,364 RX_ECHO ignored
2026-10-09 18:40:45,364 RX_ECHO ignored
2026-10-09 18:40:45,364 RX_ECHO ignored
2026-10-09 18:40:45,364 RX_ECHO ignored
2026-10-09 18:40:45,364 RX_ECHO ignored
2026-10-09 18:40:45,364 RX_ECHO ignored
2026-10-09 18:40:45,364 RX_ECHO ignored
2026-10-09 18:40:45,364 RX_ECHO ignored
2026-10-09 18:40:45,364 RX_ECHO ignored
2026-10-09 18:40:45,364 RX_ECHO ignored
2026-10-09 18:40:45,364 RX_ECHO ignored
2026-10-09 18:40:45,365 RX_ECHO ignored
2026-10-09 18:40:45,365 RX_ECHO ignored
2026-10-09 18:40:45,365 RX_ECHO ignored
2026-10-09 18:40:45,365 RX_ECHO ignored
2026-10-09 18:40:45,365 RX_ECHO ignored
2026-10-09 18:40:45,365 RX_ECHO ignored
2026-10-09 18:40:45,365 RX_ECHO ignored
2026-10-09 18:40:45,365 RX_ECHO ignored
2026-10-09 18:40:45,365 RX_ECHO ignored
2026-10-09 18:40:45,365 RX_ECHO ignored
2026-10-09 18:40:45,365 RX_ECHO ignored
2026-10-09 18:40:45,365 RX_ECHO ignored
2026-10-09 18:40:45,365 RX_ECHO ignored
2026-10-09 18:40:45,365 RX_ECHO ignored
2026-10-09 18:40:45,365 RX_ECHO ignored
2026-10-09 18:40:45,365 RX_ECHO ignored
2026-10-09 18:40:45,365 RX_ECHO ignored
2026-10-09 18:40:45,365 RX_ECHO ignored
2026-10-09 18:40:45,365 RX_ECHO ignored
2026-10-09 18:40:45,366 RX_ECHO ignored
2026-10-09 18:40:45,366 RX_ECHO ignored
2026-10-09 18:40:45,366 RX_ECHO ignored
2026-10-09 18:40:45,366 RX_ECHO ignored
2026-10-09 18:40:45,366 RX_ECHO ignored
2026-10-09 18:40:45,366 RX_ECHO ignored
2026-10-09 18:40:45,366 RX_ECHO ignored
2026-10-09 18:40:45,366 RX_ECHO ignored
2026-10-09 18:40:45,366 RX_ECHO ignored
2026-10-09 18:40:45,366 RX_ECHO ignored
2026-10-09 18:40:45,366 RX_ECHO ignored
2026-10-09 18:40:45,366 RX_ECHO ignored
2026-10-09 18:40:45,366 RX_ECHO ignored
2026-10-09 18:40:45,367 RX_ECHO ignored
2026-10-09 18:40:45,367 RX_ECHO ignored
2026-10-09 18:40:45,367 RX_ECHO ignored
2026-10-09 18:40:45,367 RX_ECHO ignored
2026-10-09 18:40:45,367 RX_ECHO ignored
2026-10-09 18:40:45,367 RX_ECHO ignored
2026-10-09 18:40:45,367 RX_ECHO ignored
2026-10-09 18:40:45,367 RX_ECHO ignored
2026-10-09 18:40:45,367 RX_ECHO ignored
2026-10-09 18:40:45,367 RX_ECHO ignored
2026-10-09 18:40:45,367 RX_ECHO ignored
2026-10-09 18:40:45,367 RX_ECHO ignored
2026-10-09 18:40:45,367 RX_ECHO ignored
2026-10-09 18:40:45,367 RX_ECHO ignored
2026-10-09 18:40:45,367 RX_ECHO ignored
2026-10-09 18:40:45,367 RX_ECHO ignored
2026-10-09 18:40:45,367 RX_ECHO ignored
2026-10-09 18:40:45,368 RX_ECHO ignored
2026-10-09 18:40:45,368 RX_ECHO ignored
2026-10-09 18:40:45,368 RX_ECHO ignored
2026-10-09 18:40:45,368 RX_ECHO ignored
2026-10-09 18:40:45,368 RX_ECHO ignored
2026-10-09 18:40:45,368 RX_ECHO ignored
2026-10-09 18:40:45,368 RX_ECHO ignored
2026-10-09 18:40:45,368 RX_ECHO ignored
2026-10-09 18:40:45,368 RX_ECHO ignored
2026-10-09 18:40:45,368 RX_ECHO ignored
2026-10-09 18:40:45,368 RX_ECHO ignored
2026-10-09 18:40:45,368 RX_ECHO ignored
2026-10-09 18:40:45,368 RX_ECHO ignored
2026-10-09 18:40:45,368 RX_ECHO ignored
2026-10-09 18:40:45,368 RX_ECHO ignored
2026-10-09 18:40:45,368 RX_ECHO ignored
2026-10-09 18:40:45,368 RX_ECHO ignored
2026-10-09 18:40:45,368 RX_ECHO ignored
2026-10-09 18:40:45,368 RX_ECHO ignored
2026-10-09 18:40:45,368 RX_ECHO ignored
2026-10-09 18:40:45,368 RX_ECHO ignored
2026-10-09 18:40:45,369 RX_ECHO ignored
2026-10-09 18:40:45,369 RX_ECHO ignored
2026-10-09 18:40:45,369 RX_ECHO ignored
2026-10-09 18:40:45,369 RX_ECHO ignored
2026-10-09 18:40:45,369 RX_ECHO ignored
2026-10-09 18:40:45,369 RX_ECHO ignored
2026-10-09 18:40:45,369 RX_ECHO ignored
2026-10-09 18:40:45,369 RX_ECHO ignored
2026-10-09 18:40:45,369 RX_ECHO ignored
2026-10-09 18:40:45,369 RX_ECHO ignored
2026-10-09 18:40:45,369 RX_ECHO ignored
2026-10-09 18:40:45,369 RX_ECHO ignored
2026-10-09 18:40:45,369 RX_ECHO ignored
2026-10-09 18:40:45,370 RX_ECHO ignored
2026-10-09 18:40:45,370 RX_ECHO ignored
2026-10-09 18:40:45,370 RX_ECHO ignored
2026-10-09 18:40:45,370 RX_ECHO ignored
2026-10-09 18:40:45,370 RX_ECHO ignored
2026-10-09 18:40:45,370 RX_ECHO ignored
2026-10-09 18:40:45,370 RX_ECHO ignored
2026-10-09 18:40:45,370 RX_ECHO ignored
2026-10-09 18:40:45,370 RX_ECHO ignored
2026-10-09 18:40:45,370 RX_ECHO ignored
2026-10-09 18:40:45,370 RX_ECHO ignored
2026-10-09 18:40:45,370 RX_ECHO ignored
2026-10-09 18:40:45,370 RX_ECHO ignored
2026-10-09 18:40:45,370 RX_ECHO ignored
2026-10-09 18:40:45,371 RX_ECHO ignored
2026-10-09 18:40:45,371 RX_ECHO ignored
2026-10-09 18:40:45,371 RX_ECHO ignored
2026-10-09 18:40:45,371 RX_ECHO ignored
2026-10-09 18:40:45,371 RX_ECHO ignored
2026-10-09 18:40:45,371 RX_ECHO ignored
2026-10-09 18:40:45,371 RX_ECHO ignored
2026-10-09 18:40:45,371 RX_ECHO ignored
2026-10-09 18:40:45,371 RX_ECHO ignored
2026-10-09 18:40:45,371 RX_ECHO ignored
2026-10-09 18:40:45,371 RX_ECHO ignored
2026-10-09 18:40:45,371 RX_ECHO ignored
2026-10-09 18:40:45,371 RX_ECHO ignored
2026-10-09 18:40:45,371 RX_ECHO ignored
2026-10-09 18:40:45,371 RX_ECHO ignored
2026-10-09 18:40:45,371 RX_ECHO ignored
2026-10-09 18:40:45,372 RX_ECHO ignored
2026-10-09 18:40:45,372 RX_ECHO ignored
2026-10-09 18:40:45,372 RX_ECHO ignored
2026-10-09 18:40:45,372 RX_ECHO ignored
2026-10-09 18:40:45,372 RX_ECHO ignored
2026-10-09 18:40:45,372 RX_ECHO ignored
2026-10-09 18:40:45,372 RX_ECHO ignored
2026-10-09 18:40:45,372 RX_ECHO ignored
2026-10-09 18:40:45,372 RX_ECHO ignored
2026-10-09 18:40:45,372 RX_ECHO ignored
2026-10-09 18:40:45,372 RX_ECHO ignored
2026-10-09 18:40:45,372 RX_ECHO ignored
2026-10-09 18:40:45,372 RX_ECHO ignored
2026-10-09 18:40:45,372 RX_ECHO ignored
2026-10-09 18:40:45,372 RX_ECHO ignored
2026-10-09 18:40:45,372 RX_ECHO ignored
2026-10-09 18:40:45,372 RX_ECHO ignored
2026-10-09 18:40:45,372 RX_ECHO ignored
2026-10-09 18:40:45,372 RX_ECHO ignored
2026-10-09 18:40:45,372 RX_ECHO ignored
2026-10-09 18:40:45,372 RX_ECHO ignored
2026-10-09 18:40:45,373 RX_ECHO ignored
2026-10-09 18:40:45,373 RX_ECHO ignored
2026-10-09 18:40:45,373 RX_ECHO ignored
2026-10-09 18:40:45,373 RX_ECHO ignored
2026-10-09 18:40:45,373 RX_ECHO ignored
2026-10-09 18:40:45,373 RX_ECHO ignored
2026-10-09 18:40:45,373 RX_ECHO ignored
2026-10-09 18:40:45,373 RX_ECHO ignored
2026-10-09 18:40:45,373 RX_ECHO ignored
2026-10-09 18:40:45,373 RX_ECHO ignored
2026-10-09 18:40:45,373 RX_ECHO ignored
2026-10-09 18:40:45,373 RX_ECHO ignored
2026-10-09 18:40:45,373 RX_ECHO ignored
2026-10-09 18:40:45,374 RX_ECHO ignored
2026-10-09 18:40:45,374 RX_ECHO ignored
2026-10-09 18:40:45,374 RX_ECHO ignored
2026-10-09 18:40:45,374 RX_ECHO ignored
2026-10-09 18:40:45,374 RX_ECHO ignored
2026-10-09 18:40:45,374 RX_ECHO ignored
2026-10-09 18:40:45,374 RX_ECHO ignored
2026-10-09 18:40:45,374 RX_ECHO ignored
2026-10-09 18:40:45,374 RX_ECHO ignored
2026-10-09 18:40:45,374 RX_ECHO ignored
2026-10-09 18:40:45,374 RX_ECHO ignored
2026-10-09 18:40:45,374 RX_ECHO ignored
2026-10-09 18:40:45,374 RX_ECHO ignored
2026-10-09 18:40:45,374 RX_ECHO ignored
2026-10-09 18:40:45,374 RX_ECHO ignored
2026-10-09 18:40:45,374 RX_ECHO ignored
2026-10-09 18:40:45,374 RX_ECHO ignored
2026-10-09 18:40:45,374 RX_ECHO ignored
2026-10-09 18:40:45,374 RX_ECHO ignored
2026-10-09 18:40:45,375 RX_ECHO ignored
2026-10-09 18:40:45,375 RX_ECHO ignored
2026-10-09 18:40:45,375 RX_ECHO ignored
2026-10-09 18:40:45,375 RX_ECHO ignored
2026-10-09 18:40:45,375 RX_ECHO ignored
2026-10-09 18:40:45,375 RX_ECHO ignored
2026-10-09 18:40:45,375 RX_ECHO ignored
2026-10-09 18:40:45,375 RX_ECHO ignored
2026-10-09 18:40:45,375 RX_ECHO ignored
2026-10-09 18:40:45,375 RX_ECHO ignored
2026-10-09 18:40:45,375 RX_ECHO ignored
2026-10-09 18:40:45,375 RX_ECHO ignored
2026-10-09 18:40:45,375 RX_ECHO ignored
2026-10-09 18:40:45,375 RX_ECHO ignored
2026-10-09 18:40:45,375 RX_ECHO ignored
2026-10-09 18:40:45,375 RX_ECHO ignored
2026-10-09 18:40:45,375 RX_ECHO ignored
2026-10-09 18:40:45,375 RX_ECHO ignored
2026-10-09 18:40:45,375 RX_ECHO ignored
2026-10-09 18:40:45,376 RX_ECHO ignored
2026-10-09 18:40:45,376 RX_ECHO ignored
2026-10-09 18:40:45,376 RX_ECHO ignored
2026-10-09 18:40:45,376 RX_ECHO ignored
2026-10-09 18:40:45,376 RX_ECHO ignored
2026-10-09 18:40:45,376 RX_ECHO ignored
2026-10-09 18:40:45,376 RX_ECHO ignored
2026-10-09 18:40:45,376 RX_ECHO ignored
2026-10-09 18:40:45,376 RX_ECHO ignored
2026-10-09 18:40:45,376 RX_ECHO ignored
2026-10-09 18:40:45,376 RX_ECHO ignored
2026-10-09 18:40:45,376 RX_ECHO ignored
2026-10-09 18:40:45,376 RX_ECHO ignored
2026-10-09 18:40:45,377 RX_ECHO ignored
2026-10-09 18:40:45,377 RX_ECHO ignored
2026-10-09 18:40:45,377 RX_ECHO ignored
2026-10-09 18:40:45,377 RX_ECHO ignored
2026-10-09 18:40:45,377 RX_ECHO ignored
2026-10-09 18:40:45,377 RX_ECHO ignored
2026-10-09 18:40:45,377 RX_ECHO ignored
2026-10-09 18:40:45,377 RX_ECHO ignored
2026-10-09 18:40:45,377 RX_ECHO ignored
2026-10-09 18:40:45,377 RX_ECHO ignored
2026-10-09 18:40:45,377 RX_ECHO ignored
2026-10-09 18:40:45,377 RX_ECHO ignored
2026-10-09 18:40:45,377 RX_ECHO ignored
2026-10-09 18:40:45,377 RX_ECHO ignored
2026-10-09 18:40:45,377 RX_ECHO ignored
2026-10-09 18:40:45,377 RX_ECHO ignored
2026-10-09 18:40:45,378 RX_ECHO ignored
2026-10-09 18:40:45,378 RX_ECHO ignored
2026-10-09 18:40:45,378 RX_ECHO ignored
2026-10-09 18:40:45,378 RX_ECHO ignored
2026-10-09 18:40:45,378 RX_ECHO ignored
2026-10-09 18:40:45,378 RX_ECHO ignored
2026-10-09 18:40:45,378 RX_ECHO ignored
2026-10-09 18:40:45,378 RX_ECHO ignored
2026-10-09 18:40:45,378 RX_ECHO ignored
2026-10-09 18:40:45,378 RX_ECHO ignored
2026-10-09 18:40:45,378 RX_ECHO ignored
2026-10-09 18:40:45,378 RX_ECHO ignored
2026-10-09 18:40:45,378 RX_ECHO ignored
2026-10-09 18:40:45,378 RX_ECHO ignored
2026-10-09 18:40:45,378 RX_ECHO ignored
2026-10-09 18:40:45,378 RX_ECHO ignored
2026-10-09 18:40:45,378 RX_ECHO ignored
2026-10-09 18:40:45,378 RX_ECHO ignored
2026-10-09 18:40:45,378 RX_ECHO ignored
2026-10-09 18:40:45,378 RX_ECHO ignored
2026-10-09 18:40:45,378 RX_ECHO ignored
2026-10-09 18:40:45,378 RX_ECHO ignored
2026-10-09 18:40:45,379 RX_ECHO ignored
2026-10-09 18:40:45,379 RX_ECHO ignored
2026-10-09 18:40:45,379 RX_ECHO ignored
2026-10-09 18:40:45,379 RX_ECHO ignored
2026-10-09 18:40:45,379 RX_ECHO ignored
2026-10-09 18:40:45,379 RX_ECHO ignored
2026-10-09 18:40:45,379 RX_ECHO ignored
2026-10-09 18:40:45,379 RX_ECHO ignored
2026-10-09 18:40:45,379 RX_ECHO ignored
2026-10-09 18:40:45,379 RX_ECHO ignored
2026-10-09 18:40:45,379 RX_ECHO ignored
2026-10-09 18:40:45,379 RX_ECHO ignored
2026-10-09 18:40:45,379 RX_ECHO ignored
2026-10-09 18:40:45,380 RX_ECHO ignored
2026-10-09 18:40:45,380 RX_ECHO ignored
2026-10-09 18:40:45,380 RX_ECHO ignored
2026-10-09 18:40:45,380 RX_ECHO ignored
2026-10-09 18:40:45,380 RX_ECHO ignored
2026-10-09 18:40:45,380 RX_ECHO ignored
2026-10-09 18:40:45,380 RX_ECHO ignored
2026-10-09 18:40:45,380 RX_ECHO ignored
2026-10-09 18:40:45,380 RX_ECHO ignored
2026-10-09 18:40:45,380 RX_ECHO ignored
2026-10-09 18:40:45,380 RX_ECHO ignored
2026-10-09 18:40:45,380 RX_ECHO ignored
2026-10-09 18:40:45,380 RX_ECHO ignored
2026-10-09 18:40:45,381 RX_ECHO ignored
2026-10-09 18:40:45,381 RX_ECHO ignored
2026-10-09 18:40:45,381 RX_ECHO ignored
2026-10-09 18:40:45,381 RX_ECHO ignored
2026-10-09 18:40:45,381 RX_ECHO ignored
2026-10-09 18:40:45,381 RX_ECHO ignored
2026-10-09 18:40:45,381 RX_ECHO ignored
2026-10-09 18:40:45,381 RX_ECHO ignored
2026-10-09 18:40:45,381 RX_ECHO ignored
2026-10-09 18:40:45,381 RX_ECHO ignored
2026-10-09 18:40:45,381 RX_ECHO ignored
2026-10-09 18:40:45,381 RX_ECHO ignored
2026-10-09 18:40:45,381 RX_ECHO ignored
2026-10-09 18:40:45,381 RX_ECHO ignored
2026-10-09 18:40:45,381 RX_ECHO ignored
2026-10-09 18:40:45,381 RX_ECHO ignored
2026-10-09 18:40:45,381 RX_ECHO ignored
2026-10-09 18:40:45,381 RX_ECHO ignored
2026-10-09 18:40:45,381 RX_ECHO ignored
2026-10-09 18:40:45,381 RX_ECHO ignored
2026-10-09 18:40:45,381 RX_ECHO ignored
2026-10-09 18:40:45,381 RX_ECHO ignored
2026-10-09 18:40:45,381 RX_ECHO ignored
2026-10-09 18:40:45,382 RX_ECHO ignored
2026-10-09 18:40:45,382 RX_ECHO ignored
2026-10-09 18:40:45,382 RX_ECHO ignored
2026-10-09 18:40:45,382 RX_ECHO ignored
2026-10-09 18:40:45,382 RX_ECHO ignored
2026-10-09 18:40:45,382 RX_ECHO ignored
2026-10-09 18:40:45,382 RX_ECHO ignored
2026-10-09 18:40:45,382 RX_ECHO ignored
2026-10-09 18:40:45,382 RX_ECHO ignored
2026-10-09 18:40:45,382 RX_ECHO ignored
2026-10-09 18:40:45,382 RX_ECHO ignored
2026-10-09 18:40:45,382 RX_ECHO ignored
2026-10-09 18:40:45,382 RX_ECHO ignored
2026-10-09 18:40:45,382 RX_ECHO ignored
2026-10-09 18:40:45,382 RX_ECHO ignored
2026-10-09 18:40:45,383 RX_ECHO ignored
2026-10-09 18:40:45,383 RX_ECHO ignored
2026-10-09 18:40:45,383 RX_ECHO ignored
2026-10-09 18:40:45,383 RX_ECHO ignored
2026-10-09 18:40:45,383 RX_ECHO ignored
2026-10-09 18:40:45,383 RX_ECHO ignored
2026-10-09 18:40:45,383 RX_ECHO ignored
2026-10-09 18:40:45,383 RX_ECHO ignored
2026-10-09 18:40:45,383 RX_ECHO ignored
2026-10-09 18:40:45,383 RX_ECHO ignored
2026-10-09 18:40:45,383 RX_ECHO ignored
2026-10-09 18:40:45,383 RX_ECHO ignored
2026-10-09 18:40:45,383 RX_ECHO ignored
2026-10-09 18:40:45,384 RX_ECHO ignored
2026-10-09 18:40:45,384 RX_ECHO ignored
2026-10-09 18:40:45,384 RX_ECHO ignored
2026-10-09 18:40:45,384 RX_ECHO ignored
2026-10-09 18:40:45,384 RX_ECHO ignored
2026-10-09 18:40:45,384 RX_ECHO ignored
2026-10-09 18:40:45,384 RX_ECHO ignored
2026-10-09 18:40:45,384 RX_ECHO ignored
2026-10-09 18:40:45,384 RX_ECHO ignored
2026-10-09 18:40:45,384 RX_ECHO ignored
2026-10-09 18:40:45,384 RX_ECHO ignored
2026-10-09 18:40:45,384 RX_ECHO ignored
2026-10-09 18:40:45,384 RX_ECHO ignored
2026-10-09 18:40:45,384 RX_ECHO ignored
2026-10-09 18:40:45,384 RX_ECHO ignored
2026-10-09 18:40:45,384 RX_ECHO ignored
2026-10-09 18:40:45,384 RX_ECHO ignored
2026-10-09 18:40:45,385 RX_ECHO ignored
2026-10-09 18:40:45,385 RX_ECHO ignored
2026-10-09 18:40:45,385 RX_ECHO ignored
2026-10-09 18:40:45,385 RX_ECHO ignored
2026-10-09 18:40:45,385 RX_ECHO ignored
2026-10-09 18:40:45,385 RX_ECHO ignored
2026-10-09 18:40:45,385 RX_ECHO ignored
2026-10-09 18:40:45,385 RX_ECHO ignored
2026-10-09 18:40:45,385 RX_ECHO ignored
2026-10-09 18:40:45,385 RX_ECHO ignored
2026-10-09 18:40:45,385 RX_ECHO ignored
2026-10-09 18:40:45,385 RX_ECHO ignored
2026-10-09 18:40:45,385 RX_ECHO ignored
2026-10-09 18:40:45,385 RX_ECHO ignored
2026-10-09 18:40:45,385 RX_ECHO ignored
2026-10-09 18:40:45,385 RX_ECHO ignored
2026-10-09 18:40:45,385 RX_ECHO ignored
2026-10-09 18:40:45,385 RX_ECHO ignored
2026-10-09 18:40:45,385 RX_ECHO ignored
2026-10-09 18:40:45,385 RX_ECHO ignored
2026-10-09 18:40:45,385 RX_ECHO ignored
2026-10-09 18:40:45,385 RX_ECHO ignored
2026-10-09 18:40:45,386 RX_ECHO ignored
2026-10-09 18:40:45,386 RX_ECHO ignored
2026-10-09 18:40:45,386 RX_ECHO ignored
2026-10-09 18:40:45,386 RX_ECHO ignored
2026-10-09 18:40:45,386 RX_ECHO ignored
2026-10-09 18:40:45,386 RX_ECHO ignored
2026-10-09 18:40:45,386 RX_ECHO ignored
2026-10-09 18:40:45,386 RX_ECHO ignored
2026-10-09 18:40:45,386 RX_ECHO ignored
2026-10-09 18:40:45,386 RX_ECHO ignored
2026-10-09 18:40:45,386 RX_ECHO ignored
2026-10-09 18:40:45,386 RX_ECHO ignored
2026-10-09 18:40:45,387 RX_ECHO ignored
2026-10-09 18:40:45,387 RX_ECHO ignored
2026-10-09 18:40:45,387 RX_ECHO ignored
2026-10-09 18:40:45,387 RX_ECHO ignored
2026-10-09 18:40:45,387 RX_ECHO ignored
2026-10-09 18:40:45,387 RX_ECHO ignored
2026-10-09 18:40:45,387 RX_ECHO ignored
2026-10-09 18:40:45,387 RX_ECHO ignored
2026-10-09 18:40:45,387 RX_ECHO ignored
2026-10-09 18:40:45,387 RX_ECHO ignored
2026-10-09 18:40:45,387 RX_ECHO ignored
2026-10-09 18:40:45,387 RX_ECHO ignored
2026-10-09 18:40:45,388 RX_ECHO ignored
2026-10-09 18:40:45,388 RX_ECHO ignored
2026-10-09 18:40:45,388 RX_ECHO ignored
2026-10-09 18:40:45,388 RX_ECHO ignored
2026-10-09 18:40:45,388 RX_ECHO ignored
2026-10-09 18:40:45,388 RX_ECHO ignored
2026-10-09 18:40:45,388 RX_ECHO ignored
2026-10-09 18:40:45,388 RX_ECHO ignored
2026-10-09 18:40:45,388 RX_ECHO ignored
2026-10-09 18:40:45,388 RX_ECHO ignored
2026-10-09 18:40:45,388 RX_ECHO ignored
2026-10-09 18:40:45,388 RX_ECHO ignored
2026-10-09 18:40:45,388 RX_ECHO ignored
2026-10-09 18:40:45,389 RX_ECHO ignored
2026-10-09 18:40:45,389 RX_ECHO ignored
2026-10-09 18:40:45,389 RX_ECHO ignored
2026-10-09 18:40:45,389 RX_ECHO ignored
2026-10-09 18:40:45,389 RX_ECHO ignored
2026-10-09 18:40:45,389 RX_ECHO ignored
2026-10-09 18:40:45,389 RX_ECHO ignored
2026-10-09 18:40:45,389 RX_ECHO ignored
2026-10-09 18:40:45,389 RX_ECHO ignored
2026-10-09 18:40:45,389 RX_ECHO ignored
2026-10-09 18:40:45,389 RX_ECHO ignored
2026-10-09 18:40:45,389 RX_ECHO ignored
2026-10-09 18:40:45,389 RX_ECHO ignored
2026-10-09 18:40:45,389 RX_ECHO ignored
2026-10-09 18:40:45,389 RX_ECHO ignored
2026-10-09 18:40:45,389 RX_ECHO ignored
2026-10-09 18:40:45,389 RX_ECHO ignored
2026-10-09 18:40:45,389 RX_ECHO ignored
2026-10-09 18:40:45,389 RX_ECHO ignored
2026-10-09 18:40:45,389 RX_ECHO ignored
2026-10-09 18:40:45,389 RX_ECHO ignored
2026-10-09 18:40:45,389 RX_ECHO ignored
2026-10-09 18:40:45,389 RX_ECHO ignored
2026-10-09 18:40:45,389 RX_ECHO ignored
2026-10-09 18:40:45,389 RX_ECHO ignored
2026-10-09 18:40:45,390 RX_ECHO ignored
2026-10-09 18:40:45,390 RX_ECHO ignored
2026-10-09 18:40:45,390 RX_ECHO ignored
2026-10-09 18:40:45,390 RX_ECHO ignored
2026-10-09 18:40:45,390 RX_ECHO ignored
2026-10-09 18:40:45,390 RX_ECHO ignored
2026-10-09 18:40:45,390 RX_ECHO ignored
2026-10-09 18:40:45,390 RX_ECHO ignored
2026-10-09 18:40:45,390 RX_ECHO ignored
2026-10-09 18:40:45,390 RX_ECHO ignored
2026-10-09 18:40:45,390 RX_ECHO ignored
2026-10-09 18:40:45,390 RX_ECHO ignored
2026-10-09 18:40:45,390 RX_ECHO ignored
2026-10-09 18:40:45,390 RX_ECHO ignored
2026-10-09 18:40:45,391 RX_ECHO ignored
2026-10-09 18:40:45,391 RX_ECHO ignored
2026-10-09 18:40:45,391 RX_ECHO ignored
2026-10-09 18:40:45,391 RX_ECHO ignored
2026-10-09 18:40:45,391 RX_ECHO ignored
2026-10-09 18:40:45,391 RX_ECHO ignored
2026-10-09 18:40:45,391 RX_ECHO ignored
2026-10-09 18:40:45,391 RX_ECHO ignored
2026-10-09 18:40:45,391 RX_ECHO ignored
2026-10-09 18:40:45,391 RX_ECHO ignored
2026-10-09 18:40:45,391 RX_ECHO ignored
2026-10-09 18:40:45,391 RX_ECHO ignored
2026-10-09 18:40:45,391 RX_ECHO ignored
2026-10-09 18:40:45,392 RX_ECHO ignored
2026-10-09 18:40:45,392 RX_ECHO ignored
2026-10-09 18:40:45,392 RX_ECHO ignored
2026-10-09 18:40:45,392 RX_ECHO ignored
2026-10-09 18:40:45,392 RX_ECHO ignored
2026-10-09 18:40:45,392 RX_ECHO ignored
2026-10-09 18:40:45,392 RX_ECHO ignored
2026-10-09 18:40:45,392 RX_ECHO ignored
2026-10-09 18:40:45,392 RX_ECHO ignored
2026-10-09 18:40:45,392 RX_ECHO ignored
2026-10-09 18:40:45,392 RX_ECHO ignored
2026-10-09 18:40:45,392 RX_ECHO ignored
2026-10-09 18:40:45,392 RX_ECHO ignored
2026-10-09 18:40:45,393 RX_ECHO ignored
2026-10-09 18:40:45,393 RX_ECHO ignored
2026-10-09 18:40:45,393 RX_ECHO ignored
2026-10-09 18:40:45,393 RX_ECHO ignored
2026-10-09 18:40:45,393 RX_ECHO ignored
2026-10-09 18:40:45,393 RX_ECHO ignored
2026-10-09 18:40:45,393 RX_ECHO ignored
2026-10-09 18:40:45,393 RX_ECHO ignored
2026-10-09 18:40:45,393 RX_ECHO ignored
2026-10-09 18:40:45,393 RX_ECHO ignored
2026-10-09 18:40:45,393 RX_ECHO ignored
2026-10-09 18:40:45,393 RX_ECHO ignored
2026-10-09 18:40:45,393 RX_ECHO ignored
2026-10-09 18:40:45,394 RX_ECHO ignored
2026-10-09 18:40:45,394 RX_ECHO ignored
2026-10-09 18:40:45,394 RX_ECHO ignored
2026-10-09 18:40:45,394 RX_ECHO ignored
2026-10-09 18:40:45,394 RX_ECHO ignored
2026-10-09 18:40:45,394 RX_ECHO ignored
2026-10-09 18:40:45,394 RX_ECHO ignored
2026-10-09 18:40:45,394 RX_ECHO ignored
2026-10-09 18:40:45,394 RX_ECHO ignored
2026-10-09 18:40:45,394 RX_ECHO ignored
2026-10-09 18:40:45,394 RX_ECHO ignored
2026-10-09 18:40:45,394 RX_ECHO ignored
2026-10-09 18:40:45,394 RX_ECHO ignored
2026-10-09 18:40:45,395 RX_ECHO ignored
2026-10-09 18:40:45,395 RX_ECHO ignored
2026-10-09 18:40:45,395 RX_ECHO ignored
2026-10-09 18:40:45,395 RX_ECHO ignored
2026-10-09 18:40:45,395 RX_ECHO ignored
2026-10-09 18:40:45,395 RX_ECHO ignored
2026-10-09 18:40:45,395 RX_ECHO ignored
2026-10-09 18:40:45,395 RX_ECHO ignored
2026-10-09 18:40:45,395 RX_ECHO ignored
2026-10-09 18:40:45,395 RX_ECHO ignored
2026-10-09 18:40:45,395 RX_ECHO ignored
2026-10-09 18:40:45,395 RX_ECHO ignored
2026-10-09 18:40:45,396 RX_ECHO ignored
2026-10-09 18:40:45,396 RX_ECHO ignored
2026-10-09 18:40:45,396 RX_ECHO ignored
2026-10-09 18:40:45,396 RX_ECHO ignored
2026-10-09 18:40:45,396 RX_ECHO ignored
2026-10-09 18:40:45,396 RX_ECHO ignored
2026-10-09 18:40:45,396 RX_ECHO ignored
2026-10-09 18:40:45,396 RX_ECHO ignored
2026-10-09 18:40:45,396 RX_ECHO ignored
2026-10-09 18:40:45,396 RX_ECHO ignored
2026-10-09 18:40:45,396 RX_ECHO ignored
2026-10-09 18:40:45,396 RX_ECHO ignored
2026-10-09 18:40:45,396 RX_ECHO ignored
2026-10-09 18:40:45,397 RX_ECHO ignored
2026-10-09 18:40:45,397 RX_ECHO ignored
2026-10-09 18:40:45,397 RX_ECHO ignored
2026-10-09 18:40:45,397 RX_ECHO ignored
2026-10-09 18:40:45,397 RX_ECHO ignored
2026-10-09 18:40:45,397 RX_ECHO ignored
2026-10-09 18:40:45,397 RX_ECHO ignored
2026-10-09 18:40:45,397 RX_ECHO ignored
2026-10-09 18:40:45,397 RX_ECHO ignored
2026-10-09 18:40:45,397 RX_ECHO ignored
2026-10-09 18:40:45,397 RX_ECHO ignored
2026-10-09 18:40:45,397 RX_ECHO ignored
2026-10-09 18:40:45,397 RX_ECHO ignored
2026-10-09 18:40:45,398 RX_ECHO ignored
2026-10-09 18:40:45,398 RX_ECHO ignored
2026-10-09 18:40:45,398 RX_ECHO ignored
2026-10-09 18:40:45,398 RX_ECHO ignored
2026-10-09 18:40:45,398 RX_ECHO ignored
2026-10-09 18:40:45,398 RX_ECHO ignored
2026-10-09 18:40:45,398 RX_ECHO ignored
2026-10-09 18:40:45,398 RX_ECHO ignored
2026-10-09 18:40:45,398 RX_ECHO ignored
2026-10-09 18:40:45,398 RX_ECHO ignored
2026-10-09 18:40:45,398 RX_ECHO ignored
2026-10-09 18:40:45,398 RX_ECHO ignored
2026-10-09 18:40:45,398 RX_ECHO ignored
2026-10-09 18:40:45,399 RX_ECHO ignored
2026-10-09 18:40:45,399 RX_ECHO ignored
2026-10-09 18:40:45,399 RX_ECHO ignored
2026-10-09 18:40:45,399 RX_ECHO ignored
2026-10-09 18:40:45,399 RX_ECHO ignored
2026-10-09 18:40:45,399 RX_ECHO ignored
2026-10-09 18:40:45,399 RX_ECHO ignored
2026-10-09 18:40:45,399 RX_ECHO ignored
2026-10-09 18:40:45,399 RX_ECHO ignored
2026-10-09 18:40:45,399 RX_ECHO ignored
2026-10-09 18:40:45,399 RX_ECHO ignored
2026-10-09 18:40:45,399 RX_ECHO ignored
2026-10-09 18:40:45,399 RX_ECHO ignored
2026-10-09 18:40:45,399 RX_ECHO ignored
2026-10-09 18:40:45,399 RX_ECHO ignored
2026-10-09 18:40:45,399 RX_ECHO ignored
2026-10-09 18:40:45,399 RX_ECHO ignored
2026-10-09 18:40:45,399 RX_ECHO ignored
2026-10-09 18:40:45,400 RX_ECHO ignored
2026-10-09 18:40:45,400 RX_ECHO ignored
2026-10-09 18:40:45,400 RX_ECHO ignored
2026-10-09 18:40:45,400 RX_ECHO ignored
2026-10-09 18:40:45,400 RX_ECHO ignored
2026-10-09 18:40:45,400 RX_ECHO ignored
2026-10-09 18:40:45,400 RX_ECHO ignored
2026-10-09 18:40:45,400 RX_ECHO ignored
2026-10-09 18:40:45,400 RX_ECHO ignored
2026-10-09 18:40:45,400 RX_ECHO ignored
2026-10-09 18:40:45,400 RX_ECHO ignored
2026-10-09 18:40:45,400 RX_ECHO ignored
2026-10-09 18:40:45,400 RX_ECHO ignored
2026-10-09 18:40:45,400 RX_ECHO ignored
2026-10-09 18:40:45,400 RX_ECHO ignored
2026-10-09 18:40:45,400 RX_ECHO ignored
2026-10-09 18:40:45,400 RX_ECHO ignored
2026-10-09 18:40:45,400 RX_ECHO ignored
2026-10-09 18:40:45,400 RX_ECHO ignored
2026-10-09 18:40:45,400 RX_ECHO ignored
2026-10-09 18:40:45,401 RX_ECHO ignored
2026-10-09 18:40:45,401 RX_ECHO ignored
2026-10-09 18:40:45,401 RX_ECHO ignored
2026-10-09 18:40:45,401 RX_ECHO ignored
2026-10-09 18:40:45,401 RX_ECHO ignored
2026-10-09 18:40:45,401 RX_ECHO ignored
2026-10-09 18:40:45,401 RX_ECHO ignored
2026-10-09 18:40:45,401 RX_ECHO ignored
2026-10-09 18:40:45,401 RX_ECHO ignored
2026-10-09 18:40:45,401 RX_ECHO ignored
2026-10-09 18:40:45,401 RX_ECHO ignored
2026-10-09 18:40:45,401 RX_ECHO ignored
2026-10-09 18:40:45,401 RX_ECHO ignored
2026-10-09 18:40:45,402 RX_ECHO ignored
2026-10-09 18:40:45,402 RX_ECHO ignored
2026-10-09 18:40:45,402 RX_ECHO ignored
2026-10-09 18:40:45,402 RX_ECHO ignored
2026-10-09 18:40:45,402 RX_ECHO ignored
2026-10-09 18:40:45,402 RX_ECHO ignored
2026-10-09 18:40:45,402 RX_ECHO ignored
2026-10-09 18:40:45,402 RX_ECHO ignored
2026-10-09 18:40:45,402 RX_ECHO ignored
2026-10-09 18:40:45,402 RX_ECHO ignored
2026-10-09 18:40:45,402 RX_ECHO ignored
2026-10-09 18:40:45,402 RX_ECHO ignored
2026-10-09 18:40:45,402 RX_ECHO ignored
2026-10-09 18:40:45,403 RX_ECHO ignored
2026-10-09 18:40:45,403 RX_ECHO ignored
2026-10-09 18:40:45,403 RX_ECHO ignored
2026-10-09 18:40:45,403 RX_ECHO ignored
2026-10-09 18:40:45,403 RX_ECHO ignored
2026-10-09 18:40:45,403 RX_ECHO ignored
2026-10-09 18:40:45,403 RX_ECHO ignored
2026-10-09 18:40:45,403 RX_ECHO ignored
2026-10-09 18:40:45,403 RX_ECHO ignored
2026-10-09 18:40:45,403 RX_ECHO ignored
2026-10-09 18:40:45,403 RX_ECHO ignored
2026-10-09 18:40:45,403 RX_ECHO ignored
2026-10-09 18:40:45,403 RX_ECHO ignored
2026-10-09 18:40:45,404 RX_ECHO ignored
2026-10-09 18:40:45,404 RX_ECHO ignored
2026-10-09 18:40:45,404 RX_ECHO ignored
2026-10-09 18:40:45,404 RX_ECHO ignored
2026-10-09 18:40:45,404 RX_ECHO ignored
2026-10-09 18:40:45,404 RX_ECHO ignored
2026-10-09 18:40:45,404 RX_ECHO ignored
2026-10-09 18:40:45,404 RX_ECHO ignored
2026-10-09 18:40:45,404 RX_ECHO ignored
2026-10-09 18:40:45,404 RX_ECHO ignored
2026-10-09 18:40:45,404 RX_ECHO ignored
2026-10-09 18:40:45,404 RX_ECHO ignored
2026-10-09 18:40:45,405 RX_ECHO ignored
2026-10-09 18:40:45,405 RX_ECHO ignored
2026-10-09 18:40:45,405 RX_ECHO ignored
2026-10-09 18:40:45,405 RX_ECHO ignored
2026-10-09 18:40:45,405 RX_ECHO ignored
2026-10-09 18:40:45,405 RX_ECHO ignored
2026-10-09 18:40:45,405 RX_ECHO ignored
2026-10-09 18:40:45,405 RX_ECHO ignored
2026-10-09 18:40:45,405 RX_ECHO ignored
2026-10-09 18:40:45,405 RX_ECHO ignored
2026-10-09 18:40:45,405 RX_ECHO ignored
2026-10-09 18:40:45,405 RX_ECHO ignored
2026-10-09 18:40:45,405 RX_ECHO ignored
2026-10-09 18:40:45,406 RX_ECHO ignored
2026-10-09 18:40:45,406 RX_ECHO ignored
2026-10-09 18:40:45,406 RX_ECHO ignored
2026-10-09 18:40:45,406 RX_ECHO ignored
2026-10-09 18:40:45,406 RX_ECHO ignored
2026-10-09 18:40:45,406 RX_ECHO ignored
2026-10-09 18:40:45,406 RX_ECHO ignored
2026-10-09 18:40:45,406 RX_ECHO ignored
2026-10-09 18:40:45,406 RX_ECHO ignored
2026-10-09 18:40:45,406 RX_ECHO ignored
2026-10-09 18:40:45,406 RX_ECHO ignored
2026-10-09 18:40:45,406 RX_ECHO ignored
2026-10-09 18:40:45,406 RX_ECHO ignored
2026-10-09 18:40:45,407 RX_ECHO ignored
2026-10-09 18:40:45,407 RX_ECHO ignored
2026-10-09 18:40:45,407 RX_ECHO ignored
2026-10-09 18:40:45,407 RX_ECHO ignored
2026-10-09 18:40:45,407 RX_ECHO ignored
2026-10-09 18:40:45,407 RX_ECHO ignored
2026-10-09 18:40:45,407 RX_ECHO ignored
2026-10-09 18:40:45,407 RX_ECHO ignored
2026-10-09 18:40:45,407 RX_ECHO ignored
2026-10-09 18:40:45,407 RX_ECHO ignored
2026-10-09 18:40:45,407 RX_ECHO ignored
2026-10-09 18:40:45,407 RX_ECHO ignored
2026-10-09 18:40:45,407 RX_ECHO ignored
2026-10-09 18:40:45,407 RX_ECHO ignored
2026-10-09 18:40:45,407 RX_ECHO ignored
2026-10-09 18:40:45,407 RX_ECHO ignored
2026-10-09 18:40:45,407 RX_ECHO ignored
2026-10-09 18:40:45,407 RX_ECHO ignored
2026-10-09 18:40:45,408 RX_ECHO ignored
2026-10-09 18:40:45,408 RX_ECHO ignored
2026-10-09 18:40:45,408 RX_ECHO ignored
2026-10-09 18:40:45,408 RX_ECHO ignored
2026-10-09 18:40:45,408 RX_ECHO ignored
2026-10-09 18:40:45,408 RX_ECHO ignored
2026-10-09 18:40:45,408 RX_ECHO ignored
2026-10-09 18:40:45,408 RX_ECHO ignored
2026-10-09 18:40:45,408 RX_ECHO ignored
2026-10-09 18:40:45,408 RX_ECHO ignored
2026-10-09 18:40:45,408 RX_ECHO ignored
2026-10-09 18:40:45,408 RX_ECHO ignored
2026-10-09 18:40:45,408 RX_ECHO ignored
2026-10-09 18:40:45,408 RX_ECHO ignored
2026-10-09 18:40:45,408 RX_ECHO ignored
2026-10-09 18:40:45,408 RX_ECHO ignored
2026-10-09 18:40:45,408 RX_ECHO ignored
2026-10-09 18:40:45,408 RX_ECHO ignored
2026-10-09 18:40:45,408 RX_ECHO ignored
2026-10-09 18:40:45,408 RX_ECHO ignored
2026-10-09 18:40:45,409 RX_ECHO ignored
2026-10-09 18:40:45,409 RX_ECHO ignored
2026-10-09 18:40:45,409 RX_ECHO ignored
2026-10-09 18:40:45,409 RX_ECHO ignored
2026-10-09 18:40:45,409 RX_ECHO ignored
2026-10-09 18:40:45,409 RX_ECHO ignored
2026-10-09 18:40:45,409 RX_ECHO ignored
2026-10-09 18:40:45,409 RX_ECHO ignored
2026-10-09 18:40:45,409 RX_ECHO ignored
2026-10-09 18:40:45,409 RX_ECHO ignored
2026-10-09 18:40:45,409 RX_ECHO ignored
2026-10-09 18:40:45,409 RX_ECHO ignored
2026-10-09 18:40:45,409 RX_ECHO ignored
2026-10-09 18:40:45,410 RX_ECHO ignored
2026-10-09 18:40:45,410 RX_ECHO ignored
2026-10-09 18:40:45,410 RX_ECHO ignored
2026-10-09 18:40:45,410 RX_ECHO ignored
2026-10-09 18:40:45,410 RX_ECHO ignored
2026-10-09 18:40:45,410 RX_ECHO ignored
2026-10-09 18:40:45,410 RX_ECHO ignored
2026-10-09 18:40:45,410 RX_ECHO ignored
2026-10-09 18:40:45,410 RX_ECHO ignored
2026-10-09 18:40:45,410 RX_ECHO ignored
2026-10-09 18:40:45,410 RX_ECHO ignored
2026-10-09 18:40:45,410 RX_ECHO ignored
2026-10-09 18:40:45,410 RX_ECHO ignored
2026-10-09 18:40:45,411 RX_ECHO ignored
2026-10-09 18:40:45,411 RX_ECHO ignored
2026-10-09 18:40:45,411 RX_ECHO ignored
2026-10-09 18:40:45,411 RX_ECHO ignored
2026-10-09 18:40:45,411 RX_ECHO ignored
2026-10-09 18:40:45,411 RX_ECHO ignored
2026-10-09 18:40:45,411 RX_ECHO ignored
2026-10-09 18:40:45,411 RX_ECHO ignored
2026-10-09 18:40:45,411 RX_ECHO ignored
2026-10-09 18:40:45,411 RX_ECHO ignored
2026-10-09 18:40:45,411 RX_ECHO ignored
2026-10-09 18:40:45,411 RX_ECHO ignored
2026-10-09 18:40:45,411 RX_ECHO ignored
2026-10-09 18:40:45,412 RX_ECHO ignored
2026-10-09 18:40:45,412 RX_ECHO ignored
2026-10-09 18:40:45,412 RX_ECHO ignored
2026-10-09 18:40:45,412 RX_ECHO ignored
2026-10-09 18:40:45,412 RX_ECHO ignored
2026-10-09 18:40:45,412 RX_ECHO ignored
2026-10-09 18:40:45,412 RX_ECHO ignored
2026-10-09 18:40:45,412 RX_ECHO ignored
2026-10-09 18:40:45,412 RX_ECHO ignored
2026-10-09 18:40:45,412 RX_ECHO ignored
2026-10-09 18:40:45,412 RX_ECHO ignored
2026-10-09 18:40:45,412 RX_ECHO ignored
2026-10-09 18:40:45,412 RX_ECHO ignored
2026-10-09 18:40:45,413 RX_ECHO ignored
2026-10-09 18:40:45,413 RX_ECHO ignored
2026-10-09 18:40:45,413 RX_ECHO ignored
2026-10-09 18:40:45,413 RX_ECHO ignored
2026-10-09 18:40:45,413 RX_ECHO ignored
2026-10-09 18:40:45,413 RX_ECHO ignored
2026-10-09 18:40:45,413 RX_ECHO ignored
2026-10-09 18:40:45,413 RX_ECHO ignored
2026-10-09 18:40:45,413 RX_ECHO ignored
2026-10-09 18:40:45,413 RX_ECHO ignored
2026-10-09 18:40:45,413 RX_ECHO ignored
2026-10-09 18:40:45,413 RX_ECHO ignored
2026-10-09 18:40:45,414 RX_ECHO ignored
2026-10-09 18:40:45,414 RX_ECHO ignored
2026-10-09 18:40:45,414 RX_ECHO ignored
2026-10-09 18:40:45,414 RX_ECHO ignored
2026-10-09 18:40:45,414 RX_ECHO ignored
2026-10-09 18:40:45,414 RX_ECHO ignored
2026-10-09 18:40:45,414 RX_ECHO ignored
2026-10-09 18:40:45,414 RX_ECHO ignored
2026-10-09 18:40:45,414 RX_ECHO ignored
2026-10-09 18:40:45,414 RX_ECHO ignored
2026-10-09 18:40:45,414 RX_ECHO ignored
2026-10-09 18:40:45,414 RX_ECHO ignored
2026-10-09 18:40:45,414 RX_ECHO ignored
2026-10-09 18:40:45,415 RX_ECHO ignored
2026-10-09 18:40:45,415 RX_ECHO ignored
2026-10-09 18:40:45,415 RX_ECHO ignored
2026-10-09 18:40:45,415 RX_ECHO ignored
2026-10-09 18:40:45,415 RX_ECHO ignored
2026-10-09 18:40:45,415 RX_ECHO ignored
2026-10-09 18:40:45,415 RX_ECHO ignored
2026-10-09 18:40:45,415 RX_ECHO ignored
2026-10-09 18:40:45,415 RX_ECHO ignored
2026-10-09 18:40:45,415 RX_ECHO ignored
2026-10-09 18:40:45,415 RX_ECHO ignored
2026-10-09 18:40:45,415 RX_ECHO ignored
2026-10-09 18:40:45,415 RX_ECHO ignored
2026-10-09 18:40:45,416 RX_ECHO ignored
2026-10-09 18:40:45,416 RX_ECHO ignored
2026-10-09 18:40:45,416 RX_ECHO ignored
2026-10-09 18:40:45,416 RX_ECHO ignored
2026-10-09 18:40:45,416 RX_ECHO ignored
2026-10-09 18:40:45,416 RX_ECHO ignored
2026-10-09 18:40:45,416 RX_ECHO ignored
2026-10-09 18:40:45,416 RX_ECHO ignored
2026-10-09 18:40:45,416 RX_ECHO ignored
2026-10-09 18:40:45,417 RX_ECHO ignored
2026-10-09 18:40:45,417 RX_ECHO ignored
2026-10-09 18:40:45,417 RX_ECHO ignored
2026-10-09 18:40:45,417 RX_ECHO ignored
2026-10-09 18:40:45,417 RX_ECHO ignored
2026-10-09 18:40:45,417 RX_ECHO ignored
2026-10-09 18:40:45,417 RX_ECHO ignored
2026-10-09 18:40:45,417 RX_ECHO ignored
2026-10-09 18:40:45,417 RX_ECHO ignored
2026-10-09 18:40:45,417 RX_ECHO ignored
2026-10-09 18:40:45,417 RX_ECHO ignored
2026-10-09 18:40:45,417 RX_ECHO ignored
2026-10-09 18:40:45,417 RX_ECHO ignored
2026-10-09 18:40:45,417 RX_ECHO ignored
2026-10-09 18:40:45,417 RX_ECHO ignored
2026-10-09 18:40:45,417 RX_ECHO ignored
2026-10-09 18:40:45,417 RX_ECHO ignored
2026-10-09 18:40:45,418 RX_ECHO ignored
2026-10-09 18:40:45,418 RX_ECHO ignored
2026-10-09 18:40:45,418 RX_ECHO ignored
2026-10-09 18:40:45,418 RX_ECHO ignored
2026-10-09 18:40:45,418 RX_ECHO ignored
2026-10-09 18:40:45,418 RX_ECHO ignored
2026-10-09 18:40:45,418 RX_ECHO ignored
2026-10-09 18:40:45,418 RX_ECHO ignored
2026-10-09 18:40:45,418 RX_ECHO ignored
2026-10-09 18:40:45,418 RX_ECHO ignored
2026-10-09 18:40:45,418 RX_ECHO ignored
2026-10-09 18:40:45,418 RX_ECHO ignored
2026-10-09 18:40:45,419 RX_ECHO ignored
2026-10-09 18:40:45,419 RX_ECHO ignored
2026-10-09 18:40:45,419 RX_ECHO ignored
2026-10-09 18:40:45,419 RX_ECHO ignored
2026-10-09 18:40:45,419 RX_ECHO ignored
2026-10-09 18:40:45,419 RX_ECHO ignored
2026-10-09 18:40:45,419 RX_ECHO ignored
2026-10-09 18:40:45,419 RX_ECHO ignored
2026-10-09 18:40:45,419 RX_ECHO ignored
2026-10-09 18:40:45,419 RX_ECHO ignored
2026-10-09 18:40:45,419 RX_ECHO ignored
2026-10-09 18:40:45,419 RX_ECHO ignored
2026-10-09 18:40:45,419 RX_ECHO ignored
2026-10-09 18:40:45,420 RX_ECHO ignored
2026-10-09 18:40:45,420 RX_ECHO ignored
2026-10-09 18:40:45,420 RX_ECHO ignored
2026-10-09 18:40:45,420 RX_ECHO ignored
2026-10-09 18:40:45,420 RX_ECHO ignored
2026-10-09 18:40:45,420 RX_ECHO ignored
2026-10-09 18:40:45,420 RX_ECHO ignored
2026-10-09 18:40:45,420 RX_ECHO ignored
2026-10-09 18:40:45,420 RX_ECHO ignored
2026-10-09 18:40:45,421 RX_ECHO ignored
2026-10-09 18:40:45,421 RX_ECHO ignored
2026-10-09 18:40:45,421 RX_ECHO ignored
2026-10-09 18:40:45,421 RX_ECHO ignored
2026-10-09 18:40:45,421 RX_ECHO ignored
2026-10-09 18:40:45,421 RX_ECHO ignored
2026-10-09 18:40:45,421 RX_ECHO ignored
2026-10-09 18:40:45,421 RX_ECHO ignored
2026-10-09 18:40:45,421 RX_ECHO ignored
2026-10-09 18:40:45,421 RX_ECHO ignored
2026-10-09 18:40:45,421 RX_ECHO ignored
2026-10-09 18:40:45,421 RX_ECHO ignored
2026-10-09 18:40:45,421 RX_ECHO ignored
2026-10-09 18:40:45,421 RX_ECHO ignored
2026-10-09 18:40:45,421 RX_ECHO ignored
2026-10-09 18:40:45,421 RX_ECHO ignored
2026-10-09 18:40:45,421 RX_ECHO ignored
2026-10-09 18:40:45,422 RX_ECHO ignored
2026-10-09 18:40:45,422 RX_ECHO ignored
2026-10-09 18:40:45,422 RX_ECHO ignored
2026-10-09 18:40:45,422 RX_ECHO ignored
2026-10-09 18:40:45,422 RX_ECHO ignored
2026-10-09 18:40:45,422 RX_ECHO ignored
2026-10-09 18:40:45,422 RX_ECHO ignored
2026-10-09 18:40:45,422 RX_ECHO ignored
2026-10-09 18:40:45,422 RX_ECHO ignored
2026-10-09 18:40:45,422 RX_ECHO ignored
2026-10-09 18:40:45,422 RX_ECHO ignored
2026-10-09 18:40:45,422 RX_ECHO ignored
2026-10-09 18:40:45,422 RX_ECHO ignored
2026-10-09 18:40:45,422 RX_ECHO ignored
2026-10-09 18:40:45,422 RX_ECHO ignored
2026-10-09 18:40:45,422 RX_ECHO ignored
2026-10-09 18:40:45,422 RX_ECHO ignored
2026-10-09 18:40:45,422 RX_ECHO ignored
2026-10-09 18:40:45,422 RX_ECHO ignored
2026-10-09 18:40:45,422 RX_ECHO ignored
2026-10-09 18:40:45,422 RX_ECHO ignored
2026-10-09 18:40:45,422 RX_ECHO ignored
2026-10-09 18:40:45,423 RX_ECHO ignored
2026-10-09 18:40:45,423 RX_ECHO ignored
2026-10-09 18:40:45,423 RX_ECHO ignored
2026-10-09 18:40:45,423 RX_ECHO ignored
2026-10-09 18:40:45,423 RX_ECHO ignored
2026-10-09 18:40:45,423 RX_ECHO ignored
2026-10-09 18:40:45,423 RX_ECHO ignored
2026-10-09 18:40:45,423 RX_ECHO ignored
2026-10-09 18:40:45,423 RX_ECHO ignored
2026-10-09 18:40:45,423 RX_ECHO ignored
2026-10-09 18:40:45,423 RX_ECHO ignored
2026-10-09 18:40:45,423 RX_ECHO ignored
2026-10-09 18:40:45,423 RX_ECHO ignored
2026-10-09 18:40:45,423 RX_ECHO ignored
2026-10-09 18:40:45,423 RX_ECHO ignored
2026-10-09 18:40:45,423 RX_ECHO ignored
2026-10-09 18:40:45,424 RX_ECHO ignored
2026-10-09 18:40:45,424 RX_ECHO ignored
2026-10-09 18:40:45,424 RX_ECHO ignored
2026-10-09 18:40:45,424 RX_ECHO ignored
2026-10-09 18:40:45,424 RX_ECHO ignored
2026-10-09 18:40:45,424 RX_ECHO ignored
2026-10-09 18:40:45,424 RX_ECHO ignored
2026-10-09 18:40:45,424 RX_ECHO ignored
2026-10-09 18:40:45,424 RX_ECHO ignored
2026-10-09 18:40:45,424 RX_ECHO ignored
2026-10-09 18:40:45,424 RX_ECHO ignored
2026-10-09 18:40:45,424 RX_ECHO ignored
2026-10-09 18:40:45,424 RX_ECHO ignored
2026-10-09 18:40:45,425 RX_ECHO ignored
2026-10-09 18:40:45,425 RX_ECHO ignored
2026-10-09 18:40:45,425 RX_ECHO ignored
2026-10-09 18:40:45,425 RX_ECHO ignored
2026-10-09 18:40:45,425 RX_ECHO ignored
2026-10-09 18:40:45,425 RX_ECHO ignored
2026-10-09 18:40:45,425 RX_ECHO ignored
2026-10-09 18:40:45,425 RX_ECHO ignored
2026-10-09 18:40:45,425 RX_ECHO ignored
2026-10-09 18:40:45,425 RX_ECHO ignored
2026-10-09 18:40:45,425 RX_ECHO ignored
2026-10-09 18:40:45,425 RX_ECHO ignored
2026-10-09 18:40:45,425 RX_ECHO ignored
2026-10-09 18:40:45,426 RX_ECHO ignored
2026-10-09 18:40:45,426 RX_ECHO ignored
2026-10-09 18:40:45,426 RX_ECHO ignored
2026-10-09 18:40:45,426 RX_ECHO ignored
2026-10-09 18:40:45,426 RX_ECHO ignored
2026-10-09 18:40:45,426 RX_ECHO ignored
2026-10-09 18:40:45,426 RX_ECHO ignored
2026-10-09 18:40:45,426 RX_ECHO ignored
2026-10-09 18:40:45,426 RX_ECHO ignored
2026-10-09 18:40:45,426 RX_ECHO ignored
2026-10-09 18:40:45,426 RX_ECHO ignored
2026-10-09 18:40:45,426 RX_ECHO ignored
2026-10-09 18:40:45,426 RX_ECHO ignored
2026-10-09 18:40:45,427 RX_ECHO ignored
2026-10-09 18:40:45,427 RX_ECHO ignored
2026-10-09 18:40:45,427 RX_ECHO ignored
2026-10-09 18:40:45,427 RX_ECHO ignored
2026-10-09 18:40:45,427 RX_ECHO ignored
2026-10-09 18:40:45,427 RX_ECHO ignored
2026-10-09 18:40:45,427 RX_ECHO ignored
2026-10-09 18:40:45,427 RX_ECHO ignored
2026-10-09 18:40:45,427 RX_ECHO ignored
2026-10-09 18:40:45,427 RX_ECHO ignored
2026-10-09 18:40:45,427 RX_ECHO ignored
2026-10-09 18:40:45,427 RX_ECHO ignored
2026-10-09 18:40:45,428 RX_ECHO ignored
2026-10-09 18:40:45,428 RX_ECHO ignored
2026-10-09 18:40:45,428 RX_ECHO ignored
2026-10-09 18:40:45,428 RX_ECHO ignored
2026-10-09 18:40:45,428 RX_ECHO ignored
2026-10-09 18:40:45,428 RX_ECHO ignored
2026-10-09 18:40:45,428 RX_ECHO ignored
2026-10-09 18:40:45,428 RX_ECHO ignored
2026-10-09 18:40:45,428 RX_ECHO ignored
2026-10-09 18:40:45,428 RX_ECHO ignored
2026-10-09 18:40:45,428 RX_ECHO ignored
2026-10-09 18:40:45,428 RX_ECHO ignored
2026-10-09 18:40:45,428 RX_ECHO ignored
2026-10-09 18:40:45,429 RX_ECHO ignored
2026-10-09 18:40:45,429 RX_ECHO ignored
2026-10-09 18:40:45,429 RX_ECHO ignored
2026-10-09 18:40:45,429 RX_ECHO ignored
2026-10-09 18:40:45,429 RX_ECHO ignored
2026-10-09 18:40:45,429 RX_ECHO ignored
2026-10-09 18:40:45,429 RX_ECHO ignored
2026-10-09 18:40:45,429 RX_ECHO ignored
2026-10-09 18:40:45,429 RX_ECHO ignored
2026-10-09 18:40:45,429 RX_ECHO ignored
2026-10-09 18:40:45,429 RX_ECHO ignored
2026-10-09 18:40:45,429 RX_ECHO ignored
2026-10-09 18:40:45,429 RX_ECHO ignored
2026-10-09 18:40:45,430 RX_ECHO ignored
2026-10-09 18:40:45,430 RX_ECHO ignored
2026-10-09 18:40:45,430 RX_ECHO ignored
2026-10-09 18:40:45,430 RX_ECHO ignored
2026-10-09 18:40:45,430 RX_ECHO ignored
2026-10-09 18:40:45,430 RX_ECHO ignored
2026-10-09 18:40:45,430 RX_ECHO ignored
2026-10-09 18:40:45,430 RX_ECHO ignored
2026-10-09 18:40:45,430 RX_ECHO ignored
2026-10-09 18:40:45,430 RX_ECHO ignored
2026-10-09 18:40:45,430 RX_ECHO ignored
2026-10-09 18:40:45,430 RX_ECHO ignored
2026-10-09 18:40:45,430 RX_ECHO ignored
2026-10-09 18:40:45,431 RX_ECHO ignored
2026-10-09 18:40:45,431 RX_ECHO ignored
2026-10-09 18:40:45,431 RX_ECHO ignored
2026-10-09 18:40:45,431 RX_ECHO ignored
2026-10-09 18:40:45,431 RX_ECHO ignored
2026-10-09 18:40:45,431 RX_ECHO ignored
2026-10-09 18:40:45,431 RX_ECHO ignored
2026-10-09 18:40:45,431 RX_ECHO ignored
2026-10-09 18:40:45,431 RX_ECHO ignored
2026-10-09 18:40:45,431 RX_ECHO ignored
2026-10-09 18:40:45,431 RX_ECHO ignored
2026-10-09 18:40:45,431 RX_ECHO ignored
2026-10-09 18:40:45,431 RX_ECHO ignored
2026-10-09 18:40:45,432 RX_ECHO ignored
2026-10-09 18:40:45,432 RX_ECHO ignored
2026-10-09 18:40:45,432 RX_ECHO ignored
2026-10-09 18:40:45,432 RX_ECHO ignored
2026-10-09 18:40:45,432 RX_ECHO ignored
2026-10-09 18:40:45,432 RX_ECHO ignored
2026-10-09 18:40:45,432 RX_ECHO ignored
2026-10-09 18:40:45,432 RX_ECHO ignored
2026-10-09 18:40:45,432 RX_ECHO ignored
2026-10-09 18:40:45,432 RX_ECHO ignored
2026-10-09 18:40:45,432 RX_ECHO ignored
2026-10-09 18:40:45,432 RX_ECHO ignored
2026-10-09 18:40:45,433 RX_ECHO ignored
2026-10-09 18:40:45,433 RX_ECHO ignored
2026-10-09 18:40:45,433 RX_ECHO ignored
2026-10-09 18:40:45,433 RX_ECHO ignored
2026-10-09 18:40:45,433 RX_ECHO ignored
2026-10-09 18:40:45,433 RX_ECHO ignored
2026-10-09 18:40:45,433 RX_ECHO ignored
2026-10-09 18:40:45,433 RX_ECHO ignored
2026-10-09 18:40:45,433 RX_ECHO ignored
2026-10-09 18:40:45,433 RX_ECHO ignored
2026-10-09 18:40:45,433 RX_ECHO ignored
2026-10-09 18:40:45,433 RX_ECHO ignored
2026-10-09 18:40:45,433 RX_ECHO ignored
2026-10-09 18:40:45,433 RX_ECHO ignored
2026-10-09 18:40:45,434 RX_ECHO ignored
2026-10-09 18:40:45,434 RX_ECHO ignored
2026-10-09 18:40:45,434 RX_ECHO ignored
2026-10-09 18:40:45,434 RX_ECHO ignored
2026-10-09 18:40:45,434 RX_ECHO ignored
2026-10-09 18:40:45,434 RX_ECHO ignored
2026-10-09 18:40:45,434 RX_ECHO ignored
2026-10-09 18:40:45,434 RX_ECHO ignored
2026-10-09 18:40:45,434 RX_ECHO ignored
2026-10-09 18:40:45,434 RX_ECHO ignored
2026-10-09 18:40:45,434 RX_ECHO ignored
2026-10-09 18:40:45,434 RX_ECHO ignored
2026-10-09 18:40:45,434 RX_ECHO ignored
2026-10-09 18:40:45,434 RX_ECHO ignored
2026-10-09 18:40:45,434 RX_ECHO ignored
2026-10-09 18:40:45,434 RX_ECHO ignored
2026-10-09 18:40:45,434 RX_ECHO ignored
2026-10-09 18:40:45,434 RX_ECHO ignored
2026-10-09 18:40:45,434 RX_ECHO ignored
2026-10-09 18:40:45,434 RX_ECHO ignored
2026-10-09 18:40:45,435 RX_ECHO ignored
2026-10-09 18:40:45,435 RX_ECHO ignored
2026-10-09 18:40:45,435 RX_ECHO ignored
2026-10-09 18:40:45,435 RX_ECHO ignored
2026-10-09 18:40:45,435 RX_ECHO ignored
2026-10-09 18:40:45,435 RX_ECHO ignored
2026-10-09 18:40:45,435 RX_ECHO ignored
2026-10-09 18:40:45,435 RX_ECHO ignored
2026-10-09 18:40:45,435 RX_ECHO ignored
2026-10-09 18:40:45,435 RX_ECHO ignored
2026-10-09 18:40:45,435 RX_ECHO ignored
2026-10-09 18:40:45,435 RX_ECHO ignored
2026-10-09 18:40:45,435 RX_ECHO ignored
2026-10-09 18:40:45,435 RX_ECHO ignored
2026-10-09 18:40:45,435 RX_ECHO ignored
2026-10-09 18:40:45,435 RX_ECHO ignored
2026-10-09 18:40:45,435 RX_ECHO ignored
2026-10-09 18:40:45,435 RX_ECHO ignored
2026-10-09 18:40:45,436 RX_ECHO ignored
2026-10-09 18:40:45,436 RX_ECHO ignored
2026-10-09 18:40:45,436 RX_ECHO ignored
2026-10-09 18:40:45,436 RX_ECHO ignored
2026-10-09 18:40:45,436 RX_ECHO ignored
2026-10-09 18:40:45,436 RX_ECHO ignored
2026-10-09 18:40:45,436 RX_ECHO ignored
2026-10-09 18:40:45,436 RX_ECHO ignored
2026-10-09 18:40:45,436 RX_ECHO ignored
2026-10-09 18:40:45,436 RX_ECHO ignored
2026-10-09 18:40:45,436 RX_ECHO ignored
2026-10-09 18:40:45,436 RX_ECHO ignored
2026-10-09 18:40:45,437 RX_ECHO ignored
2026-10-09 18:40:45,437 RX_ECHO ignored
2026-10-09 18:40:45,437 RX_ECHO ignored
2026-10-09 18:40:45,437 RX_ECHO ignored
2026-10-09 18:40:45,437 RX_ECHO ignored
2026-10-09 18:40:45,437 RX_ECHO ignored
2026-10-09 18:40:45,437 RX_ECHO ignored
2026-10-09 18:40:45,437 RX_ECHO ignored
2026-10-09 18:40:45,437 RX_ECHO ignored
2026-10-09 18:40:45,437 RX_ECHO ignored
2026-10-09 18:40:45,437 RX_ECHO ignored
2026-10-09 18:40:45,437 RX_ECHO ignored
2026-10-09 18:40:45,437 RX_ECHO ignored
2026-10-09 18:40:45,438 RX_ECHO ignored
2026-10-09 18:40:45,438 RX_ECHO ignored
2026-10-09 18:40:45,438 RX_ECHO ignored
2026-10-09 18:40:45,438 RX_ECHO ignored
2026-10-09 18:40:45,438 RX_ECHO ignored
2026-10-09 18:40:45,438 RX_ECHO ignored
2026-10-09 18:40:45,438 RX_ECHO ignored
2026-10-09 18:40:45,438 RX_ECHO ignored
2026-10-09 18:40:45,438 RX_ECHO ignored
2026-10-09 18:40:45,438 RX_ECHO ignored
2026-10-09 18:40:45,438 RX_ECHO ignored
2026-10-09 18:40:45,438 RX_ECHO ignored
2026-10-09 18:40:45,438 RX_ECHO ignored
2026-10-09 18:40:45,439 RX_ECHO ignored
2026-10-09 18:40:45,439 RX_ECHO ignored
2026-10-09 18:40:45,439 RX_ECHO ignored
2026-10-09 18:40:45,439 RX_ECHO ignored
2026-10-09 18:40:45,439 RX_ECHO ignored
2026-10-09 18:40:45,439 RX_ECHO ignored
2026-10-09 18:40:45,439 RX_ECHO ignored
2026-10-09 18:40:45,439 RX_ECHO ignored
2026-10-09 18:40:45,439 RX_ECHO ignored
2026-10-09 18:40:45,439 RX_ECHO ignored
2026-10-09 18:40:45,439 RX_ECHO ignored
2026-10-09 18:40:45,439 RX_ECHO ignored
2026-10-09 18:40:45,439 RX_ECHO ignored
2026-10-09 18:40:45,439 RX_ECHO ignored
2026-10-09 18:40:45,439 RX_ECHO ignored
2026-10-09 18:40:45,439 RX_ECHO ignored
2026-10-09 18:40:45,439 RX_ECHO ignored
2026-10-09 18:40:45,440 RX_ECHO ignored
2026-10-09 18:40:45,440 RX_ECHO ignored
2026-10-09 18:40:45,440 RX_ECHO ignored
2026-10-09 18:40:45,440 RX_ECHO ignored
2026-10-09 18:40:45,440 RX_ECHO ignored
2026-10-09 18:40:45,440 RX_ECHO ignored
2026-10-09 18:40:45,440 RX_ECHO ignored
2026-10-09 18:40:45,440 RX_ECHO ignored
2026-10-09 18:40:45,440 RX_ECHO ignored
2026-10-09 18:40:45,440 RX_ECHO ignored
2026-10-09 18:40:45,440 RX_ECHO ignored
2026-10-09 18:40:45,440 RX_ECHO ignored
2026-10-09 18:40:45,440 RX_ECHO ignored
2026-10-09 18:40:45,440 RX_ECHO ignored
2026-10-09 18:40:45,440 RX_ECHO ignored
2026-10-09 18:40:45,440 RX_ECHO ignored
2026-10-09 18:40:45,440 RX_ECHO ignored
2026-10-09 18:40:45,440 RX_ECHO ignored
2026-10-09 18:40:45,440 RX_ECHO ignored
2026-10-09 18:40:45,440 RX_ECHO ignored
2026-10-09 18:40:45,440 RX_ECHO ignored
2026-10-09 18:40:45,441 RX_ECHO ignored
2026-10-09 18:40:45,441 RX_ECHO ignored
2026-10-09 18:40:45,441 RX_ECHO ignored
2026-10-09 18:40:45,441 RX_ECHO ignored
2026-10-09 18:40:45,441 RX_ECHO ignored
2026-10-09 18:40:45,441 RX_ECHO ignored
2026-10-09 18:40:45,441 RX_ECHO ignored
2026-10-09 18:40:45,441 RX_ECHO ignored
2026-10-09 18:40:45,441 RX_ECHO ignored
2026-10-09 18:40:45,441 RX_ECHO ignored
2026-10-09 18:40:45,441 RX_ECHO ignored
2026-10-09 18:40:45,441 RX_ECHO ignored
2026-10-09 18:40:45,441 RX_ECHO ignored
2026-10-09 18:40:45,442 RX_ECHO ignored
2026-10-09 18:40:45,442 RX_ECHO ignored
2026-10-09 18:40:45,442 RX_ECHO ignored
2026-10-09 18:40:45,442 RX_ECHO ignored
2026-10-09 18:40:45,442 RX_ECHO ignored
2026-10-09 18:40:45,442 RX_ECHO ignored
2026-10-09 18:40:45,442 RX_ECHO ignored
2026-10-09 18:40:45,442 RX_ECHO ignored
2026-10-09 18:40:45,442 RX_ECHO ignored
2026-10-09 18:40:45,442 RX_ECHO ignored
2026-10-09 18:40:45,442 RX_ECHO ignored
2026-10-09 18:40:45,442 RX_ECHO ignored
2026-10-09 18:40:45,442 RX_ECHO ignored
2026-10-09 18:40:45,443 RX_ECHO ignored
2026-10-09 18:40:45,443 RX_ECHO ignored
2026-10-09 18:40:45,443 RX_ECHO ignored
2026-10-09 18:40:45,443 RX_ECHO ignored
2026-10-09 18:40:45,443 RX_ECHO ignored
2026-10-09 18:40:45,443 RX_ECHO ignored
2026-10-09 18:40:45,443 RX_ECHO ignored
2026-10-09 18:40:45,443 RX_ECHO ignored
2026-10-09 18:40:45,443 RX_ECHO ignored
2026-10-09 18:40:45,443 RX_ECHO ignored
2026-10-09 18:40:45,443 RX_ECHO ignored
2026-10-09 18:40:45,443 RX_ECHO ignored
2026-10-09 18:40:45,443 RX_ECHO ignored
2026-10-09 18:40:45,444 RX_ECHO ignored
2026-10-09 18:40:45,444 RX_ECHO ignored
2026-10-09 18:40:45,444 RX_ECHO ignored
2026-10-09 18:40:45,444 RX_ECHO ignored
2026-10-09 18:40:45,444 RX_ECHO ignored
2026-10-09 18:40:45,444 RX_ECHO ignored
2026-10-09 18:40:45,444 RX_ECHO ignored
2026-10-09 18:40:45,444 RX_ECHO ignored
2026-10-09 18:40:45,444 RX_ECHO ignored
2026-10-09 18:40:45,444 RX_ECHO ignored
2026-10-09 18:40:45,444 RX_ECHO ignored
2026-10-09 18:40:45,444 RX_ECHO ignored
2026-10-09 18:40:45,444 RX_ECHO ignored
2026-10-09 18:40:45,445 RX_ECHO ignored
2026-10-09 18:40:45,445 RX_ECHO ignored
2026-10-09 18:40:45,445 RX_ECHO ignored
2026-10-09 18:40:45,445 RX_ECHO ignored
2026-10-09 18:40:45,445 RX_ECHO ignored
2026-10-09 18:40:45,445 RX_ECHO ignored
2026-10-09 18:40:45,445 RX_ECHO ignored
2026-10-09 18:40:45,445 RX_ECHO ignored
2026-10-09 18:40:45,445 RX_ECHO ignored
2026-10-09 18:40:45,445 RX_ECHO ignored
2026-10-09 18:40:45,445 RX_ECHO ignored
2026-10-09 18:40:45,445 RX_ECHO ignored
2026-10-09 18:40:45,446 RX_ECHO ignored
2026-10-09 18:40:45,446 RX_ECHO ignored
2026-10-09 18:40:45,446 RX_ECHO ignored
2026-10-09 18:40:45,446 RX_ECHO ignored
2026-10-09 18:40:45,446 RX_ECHO ignored
2026-10-09 18:40:45,446 RX_ECHO ignored
2026-10-09 18:40:45,446 RX_ECHO ignored
2026-10-09 18:40:45,446 RX_ECHO ignored
2026-10-09 18:40:45,446 RX_ECHO ignored
2026-10-09 18:40:45,446 RX_ECHO ignored
2026-10-09 18:40:45,446 RX_ECHO ignored
2026-10-09 18:40:45,446 RX_ECHO ignored
2026-10-09 18:40:45,446 RX_ECHO ignored
2026-10-09 18:40:45,446 RX_ECHO ignored
2026-10-09 18:40:45,446 RX_ECHO ignored
2026-10-09 18:40:45,446 RX_ECHO ignored
2026-10-09 18:40:45,446 RX_ECHO ignored
2026-10-09 18:40:45,446 RX_ECHO ignored
2026-10-09 18:40:45,447 RX_ECHO ignored
2026-10-09 18:40:45,447 RX_ECHO ignored
2026-10-09 18:40:45,447 RX_ECHO ignored
2026-10-09 18:40:45,447 RX_ECHO ignored
2026-10-09 18:40:45,447 RX_ECHO ignored
2026-10-09 18:40:45,447 RX_ECHO ignored
2026-10-09 18:40:45,447 RX_ECHO ignored
2026-10-09 18:40:45,447 RX_ECHO ignored
2026-10-09 18:40:45,447 RX_ECHO ignored
2026-10-09 18:40:45,447 RX_ECHO ignored
2026-10-09 18:40:45,447 RX_ECHO ignored
2026-10-09 18:40:45,447 RX_ECHO ignored
2026-10-09 18:40:45,447 RX_ECHO ignored
2026-10-09 18:40:45,447 RX_ECHO ignored
2026-10-09 18:40:45,447 RX_ECHO ignored
2026-10-09 18:40:45,447 RX_ECHO ignored
2026-10-09 18:40:45,447 RX_ECHO ignored
2026-10-09 18:40:45,447 RX_ECHO ignored
2026-10-09 18:40:45,447 RX_ECHO ignored
2026-10-09 18:40:45,447 RX_ECHO ignored
2026-10-09 18:40:45,448 RX_ECHO ignored
2026-10-09 18:40:45,448 RX_ECHO ignored
2026-10-09 18:40:45,448 RX_ECHO ignored
2026-10-09 18:40:45,448 RX_ECHO ignored
2026-10-09 18:40:45,448 RX_ECHO ignored
2026-10-09 18:40:45,448 RX_ECHO ignored
2026-10-09 18:40:45,448 RX_ECHO ignored
2026-10-09 18:40:45,448 RX_ECHO ignored
2026-10-09 18:40:45,448 RX_ECHO ignored
2026-10-09 18:40:45,448 RX_ECHO ignored
2026-10-09 18:40:45,448 RX_ECHO ignored
2026-10-09 18:40:45,448 RX_ECHO ignored
2026-10-09 18:40:45,448 RX_ECHO ignored
2026-10-09 18:40:45,448 RX_ECHO ignored
2026-10-09 18:40:45,449 RX_ECHO ignored
2026-10-09 18:40:45,449 RX_ECHO ignored
2026-10-09 18:40:45,449 RX_ECHO ignored
2026-10-09 18:40:45,449 RX_ECHO ignored
2026-10-09 18:40:45,449 RX_ECHO ignored
2026-10-09 18:40:45,449 RX_ECHO ignored
2026-10-09 18:40:45,449 RX_ECHO ignored
2026-10-09 18:40:45,449 RX_ECHO ignored
2026-10-09 18:40:45,449 RX_ECHO ignored
2026-10-09 18:40:45,449 RX_ECHO ignored
2026-10-09 18:40:45,449 RX_ECHO ignored
2026-10-09 18:40:45,449 RX_ECHO ignored
2026-10-09 18:40:45,450 RX_ECHO ignored
2026-10-09 18:40:45,450 RX_ECHO ignored
2026-10-09 18:40:45,450 RX_ECHO ignored
2026-10-09 18:40:45,450 RX_ECHO ignored
2026-10-09 18:40:45,450 RX_ECHO ignored
2026-10-09 18:40:45,450 RX_ECHO ignored
2026-10-09 18:40:45,450 RX_ECHO ignored
2026-10-09 18:40:45,450 RX_ECHO ignored
2026-10-09 18:40:45,450 RX_ECHO ignored
2026-10-09 18:40:45,450 RX_ECHO ignored
2026-10-09 18:40:45,450 RX_ECHO ignored
2026-10-09 18:40:45,450 RX_ECHO ignored
2026-10-09 18:40:45,450 RX_ECHO ignored
2026-10-09 18:40:45,451 RX_ECHO ignored
2026-10-09 18:40:45,451 RX_ECHO ignored
2026-10-09 18:40:45,451 RX_ECHO ignored
2026-10-09 18:40:45,451 RX_ECHO ignored
2026-10-09 18:40:45,451 RX_ECHO ignored
2026-10-09 18:40:45,451 RX_ECHO ignored
2026-10-09 18:40:45,451 RX_ECHO ignored
2026-10-09 18:40:45,451 RX_ECHO ignored
2026-10-09 18:40:45,451 RX_ECHO ignored
2026-10-09 18:40:45,451 RX_ECHO ignored
2026-10-09 18:40:45,451 RX_ECHO ignored
2026-10-09 18:40:45,451 RX_ECHO ignored
2026-10-09 18:40:45,451 RX_ECHO ignored
2026-10-09 18:40:45,452 RX_ECHO ignored
2026-10-09 18:40:45,452 RX_ECHO ignored
2026-10-09 18:40:45,452 RX_ECHO ignored
2026-10-09 18:40:45,452 RX_ECHO ignored
2026-10-09 18:40:45,452 RX_ECHO ignored
2026-10-09 18:40:45,452 RX_ECHO ignored
2026-10-09 18:40:45,452 RX_ECHO ignored
2026-10-09 18:40:45,452 RX_ECHO ignored
2026-10-09 18:40:45,452 RX_ECHO ignored
2026-10-09 18:40:45,452 RX_ECHO ignored
2026-10-09 18:40:45,452 RX_ECHO ignored
2026-10-09 18:40:45,452 RX_ECHO ignored
2026-10-09 18:40:45,452 RX_ECHO ignored
2026-10-09 18:40:45,453 RX_ECHO ignored
2026-10-09 18:40:45,453 RX_ECHO ignored
2026-10-09 18:40:45,453 RX_ECHO ignored
2026-10-09 18:40:45,453 RX_ECHO ignored
2026-10-09 18:40:45,453 RX_ECHO ignored
2026-10-09 18:40:45,453 RX_ECHO ignored
2026-10-09 18:40:45,453 RX_ECHO ignored
2026-10-09 18:40:45,453 RX_ECHO ignored
2026-10-09 18:40:45,453 RX_ECHO ignored
2026-10-09 18:40:45,453 RX_ECHO ignored
2026-10-09 18:40:45,453 RX_ECHO ignored
2026-10-09 18:40:45,453 RX_ECHO ignored
2026-10-09 18:40:45,453 RX_ECHO ignored
2026-10-09 18:40:45,454 RX_ECHO ignored
2026-10-09 18:40:45,454 RX_ECHO ignored
2026-10-09 18:40:45,454 RX_ECHO ignored
2026-10-09 18:40:45,454 RX_ECHO ignored
2026-10-09 18:40:45,454 RX_ECHO ignored
2026-10-09 18:40:45,454 RX_ECHO ignored
2026-10-09 18:40:45,454 RX_ECHO ignored
2026-10-09 18:40:45,454 RX_ECHO ignored
2026-10-09 18:40:45,454 RX_ECHO ignored
2026-10-09 18:40:45,454 RX_ECHO ignored
2026-10-09 18:40:45,454 RX_ECHO ignored
2026-10-09 18:40:45,454 RX_ECHO ignored
2026-10-09 18:40:45,454 RX_ECHO ignored
2026-10-09 18:40:45,455 RX_ECHO ignored
2026-10-09 18:40:45,455 RX_ECHO ignored
2026-10-09 18:40:45,455 RX_ECHO ignored
2026-10-09 18:40:45,455 RX_ECHO ignored
2026-10-09 18:40:45,455 RX_ECHO ignored
2026-10-09 18:40:45,455 RX_ECHO ignored
2026-10-09 18:40:45,455 RX_ECHO ignored
2026-10-09 18:40:45,455 RX_ECHO ignored
2026-10-09 18:40:45,455 RX_ECHO ignored
2026-10-09 18:40:45,455 RX_ECHO ignored
2026-10-09 18:40:45,455 RX_ECHO ignored
2026-10-09 18:40:45,455 RX_ECHO ignored
2026-10-09 18:40:45,455 RX_ECHO ignored
2026-10-09 18:40:45,455 RX_ECHO ignored
2026-10-09 18:40:45,455 RX_ECHO ignored
2026-10-09 18:40:45,455 RX_ECHO ignored
2026-10-09 18:40:45,455 RX_ECHO ignored
2026-10-09 18:40:45,455 RX_ECHO ignored
2026-10-09 18:40:45,455 RX_ECHO ignored
2026-10-09 18:40:45,455 RX_ECHO ignored
2026-10-09 18:40:45,455 RX_ECHO ignored
2026-10-09 18:40:45,455 RX_ECHO ignored
2026-10-09 18:40:45,455 RX_ECHO ignored
2026-10-09 18:40:45,455 RX_ECHO ignored
2026-10-09 18:40:45,456 RX_ECHO ignored
2026-10-09 18:40:45,456 RX_ECHO ignored
2026-10-09 18:40:45,456 RX_ECHO ignored
2026-10-09 18:40:45,456 RX_ECHO ignored
2026-10-09 18:40:45,456 RX_ECHO ignored
2026-10-09 18:40:45,456 RX_ECHO ignored
2026-10-09 18:40:45,456 RX_ECHO ignored
2026-10-09 18:40:45,456 RX_ECHO ignored
2026-10-09 18:40:45,456 RX_ECHO ignored
2026-10-09 18:40:45,456 RX_ECHO ignored
2026-10-09 18:40:45,456 RX_ECHO ignored
2026-10-09 18:40:45,456 RX_ECHO ignored
2026-10-09 18:40:45,456 RX_ECHO ignored
2026-10-09 18:40:45,456 RX_ECHO ignored
2026-10-09 18:40:45,457 RX_ECHO ignored
2026-10-09 18:40:45,457 RX_ECHO ignored
2026-10-09 18:40:45,457 RX_ECHO ignored
2026-10-09 18:40:45,457 RX_ECHO ignored
2026-10-09 18:40:45,457 RX_ECHO ignored
2026-10-09 18:40:45,457 RX_ECHO ignored
2026-10-09 18:40:45,457 RX_ECHO ignored
2026-10-09 18:40:45,457 RX_ECHO ignored
2026-10-09 18:40:45,457 RX_ECHO ignored
2026-10-09 18:40:45,457 RX_ECHO ignored
2026-10-09 18:40:45,457 RX_ECHO ignored
2026-10-09 18:40:45,457 RX_ECHO ignored
2026-10-09 18:40:45,457 RX_ECHO ignored
2026-10-09 18:40:45,458 RX_ECHO ignored
2026-10-09 18:40:45,458 RX_ECHO ignored
2026-10-09 18:40:45,458 RX_ECHO ignored
2026-10-09 18:40:45,458 RX_ECHO ignored
2026-10-09 18:40:45,458 RX_ECHO ignored
2026-10-09 18:40:45,458 RX_ECHO ignored
2026-10-09 18:40:45,458 RX_ECHO ignored
2026-10-09 18:40:45,458 RX_ECHO ignored
2026-10-09 18:40:45,458 RX_ECHO ignored
2026-10-09 18:40:45,458 RX_ECHO ignored
2026-10-09 18:40:45,458 RX_ECHO ignored
2026-10-09 18:40:45,458 RX_ECHO ignored
2026-10-09 18:40:45,459 RX_ECHO ignored
2026-10-09 18:40:45,459 RX_ECHO ignored
2026-10-09 18:40:45,459 RX_ECHO ignored
2026-10-09 18:40:45,459 RX_ECHO ignored
2026-10-09 18:40:45,459 RX_ECHO ignored
2026-10-09 18:40:45,459 RX_ECHO ignored
2026-10-09 18:40:45,459 RX_ECHO ignored
2026-10-09 18:40:45,459 RX_ECHO ignored
2026-10-09 18:40:45,459 RX_ECHO ignored
2026-10-09 18:40:45,459 RX_ECHO ignored
2026-10-09 18:40:45,459 RX_ECHO ignored
2026-10-09 18:40:45,459 RX_ECHO ignored
2026-10-09 18:40:45,459 RX_ECHO ignored
2026-10-09 18:40:45,460 RX_ECHO ignored
2026-10-09 18:40:45,460 RX_ECHO ignored
2026-10-09 18:40:45,460 RX_ECHO ignored
2026-10-09 18:40:45,460 RX_ECHO ignored
2026-10-09 18:40:45,460 RX_ECHO ignored
2026-10-09 18:40:45,460 RX_ECHO ignored
2026-10-09 18:40:45,460 RX_ECHO ignored
2026-10-09 18:40:45,460 RX_ECHO ignored
2026-10-09 18:40:45,460 RX_ECHO ignored
2026-10-09 18:40:45,460 RX_ECHO ignored
2026-10-09 18:40:45,460 RX_ECHO ignored
2026-10-09 18:40:45,460 RX_ECHO ignored
2026-10-09 18:40:45,460 RX_ECHO ignored
2026-10-09 18:40:45,461 RX_ECHO ignored
2026-10-09 18:40:45,461 RX_ECHO ignored
2026-10-09 18:40:45,461 RX_ECHO ignored
2026-10-09 18:40:45,461 RX_ECHO ignored
2026-10-09 18:40:45,461 RX_ECHO ignored
2026-10-09 18:40:45,461 RX_ECHO ignored
2026-10-09 18:40:45,461 RX_ECHO ignored
2026-10-09 18:40:45,461 RX_ECHO ignored
2026-10-09 18:40:45,461 RX_ECHO ignored
2026-10-09 18:40:45,461 RX_ECHO ignored
2026-10-09 18:40:45,461 RX_ECHO ignored
2026-10-09 18:40:45,461 RX_ECHO ignored
2026-10-09 18:40:45,461 RX_ECHO ignored
2026-10-09 18:40:45,461 RX_ECHO ignored
2026-10-09 18:40:45,461 RX_ECHO ignored
2026-10-09 18:40:45,461 RX_ECHO ignored
2026-10-09 18:40:45,461 RX_ECHO ignored
2026-10-09 18:40:45,461 RX_ECHO ignored
2026-10-09 18:40:45,461 RX_ECHO ignored
2026-10-09 18:40:45,461 RX_ECHO ignored
2026-10-09 18:40:45,461 RX_ECHO ignored
2026-10-09 18:40:45,462 RX_ECHO ignored
2026-10-09 18:40:45,462 RX_ECHO ignored
2026-10-09 18:40:45,462 RX_ECHO ignored
2026-10-09 18:40:45,462 RX_ECHO ignored
2026-10-09 18:40:45,462 RX_ECHO ignored
2026-10-09 18:40:45,462 RX_ECHO ignored
2026-10-09 18:40:45,462 RX_ECHO ignored
2026-10-09 18:40:45,462 RX_ECHO ignored
2026-10-09 18:40:45,462 RX_ECHO ignored
2026-10-09 18:40:45,462 RX_ECHO ignored
2026-10-09 18:40:45,462 RX_ECHO ignored
2026-10-09 18:40:45,462 RX_ECHO ignored
2026-10-09 18:40:45,462 RX_ECHO ignored
2026-10-09 18:40:45,462 RX_ECHO ignored
2026-10-09 18:40:45,462 RX_ECHO ignored
2026-10-09 18:40:45,462 RX_ECHO ignored
2026-10-09 18:40:45,462 RX_ECHO ignored
2026-10-09 18:40:45,463 RX_ECHO ignored
2026-10-09 18:40:45,463 RX_ECHO ignored
2026-10-09 18:40:45,463 RX_ECHO ignored
2026-10-09 18:40:45,463 RX_ECHO ignored
2026-10-09 18:40:45,463 RX_ECHO ignored
2026-10-09 18:40:45,463 RX_ECHO ignored
2026-10-09 18:40:45,463 RX_ECHO ignored
2026-10-09 18:40:45,463 RX_ECHO ignored
2026-10-09 18:40:45,463 RX_ECHO ignored
2026-10-09 18:40:45,463 RX_ECHO ignored
2026-10-09 18:40:45,463 RX_ECHO ignored
2026-10-09 18:40:45,463 RX_ECHO ignored
2026-10-09 18:40:45,463 RX_ECHO ignored
2026-10-09 18:40:45,464 RX_ECHO ignored
2026-10-09 18:40:45,464 RX_ECHO ignored
2026-10-09 18:40:45,464 RX_ECHO ignored
2026-10-09 18:40:45,464 RX_ECHO ignored
2026-10-09 18:40:45,464 RX_ECHO ignored
2026-10-09 18:40:45,464 RX_ECHO ignored
2026-10-09 18:40:45,464 RX_ECHO ignored
2026-10-09 18:40:45,464 RX_ECHO ignored
2026-10-09 18:40:45,464 RX_ECHO ignored
2026-10-09 18:40:45,464 RX_ECHO ignored
2026-10-09 18:40:45,464 RX_ECHO ignored
2026-10-09 18:40:45,464 RX_ECHO ignored
2026-10-09 18:40:45,464 RX_ECHO ignored
2026-10-09 18:40:45,465 RX_ECHO ignored
2026-10-09 18:40:45,465 RX_ECHO ignored
2026-10-09 18:40:45,465 RX_ECHO ignored
2026-10-09 18:40:45,465 RX_ECHO ignored
2026-10-09 18:40:45,465 RX_ECHO ignored
2026-10-09 18:40:45,465 RX_ECHO ignored
2026-10-09 18:40:45,465 RX_ECHO ignored
2026-10-09 18:40:45,465 RX_ECHO ignored
2026-10-09 18:40:45,465 RX_ECHO ignored
2026-10-09 18:40:45,465 RX_ECHO ignored
2026-10-09 18:40:45,465 RX_ECHO ignored
2026-10-09 18:40:45,465 RX_ECHO ignored
2026-10-09 18:40:45,465 RX_ECHO ignored
2026-10-09 18:40:45,466 RX_ECHO ignored
2026-10-09 18:40:45,466 RX_ECHO ignored
2026-10-09 18:40:45,466 RX_ECHO ignored
2026-10-09 18:40:45,466 RX_ECHO ignored
2026-10-09 18:40:45,466 RX_ECHO ignored
2026-10-09 18:40:45,466 RX_ECHO ignored
2026-10-09 18:40:45,466 RX_ECHO ignored
2026-10-09 18:40:45,466 RX_ECHO ignored
2026-10-09 18:40:45,466 RX_ECHO ignored
2026-10-09 18:40:45,466 RX_ECHO ignored
2026-10-09 18:40:45,466 RX_ECHO ignored
2026-10-09 18:40:45,466 RX_ECHO ignored
2026-10-09 18:40:45,466 RX_ECHO ignored
2026-10-09 18:40:45,467 RX_ECHO ignored
2026-10-09 18:40:45,467 RX_ECHO ignored
2026-10-09 18:40:45,467 RX_ECHO ignored
2026-10-09 18:40:45,467 RX_ECHO ignored
2026-10-09 18:40:45,467 RX_ECHO ignored
2026-10-09 18:40:45,467 RX_ECHO ignored
2026-10-09 18:40:45,467 RX_ECHO ignored
2026-10-09 18:40:45,467 RX_ECHO ignored
2026-10-09 18:40:45,467 RX_ECHO ignored
2026-10-09 18:40:45,467 RX_ECHO ignored
2026-10-09 18:40:45,467 RX_ECHO ignored
2026-10-09 18:40:45,467 RX_ECHO ignored
2026-10-09 18:40:45,468 RX_ECHO ignored
2026-10-09 18:40:45,468 RX_ECHO ignored
2026-10-09 18:40:45,468 RX_ECHO ignored
2026-10-09 18:40:45,468 RX_ECHO ignored
2026-10-09 18:40:45,468 RX_ECHO ignored
2026-10-09 18:40:45,468 RX_ECHO ignored
2026-10-09 18:40:45,468 RX_ECHO ignored
2026-10-09 18:40:45,468 RX_ECHO ignored
2026-10-09 18:40:45,468 RX_ECHO ignored
2026-10-09 18:40:45,468 RX_ECHO ignored
2026-10-09 18:40:45,468 RX_ECHO ignored
2026-10-09 18:40:45,468 RX_ECHO ignored
2026-10-09 18:40:45,468 RX_ECHO ignored
2026-10-09 18:40:45,469 RX_ECHO ignored
2026-10-09 18:40:45,469 RX_ECHO ignored
2026-10-09 18:40:45,469 RX_ECHO ignored
2026-10-09 18:40:45,469 RX_ECHO ignored
2026-10-09 18:40:45,469 RX_ECHO ignored
2026-10-09 18:40:45,469 RX_ECHO ignored
2026-10-09 18:40:45,469 RX_ECHO ignored
2026-10-09 18:40:45,469 RX_ECHO ignored
2026-10-09 18:40:45,469 RX_ECHO ignored
2026-10-09 18:40:45,469 RX_ECHO ignored
2026-10-09 18:40:45,469 RX_ECHO ignored
2026-10-09 18:40:45,469 RX_ECHO ignored
2026-10-09 18:40:45,469 RX_ECHO ignored
2026-10-09 18:40:45,470 RX_ECHO ignored
2026-10-09 18:40:45,470 RX_ECHO ignored
2026-10-09 18:40:45,470 RX_ECHO ignored
2026-10-09 18:40:45,470 RX_ECHO ignored
2026-10-09 18:40:45,470 RX_ECHO ignored
2026-10-09 18:40:45,470 RX_ECHO ignored
2026-10-09 18:40:45,470 RX_ECHO ignored
2026-10-09 18:40:45,470 RX_ECHO ignored
2026-10-09 18:40:45,470 RX_ECHO ignored
2026-10-09 18:40:45,470 RX_ECHO ignored
2026-10-09 18:40:45,470 RX_ECHO ignored
2026-10-09 18:40:45,470 RX_ECHO ignored
2026-10-09 18:40:45,470 RX_ECHO ignored
2026-10-09 18:40:45,471 RX_ECHO ignored
2026-10-09 18:40:45,471 RX_ECHO ignored
2026-10-09 18:40:45,471 RX_ECHO ignored
2026-10-09 18:40:45,471 RX_ECHO ignored
2026-10-09 18:40:45,471 RX_ECHO ignored
2026-10-09 18:40:45,471 RX_ECHO ignored
2026-10-09 18:40:45,471 RX_ECHO ignored
2026-10-09 18:40:45,471 RX_ECHO ignored
2026-10-09 18:40:45,471 RX_ECHO ignored
2026-10-09 18:40:45,471 RX_ECHO ignored
2026-10-09 18:40:45,471 RX_ECHO ignored
2026-10-09 18:40:45,471 RX_ECHO ignored
2026-10-09 18:40:45,471 RX_ECHO ignored
2026-10-09 18:40:45,471 RX_ECHO ignored
2026-10-09 18:40:45,471 RX_ECHO ignored
2026-10-09 18:40:45,471 RX_ECHO ignored
2026-10-09 18:40:45,471 RX_ECHO ignored
2026-10-09 18:40:45,471 RX_ECHO ignored
2026-10-09 18:40:45,472 RX_ECHO ignored
2026-10-09 18:40:45,472 RX_ECHO ignored
2026-10-09 18:40:45,472 RX_ECHO ignored
2026-10-09 18:40:45,472 RX_ECHO ignored
2026-10-09 18:40:45,472 RX_ECHO ignored
2026-10-09 18:40:45,472 RX_ECHO ignored
2026-10-09 18:40:45,472 RX_ECHO ignored
2026-10-09 18:40:45,472 RX_ECHO ignored
2026-10-09 18:40:45,472 RX_ECHO ignored
2026-10-09 18:40:45,472 RX_ECHO ignored
2026-10-09 18:40:45,472 RX_ECHO ignored
2026-10-09 18:40:45,472 RX_ECHO ignored
2026-10-09 18:40:45,472 RX_ECHO ignored
2026-10-09 18:40:45,472 RX_ECHO ignored
2026-10-09 18:40:45,472 RX_ECHO ignored
2026-10-09 18:40:45,472 RX_ECHO ignored
2026-10-09 18:40:45,472 RX_ECHO ignored
2026-10-09 18:40:45,472 RX_ECHO ignored
2026-10-09 18:40:45,472 RX_ECHO ignored
2026-10-09 18:40:45,472 RX_ECHO ignored
2026-10-09 18:40:45,473 RX_ECHO ignored
2026-10-09 18:40:45,473 RX_ECHO ignored
2026-10-09 18:40:45,473 RX_ECHO ignored
2026-10-09 18:40:45,473 RX_ECHO ignored
2026-10-09 18:40:45,473 RX_ECHO ignored
2026-10-09 18:40:45,473 RX_ECHO ignored
2026-10-09 18:40:45,473 RX_ECHO ignored
2026-10-09 18:40:45,473 RX_ECHO ignored
2026-10-09 18:40:45,473 RX_ECHO ignored
2026-10-09 18:40:45,473 RX_ECHO ignored
2026-10-09 18:40:45,473 RX_ECHO ignored
2026-10-09 18:40:45,473 RX_ECHO ignored
2026-10-09 18:40:45,473 RX_ECHO ignored
2026-10-09 18:40:45,474 RX_ECHO ignored
2026-10-09 18:40:45,474 RX_ECHO ignored
2026-10-09 18:40:45,474 RX_ECHO ignored
2026-10-09 18:40:45,474 RX_ECHO ignored
2026-10-09 18:40:45,474 RX_ECHO ignored
2026-10-09 18:40:45,474 RX_ECHO ignored
2026-10-09 18:40:45,474 RX_ECHO ignored
2026-10-09 18:40:45,474 RX_ECHO ignored
2026-10-09 18:40:45,474 RX_ECHO ignored
2026-10-09 18:40:45,474 RX_ECHO ignored
2026-10-09 18:40:45,474 RX_ECHO ignored
2026-10-09 18:40:45,474 RX_ECHO ignored
2026-10-09 18:40:45,474 RX_ECHO ignored
2026-10-09 18:40:45,475 RX_ECHO ignored
2026-10-09 18:40:45,475 RX_ECHO ignored
2026-10-09 18:40:45,475 RX_ECHO ignored
2026-10-09 18:40:45,475 RX_ECHO ignored
2026-10-09 18:40:45,475 RX_ECHO ignored
2026-10-09 18:40:45,475 RX_ECHO ignored
2026-10-09 18:40:45,475 RX_ECHO ignored
2026-10-09 18:40:45,475 RX_ECHO ignored
2026-10-09 18:40:45,475 RX_ECHO ignored
2026-10-09 18:40:45,475 RX_ECHO ignored
2026-10-09 18:40:45,475 RX_ECHO ignored
2026-10-09 18:40:45,475 RX_ECHO ignored
2026-10-09 18:40:45,475 RX_ECHO ignored
2026-10-09 18:40:45,475 RX_ECHO ignored
2026-10-09 18:40:45,476 RX_ECHO ignored
2026-10-09 18:40:45,476 RX_ECHO ignored
2026-10-09 18:40:45,476 RX_ECHO ignored
2026-10-09 18:40:45,476 RX_ECHO ignored
2026-10-09 18:40:45,476 RX_ECHO ignored
2026-10-09 18:40:45,476 RX_ECHO ignored
2026-10-09 18:40:45,476 RX_ECHO ignored
2026-10-09 18:40:45,476 RX_ECHO ignored
2026-10-09 18:40:45,476 RX_ECHO ignored
2026-10-09 18:40:45,476 RX_ECHO ignored
2026-10-09 18:40:45,476 RX_ECHO ignored
2026-10-09 18:40:45,476 RX_ECHO ignored
2026-10-09 18:40:45,476 RX_ECHO ignored
2026-10-09 18:40:45,477 RX_ECHO ignored
2026-10-09 18:40:45,477 RX_ECHO ignored
2026-10-09 18:40:45,477 RX_ECHO ignored
2026-10-09 18:40:45,477 RX_ECHO ignored
2026-10-09 18:40:45,477 RX_ECHO ignored
2026-10-09 18:40:45,477 RX_ECHO ignored
2026-10-09 18:40:45,477 RX_ECHO ignored
2026-10-09 18:40:45,477 RX_ECHO ignored
2026-10-09 18:40:45,477 RX_ECHO ignored
2026-10-09 18:40:45,477 RX_ECHO ignored
2026-10-09 18:40:45,477 RX_ECHO ignored
2026-10-09 18:40:45,477 RX_ECHO ignored
2026-10-09 18:40:45,477 RX_ECHO ignored
2026-10-09 18:40:45,477 RX_ECHO ignored
2026-10-09 18:40:45,477 RX_ECHO ignored
2026-10-09 18:40:45,477 RX_ECHO ignored
2026-10-09 18:40:45,477 RX_ECHO ignored
2026-10-09 18:40:45,477 RX_ECHO ignored
2026-10-09 18:40:45,477 RX_ECHO ignored
2026-10-09 18:40:45,477 RX_ECHO ignored
2026-10-09 18:40:45,478 RX_ECHO ignored
2026-10-09 18:40:45,478 RX_ECHO ignored
2026-10-09 18:40:45,478 RX_ECHO ignored
2026-10-09 18:40:45,478 RX_ECHO ignored
2026-10-09 18:40:45,478 RX_ECHO ignored
2026-10-09 18:40:45,478 RX_ECHO ignored
2026-10-09 18:40:45,478 RX_ECHO ignored
2026-10-09 18:40:45,478 RX_ECHO ignored
2026-10-09 18:40:45,478 RX_ECHO ignored
2026-10-09 18:40:45,478 RX_ECHO ignored
2026-10-09 18:40:45,478 RX_ECHO ignored
2026-10-09 18:40:45,478 RX_ECHO ignored
2026-10-09 18:40:45,478 RX_ECHO ignored
2026-10-09 18:40:45,479 RX_ECHO ignored
2026-10-09 18:40:45,479 RX_ECHO ignored
2026-10-09 18:40:45,479 RX_ECHO ignored
2026-10-09 18:40:45,479 RX_ECHO ignored
2026-10-09 18:40:45,479 RX_ECHO ignored
2026-10-09 18:40:45,479 RX_ECHO ignored
2026-10-09 18:40:45,479 RX_ECHO ignored
2026-10-09 18:40:45,479 RX_ECHO ignored
2026-10-09 18:40:45,479 RX_ECHO ignored
2026-10-09 18:40:45,479 RX_ECHO ignored
2026-10-09 18:40:45,479 RX_ECHO ignored
2026-10-09 18:40:45,479 RX_ECHO ignored
2026-10-09 18:40:45,479 RX_ECHO ignored
2026-10-09 18:40:45,479 RX_ECHO ignored
2026-10-09 18:40:45,479 RX_ECHO ignored
2026-10-09 18:40:45,479 RX_ECHO ignored
2026-10-09 18:40:45,479 RX_ECHO ignored
2026-10-09 18:40:45,480 RX_ECHO ignored
2026-10-09 18:40:45,480 RX_ECHO ignored
2026-10-09 18:40:45,480 RX_ECHO ignored
2026-10-09 18:40:45,480 RX_ECHO ignored
2026-10-09 18:40:45,480 RX_ECHO ignored
2026-10-09 18:40:45,480 RX_ECHO ignored
2026-10-09 18:40:45,480 RX_ECHO ignored
2026-10-09 18:40:45,480 RX_ECHO ignored
2026-10-09 18:40:45,480 RX_ECHO ignored
2026-10-09 18:40:45,480 RX_ECHO ignored
2026-10-09 18:40:45,480 RX_ECHO ignored
2026-10-09 18:40:45,480 RX_ECHO ignored
2026-10-09 18:40:45,481 RX_ECHO ignored
2026-10-09 18:40:45,481 RX_ECHO ignored
2026-10-09 18:40:45,481 RX_ECHO ignored
2026-10-09 18:40:45,481 RX_ECHO ignored
2026-10-09 18:40:45,481 RX_ECHO ignored
2026-10-09 18:40:45,481 RX_ECHO ignored
2026-10-09 18:40:45,481 RX_ECHO ignored
2026-10-09 18:40:45,481 RX_ECHO ignored
2026-10-09 18:40:45,481 RX_ECHO ignored
2026-10-09 18:40:45,481 RX_ECHO ignored
2026-10-09 18:40:45,481 RX_ECHO ignored
2026-10-09 18:40:45,481 RX_ECHO ignored
2026-10-09 18:40:45,481 RX_ECHO ignored
2026-10-09 18:40:45,482 RX_ECHO ignored
2026-10-09 18:40:45,482 RX_ECHO ignored
2026-10-09 18:40:45,482 RX_ECHO ignored
2026-10-09 18:40:45,482 RX_ECHO ignored
2026-10-09 18:40:45,482 RX_ECHO ignored
2026-10-09 18:40:45,482 RX_ECHO ignored
2026-10-09 18:40:45,482 RX_ECHO ignored
2026-10-09 18:40:45,482 RX_ECHO ignored
2026-10-09 18:40:45,482 RX_ECHO ignored
2026-10-09 18:40:45,482 RX_ECHO ignored
2026-10-09 18:40:45,482 RX_ECHO ignored
2026-10-09 18:40:45,482 RX_ECHO ignored
2026-10-09 18:40:45,482 RX_ECHO ignored
2026-10-09 18:40:45,483 RX_ECHO ignored
2026-10-09 18:40:45,483 RX_ECHO ignored
2026-10-09 18:40:45,483 RX_ECHO ignored
2026-10-09 18:40:45,483 RX_ECHO ignored
2026-10-09 18:40:45,483 RX_ECHO ignored
2026-10-09 18:40:45,483 RX_ECHO ignored
2026-10-09 18:40:45,483 RX_ECHO ignored
2026-10-09 18:40:45,483 RX_ECHO ignored
2026-10-09 18:40:45,483 RX_ECHO ignored
2026-10-09 18:40:45,483 RX_ECHO ignored
2026-10-09 18:40:45,483 RX_ECHO ignored
2026-10-09 18:40:45,483 RX_ECHO ignored
2026-10-09 18:40:45,483 RX_ECHO ignored
2026-10-09 18:40:45,484 RX_ECHO ignored
2026-10-09 18:40:45,484 RX_ECHO ignored
2026-10-09 18:40:45,484 RX_ECHO ignored
2026-10-09 18:40:45,484 RX_ECHO ignored
2026-10-09 18:40:45,484 RX_ECHO ignored
2026-10-09 18:40:45,484 RX_ECHO ignored
2026-10-09 18:40:45,484 RX_ECHO ignored
2026-10-09 18:40:45,484 RX_ECHO ignored
2026-10-09 18:40:45,484 RX_ECHO ignored
2026-10-09 18:40:45,484 RX_ECHO ignored
2026-10-09 18:40:45,484 RX_ECHO ignored
2026-10-09 18:40:45,484 RX_ECHO ignored
2026-10-09 18:40:45,484 RX_ECHO ignored
2026-10-09 18:40:45,485 RX_ECHO ignored
2026-10-09 18:40:45,485 RX_ECHO ignored
2026-10-09 18:40:45,485 RX_ECHO ignored
2026-10-09 18:40:45,485 RX_ECHO ignored
2026-10-09 18:40:45,485 RX_ECHO ignored
2026-10-09 18:40:45,485 RX_ECHO ignored
2026-10-09 18:40:45,485 RX_ECHO ignored
2026-10-09 18:40:45,485 RX_ECHO ignored
2026-10-09 18:40:45,485 RX_ECHO ignored
2026-10-09 18:40:45,485 RX_ECHO ignored
2026-10-09 18:40:45,485 RX_ECHO ignored
2026-10-09 18:40:45,485 RX_ECHO ignored
2026-10-09 18:40:45,486 RX_ECHO ignored
2026-10-09 18:40:45,486 RX_ECHO ignored
2026-10-09 18:40:45,486 RX_ECHO ignored
2026-10-09 18:40:45,486 RX_ECHO ignored
2026-10-09 18:40:45,486 RX_ECHO ignored
2026-10-09 18:40:45,486 RX_ECHO ignored
2026-10-09 18:40:45,486 RX_ECHO ignored
2026-10-09 18:40:45,486 RX_ECHO ignored
2026-10-09 18:40:45,486 RX_ECHO ignored
2026-10-09 18:40:45,486 RX_ECHO ignored
2026-10-09 18:40:45,486 RX_ECHO ignored
2026-10-09 18:40:45,486 RX_ECHO ignored
2026-10-09 18:40:45,486 RX_ECHO ignored
2026-10-09 18:40:45,487 RX_ECHO ignored
2026-10-09 18:40:45,487 RX_ECHO ignored
2026-10-09 18:40:45,487 RX_ECHO ignored
2026-10-09 18:40:45,487 RX_ECHO ignored
2026-10-09 18:40:45,487 RX_ECHO ignored
2026-10-09 18:40:45,487 RX_ECHO ignored
2026-10-09 18:40:45,487 RX_ECHO ignored
2026-10-09 18:40:45,487 RX_ECHO ignored
2026-10-09 18:40:45,487 RX_ECHO ignored
2026-10-09 18:40:45,487 RX_ECHO ignored
2026-10-09 18:40:45,487 RX_ECHO ignored
2026-10-09 18:40:45,487 RX_ECHO ignored
2026-10-09 18:40:45,487 RX_ECHO ignored
2026-10-09 18:40:45,487 RX_ECHO ignored
2026-10-09 18:40:45,487 RX_ECHO ignored
2026-10-09 18:40:45,488 RX_ECHO ignored
2026-10-09 18:40:45,488 RX_ECHO ignored
2026-10-09 18:40:45,488 RX_ECHO ignored
2026-10-09 18:40:45,488 RX_ECHO ignored
2026-10-09 18:40:45,488 RX_ECHO ignored
2026-10-09 18:40:45,488 RX_ECHO ignored
2026-10-09 18:40:45,488 RX_ECHO ignored
2026-10-09 18:40:45,488 RX_ECHO ignored
2026-10-09 18:40:45,488 RX_ECHO ignored
2026-10-09 18:40:45,488 RX_ECHO ignored
2026-10-09 18:40:45,488 RX_ECHO ignored
2026-10-09 18:40:45,488 RX_ECHO ignored
2026-10-09 18:40:45,488 RX_ECHO ignored
2026-10-09 18:40:45,488 RX_ECHO ignored
2026-10-09 18:40:45,488 RX_ECHO ignored
2026-10-09 18:40:45,488 RX_ECHO ignored
2026-10-09 18:40:45,488 RX_ECHO ignored
2026-10-09 18:40:45,488 RX_ECHO ignored
2026-10-09 18:40:45,488 RX_ECHO ignored
2026-10-09 18:40:45,488 RX_ECHO ignored
2026-10-09 18:40:45,488 RX_ECHO ignored
2026-10-09 18:40:45,489 RX_ECHO ignored
2026-10-09 18:40:45,489 RX_ECHO ignored
2026-10-09 18:40:45,489 RX_ECHO ignored
2026-10-09 18:40:45,489 RX_ECHO ignored
2026-10-09 18:40:45,489 RX_ECHO ignored
2026-10-09 18:40:45,489 RX_ECHO ignored
2026-10-09 18:40:45,489 RX_ECHO ignored
2026-10-09 18:40:45,489 RX_ECHO ignored
2026-10-09 18:40:45,489 RX_ECHO ignored
2026-10-09 18:40:45,489 RX_ECHO ignored
2026-10-09 18:40:45,489 RX_ECHO ignored
2026-10-09 18:40:45,489 RX_ECHO ignored
2026-10-09 18:40:45,489 RX_ECHO ignored
2026-10-09 18:40:45,489 RX_ECHO ignored
2026-10-09 18:40:45,489 RX_ECHO ignored
2026-10-09 18:40:45,490 RX_ECHO ignored
2026-10-09 18:40:45,490 RX_ECHO ignored
2026-10-09 18:40:45,490 RX_ECHO ignored
2026-10-09 18:40:45,490 RX_ECHO ignored
2026-10-09 18:40:45,490 RX_ECHO ignored
2026-10-09 18:40:45,490 RX_ECHO ignored
2026-10-09 18:40:45,490 RX_ECHO ignored
2026-10-09 18:40:45,490 RX_ECHO ignored
2026-10-09 18:40:45,490 RX_ECHO ignored
2026-10-09 18:40:45,490 RX_ECHO ignored
2026-10-09 18:40:45,490 RX_ECHO ignored
2026-10-09 18:40:45,490 RX_ECHO ignored
2026-10-09 18:40:45,490 RX_ECHO ignored
2026-10-09 18:40:45,491 RX_ECHO ignored
2026-10-09 18:40:45,491 RX_ECHO ignored
2026-10-09 18:40:45,491 RX_ECHO ignored
2026-10-09 18:40:45,491 RX_ECHO ignored
2026-10-09 18:40:45,491 RX_ECHO ignored
2026-10-09 18:40:45,491 RX_ECHO ignored
2026-10-09 18:40:45,491 RX_ECHO ignored
2026-10-09 18:40:45,491 RX_ECHO ignored
2026-10-09 18:40:45,491 RX_ECHO ignored
2026-10-09 18:40:45,491 RX_ECHO ignored
2026-10-09 18:40:45,491 RX_ECHO ignored
2026-10-09 18:40:45,491 RX_ECHO ignored
2026-10-09 18:40:45,491 RX_ECHO ignored
2026-10-09 18:40:45,492 RX_ECHO ignored
2026-10-09 18:40:45,492 RX_ECHO ignored
2026-10-09 18:40:45,492 RX_ECHO ignored
2026-10-09 18:40:45,492 RX_ECHO ignored
2026-10-09 18:40:45,492 RX_ECHO ignored
2026-10-09 18:40:45,492 RX_ECHO ignored
2026-10-09 18:40:45,492 RX_ECHO ignored
2026-10-09 18:40:45,492 RX_ECHO ignored
2026-10-09 18:40:45,492 RX_ECHO ignored
2026-10-09 18:40:45,492 RX_ECHO ignored
2026-10-09 18:40:45,492 RX_ECHO ignored
2026-10-09 18:40:45,492 RX_ECHO ignored
2026-10-09 18:40:45,492 RX_ECHO ignored
2026-10-09 18:40:45,493 RX_ECHO ignored
2026-10-09 18:40:45,493 RX_ECHO ignored
2026-10-09 18:40:45,493 RX_ECHO ignored
2026-10-09 18:40:45,493 RX_ECHO ignored
2026-10-09 18:40:45,493 RX_ECHO ignored
2026-10-09 18:40:45,493 RX_ECHO ignored
2026-10-09 18:40:45,493 RX_ECHO ignored
2026-10-09 18:40:45,493 RX_ECHO ignored
2026-10-09 18:40:45,493 RX_ECHO ignored
2026-10-09 18:40:45,493 RX_ECHO ignored
2026-10-09 18:40:45,493 RX_ECHO ignored
2026-10-09 18:40:45,493 RX_ECHO ignored
2026-10-09 18:40:45,493 RX_ECHO ignored
2026-10-09 18:40:45,494 RX_ECHO ignored
2026-10-09 18:40:45,494 RX_ECHO ignored
2026-10-09 18:40:45,494 RX_ECHO ignored
2026-10-09 18:40:45,494 RX_ECHO ignored
2026-10-09 18:40:45,494 RX_ECHO ignored
2026-10-09 18:40:45,494 RX_ECHO ignored
2026-10-09 18:40:45,494 RX_ECHO ignored
2026-10-09 18:40:45,494 RX_ECHO ignored
2026-10-09 18:40:45,494 RX_ECHO ignored
2026-10-09 18:40:45,494 RX_ECHO ignored
2026-10-09 18:40:45,494 RX_ECHO ignored
2026-10-09 18:40:45,494 RX_ECHO ignored
2026-10-09 18:40:45,495 RX_ECHO ignored
2026-10-09 18:40:45,495 RX_ECHO ignored
2026-10-09 18:40:45,495 RX_ECHO ignored
2026-10-09 18:40:45,495 RX_ECHO ignored
2026-10-09 18:40:45,495 RX_ECHO ignored
2026-10-09 18:40:45,495 RX_ECHO ignored
2026-10-09 18:40:45,495 RX_ECHO ignored
2026-10-09 18:40:45,495 RX_ECHO ignored
2026-10-09 18:40:45,495 RX_ECHO ignored
2026-10-09 18:40:45,495 RX_ECHO ignored
2026-10-09 18:40:45,495 RX_ECHO ignored
2026-10-09 18:40:45,495 RX_ECHO ignored
2026-10-09 18:40:45,495 RX_ECHO ignored
2026-10-09 18:40:45,496 RX_ECHO ignored
2026-10-09 18:40:45,496 RX_ECHO ignored
2026-10-09 18:40:45,496 RX_ECHO ignored
2026-10-09 18:40:45,496 RX_ECHO ignored
2026-10-09 18:40:45,496 RX_ECHO ignored
2026-10-09 18:40:45,496 RX_ECHO ignored
2026-10-09 18:40:45,496 RX_ECHO ignored
2026-10-09 18:40:45,496 RX_ECHO ignored
2026-10-09 18:40:45,496 RX_ECHO ignored
2026-10-09 18:40:45,496 RX_ECHO ignored
2026-10-09 18:40:45,496 RX_ECHO ignored
2026-10-09 18:40:45,496 RX_ECHO ignored
2026-10-09 18:40:45,496 RX_ECHO ignored
2026-10-09 18:40:45,497 RX_ECHO ignored
2026-10-09 18:40:45,497 RX_ECHO ignored
2026-10-09 18:40:45,497 RX_ECHO ignored
2026-10-09 18:40:45,497 RX_ECHO ignored
2026-10-09 18:40:45,497 RX_ECHO ignored
2026-10-09 18:40:45,497 RX_ECHO ignored
2026-10-09 18:40:45,497 RX_ECHO ignored
2026-10-09 18:40:45,497 RX_ECHO ignored
2026-10-09 18:40:45,497 RX_ECHO ignored
2026-10-09 18:40:45,497 RX_ECHO ignored
2026-10-09 18:40:45,497 RX_ECHO ignored
2026-10-09 18:40:45,497 RX_ECHO ignored
2026-10-09 18:40:45,497 RX_ECHO ignored
2026-10-09 18:40:45,498 RX_ECHO ignored
2026-10-09 18:40:45,498 RX_ECHO ignored
2026-10-09 18:40:45,498 RX_ECHO ignored
2026-10-09 18:40:45,498 RX_ECHO ignored
2026-10-09 18:40:45,498 RX_ECHO ignored
2026-10-09 18:40:45,498 RX_ECHO ignored
2026-10-09 18:40:45,498 RX_ECHO ignored
2026-10-09 18:40:45,498 RX_ECHO ignored
2026-10-09 18:40:45,498 RX_ECHO ignored
2026-10-09 18:40:45,498 RX_ECHO ignored
2026-10-09 18:40:45,498 RX_ECHO ignored
2026-10-09 18:40:45,498 RX_ECHO ignored
2026-10-09 18:40:45,498 RX_ECHO ignored
2026-10-09 18:40:45,499 RX_ECHO ignored
2026-10-09 18:40:45,499 RX_ECHO ignored
2026-10-09 18:40:45,499 RX_ECHO ignored
2026-10-09 18:40:45,499 RX_ECHO ignored
2026-10-09 18:40:45,499 RX_ECHO ignored
2026-10-09 18:40:45,499 RX_ECHO ignored
2026-10-09 18:40:45,499 RX_ECHO ignored
2026-10-09 18:40:45,499 RX_ECHO ignored
2026-10-09 18:40:45,499 RX_ECHO ignored
2026-10-09 18:40:45,499 RX_ECHO ignored
2026-10-09 18:40:45,499 RX_ECHO ignored
2026-10-09 18:40:45,499 RX_ECHO ignored
2026-10-09 18:40:45,500 RX_ECHO ignored
2026-10-09 18:40:45,500 RX_ECHO ignored
2026-10-09 18:40:45,500 RX_ECHO ignored
2026-10-09 18:40:45,500 RX_ECHO ignored
2026-10-09 18:40:45,500 RX_ECHO ignored
2026-10-09 18:40:45,500 RX_ECHO ignored
2026-10-09 18:40:45,500 RX_ECHO ignored
2026-10-09 18:40:45,500 RX_ECHO ignored
2026-10-09 18:40:45,500 RX_ECHO ignored
2026-10-09 18:40:45,500 RX_ECHO ignored
2026-10-09 18:40:45,500 RX_ECHO ignored
2026-10-09 18:40:45,500 RX_ECHO ignored
2026-10-09 18:40:45,500 RX_ECHO ignored
2026-10-09 18:40:45,500 RX_ECHO ignored
2026-10-09 18:40:45,501 RX_ECHO ignored
2026-10-09 18:40:45,501 RX_ECHO ignored
2026-10-09 18:40:45,501 RX_ECHO ignored
2026-10-09 18:40:45,501 RX_ECHO ignored
2026-10-09 18:40:45,501 RX_ECHO ignored
2026-10-09 18:40:45,501 RX_ECHO ignored
2026-10-09 18:40:45,501 RX_ECHO ignored
2026-10-09 18:40:45,501 RX_ECHO ignored
2026-10-09 18:40:45,501 RX_ECHO ignored
2026-10-09 18:40:45,501 RX_ECHO ignored
2026-10-09 18:40:45,501 RX_ECHO ignored
2026-10-09 18:40:45,501 RX_ECHO ignored
2026-10-09 18:40:45,501 RX_ECHO ignored
2026-10-09 18:40:45,501 RX_ECHO ignored
2026-10-09 18:40:45,501 RX_ECHO ignored
2026-10-09 18:40:45,501 RX_ECHO ignored
2026-10-09 18:40:45,501 RX_ECHO ignored
2026-10-09 18:40:45,501 RX_ECHO ignored
2026-10-09 18:40:45,501 RX_ECHO ignored
2026-10-09 18:40:45,502 RX_ECHO ignored
2026-10-09 18:40:45,502 RX_ECHO ignored
2026-10-09 18:40:45,502 RX_ECHO ignored
2026-10-09 18:40:45,502 RX_ECHO ignored
2026-10-09 18:40:45,502 RX_ECHO ignored
2026-10-09 18:40:45,502 RX_ECHO ignored
2026-10-09 18:40:45,502 RX_ECHO ignored
2026-10-09 18:40:45,502 RX_ECHO ignored
2026-10-09 18:40:45,502 RX_ECHO ignored
2026-10-09 18:40:45,502 RX_ECHO ignored
2026-10-09 18:40:45,502 RX_ECHO ignored
2026-10-09 18:40:45,502 RX_ECHO ignored
2026-10-09 18:40:45,502 RX_ECHO ignored
2026-10-09 18:40:45,502 RX_ECHO ignored
2026-10-09 18:40:45,502 RX_ECHO ignored
2026-10-09 18:40:45,502 RX_ECHO ignored
2026-10-09 18:40:45,503 RX_ECHO ignored
2026-10-09 18:40:45,503 RX_ECHO ignored
2026-10-09 18:40:45,503 RX_ECHO ignored
2026-10-09 18:40:45,503 RX_ECHO ignored
2026-10-09 18:40:45,503 RX_ECHO ignored
2026-10-09 18:40:45,503 RX_ECHO ignored
2026-10-09 18:40:45,504 RX_ECHO ignored
2026-10-09 18:40:45,504 RX_ECHO ignored
2026-10-09 18:40:45,504 RX_ECHO ignored
2026-10-09 18:40:45,504 RX_ECHO ignored
2026-10-09 18:40:45,504 RX_ECHO ignored
2026-10-09 18:40:45,504 RX_ECHO ignored
2026-10-09 18:40:45,504 RX_ECHO ignored
2026-10-09 18:40:45,504 RX_ECHO ignored
2026-10-09 18:40:45,504 RX_ECHO ignored
2026-10-09 18:40:45,504 RX_ECHO ignored
2026-10-09 18:40:45,504 RX_ECHO ignored
2026-10-09 18:40:45,504 RX_ECHO ignored
2026-10-09 18:40:45,504 RX_ECHO ignored
2026-10-09 18:40:45,504 RX_ECHO ignored
2026-10-09 18:40:45,504 RX_ECHO ignored
2026-10-09 18:40:45,504 RX_ECHO ignored
2026-10-09 18:40:45,504 RX_ECHO ignored
2026-10-09 18:40:45,504 RX_ECHO ignored
2026-10-09 18:40:45,504 RX_ECHO ignored
2026-10-09 18:40:45,504 RX_ECHO ignored
2026-10-09 18:40:45,504 RX_ECHO ignored
2026-10-09 18:40:45,504 RX_ECHO ignored
2026-10-09 18:40:45,505 RX_ECHO ignored
2026-10-09 18:40:45,505 RX_ECHO ignored
2026-10-09 18:40:45,505 RX_ECHO ignored
2026-10-09 18:40:45,505 RX_ECHO ignored
2026-10-09 18:40:45,505 RX_ECHO ignored
2026-10-09 18:40:45,505 RX_ECHO ignored
2026-10-09 18:40:45,505 RX_ECHO ignored
2026-10-09 18:40:45,505 RX_ECHO ignored
2026-10-09 18:40:45,505 RX_ECHO ignored
2026-10-09 18:40:45,505 RX_ECHO ignored
2026-10-09 18:40:45,505 RX_ECHO ignored
2026-10-09 18:40:45,505 RX_ECHO ignored
2026-10-09 18:40:45,505 RX_ECHO ignored
2026-10-09 18:40:45,506 RX_ECHO ignored
2026-10-09 18:40:45,506 RX_ECHO ignored
2026-10-09 18:40:45,506 RX_ECHO ignored
2026-10-09 18:40:45,506 RX_ECHO ignored
2026-10-09 18:40:45,506 RX_ECHO ignored
2026-10-09 18:40:45,506 RX_ECHO ignored
2026-10-09 18:40:45,506 RX_ECHO ignored
2026-10-09 18:40:45,506 RX_ECHO ignored
2026-10-09 18:40:45,506 RX_ECHO ignored
2026-10-09 18:40:45,506 RX_ECHO ignored
2026-10-09 18:40:45,506 RX_ECHO ignored
2026-10-09 18:40:45,506 RX_ECHO ignored
2026-10-09 18:40:45,506 RX_ECHO ignored
2026-10-09 18:40:45,507 RX_ECHO ignored
2026-10-09 18:40:45,507 RX_ECHO ignored
2026-10-09 18:40:45,507 RX_ECHO ignored
2026-10-09 18:40:45,507 RX_ECHO ignored
2026-10-09 18:40:45,507 RX_ECHO ignored
2026-10-09 18:40:45,507 RX_ECHO ignored
2026-10-09 18:40:45,507 RX_ECHO ignored
2026-10-09 18:40:45,507 RX_ECHO ignored
2026-10-09 18:40:45,507 RX_ECHO ignored
2026-10-09 18:40:45,507 RX_ECHO ignored
2026-10-09 18:40:45,507 RX_ECHO ignored
2026-10-09 18:40:45,507 RX_ECHO ignored
2026-10-09 18:40:45,507 RX_ECHO ignored
2026-10-09 18:40:45,508 RX_ECHO ignored
2026-10-09 18:40:45,508 RX_ECHO ignored
2026-10-09 18:40:45,508 RX_ECHO ignored
2026-10-09 18:40:45,508 RX_ECHO ignored
2026-10-09 18:40:45,508 RX_ECHO ignored
2026-10-09 18:40:45,508 RX_ECHO ignored
2026-10-09 18:40:45,508 RX_ECHO ignored
2026-10-09 18:40:45,508 RX_ECHO ignored
2026-10-09 18:40:45,508 RX_ECHO ignored
2026-10-09 18:40:45,508 RX_ECHO ignored
2026-10-09 18:40:45,508 RX_ECHO ignored
2026-10-09 18:40:45,508 RX_ECHO ignored
2026-10-09 18:40:45,508 RX_ECHO ignored
2026-10-09 18:40:45,508 RX_ECHO ignored
2026-10-09 18:40:45,508 RX_ECHO ignored
2026-10-09 18:40:45,508 RX_ECHO ignored
2026-10-09 18:40:45,508 RX_ECHO ignored
2026-10-09 18:40:45,508 RX_ECHO ignored
2026-10-09 18:40:45,509 RX_ECHO ignored
2026-10-09 18:40:45,509 RX_ECHO ignored
2026-10-09 18:40:45,509 RX_ECHO ignored
2026-10-09 18:40:45,509 RX_ECHO ignored
2026-10-09 18:40:45,509 RX_ECHO ignored
2026-10-09 18:40:45,509 RX_ECHO ignored
2026-10-09 18:40:45,509 RX_ECHO ignored
2026-10-09 18:40:45,509 RX_ECHO ignored
2026-10-09 18:40:45,509 RX_ECHO ignored
2026-10-09 18:40:45,509 RX_ECHO ignored
2026-10-09 18:40:45,509 RX_ECHO ignored
2026-10-09 18:40:45,509 RX_ECHO ignored
2026-10-09 18:40:45,509 RX_ECHO ignored
2026-10-09 18:40:45,509 RX_ECHO ignored
2026-10-09 18:40:45,509 RX_ECHO ignored
2026-10-09 18:40:45,510 RX_ECHO ignored
2026-10-09 18:40:45,510 RX_ECHO ignored
2026-10-09 18:40:45,510 RX_ECHO ignored
2026-10-09 18:40:45,510 RX_ECHO ignored
2026-10-09 18:40:45,510 RX_ECHO ignored
2026-10-09 18:40:45,510 RX_ECHO ignored
2026-10-09 18:40:45,510 RX_ECHO ignored
2026-10-09 18:40:45,510 RX_ECHO ignored
2026-10-09 18:40:45,510 RX_ECHO ignored
2026-10-09 18:40:45,510 RX_ECHO ignored
2026-10-09 18:40:45,510 RX_ECHO ignored
2026-10-09 18:40:45,510 RX_ECHO ignored
2026-10-09 18:40:45,510 RX_ECHO ignored
2026-10-09 18:40:45,510 RX_ECHO ignored
2026-10-09 18:40:45,510 RX_ECHO ignored
2026-10-09 18:40:45,510 RX_ECHO ignored
2026-10-09 18:40:45,510 RX_ECHO ignored
2026-10-09 18:40:45,510 RX_ECHO ignored
2026-10-09 18:40:45,511 RX_ECHO ignored
2026-10-09 18:40:45,511 RX_ECHO ignored
2026-10-09 18:40:45,511 RX_ECHO ignored
2026-10-09 18:40:45,511 RX_ECHO ignored
2026-10-09 18:40:45,511 RX_ECHO ignored
2026-10-09 18:40:45,511 RX_ECHO ignored
2026-10-09 18:40:45,511 RX_ECHO ignored
2026-10-09 18:40:45,511 RX_ECHO ignored
2026-10-09 18:40:45,511 RX_ECHO ignored
2026-10-09 18:40:45,511 RX_ECHO ignored
2026-10-09 18:40:45,511 RX_ECHO ignored
2026-10-09 18:40:45,511 RX_ECHO ignored
2026-10-09 18:40:45,511 RX_ECHO ignored
2026-10-09 18:40:45,512 RX_ECHO ignored
2026-10-09 18:40:45,512 RX_ECHO ignored
2026-10-09 18:40:45,512 RX_ECHO ignored
2026-10-09 18:40:45,512 RX_ECHO ignored
2026-10-09 18:40:45,512 RX_ECHO ignored
2026-10-09 18:40:45,512 RX_ECHO ignored
2026-10-09 18:40:45,512 RX_ECHO ignored
2026-10-09 18:40:45,512 RX_ECHO ignored
2026-10-09 18:40:45,512 RX_ECHO ignored
2026-10-09 18:40:45,512 RX_ECHO ignored
2026-10-09 18:40:45,512 RX_ECHO ignored
2026-10-09 18:40:45,512 RX_ECHO ignored
2026-10-09 18:40:45,513 RX_ECHO ignored
2026-10-09 18:40:45,513 RX_ECHO ignored
2026-10-09 18:40:45,513 RX_ECHO ignored
2026-10-09 18:40:45,513 RX_ECHO ignored
2026-10-09 18:40:45,513 RX_ECHO ignored
2026-10-09 18:40:45,513 RX_ECHO ignored
2026-10-09 18:40:45,513 RX_ECHO ignored
2026-10-09 18:40:45,513 RX_ECHO ignored
2026-10-09 18:40:45,513 RX_ECHO ignored
2026-10-09 18:40:45,513 RX_ECHO ignored
2026-10-09 18:40:45,513 RX_ECHO ignored
2026-10-09 18:40:45,513 RX_ECHO ignored
2026-10-09 18:40:45,513 RX_ECHO ignored
2026-10-09 18:40:45,514 RX_ECHO ignored
2026-10-09 18:40:45,514 RX_ECHO ignored
2026-10-09 18:40:45,514 RX_ECHO ignored
2026-10-09 18:40:45,514 RX_ECHO ignored
2026-10-09 18:40:45,514 RX_ECHO ignored
2026-10-09 18:40:45,514 RX_ECHO ignored
2026-10-09 18:40:45,514 RX_ECHO ignored
2026-10-09 18:40:45,514 RX_ECHO ignored
2026-10-09 18:40:45,514 RX_ECHO ignored
2026-10-09 18:40:45,514 RX_ECHO ignored
2026-10-09 18:40:45,514 RX_ECHO ignored
2026-10-09 18:40:45,514 RX_ECHO ignored
2026-10-09 18:40:45,514 RX_ECHO ignored
2026-10-09 18:40:45,515 RX_ECHO ignored
2026-10-09 18:40:45,515 RX_ECHO ignored
2026-10-09 18:40:45,515 RX_ECHO ignored
2026-10-09 18:40:45,515 RX_ECHO ignored
2026-10-09 18:40:45,515 RX_ECHO ignored
2026-10-09 18:40:45,515 RX_ECHO ignored
2026-10-09 18:40:45,515 RX_ECHO ignored
2026-10-09 18:40:45,515 RX_ECHO ignored
2026-10-09 18:40:45,515 RX_ECHO ignored
2026-10-09 18:40:45,515 RX_ECHO ignored
2026-10-09 18:40:45,515 RX_ECHO ignored
2026-10-09 18:40:45,515 RX_ECHO ignored
2026-10-09 18:40:45,515 RX_ECHO ignored
2026-10-09 18:40:45,516 RX_ECHO ignored
2026-10-09 18:40:45,516 RX_ECHO ignored
2026-10-09 18:40:45,516 RX_ECHO ignored
2026-10-09 18:40:45,516 RX_ECHO ignored
2026-10-09 18:40:45,516 RX_ECHO ignored
2026-10-09 18:40:45,516 RX_ECHO ignored
2026-10-09 18:40:45,516 RX_ECHO ignored
2026-10-09 18:40:45,516 RX_ECHO ignored
2026-10-09 18:40:45,516 RX_ECHO ignored
2026-10-09 18:40:45,516 RX_ECHO ignored
2026-10-09 18:40:45,516 RX_ECHO ignored
2026-10-09 18:40:45,516 RX_ECHO ignored
2026-10-09 18:40:45,516 RX_ECHO ignored
2026-10-09 18:40:45,517 RX_ECHO ignored
2026-10-09 18:40:45,517 RX_ECHO ignored
2026-10-09 18:40:45,517 RX_ECHO ignored
2026-10-09 18:40:45,517 RX_ECHO ignored
2026-10-09 18:40:45,517 RX_ECHO ignored
2026-10-09 18:40:45,517 RX_ECHO ignored
2026-10-09 18:40:45,517 RX_ECHO ignored
2026-10-09 18:40:45,517 RX_ECHO ignored
2026-10-09 18:40:45,517 RX_ECHO ignored
2026-10-09 18:40:45,517 RX_ECHO ignored
2026-10-09 18:40:45,517 RX_ECHO ignored
2026-10-09 18:40:45,517 RX_ECHO ignored
2026-10-09 18:40:45,518 RX_ECHO ignored
2026-10-09 18:40:45,518 RX_ECHO ignored
2026-10-09 18:40:45,518 RX_ECHO ignored
2026-10-09 18:40:45,518 RX_ECHO ignored
2026-10-09 18:40:45,518 RX_ECHO ignored
2026-10-09 18:40:45,518 RX_ECHO ignored
2026-10-09 18:40:45,518 RX_ECHO ignored
2026-10-09 18:40:45,518 RX_ECHO ignored
2026-10-09 18:40:45,518 RX_ECHO ignored
2026-10-09 18:40:45,518 RX_ECHO ignored
2026-10-09 18:40:45,518 RX_ECHO ignored
2026-10-09 18:40:45,518 RX_ECHO ignored
2026-10-09 18:40:45,518 RX_ECHO ignored
2026-10-09 18:40:45,519 RX_ECHO ignored
2026-10-09 18:40:45,519 RX_ECHO ignored
2026-10-09 18:40:45,519 RX_ECHO ignored
2026-10-09 18:40:45,519 RX_ECHO ignored
2026-10-09 18:40:45,519 RX_ECHO ignored
2026-10-09 18:40:45,519 RX_ECHO ignored
2026-10-09 18:40:45,519 RX_ECHO ignored
2026-10-09 18:40:45,519 RX_ECHO ignored
2026-10-09 18:40:45,519 RX_ECHO ignored
2026-10-09 18:40:45,519 RX_ECHO ignored
2026-10-09 18:40:45,519 RX_ECHO ignored
2026-10-09 18:40:45,519 RX_ECHO ignored
2026-10-09 18:40:45,519 RX_ECHO ignored
2026-10-09 18:40:45,520 RX_ECHO ignored
2026-10-09 18:40:45,520 RX_ECHO ignored
2026-10-09 18:40:45,520 RX_ECHO ignored
2026-10-09 18:40:45,520 RX_ECHO ignored
2026-10-09 18:40:45,520 RX_ECHO ignored
2026-10-09 18:40:45,520 RX_ECHO ignored
2026-10-09 18:40:45,520 RX_ECHO ignored
2026-10-09 18:40:45,520 RX_ECHO ignored
2026-10-09 18:40:45,520 RX_ECHO ignored
2026-10-09 18:40:45,520 RX_ECHO ignored
2026-10-09 18:40:45,520 RX_ECHO ignored
2026-10-09 18:40:45,520 RX_ECHO ignored
2026-10-09 18:40:45,520 RX_ECHO ignored
2026-10-09 18:40:45,520 RX_ECHO ignored
2026-10-09 18:40:45,520 RX_ECHO ignored
2026-10-09 18:40:45,520 RX_ECHO ignored
2026-10-09 18:40:45,520 RX_ECHO ignored
2026-10-09 18:40:45,520 RX_ECHO ignored
2026-10-09 18:40:45,520 RX_ECHO ignored
2026-10-09 18:40:45,521 RX_ECHO ignored
2026-10-09 18:40:45,521 RX_ECHO ignored
2026-10-09 18:40:45,521 RX_ECHO ignored
2026-10-09 18:40:45,521 RX_ECHO ignored
2026-10-09 18:40:45,521 RX_ECHO ignored
2026-10-09 18:40:45,521 RX_ECHO ignored
2026-10-09 18:40:45,521 RX_ECHO ignored
2026-10-09 18:40:45,521 RX_ECHO ignored
2026-10-09 18:40:45,521 RX_ECHO ignored
2026-10-09 18:40:45,521 RX_ECHO ignored
2026-10-09 18:40:45,521 RX_ECHO ignored
2026-10-09 18:40:45,521 RX_ECHO ignored
2026-10-09 18:40:45,521 RX_ECHO ignored
2026-10-09 18:40:45,521 RX_ECHO ignored
2026-10-09 18:40:45,521 RX_ECHO ignored
2026-10-09 18:40:45,521 RX_ECHO ignored
2026-10-09 18:40:45,521 RX_ECHO ignored
2026-10-09 18:40:45,521 RX_ECHO ignored
2026-10-09 18:40:45,521 RX_ECHO ignored
2026-10-09 18:40:45,522 RX_ECHO ignored
2026-10-09 18:40:45,522 RX_ECHO ignored
2026-10-09 18:40:45,522 RX_ECHO ignored
2026-10-09 18:40:45,522 RX_ECHO ignored
2026-10-09 18:40:45,522 RX_ECHO ignored
2026-10-09 18:40:45,522 RX_ECHO ignored
2026-10-09 18:40:45,522 RX_ECHO ignored
2026-10-09 18:40:45,522 RX_ECHO ignored
2026-10-09 18:40:45,522 RX_ECHO ignored
2026-10-09 18:40:45,522 RX_ECHO ignored
2026-10-09 18:40:45,522 RX_ECHO ignored
2026-10-09 18:40:45,522 RX_ECHO ignored
2026-10-09 18:40:45,522 RX_ECHO ignored
2026-10-09 18:40:45,523 RX_ECHO ignored
2026-10-09 18:40:45,523 RX_ECHO ignored
2026-10-09 18:40:45,523 RX_ECHO ignored
2026-10-09 18:40:45,523 RX_ECHO ignored
2026-10-09 18:40:45,523 RX_ECHO ignored
2026-10-09 18:40:45,523 RX_ECHO ignored
2026-10-09 18:40:45,523 RX_ECHO ignored
2026-10-09 18:40:45,523 RX_ECHO ignored
2026-10-09 18:40:45,523 RX_ECHO ignored
2026-10-09 18:40:45,523 RX_ECHO ignored
2026-10-09 18:40:45,523 RX_ECHO ignored
2026-10-09 18:40:45,523 RX_ECHO ignored
2026-10-09 18:40:45,523 RX_ECHO ignored
2026-10-09 18:40:45,524 RX_ECHO ignored
2026-10-09 18:40:45,524 RX_ECHO ignored
2026-10-09 18:40:45,524 RX_ECHO ignored
2026-10-09 18:40:45,524 RX_ECHO ignored
2026-10-09 18:40:45,524 RX_ECHO ignored
2026-10-09 18:40:45,524 RX_ECHO ignored
2026-10-09 18:40:45,524 RX_ECHO ignored
2026-10-09 18:40:45,524 RX_ECHO ignored
2026-10-09 18:40:45,524 RX_ECHO ignored
2026-10-09 18:40:45,524 RX_ECHO ignored
2026-10-09 18:40:45,524 RX_ECHO ignored
2026-10-09 18:40:45,524 RX_ECHO ignored
2026-10-09 18:40:45,524 RX_ECHO ignored
2026-10-09 18:40:45,525 RX_ECHO ignored
2026-10-09 18:40:45,525 RX_ECHO ignored
2026-10-09 18:40:45,525 RX_ECHO ignored
2026-10-09 18:40:45,525 RX_ECHO ignored
2026-10-09 18:40:45,525 RX_ECHO ignored
2026-10-09 18:40:45,525 RX_ECHO ignored
2026-10-09 18:40:45,525 RX_ECHO ignored
2026-10-09 18:40:45,525 RX_ECHO ignored
2026-10-09 18:40:45,525 RX_ECHO ignored
2026-10-09 18:40:45,525 RX_ECHO ignored
2026-10-09 18:40:45,525 RX_ECHO ignored
2026-10-09 18:40:45,525 RX_ECHO ignored
2026-10-09 18:40:45,525 RX_ECHO ignored
2026-10-09 18:40:45,526 RX_ECHO ignored
2026-10-09 18:40:45,526 RX_ECHO ignored
2026-10-09 18:40:45,526 RX_ECHO ignored
2026-10-09 18:40:45,526 RX_ECHO ignored
2026-10-09 18:40:45,526 RX_ECHO ignored
2026-10-09 18:40:45,526 RX_ECHO ignored
2026-10-09 18:40:45,526 RX_ECHO ignored
2026-10-09 18:40:45,526 RX_ECHO ignored
2026-10-09 18:40:45,526 RX_ECHO ignored
2026-10-09 18:40:45,526 RX_ECHO ignored
2026-10-09 18:40:45,526 RX_ECHO ignored
2026-10-09 18:40:45,526 RX_ECHO ignored
2026-10-09 18:40:45,527 RX_ECHO ignored
2026-10-09 18:40:45,527 RX_ECHO ignored
2026-10-09 18:40:45,527 RX_ECHO ignored
2026-10-09 18:40:45,527 RX_ECHO ignored
2026-10-09 18:40:45,527 RX_ECHO ignored
2026-10-09 18:40:45,527 RX_ECHO ignored
2026-10-09 18:40:45,527 RX_ECHO ignored
2026-10-09 18:40:45,527 RX_ECHO ignored
2026-10-09 18:40:45,527 RX_ECHO ignored
2026-10-09 18:40:45,527 RX_ECHO ignored
2026-10-09 18:40:45,527 RX_ECHO ignored
2026-10-09 18:40:45,527 RX_ECHO ignored
2026-10-09 18:40:45,527 RX_ECHO ignored
2026-10-09 18:40:45,528 RX_ECHO ignored
2026-10-09 18:40:45,528 RX_ECHO ignored
2026-10-09 18:40:45,528 RX_ECHO ignored
2026-10-09 18:40:45,528 RX_ECHO ignored
2026-10-09 18:40:45,528 RX_ECHO ignored
2026-10-09 18:40:45,528 RX_ECHO ignored
2026-10-09 18:40:45,528 RX_ECHO ignored
2026-10-09 18:40:45,528 RX_ECHO ignored
2026-10-09 18:40:45,528 RX_ECHO ignored
2026-10-09 18:40:45,528 RX_ECHO ignored
2026-10-09 18:40:45,528 RX_ECHO ignored
2026-10-09 18:40:45,528 RX_ECHO ignored
2026-10-09 18:40:45,528 RX_ECHO ignored
2026-10-09 18:40:45,529 RX_ECHO ignored
2026-10-09 18:40:45,529 RX_ECHO ignored
2026-10-09 18:40:45,529 RX_ECHO ignored
2026-10-09 18:40:45,529 RX_ECHO ignored
2026-10-09 18:40:45,529 RX_ECHO ignored
2026-10-09 18:40:45,529 RX_ECHO ignored
2026-10-09 18:40:45,529 RX_ECHO ignored
2026-10-09 18:40:45,529 RX_ECHO ignored
2026-10-09 18:40:45,529 RX_ECHO ignored
2026-10-09 18:40:45,529 RX_ECHO ignored
2026-10-09 18:40:45,529 RX_ECHO ignored
2026-10-09 18:40:45,529 RX_ECHO ignored
2026-10-09 18:40:45,529 RX_ECHO ignored
2026-10-09 18:40:45,529 RX_ECHO ignored
2026-10-09 18:40:45,529 RX_ECHO ignored
2026-10-09 18:40:45,529 RX_ECHO ignored
2026-10-09 18:40:45,529 RX_ECHO ignored
2026-10-09 18:40:45,530 RX_ECHO ignored
2026-10-09 18:40:45,530 RX_ECHO ignored
2026-10-09 18:40:45,530 RX_ECHO ignored
2026-10-09 18:40:45,530 RX_ECHO ignored
2026-10-09 18:40:45,530 RX_ECHO ignored
2026-10-09 18:40:45,530 RX_ECHO ignored
2026-10-09 18:40:45,530 RX_ECHO ignored
2026-10-09 18:40:45,530 RX_ECHO ignored
2026-10-09 18:40:45,530 RX_ECHO ignored
2026-10-09 18:40:45,530 RX_ECHO ignored
2026-10-09 18:40:45,530 RX_ECHO ignored
2026-10-09 18:40:45,530 RX_ECHO ignored
2026-10-09 18:40:45,530 RX_ECHO ignored
2026-10-09 18:40:45,530 RX_ECHO ignored
2026-10-09 18:40:45,531 RX_ECHO ignored
2026-10-09 18:40:45,531 RX_ECHO ignored
2026-10-09 18:40:45,531 RX_ECHO ignored
2026-10-09 18:40:45,531 RX_ECHO ignored
2026-10-09 18:40:45,531 RX_ECHO ignored
2026-10-09 18:40:45,531 RX_ECHO ignored
2026-10-09 18:40:45,531 RX_ECHO ignored
2026-10-09 18:40:45,531 RX_ECHO ignored
2026-10-09 18:40:45,531 RX_ECHO ignored
2026-10-09 18:40:45,531 RX_ECHO ignored
2026-10-09 18:40:45,531 RX_ECHO ignored
2026-10-09 18:40:45,531 RX_ECHO ignored
2026-10-09 18:40:45,531 RX_ECHO ignored
2026-10-09 18:40:45,531 RX_ECHO ignored
2026-10-09 18:40:45,531 RX_ECHO ignored
2026-10-09 18:40:45,531 RX_ECHO ignored
2026-10-09 18:40:45,532 RX_ECHO ignored
2026-10-09 18:40:45,532 RX_ECHO ignored
2026-10-09 18:40:45,532 RX_ECHO ignored
2026-10-09 18:40:45,532 RX_ECHO ignored
2026-10-09 18:40:45,532 RX_ECHO ignored
2026-10-09 18:40:45,532 RX_ECHO ignored
2026-10-09 18:40:45,532 RX_ECHO ignored
2026-10-09 18:40:45,532 RX_ECHO ignored
2026-10-09 18:40:45,532 RX_ECHO ignored
2026-10-09 18:40:45,532 RX_ECHO ignored
2026-10-09 18:40:45,532 RX_ECHO ignored
2026-10-09 18:40:45,532 RX_ECHO ignored
2026-10-09 18:40:45,532 RX_ECHO ignored
2026-10-09 18:40:45,533 RX_ECHO ignored
2026-10-09 18:40:45,533 RX_ECHO ignored
2026-10-09 18:40:45,533 RX_ECHO ignored
2026-10-09 18:40:45,533 RX_ECHO ignored
2026-10-09 18:40:45,533 RX_ECHO ignored
2026-10-09 18:40:45,533 RX_ECHO ignored
2026-10-09 18:40:45,533 RX_ECHO ignored
2026-10-09 18:40:45,533 RX_ECHO ignored
2026-10-09 18:40:45,533 RX_ECHO ignored
2026-10-09 18:40:45,533 RX_ECHO ignored
2026-10-09 18:40:45,533 RX_ECHO ignored
2026-10-09 18:40:45,533 RX_ECHO ignored
2026-10-09 18:40:45,533 RX_ECHO ignored
2026-10-09 18:40:45,533 RX_ECHO ignored
2026-10-09 18:40:45,533 RX_ECHO ignored
2026-10-09 18:40:45,534 RX_ECHO ignored
2026-10-09 18:40:45,534 RX_ECHO ignored
2026-10-09 18:40:45,534 RX_ECHO ignored
2026-10-09 18:40:45,534 RX_ECHO ignored
2026-10-09 18:40:45,534 RX_ECHO ignored
2026-10-09 18:40:45,534 RX_ECHO ignored
2026-10-09 18:40:45,534 RX_ECHO ignored
2026-10-09 18:40:45,534 RX_ECHO ignored
2026-10-09 18:40:45,534 RX_ECHO ignored
2026-10-09 18:40:45,534 RX_ECHO ignored
2026-10-09 18:40:45,534 RX_ECHO ignored
2026-10-09 18:40:45,534 RX_ECHO ignored
2026-10-09 18:40:45,534 RX_ECHO ignored
2026-10-09 18:40:45,534 RX_ECHO ignored
2026-10-09 18:40:45,534 RX_ECHO ignored
2026-10-09 18:40:45,535 RX_ECHO ignored
2026-10-09 18:40:45,535 RX_ECHO ignored
2026-10-09 18:40:45,535 RX_ECHO ignored
2026-10-09 18:40:45,535 RX_ECHO ignored
2026-10-09 18:40:45,535 RX_ECHO ignored
2026-10-09 18:40:45,535 RX_ECHO ignored
2026-10-09 18:40:45,535 RX_ECHO ignored
2026-10-09 18:40:45,535 RX_ECHO ignored
2026-10-09 18:40:45,535 RX_ECHO ignored
2026-10-09 18:40:45,535 RX_ECHO ignored
2026-10-09 18:40:45,535 RX_ECHO ignored
2026-10-09 18:40:45,535 RX_ECHO ignored
2026-10-09 18:40:45,536 RX_ECHO ignored
2026-10-09 18:40:45,536 RX_ECHO ignored
2026-10-09 18:40:45,536 RX_ECHO ignored
2026-10-09 18:40:45,536 RX_ECHO ignored
2026-10-09 18:40:45,536 RX_ECHO ignored
2026-10-09 18:40:45,536 RX_ECHO ignored
2026-10-09 18:40:45,536 RX_ECHO ignored
2026-10-09 18:40:45,536 RX_ECHO ignored
2026-10-09 18:40:45,536 RX_ECHO ignored
2026-10-09 18:40:45,536 RX_ECHO ignored
2026-10-09 18:40:45,536 RX_ECHO ignored
2026-10-09 18:40:45,536 RX_ECHO ignored
2026-10-09 18:40:45,536 RX_ECHO ignored
2026-10-09 18:40:45,537 RX_ECHO ignored
2026-10-09 18:40:45,537 RX_ECHO ignored
2026-10-09 18:40:45,537 RX_ECHO ignored
2026-10-09 18:40:45,537 RX_ECHO ignored
2026-10-09 18:40:45,537 RX_ECHO ignored
2026-10-09 18:40:45,537 RX_ECHO ignored
2026-10-09 18:40:45,537 RX_ECHO ignored
2026-10-09 18:40:45,537 RX_ECHO ignored
2026-10-09 18:40:45,537 RX_ECHO ignored
2026-10-09 18:40:45,537 RX_ECHO ignored
2026-10-09 18:40:45,537 RX_ECHO ignored
2026-10-09 18:40:45,537 RX_ECHO ignored
2026-10-09 18:40:45,537 RX_ECHO ignored
2026-10-09 18:40:45,538 RX_ECHO ignored
2026-10-09 18:40:45,538 RX_ECHO ignored
2026-10-09 18:40:45,538 RX_ECHO ignored
2026-10-09 18:40:45,538 RX_ECHO ignored
2026-10-09 18:40:45,538 RX_ECHO ignored
2026-10-09 18:40:45,538 RX_ECHO ignored
2026-10-09 18:40:45,538 RX_ECHO ignored
2026-10-09 18:40:45,538 RX_ECHO ignored
2026-10-09 18:40:45,538 RX_ECHO ignored
2026-10-09 18:40:45,538 RX_ECHO ignored
2026-10-09 18:40:45,538 RX_ECHO ignored
2026-10-09 18:40:45,538 RX_ECHO ignored
2026-10-09 18:40:45,538 RX_ECHO ignored
2026-10-09 18:40:45,539 RX_ECHO ignored
2026-10-09 18:40:45,539 RX_ECHO ignored
2026-10-09 18:40:45,539 RX_ECHO ignored
2026-10-09 18:40:45,539 RX_ECHO ignored
2026-10-09 18:40:45,539 RX_ECHO ignored
2026-10-09 18:40:45,539 RX_ECHO ignored
2026-10-09 18:40:45,539 RX_ECHO ignored
2026-10-09 18:40:45,539 RX_ECHO ignored
2026-10-09 18:40:45,539 RX_ECHO ignored
2026-10-09 18:40:45,539 RX_ECHO ignored
2026-10-09 18:40:45,539 RX_ECHO ignored
2026-10-09 18:40:45,539 RX_ECHO ignored
2026-10-09 18:40:45,539 RX_ECHO ignored
2026-10-09 18:40:45,539 RX_ECHO ignored
2026-10-09 18:40:45,539 RX_ECHO ignored
2026-10-09 18:40:45,539 RX_ECHO ignored
2026-10-09 18:40:45,539 RX_ECHO ignored
2026-10-09 18:40:45,539 RX_ECHO ignored
2026-10-09 18:40:45,539 RX_ECHO ignored
2026-10-09 18:40:45,539 RX_ECHO ignored
2026-10-09 18:40:45,539 RX_ECHO ignored
2026-10-09 18:40:45,539 RX_ECHO ignored
2026-10-09 18:40:45,540 RX_ECHO ignored
2026-10-09 18:40:45,540 RX_ECHO ignored
2026-10-09 18:40:45,540 RX_ECHO ignored
2026-10-09 18:40:45,540 RX_ECHO ignored
2026-10-09 18:40:45,540 RX_ECHO ignored
2026-10-09 18:40:45,540 RX_ECHO ignored
2026-10-09 18:40:45,540 RX_ECHO ignored
2026-10-09 18:40:45,540 RX_ECHO ignored
2026-10-09 18:40:45,540 RX_ECHO ignored
2026-10-09 18:40:45,540 RX_ECHO ignored
2026-10-09 18:40:45,540 RX_ECHO ignored
2026-10-09 18:40:45,540 RX_ECHO ignored
2026-10-09 18:40:45,540 RX_ECHO ignored
2026-10-09 18:40:45,540 RX_ECHO ignored
2026-10-09 18:40:45,540 RX_ECHO ignored
2026-10-09 18:40:45,540 RX_ECHO ignored
2026-10-09 18:40:45,541 RX_ECHO ignored
2026-10-09 18:40:45,541 RX_ECHO ignored
2026-10-09 18:40:45,541 RX_ECHO ignored
2026-10-09 18:40:45,541 RX_ECHO ignored
2026-10-09 18:40:45,541 RX_ECHO ignored
2026-10-09 18:40:45,541 RX_ECHO ignored
2026-10-09 18:40:45,541 RX_ECHO ignored
2026-10-09 18:40:45,541 RX_ECHO ignored
2026-10-09 18:40:45,541 RX_ECHO ignored
2026-10-09 18:40:45,541 RX_ECHO ignored
2026-10-09 18:40:45,541 RX_ECHO ignored
2026-10-09 18:40:45,541 RX_ECHO ignored
2026-10-09 18:40:45,541 RX_ECHO ignored
2026-10-09 18:40:45,542 RX_ECHO ignored
2026-10-09 18:40:45,542 RX_ECHO ignored
2026-10-09 18:40:45,542 RX_ECHO ignored
2026-10-09 18:40:45,542 RX_ECHO ignored
2026-10-09 18:40:45,542 RX_ECHO ignored
2026-10-09 18:40:45,542 RX_ECHO ignored
2026-10-09 18:40:45,542 RX_ECHO ignored
2026-10-09 18:40:45,542 RX_ECHO ignored
2026-10-09 18:40:45,542 RX_ECHO ignored
2026-10-09 18:40:45,542 RX_ECHO ignored
2026-10-09 18:40:45,542 RX_ECHO ignored
2026-10-09 18:40:45,542 RX_ECHO ignored
2026-10-09 18:40:45,542 RX_ECHO ignored
2026-10-09 18:40:45,543 RX_ECHO ignored
2026-10-09 18:40:45,543 RX_ECHO ignored
2026-10-09 18:40:45,543 RX_ECHO ignored
2026-10-09 18:40:45,543 RX_ECHO ignored
2026-10-09 18:40:45,543 RX_ECHO ignored
2026-10-09 18:40:45,543 RX_ECHO ignored
2026-10-09 18:40:45,543 RX_ECHO ignored
2026-10-09 18:40:45,543 RX_ECHO ignored
2026-10-09 18:40:45,543 RX_ECHO ignored
2026-10-09 18:40:45,543 RX_ECHO ignored
2026-10-09 18:40:45,543 RX_ECHO ignored
2026-10-09 18:40:45,543 RX_ECHO ignored
2026-10-09 18:40:45,543 RX_ECHO ignored
2026-10-09 18:40:45,544 RX_ECHO ignored
2026-10-09 18:40:45,544 RX_ECHO ignored
2026-10-09 18:40:45,544 RX_ECHO ignored
2026-10-09 18:40:45,544 RX_ECHO ignored
2026-10-09 18:40:45,544 RX_ECHO ignored
2026-10-09 18:40:45,544 RX_ECHO ignored
2026-10-09 18:40:45,544 RX_ECHO ignored
2026-10-09 18:40:45,544 RX_ECHO ignored
2026-10-09 18:40:45,544 RX_ECHO ignored
2026-10-09 18:40:45,544 RX_ECHO ignored
2026-10-09 18:40:45,544 RX_ECHO ignored
2026-10-09 18:40:45,544 RX_ECHO ignored
2026-10-09 18:40:45,545 RX_ECHO ignored
2026-10-09 18:40:45,545 RX_ECHO ignored
2026-10-09 18:40:45,545 RX_ECHO ignored
2026-10-09 18:40:45,545 RX_ECHO ignored
2026-10-09 18:40:45,545 RX_ECHO ignored
2026-10-09 18:40:45,545 RX_ECHO ignored
2026-10-09 18:40:45,545 RX_ECHO ignored
2026-10-09 18:40:45,545 RX_ECHO ignored
2026-10-09 18:40:45,545 RX_ECHO ignored
2026-10-09 18:40:45,545 RX_ECHO ignored
2026-10-09 18:40:45,545 RX_ECHO ignored
2026-10-09 18:40:45,545 RX_ECHO ignored
2026-10-09 18:40:45,545 RX_ECHO ignored
2026-10-09 18:40:45,546 RX_ECHO ignored
2026-10-09 18:40:45,546 RX_ECHO ignored
2026-10-09 18:40:45,546 RX_ECHO ignored
2026-10-09 18:40:45,546 RX_ECHO ignored
2026-10-09 18:40:45,546 RX_ECHO ignored
2026-10-09 18:40:45,546 RX_ECHO ignored
2026-10-09 18:40:45,546 RX_ECHO ignored
2026-10-09 18:40:45,546 RX_ECHO ignored
2026-10-09 18:40:45,546 RX_ECHO ignored
2026-10-09 18:40:45,546 RX_ECHO ignored
2026-10-09 18:40:45,546 RX_ECHO ignored
2026-10-09 18:40:45,546 RX_ECHO ignored
2026-10-09 18:40:45,546 RX_ECHO ignored
2026-10-09 18:40:45,547 RX_ECHO ignored
2026-10-09 18:40:45,547 RX_ECHO ignored
2026-10-09 18:40:45,547 RX_ECHO ignored
2026-10-09 18:40:45,547 RX_ECHO ignored
2026-10-09 18:40:45,547 RX_ECHO ignored
2026-10-09 18:40:45,547 RX_ECHO ignored
2026-10-09 18:40:45,547 RX_ECHO ignored
2026-10-09 18:40:45,547 RX_ECHO ignored
2026-10-09 18:40:45,547 RX_ECHO ignored
2026-10-09 18:40:45,547 RX_ECHO ignored
2026-10-09 18:40:45,547 RX_ECHO ignored
2026-10-09 18:40:45,547 RX_ECHO ignored
2026-10-09 18:40:45,547 RX_ECHO ignored
2026-10-09 18:40:45,548 RX_ECHO ignored
2026-10-09 18:40:45,548 RX_ECHO ignored
2026-10-09 18:40:45,548 RX_ECHO ignored
2026-10-09 18:40:45,548 RX_ECHO ignored
2026-10-09 18:40:45,548 RX_ECHO ignored
2026-10-09 18:40:45,548 RX_ECHO ignored
2026-10-09 18:40:45,548 RX_ECHO ignored
2026-10-09 18:40:45,548 RX_ECHO ignored
2026-10-09 18:40:45,548 RX_ECHO ignored
2026-10-09 18:40:45,548 RX_ECHO ignored
2026-10-09 18:40:45,548 RX_ECHO ignored
2026-10-09 18:40:45,548 RX_ECHO ignored
2026-10-09 18:40:45,548 RX_ECHO ignored
2026-10-09 18:40:45,549 RX_ECHO ignored
2026-10-09 18:40:45,549 RX_ECHO ignored
2026-10-09 18:40:45,549 RX_ECHO ignored
2026-10-09 18:40:45,549 RX_ECHO ignored
2026-10-09 18:40:45,549 RX_ECHO ignored
2026-10-09 18:40:45,549 RX_ECHO ignored
2026-10-09 18:40:45,549 RX_ECHO ignored
2026-10-09 18:40:45,549 RX_ECHO ignored
2026-10-09 18:40:45,549 RX_ECHO ignored
2026-10-09 18:40:45,549 RX_ECHO ignored
2026-10-09 18:40:45,549 RX_ECHO ignored
2026-10-09 18:40:45,549 RX_ECHO ignored
2026-10-09 18:40:45,550 RX_ECHO ignored
2026-10-09 18:40:45,550 RX_ECHO ignored
2026-10-09 18:40:45,550 RX_ECHO ignored
2026-10-09 18:40:45,550 RX_ECHO ignored
2026-10-09 18:40:45,550 RX_ECHO ignored
2026-10-09 18:40:45,550 RX_ECHO ignored
2026-10-09 18:40:45,550 RX_ECHO ignored
2026-10-09 18:40:45,550 RX_ECHO ignored
2026-10-09 18:40:45,550 RX_ECHO ignored
2026-10-09 18:40:45,550 RX_ECHO ignored
2026-10-09 18:40:45,550 RX_ECHO ignored
2026-10-09 18:40:45,550 RX_ECHO ignored
2026-10-09 18:40:45,550 RX_ECHO ignored
2026-10-09 18:40:45,551 RX_ECHO ignored
2026-10-09 18:40:45,551 RX_ECHO ignored
2026-10-09 18:40:45,551 RX_ECHO ignored
2026-10-09 18:40:45,551 RX_ECHO ignored
2026-10-09 18:40:45,551 RX_ECHO ignored
2026-10-09 18:40:45,551 RX_ECHO ignored
2026-10-09 18:40:45,551 RX_ECHO ignored
2026-10-09 18:40:45,551 RX_ECHO ignored
2026-10-09 18:40:45,551 RX_ECHO ignored
2026-10-09 18:40:45,551 RX_ECHO ignored
2026-10-09 18:40:45,551 RX_ECHO ignored
2026-10-09 18:40:45,551 RX_ECHO ignored
2026-10-09 18:40:45,551 RX_ECHO ignored
2026-10-09 18:40:45,552 RX_ECHO ignored
2026-10-09 18:40:45,552 RX_ECHO ignored
2026-10-09 18:40:45,552 RX_ECHO ignored
2026-10-09 18:40:45,552 RX_ECHO ignored
2026-10-09 18:40:45,552 RX_ECHO ignored
2026-10-09 18:40:45,552 RX_ECHO ignored
2026-10-09 18:40:45,552 RX_ECHO ignored
2026-10-09 18:40:45,552 RX_ECHO ignored
2026-10-09 18:40:45,552 RX_ECHO ignored
2026-10-09 18:40:45,552 RX_ECHO ignored
2026-10-09 18:40:45,552 RX_ECHO ignored
2026-10-09 18:40:45,552 RX_ECHO ignored
2026-10-09 18:40:45,552 RX_ECHO ignored
2026-10-09 18:40:45,553 RX_ECHO ignored
2026-10-09 18:40:45,553 RX_ECHO ignored
2026-10-09 18:40:45,553 RX_ECHO ignored
2026-10-09 18:40:45,553 RX_ECHO ignored
2026-10-09 18:40:45,553 RX_ECHO ignored
2026-10-09 18:40:45,553 RX_ECHO ignored
2026-10-09 18:40:45,553 RX_ECHO ignored
2026-10-09 18:40:45,553 RX_ECHO ignored
2026-10-09 18:40:45,553 RX_ECHO ignored
2026-10-09 18:40:45,553 RX_ECHO ignored
2026-10-09 18:40:45,553 RX_ECHO ignored
2026-10-09 18:40:45,553 RX_ECHO ignored
2026-10-09 18:40:45,553 RX_ECHO ignored
2026-10-09 18:40:45,553 RX_ECHO ignored
2026-10-09 18:40:45,553 RX_ECHO ignored
2026-10-09 18:40:45,554 RX_ECHO ignored
2026-10-09 18:40:45,554 RX_ECHO ignored
2026-10-09 18:40:45,554 RX_ECHO ignored
2026-10-09 18:40:45,554 RX_ECHO ignored
2026-10-09 18:40:45,554 RX_ECHO ignored
2026-10-09 18:40:45,554 RX_ECHO ignored
2026-10-09 18:40:45,554 RX_ECHO ignored
2026-10-09 18:40:45,554 RX_ECHO ignored
2026-10-09 18:40:45,554 RX_ECHO ignored
2026-10-09 18:40:45,554 RX_ECHO ignored
2026-10-09 18:40:45,554 RX_ECHO ignored
2026-10-09 18:40:45,554 RX_ECHO ignored
2026-10-09 18:40:45,554 RX_ECHO ignored
2026-10-09 18:40:45,554 RX_ECHO ignored
2026-10-09 18:40:45,554 RX_ECHO ignored
2026-10-09 18:40:45,554 RX_ECHO ignored
2026-10-09 18:40:45,554 RX_ECHO ignored
2026-10-09 18:40:45,554 RX_ECHO ignored
2026-10-09 18:40:45,554 RX_ECHO ignored
2026-10-09 18:40:45,554 RX_ECHO ignored
2026-10-09 18:40:45,554 RX_ECHO ignored
2026-10-09 18:40:45,555 RX_ECHO ignored
2026-10-09 18:40:45,555 RX_ECHO ignored
2026-10-09 18:40:45,555 RX_ECHO ignored
2026-10-09 18:40:45,555 RX_ECHO ignored
2026-10-09 18:40:45,555 RX_ECHO ignored
2026-10-09 18:40:45,555 RX_ECHO ignored
2026-10-09 18:40:45,555 RX_ECHO ignored
2026-10-09 18:40:45,555 RX_ECHO ignored
2026-10-09 18:40:45,555 RX_ECHO ignored
2026-10-09 18:40:45,555 RX_ECHO ignored
2026-10-09 18:40:45,555 RX_ECHO ignored
2026-10-09 18:40:45,555 RX_ECHO ignored
2026-10-09 18:40:45,555 RX_ECHO ignored
2026-10-09 18:40:45,555 RX_ECHO ignored
2026-10-09 18:40:45,555 RX_ECHO ignored
2026-10-09 18:40:45,556 RX_ECHO ignored
2026-10-09 18:40:45,556 RX_ECHO ignored
2026-10-09 18:40:45,556 RX_ECHO ignored
2026-10-09 18:40:45,556 RX_ECHO ignored
2026-10-09 18:40:45,556 RX_ECHO ignored
2026-10-09 18:40:45,556 RX_ECHO ignored
2026-10-09 18:40:45,556 RX_ECHO ignored
2026-10-09 18:40:45,556 RX_ECHO ignored
2026-10-09 18:40:45,556 RX_ECHO ignored
2026-10-09 18:40:45,556 RX_ECHO ignored
2026-10-09 18:40:45,556 RX_ECHO ignored
2026-10-09 18:40:45,556 RX_ECHO ignored
2026-10-09 18:40:45,556 RX_ECHO ignored
2026-10-09 18:40:45,557 RX_ECHO ignored
2026-10-09 18:40:45,557 RX_ECHO ignored
2026-10-09 18:40:45,557 RX_ECHO ignored
2026-10-09 18:40:45,557 RX_ECHO ignored
2026-10-09 18:40:45,557 RX_ECHO ignored
2026-10-09 18:40:45,557 RX_ECHO ignored
2026-10-09 18:40:45,557 RX_ECHO ignored
2026-10-09 18:40:45,557 RX_ECHO ignored
2026-10-09 18:40:45,557 RX_ECHO ignored
2026-10-09 18:40:45,557 RX_ECHO ignored
2026-10-09 18:40:45,557 RX_ECHO ignored
2026-10-09 18:40:45,557 RX_ECHO ignored
2026-10-09 18:40:45,557 RX_ECHO ignored
2026-10-09 18:40:45,558 RX_ECHO ignored
2026-10-09 18:40:45,558 RX_ECHO ignored
2026-10-09 18:40:45,558 RX_ECHO ignored
2026-10-09 18:40:45,558 RX_ECHO ignored
2026-10-09 18:40:45,558 RX_ECHO ignored
2026-10-09 18:40:45,558 RX_ECHO ignored
2026-10-09 18:40:45,558 RX_ECHO ignored
2026-10-09 18:40:45,558 RX_ECHO ignored
2026-10-09 18:40:45,558 RX_ECHO ignored
2026-10-09 18:40:45,558 RX_ECHO ignored
2026-10-09 18:40:45,558 RX_ECHO ignored
2026-10-09 18:40:45,558 RX_ECHO ignored
2026-10-09 18:40:45,559 RX_ECHO ignored
2026-10-09 18:40:45,559 RX_ECHO ignored
2026-10-09 18:40:45,559 RX_ECHO ignored
2026-10-09 18:40:45,559 RX_ECHO ignored
2026-10-09 18:40:45,559 RX_ECHO ignored
2026-10-09 18:40:45,559 RX_ECHO ignored
2026-10-09 18:40:45,559 RX_ECHO ignored
2026-10-09 18:40:45,559 RX_ECHO ignored
2026-10-09 18:40:45,559 RX_ECHO ignored
2026-10-09 18:40:45,559 RX_ECHO ignored
2026-10-09 18:40:45,559 RX_ECHO ignored
2026-10-09 18:40:45,559 RX_ECHO ignored
2026-10-09 18:40:45,559 RX_ECHO ignored
2026-10-09 18:40:45,559 RX_ECHO ignored
2026-10-09 18:40:45,559 RX_ECHO ignored
2026-10-09 18:40:45,559 RX_ECHO ignored
2026-10-09 18:40:45,559 RX_ECHO ignored
2026-10-09 18:40:45,559 RX_ECHO ignored
2026-10-09 18:40:45,560 RX_ECHO ignored
2026-10-09 18:40:45,560 RX_ECHO ignored
2026-10-09 18:40:45,560 RX_ECHO ignored
2026-10-09 18:40:45,560 RX_ECHO ignored
2026-10-09 18:40:45,560 RX_ECHO ignored
2026-10-09 18:40:45,560 RX_ECHO ignored
2026-10-09 18:40:45,560 RX_ECHO ignored
2026-10-09 18:40:45,560 RX_ECHO ignored
2026-10-09 18:40:45,560 RX_ECHO ignored
2026-10-09 18:40:45,560 RX_ECHO ignored
2026-10-09 18:40:45,560 RX_ECHO ignored
2026-10-09 18:40:45,560 RX_ECHO ignored
2026-10-09 18:40:45,560 RX_ECHO ignored
2026-10-09 18:40:45,560 RX_ECHO ignored
2026-10-09 18:40:45,560 RX_ECHO ignored
2026-10-09 18:40:45,560 RX_ECHO ignored
2026-10-09 18:40:45,561 RX_ECHO ignored
2026-10-09 18:40:45,561 RX_ECHO ignored
2026-10-09 18:40:45,561 RX_ECHO ignored
2026-10-09 18:40:45,561 RX_ECHO ignored
2026-10-09 18:40:45,561 RX_ECHO ignored
2026-10-09 18:40:45,561 RX_ECHO ignored
2026-10-09 18:40:45,561 RX_ECHO ignored
2026-10-09 18:40:45,561 RX_ECHO ignored
2026-10-09 18:40:45,561 RX_ECHO ignored
2026-10-09 18:40:45,561 RX_ECHO ignored
2026-10-09 18:40:45,561 RX_ECHO ignored
2026-10-09 18:40:45,561 RX_ECHO ignored
2026-10-09 18:40:45,561 RX_ECHO ignored
2026-10-09 18:40:45,561 RX_ECHO ignored
2026-10-09 18:40:45,561 RX_ECHO ignored
2026-10-09 18:40:45,561 RX_ECHO ignored
2026-10-09 18:40:45,561 RX_ECHO ignored
2026-10-09 18:40:45,561 RX_ECHO ignored
2026-10-09 18:40:45,562 RX_ECHO ignored
2026-10-09 18:40:45,562 RX_ECHO ignored
2026-10-09 18:40:45,562 RX_ECHO ignored
2026-10-09 18:40:45,562 RX_ECHO ignored
2026-10-09 18:40:45,562 RX_ECHO ignored
2026-10-09 18:40:45,562 RX_ECHO ignored
2026-10-09 18:40:45,562 RX_ECHO ignored
2026-10-09 18:40:45,562 RX_ECHO ignored
2026-10-09 18:40:45,562 RX_ECHO ignored
2026-10-09 18:40:45,562 RX_ECHO ignored
2026-10-09 18:40:45,562 RX_ECHO ignored
2026-10-09 18:40:45,562 RX_ECHO ignored
2026-10-09 18:40:45,563 RX_ECHO ignored
2026-10-09 18:40:45,563 RX_ECHO ignored
2026-10-09 18:40:45,563 RX_ECHO ignored
2026-10-09 18:40:45,563 RX_ECHO ignored
2026-10-09 18:40:45,563 RX_ECHO ignored
2026-10-09 18:40:45,563 RX_ECHO ignored
2026-10-09 18:40:45,563 RX_ECHO ignored
2026-10-09 18:40:45,563 RX_ECHO ignored
2026-10-09 18:40:45,563 RX_ECHO ignored
2026-10-09 18:40:45,563 RX_ECHO ignored
2026-10-09 18:40:45,563 RX_ECHO ignored
2026-10-09 18:40:45,563 RX_ECHO ignored
2026-10-09 18:40:45,563 RX_ECHO ignored
2026-10-09 18:40:45,563 RX_ECHO ignored
2026-10-09 18:40:45,563 RX_ECHO ignored
2026-10-09 18:40:45,563 RX_ECHO ignored
2026-10-09 18:40:45,563 RX_ECHO ignored
2026-10-09 18:40:45,563 RX_ECHO ignored
2026-10-09 18:40:45,563 RX_ECHO ignored
2026-10-09 18:40:45,564 RX_ECHO ignored
2026-10-09 18:40:45,564 RX_ECHO ignored
2026-10-09 18:40:45,564 RX_ECHO ignored
2026-10-09 18:40:45,564 RX_ECHO ignored
2026-10-09 18:40:45,564 RX_ECHO ignored
2026-10-09 18:40:45,564 RX_ECHO ignored
2026-10-09 18:40:45,564 RX_ECHO ignored
2026-10-09 18:40:45,564 RX_ECHO ignored
2026-10-09 18:40:45,564 RX_ECHO ignored
2026-10-09 18:40:45,564 RX_ECHO ignored
2026-10-09 18:40:45,564 RX_ECHO ignored
2026-10-09 18:40:45,564 RX_ECHO ignored
2026-10-09 18:40:45,564 RX_ECHO ignored
2026-10-09 18:40:45,564 RX_ECHO ignored
2026-10-09 18:40:45,564 RX_ECHO ignored
2026-10-09 18:40:45,564 RX_ECHO ignored
2026-10-09 18:40:45,564 RX_ECHO ignored
2026-10-09 18:40:45,564 RX_ECHO ignored
2026-10-09 18:40:45,564 RX_ECHO ignored
2026-10-09 18:40:45,564 RX_ECHO ignored
2026-10-09 18:40:45,565 RX_ECHO ignored
2026-10-09 18:40:45,565 RX_ECHO ignored
2026-10-09 18:40:45,565 RX_ECHO ignored
2026-10-09 18:40:45,565 RX_ECHO ignored
2026-10-09 18:40:45,565 RX_ECHO ignored
2026-10-09 18:40:45,565 RX_ECHO ignored
2026-10-09 18:40:45,565 RX_ECHO ignored
2026-10-09 18:40:45,565 RX_ECHO ignored
2026-10-09 18:40:45,565 RX_ECHO ignored
2026-10-09 18:40:45,565 RX_ECHO ignored
2026-10-09 18:40:45,565 RX_ECHO ignored
2026-10-09 18:40:45,565 RX_ECHO ignored
2026-10-09 18:40:45,565 RX_ECHO ignored
2026-10-09 18:40:45,566 RX_ECHO ignored
2026-10-09 18:40:45,566 RX_ECHO ignored
2026-10-09 18:40:45,566 RX_ECHO ignored
2026-10-09 18:40:45,566 RX_ECHO ignored
2026-10-09 18:40:45,566 RX_ECHO ignored
2026-10-09 18:40:45,566 RX_ECHO ignored
2026-10-09 18:40:45,566 RX_ECHO ignored
2026-10-09 18:40:45,566 RX_ECHO ignored
2026-10-09 18:40:45,566 RX_ECHO ignored
2026-10-09 18:40:45,566 RX_ECHO ignored
2026-10-09 18:40:45,566 RX_ECHO ignored
2026-10-09 18:40:45,566 RX_ECHO ignored
2026-10-09 18:40:45,567 RX_ECHO ignored
2026-10-09 18:40:45,567 RX_ECHO ignored
2026-10-09 18:40:45,567 RX_ECHO ignored
2026-10-09 18:40:45,567 RX_ECHO ignored
2026-10-09 18:40:45,567 RX_ECHO ignored
2026-10-09 18:40:45,567 RX_ECHO ignored
2026-10-09 18:40:45,567 RX_ECHO ignored
2026-10-09 18:40:45,567 RX_ECHO ignored
2026-10-09 18:40:45,567 RX_ECHO ignored
2026-10-09 18:40:45,567 RX_ECHO ignored
2026-10-09 18:40:45,567 RX_ECHO ignored
2026-10-09 18:40:45,567 RX_ECHO ignored
2026-10-09 18:40:45,567 RX_ECHO ignored
2026-10-09 18:40:45,567 RX_ECHO ignored
2026-10-09 18:40:45,567 RX_ECHO ignored
2026-10-09 18:40:45,567 RX_ECHO ignored
2026-10-09 18:40:45,567 RX_ECHO ignored
2026-10-09 18:40:45,567 RX_ECHO ignored
2026-10-09 18:40:45,567 RX_ECHO ignored
2026-10-09 18:40:45,567 RX_ECHO ignored
2026-10-09 18:40:45,567 RX_ECHO ignored
2026-10-09 18:40:45,567 RX_ECHO ignored
2026-10-09 18:40:45,567 RX_ECHO ignored
2026-10-09 18:40:45,567 RX_ECHO ignored
2026-10-09 18:40:45,568 RX_ECHO ignored
2026-10-09 18:40:45,568 RX_ECHO ignored
2026-10-09 18:40:45,568 RX_ECHO ignored
2026-10-09 18:40:45,568 RX_ECHO ignored
2026-10-09 18:40:45,568 RX_ECHO ignored
2026-10-09 18:40:45,568 RX_ECHO ignored
2026-10-09 18:40:45,568 RX_ECHO ignored
2026-10-09 18:40:45,568 RX_ECHO ignored
2026-10-09 18:40:45,568 RX_ECHO ignored
2026-10-09 18:40:45,568 RX_ECHO ignored
2026-10-09 18:40:45,568 RX_ECHO ignored
2026-10-09 18:40:45,568 RX_ECHO ignored
2026-10-09 18:40:45,568 RX_ECHO ignored
2026-10-09 18:40:45,568 RX_ECHO ignored
2026-10-09 18:40:45,568 RX_ECHO ignored
2026-10-09 18:40:45,569 RX_ECHO ignored
2026-10-09 18:40:45,569 RX_ECHO ignored
2026-10-09 18:40:45,569 RX_ECHO ignored
2026-10-09 18:40:45,569 RX_ECHO ignored
2026-10-09 18:40:45,569 RX_ECHO ignored
2026-10-09 18:40:45,569 RX_ECHO ignored
2026-10-09 18:40:45,569 RX_ECHO ignored
2026-10-09 18:40:45,569 RX_ECHO ignored
2026-10-09 18:40:45,569 RX_ECHO ignored
2026-10-09 18:40:45,569 RX_ECHO ignored
2026-10-09 18:40:45,569 RX_ECHO ignored
2026-10-09 18:40:45,569 RX_ECHO ignored
2026-10-09 18:40:45,569 RX_ECHO ignored
2026-10-09 18:40:45,570 RX_ECHO ignored
2026-10-09 18:40:45,570 RX_ECHO ignored
2026-10-09 18:40:45,570 RX_ECHO ignored
2026-10-09 18:40:45,570 RX_ECHO ignored
2026-10-09 18:40:45,570 RX_ECHO ignored
2026-10-09 18:40:45,570 RX_ECHO ignored
2026-10-09 18:40:45,570 RX_ECHO ignored
2026-10-09 18:40:45,570 RX_ECHO ignored
2026-10-09 18:40:45,570 RX_ECHO ignored
2026-10-09 18:40:45,570 RX_ECHO ignored
2026-10-09 18:40:45,570 RX_ECHO ignored
2026-10-09 18:40:45,570 RX_ECHO ignored
2026-10-09 18:40:45,570 RX_ECHO ignored
2026-10-09 18:40:45,570 RX_ECHO ignored
2026-10-09 18:40:45,570 RX_ECHO ignored
2026-10-09 18:40:45,570 RX_ECHO ignored
2026-10-09 18:40:45,570 RX_ECHO ignored
2026-10-09 18:40:45,571 RX_ECHO ignored
2026-10-09 18:40:45,571 RX_ECHO ignored
2026-10-09 18:40:45,571 RX_ECHO ignored
2026-10-09 18:40:45,571 RX_ECHO ignored
2026-10-09 18:40:45,571 RX_ECHO ignored
2026-10-09 18:40:45,571 RX_ECHO ignored
2026-10-09 18:40:45,571 RX_ECHO ignored
2026-10-09 18:40:45,571 RX_ECHO ignored
2026-10-09 18:40:45,571 RX_ECHO ignored
2026-10-09 18:40:45,571 RX_ECHO ignored
2026-10-09 18:40:45,571 RX_ECHO ignored
2026-10-09 18:40:45,571 RX_ECHO ignored
2026-10-09 18:40:45,571 RX_ECHO ignored
2026-10-09 18:40:45,571 RX_ECHO ignored
2026-10-09 18:40:45,571 RX_ECHO ignored
2026-10-09 18:40:45,571 RX_ECHO ignored
2026-10-09 18:40:45,571 RX_ECHO ignored
2026-10-09 18:40:45,571 RX_ECHO ignored
2026-10-09 18:40:45,571 RX_ECHO ignored
2026-10-09 18:40:45,571 RX_ECHO ignored
2026-10-09 18:40:45,571 RX_ECHO ignored
2026-10-09 18:40:45,572 RX_ECHO ignored
2026-10-09 18:40:45,572 RX_ECHO ignored
2026-10-09 18:40:45,572 RX_ECHO ignored
2026-10-09 18:40:45,572 RX_ECHO ignored
2026-10-09 18:40:45,572 RX_ECHO ignored
2026-10-09 18:40:45,572 RX_ECHO ignored
2026-10-09 18:40:45,572 RX_ECHO ignored
2026-10-09 18:40:45,572 RX_ECHO ignored
2026-10-09 18:40:45,572 RX_ECHO ignored
2026-10-09 18:40:45,572 RX_ECHO ignored
2026-10-09 18:40:45,572 RX_ECHO ignored
2026-10-09 18:40:45,572 RX_ECHO ignored
2026-10-09 18:40:45,572 RX_ECHO ignored
2026-10-09 18:40:45,573 RX_ECHO ignored
2026-10-09 18:40:45,573 RX_ECHO ignored
2026-10-09 18:40:45,573 RX_ECHO ignored
2026-10-09 18:40:45,573 RX_ECHO ignored
2026-10-09 18:40:45,573 RX_ECHO ignored
2026-10-09 18:40:45,573 RX_ECHO ignored
2026-10-09 18:40:45,573 RX_ECHO ignored
2026-10-09 18:40:45,573 RX_ECHO ignored
2026-10-09 18:40:45,573 RX_ECHO ignored
2026-10-09 18:40:45,573 RX_ECHO ignored
2026-10-09 18:40:45,573 RX_ECHO ignored
2026-10-09 18:40:45,573 RX_ECHO ignored
2026-10-09 18:40:45,573 RX_ECHO ignored
2026-10-09 18:40:45,573 RX_ECHO ignored
2026-10-09 18:40:45,573 RX_ECHO ignored
2026-10-09 18:40:45,573 RX_ECHO ignored
2026-10-09 18:40:45,573 RX_ECHO ignored
2026-10-09 18:40:45,573 RX_ECHO ignored
2026-10-09 18:40:45,573 RX_ECHO ignored
2026-10-09 18:40:45,573 RX_ECHO ignored
2026-10-09 18:40:45,573 RX_ECHO ignored
2026-10-09 18:40:45,573 RX_ECHO ignored
2026-10-09 18:40:45,573 RX_ECHO ignored
2026-10-09 18:40:45,573 RX_ECHO ignored
2026-10-09 18:40:45,573 RX_ECHO ignored
2026-10-09 18:40:45,574 RX_ECHO ignored
2026-10-09 18:40:45,574 RX_ECHO ignored
2026-10-09 18:40:45,574 RX_ECHO ignored
2026-10-09 18:40:45,574 RX_ECHO ignored
2026-10-09 18:40:45,574 RX_ECHO ignored
2026-10-09 18:40:45,574 RX_ECHO ignored
2026-10-09 18:40:45,574 RX_ECHO ignored
2026-10-09 18:40:45,574 RX_ECHO ignored
2026-10-09 18:40:45,574 RX_ECHO ignored
2026-10-09 18:40:45,574 RX_ECHO ignored
2026-10-09 18:40:45,574 RX_ECHO ignored
2026-10-09 18:40:45,574 RX_ECHO ignored
2026-10-09 18:40:45,574 RX_ECHO ignored
2026-10-09 18:40:45,575 RX_ECHO ignored
2026-10-09 18:40:45,575 RX_ECHO ignored
2026-10-09 18:40:45,575 RX_ECHO ignored
2026-10-09 18:40:45,575 RX_ECHO ignored
2026-10-09 18:40:45,575 RX_ECHO ignored
2026-10-09 18:40:45,575 RX_ECHO ignored
2026-10-09 18:40:45,575 RX_ECHO ignored
2026-10-09 18:40:45,575 RX_ECHO ignored
2026-10-09 18:40:45,575 RX_ECHO ignored
2026-10-09 18:40:45,575 RX_ECHO ignored
2026-10-09 18:40:45,575 RX_ECHO ignored
2026-10-09 18:40:45,575 RX_ECHO ignored
2026-10-09 18:40:45,575 RX_ECHO ignored
2026-10-09 18:40:45,575 RX_ECHO ignored
2026-10-09 18:40:45,575 RX_ECHO ignored
2026-10-09 18:40:45,575 RX_ECHO ignored
2026-10-09 18:40:45,575 RX_ECHO ignored
2026-10-09 18:40:45,576 RX_ECHO ignored
2026-10-09 18:40:45,576 RX_ECHO ignored
2026-10-09 18:40:45,576 RX_ECHO ignored
2026-10-09 18:40:45,576 RX_ECHO ignored
2026-10-09 18:40:45,576 RX_ECHO ignored
2026-10-09 18:40:45,576 RX_ECHO ignored
2026-10-09 18:40:45,576 RX_ECHO ignored
2026-10-09 18:40:45,576 RX_ECHO ignored
2026-10-09 18:40:45,576 RX_ECHO ignored
2026-10-09 18:40:45,576 RX_ECHO ignored
2026-10-09 18:40:45,576 RX_ECHO ignored
2026-10-09 18:40:45,576 RX_ECHO ignored
2026-10-09 18:40:45,576 RX_ECHO ignored
2026-10-09 18:40:45,576 RX_ECHO ignored
2026-10-09 18:40:45,576 RX_ECHO ignored
2026-10-09 18:40:45,576 RX_ECHO ignored
2026-10-09 18:40:45,576 RX_ECHO ignored
2026-10-09 18:40:45,576 RX_ECHO ignored
2026-10-09 18:40:45,576 RX_ECHO ignored
2026-10-09 18:40:45,576 RX_ECHO ignored
2026-10-09 18:40:45,576 RX_ECHO ignored
2026-10-09 18:40:45,576 RX_ECHO ignored
2026-10-09 18:40:45,577 RX_ECHO ignored
2026-10-09 18:40:45,577 RX_ECHO ignored
2026-10-09 18:40:45,577 RX_ECHO ignored
2026-10-09 18:40:45,577 RX_ECHO ignored
2026-10-09 18:40:45,577 RX_ECHO ignored
2026-10-09 18:40:45,577 RX_ECHO ignored
2026-10-09 18:40:45,577 RX_ECHO ignored
2026-10-09 18:40:45,577 RX_ECHO ignored
2026-10-09 18:40:45,577 RX_ECHO ignored
2026-10-09 18:40:45,577 RX_ECHO ignored
2026-10-09 18:40:45,577 RX_ECHO ignored
2026-10-09 18:40:45,577 RX_ECHO ignored
2026-10-09 18:40:45,578 RX_ECHO ignored
2026-10-09 18:40:45,578 RX_ECHO ignored
2026-10-09 18:40:45,578 RX_ECHO ignored
2026-10-09 18:40:45,578 RX_ECHO ignored
2026-10-09 18:40:45,578 RX_ECHO ignored
2026-10-09 18:40:45,578 RX_ECHO ignored
2026-10-09 18:40:45,578 RX_ECHO ignored
2026-10-09 18:40:45,578 RX_ECHO ignored
2026-10-09 18:40:45,578 RX_ECHO ignored
2026-10-09 18:40:45,578 RX_ECHO ignored
2026-10-09 18:40:45,578 RX_ECHO ignored
2026-10-09 18:40:45,578 RX_ECHO ignored
2026-10-09 18:40:45,578 RX_ECHO ignored
2026-10-09 18:40:45,578 RX_ECHO ignored
2026-10-09 18:40:45,578 RX_ECHO ignored
2026-10-09 18:40:45,578 RX_ECHO ignored
2026-10-09 18:40:45,578 RX_ECHO ignored
2026-10-09 18:40:45,578 RX_ECHO ignored
2026-10-09 18:40:45,578 RX_ECHO ignored
2026-10-09 18:40:45,578 RX_ECHO ignored
2026-10-09 18:40:45,579 RX_ECHO ignored
2026-10-09 18:40:45,579 RX_ECHO ignored
2026-10-09 18:40:45,579 RX_ECHO ignored
2026-10-09 18:40:45,579 RX_ECHO ignored
2026-10-09 18:40:45,579 RX_ECHO ignored
2026-10-09 18:40:45,579 RX_ECHO ignored
2026-10-09 18:40:45,579 RX_ECHO ignored
2026-10-09 18:40:45,579 RX_ECHO ignored
2026-10-09 18:40:45,579 RX_ECHO ignored
2026-10-09 18:40:45,579 RX_ECHO ignored
2026-10-09 18:40:45,579 RX_ECHO ignored
2026-10-09 18:40:45,579 RX_ECHO ignored
2026-10-09 18:40:45,579 RX_ECHO ignored
2026-10-09 18:40:45,579 RX_ECHO ignored
2026-10-09 18:40:45,579 RX_ECHO ignored
2026-10-09 18:40:45,579 RX_ECHO ignored
2026-10-09 18:40:45,579 RX_ECHO ignored
2026-10-09 18:40:45,579 RX_ECHO ignored
2026-10-09 18:40:45,579 RX_ECHO ignored
2026-10-09 18:40:45,580 RX_ECHO ignored
2026-10-09 18:40:45,580 RX_ECHO ignored
2026-10-09 18:40:45,580 RX_ECHO ignored
2026-10-09 18:40:45,580 RX_ECHO ignored
2026-10-09 18:40:45,580 RX_ECHO ignored
2026-10-09 18:40:45,580 RX_ECHO ignored
2026-10-09 18:40:45,580 RX_ECHO ignored
2026-10-09 18:40:45,580 RX_ECHO ignored
2026-10-09 18:40:45,580 RX_ECHO ignored
2026-10-09 18:40:45,580 RX_ECHO ignored
2026-10-09 18:40:45,580 RX_ECHO ignored
2026-10-09 18:40:45,580 RX_ECHO ignored
2026-10-09 18:40:45,580 RX_ECHO ignored
2026-10-09 18:40:45,580 RX_ECHO ignored
2026-10-09 18:40:45,581 RX_ECHO ignored
2026-10-09 18:40:45,581 RX_ECHO ignored
2026-10-09 18:40:45,581 RX_ECHO ignored
2026-10-09 18:40:45,581 RX_ECHO ignored
2026-10-09 18:40:45,581 RX_ECHO ignored
2026-10-09 18:40:45,581 RX_ECHO ignored
2026-10-09 18:40:45,581 RX_ECHO ignored
2026-10-09 18:40:45,581 RX_ECHO ignored
2026-10-09 18:40:45,581 RX_ECHO ignored
2026-10-09 18:40:45,581 RX_ECHO ignored
2026-10-09 18:40:45,581 RX_ECHO ignored
2026-10-09 18:40:45,581 RX_ECHO ignored
2026-10-09 18:40:45,581 RX_ECHO ignored
2026-10-09 18:40:45,581 RX_ECHO ignored
2026-10-09 18:40:45,581 RX_ECHO ignored
2026-10-09 18:40:45,581 RX_ECHO ignored
2026-10-09 18:40:45,581 RX_ECHO ignored
2026-10-09 18:40:45,581 RX_ECHO ignored
2026-10-09 18:40:45,581 RX_ECHO ignored
2026-10-09 18:40:45,581 RX_ECHO ignored
2026-10-09 18:40:45,581 RX_ECHO ignored
2026-10-09 18:40:45,581 RX_ECHO ignored
2026-10-09 18:40:45,581 RX_ECHO ignored
2026-10-09 18:40:45,581 RX_ECHO ignored
2026-10-09 18:40:45,582 RX_ECHO ignored
2026-10-09 18:40:45,582 RX_ECHO ignored
2026-10-09 18:40:45,582 RX_ECHO ignored
2026-10-09 18:40:45,582 RX_ECHO ignored
2026-10-09 18:40:45,582 RX_ECHO ignored
2026-10-09 18:40:45,582 RX_ECHO ignored
2026-10-09 18:40:45,582 RX_ECHO ignored
2026-10-09 18:40:45,582 RX_ECHO ignored
2026-10-09 18:40:45,582 RX_ECHO ignored
2026-10-09 18:40:45,582 RX_ECHO ignored
2026-10-09 18:40:45,582 RX_ECHO ignored
2026-10-09 18:40:45,582 RX_ECHO ignored
2026-10-09 18:40:45,582 RX_ECHO ignored
2026-10-09 18:40:45,583 RX_ECHO ignored
2026-10-09 18:40:45,583 RX_ECHO ignored
2026-10-09 18:40:45,583 RX_ECHO ignored
2026-10-09 18:40:45,583 RX_ECHO ignored
2026-10-09 18:40:45,583 RX_ECHO ignored
2026-10-09 18:40:45,583 RX_ECHO ignored
2026-10-09 18:40:45,583 RX_ECHO ignored
2026-10-09 18:40:45,583 RX_ECHO ignored
2026-10-09 18:40:45,583 RX_ECHO ignored
2026-10-09 18:40:45,583 RX_ECHO ignored
2026-10-09 18:40:45,583 RX_ECHO ignored
2026-10-09 18:40:45,583 RX_ECHO ignored
2026-10-09 18:40:45,583 RX_ECHO ignored
2026-10-09 18:40:45,584 RX_ECHO ignored
2026-10-09 18:40:45,584 RX_ECHO ignored
2026-10-09 18:40:45,584 RX_ECHO ignored
2026-10-09 18:40:45,584 RX_ECHO ignored
2026-10-09 18:40:45,584 RX_ECHO ignored
2026-10-09 18:40:45,584 RX_ECHO ignored
2026-10-09 18:40:45,584 RX_ECHO ignored
2026-10-09 18:40:45,584 RX_ECHO ignored
2026-10-09 18:40:45,584 RX_ECHO ignored
2026-10-09 18:40:45,584 RX_ECHO ignored
2026-10-09 18:40:45,584 RX_ECHO ignored
2026-10-09 18:40:45,584 RX_ECHO ignored
2026-10-09 18:40:45,584 RX_ECHO ignored
2026-10-09 18:40:45,584 RX_ECHO ignored
2026-10-09 18:40:45,584 RX_ECHO ignored
2026-10-09 18:40:45,584 RX_ECHO ignored
2026-10-09 18:40:45,584 RX_ECHO ignored
2026-10-09 18:40:45,584 RX_ECHO ignored
2026-10-09 18:40:45,584 RX_ECHO ignored
2026-10-09 18:40:45,584 RX_ECHO ignored
2026-10-09 18:40:45,584 RX_ECHO ignored
2026-10-09 18:40:45,585 RX_ECHO ignored
2026-10-09 18:40:45,585 RX_ECHO ignored
2026-10-09 18:40:45,585 RX_ECHO ignored
2026-10-09 18:40:45,585 RX_ECHO ignored
2026-10-09 18:40:45,585 RX_ECHO ignored
2026-10-09 18:40:45,585 RX_ECHO ignored
2026-10-09 18:40:45,585 RX_ECHO ignored
2026-10-09 18:40:45,585 RX_ECHO ignored
2026-10-09 18:40:45,585 RX_ECHO ignored
2026-10-09 18:40:45,585 RX_ECHO ignored
2026-10-09 18:40:45,585 RX_ECHO ignored
2026-10-09 18:40:45,585 RX_ECHO ignored
2026-10-09 18:40:45,585 RX_ECHO ignored
2026-10-09 18:40:45,585 RX_ECHO ignored
2026-10-09 18:40:45,585 RX_ECHO ignored
2026-10-09 18:40:45,585 RX_ECHO ignored
2026-10-09 18:40:45,585 RX_ECHO ignored
2026-10-09 18:40:45,586 RX_ECHO ignored
2026-10-09 18:40:45,586 RX_ECHO ignored
2026-10-09 18:40:45,586 RX_ECHO ignored
2026-10-09 18:40:45,586 RX_ECHO ignored
2026-10-09 18:40:45,586 RX_ECHO ignored
2026-10-09 18:40:45,586 RX_ECHO ignored
2026-10-09 18:40:45,586 RX_ECHO ignored
2026-10-09 18:40:45,586 RX_ECHO ignored
2026-10-09 18:40:45,586 RX_ECHO ignored
2026-10-09 18:40:45,586 RX_ECHO ignored
2026-10-09 18:40:45,586 RX_ECHO ignored
2026-10-09 18:40:45,586 RX_ECHO ignored
2026-10-09 18:40:45,586 RX_ECHO ignored
2026-10-09 18:40:45,587 RX_ECHO ignored
2026-10-09 18:40:45,587 RX_ECHO ignored
2026-10-09 18:40:45,587 RX_ECHO ignored
2026-10-09 18:40:45,587 RX_ECHO ignored
2026-10-09 18:40:45,587 RX_ECHO ignored
2026-10-09 18:40:45,587 RX_ECHO ignored
2026-10-09 18:40:45,587 RX_ECHO ignored
2026-10-09 18:40:45,587 RX_ECHO ignored
2026-10-09 18:40:45,587 RX_ECHO ignored
2026-10-09 18:40:45,587 RX_ECHO ignored
2026-10-09 18:40:45,587 RX_ECHO ignored
2026-10-09 18:40:45,587 RX_ECHO ignored
2026-10-09 18:40:45,587 RX_ECHO ignored
2026-10-09 18:40:45,587 RX_ECHO ignored
2026-10-09 18:40:45,587 RX_ECHO ignored
2026-10-09 18:40:45,587 RX_ECHO ignored
2026-10-09 18:40:45,587 RX_ECHO ignored
2026-10-09 18:40:45,587 RX_ECHO ignored
2026-10-09 18:40:45,587 RX_ECHO ignored
2026-10-09 18:40:45,587 RX_ECHO ignored
2026-10-09 18:40:45,587 RX_ECHO ignored
2026-10-09 18:40:45,588 RX_ECHO ignored
2026-10-09 18:40:45,588 RX_ECHO ignored
2026-10-09 18:40:45,588 RX_ECHO ignored
2026-10-09 18:40:45,588 RX_ECHO ignored
2026-10-09 18:40:45,588 RX_ECHO ignored
2026-10-09 18:40:45,588 RX_ECHO ignored
2026-10-09 18:40:45,588 RX_ECHO ignored
2026-10-09 18:40:45,588 RX_ECHO ignored
2026-10-09 18:40:45,588 RX_ECHO ignored
2026-10-09 18:40:45,588 RX_ECHO ignored
2026-10-09 18:40:45,588 RX_ECHO ignored
2026-10-09 18:40:45,588 RX_ECHO ignored
2026-10-09 18:40:45,588 RX_ECHO ignored
2026-10-09 18:40:45,588 RX_ECHO ignored
2026-10-09 18:40:45,588 RX_ECHO ignored
2026-10-09 18:40:45,588 RX_ECHO ignored
2026-10-09 18:40:45,588 RX_ECHO ignored
2026-10-09 18:40:45,589 RX_ECHO ignored
2026-10-09 18:40:45,589 RX_ECHO ignored
2026-10-09 18:40:45,589 RX_ECHO ignored
2026-10-09 18:40:45,589 RX_ECHO ignored
2026-10-09 18:40:45,589 RX_ECHO ignored
2026-10-09 18:40:45,589 RX_ECHO ignored
2026-10-09 18:40:45,589 RX_ECHO ignored
2026-10-09 18:40:45,589 RX_ECHO ignored
2026-10-09 18:40:45,589 RX_ECHO ignored
2026-10-09 18:40:45,589 RX_ECHO ignored
2026-10-09 18:40:45,589 RX_ECHO ignored
2026-10-09 18:40:45,589 RX_ECHO ignored
2026-10-09 18:40:45,589 RX_ECHO ignored
2026-10-09 18:40:45,589 RX_ECHO ignored
2026-10-09 18:40:45,589 RX_ECHO ignored
2026-10-09 18:40:45,589 RX_ECHO ignored
2026-10-09 18:40:45,589 RX_ECHO ignored
2026-10-09 18:40:45,590 RX_ECHO ignored
2026-10-09 18:40:45,590 RX_ECHO ignored
2026-10-09 18:40:45,590 RX_ECHO ignored
2026-10-09 18:40:45,590 RX_ECHO ignored
2026-10-09 18:40:45,590 RX_ECHO ignored
2026-10-09 18:40:45,590 RX_ECHO ignored
2026-10-09 18:40:45,590 RX_ECHO ignored
2026-10-09 18:40:45,590 RX_ECHO ignored
2026-10-09 18:40:45,590 RX_ECHO ignored
2026-10-09 18:40:45,590 RX_ECHO ignored
2026-10-09 18:40:45,590 RX_ECHO ignored
2026-10-09 18:40:45,590 RX_ECHO ignored
2026-10-09 18:40:45,590 RX_ECHO ignored
2026-10-09 18:40:45,590 RX_ECHO ignored
2026-10-09 18:40:45,590 RX_ECHO ignored
2026-10-09 18:40:45,590 RX_ECHO ignored
2026-10-09 18:40:45,590 RX_ECHO ignored
2026-10-09 18:40:45,590 RX_ECHO ignored
2026-10-09 18:40:45,590 RX_ECHO ignored
2026-10-09 18:40:45,590 RX_ECHO ignored
2026-10-09 18:40:45,590 RX_ECHO ignored
2026-10-09 18:40:45,590 RX_ECHO ignored
2026-10-09 18:40:45,591 RX_ECHO ignored
2026-10-09 18:40:45,591 RX_ECHO ignored
2026-10-09 18:40:45,591 RX_ECHO ignored
2026-10-09 18:40:45,591 RX_ECHO ignored
2026-10-09 18:40:45,591 RX_ECHO ignored
2026-10-09 18:40:45,591 RX_ECHO ignored
2026-10-09 18:40:45,591 RX_ECHO ignored
2026-10-09 18:40:45,591 RX_ECHO ignored
2026-10-09 18:40:45,591 RX_ECHO ignored
2026-10-09 18:40:45,591 RX_ECHO ignored
2026-10-09 18:40:45,591 RX_ECHO ignored
2026-10-09 18:40:45,591 RX_ECHO ignored
2026-10-09 18:40:45,591 RX_ECHO ignored
2026-10-09 18:40:45,592 RX_ECHO ignored
2026-10-09 18:40:45,592 RX_ECHO ignored
2026-10-09 18:40:45,592 RX_ECHO ignored
2026-10-09 18:40:45,592 RX_ECHO ignored
2026-10-09 18:40:45,592 RX_ECHO ignored
2026-10-09 18:40:45,592 RX_ECHO ignored
2026-10-09 18:40:45,592 RX_ECHO ignored
2026-10-09 18:40:45,592 RX_ECHO ignored
2026-10-09 18:40:45,592 RX_ECHO ignored
2026-10-09 18:40:45,592 RX_ECHO ignored
2026-10-09 18:40:45,592 RX_ECHO ignored
2026-10-09 18:40:45,592 RX_ECHO ignored
2026-10-09 18:40:45,592 RX_ECHO ignored
2026-10-09 18:40:45,592 RX_ECHO ignored
2026-10-09 18:40:45,592 RX_ECHO ignored
2026-10-09 18:40:45,592 RX_ECHO ignored
2026-10-09 18:40:45,592 RX_ECHO ignored
2026-10-09 18:40:45,592 RX_ECHO ignored
2026-10-09 18:40:45,592 RX_ECHO ignored
2026-10-09 18:40:45,592 RX_ECHO ignored
2026-10-09 18:40:45,592 RX_ECHO ignored
2026-10-09 18:40:45,592 RX_ECHO ignored
2026-10-09 18:40:45,592 RX_ECHO ignored
2026-10-09 18:40:45,592 RX_ECHO ignored
2026-10-09 18:40:45,592 RX_ECHO ignored
2026-10-09 18:40:45,593 RX_ECHO ignored
2026-10-09 18:40:45,593 RX_ECHO ignored
2026-10-09 18:40:45,593 RX_ECHO ignored
2026-10-09 18:40:45,593 RX_ECHO ignored
2026-10-09 18:40:45,593 RX_ECHO ignored
2026-10-09 18:40:45,593 RX_ECHO ignored
2026-10-09 18:40:45,593 RX_ECHO ignored
2026-10-09 18:40:45,593 RX_ECHO ignored
2026-10-09 18:40:45,593 RX_ECHO ignored
2026-10-09 18:40:45,593 RX_ECHO ignored
2026-10-09 18:40:45,593 RX_ECHO ignored
2026-10-09 18:40:45,593 RX_ECHO ignored
2026-10-09 18:40:45,593 RX_ECHO ignored
2026-10-09 18:40:45,594 RX_ECHO ignored
2026-10-09 18:40:45,594 RX_ECHO ignored
2026-10-09 18:40:45,594 RX_ECHO ignored
2026-10-09 18:40:45,594 RX_ECHO ignored
2026-10-09 18:40:45,594 RX_ECHO ignored
2026-10-09 18:40:45,594 RX_ECHO ignored
2026-10-09 18:40:45,594 RX_ECHO ignored
2026-10-09 18:40:45,594 RX_ECHO ignored
2026-10-09 18:40:45,594 RX_ECHO ignored
2026-10-09 18:40:45,594 RX_ECHO ignored
2026-10-09 18:40:45,594 RX_ECHO ignored
2026-10-09 18:40:45,594 RX_ECHO ignored
2026-10-09 18:40:45,594 RX_ECHO ignored
2026-10-09 18:40:45,595 RX_ECHO ignored
2026-10-09 18:40:45,595 RX_ECHO ignored
2026-10-09 18:40:45,595 RX_ECHO ignored
2026-10-09 18:40:45,595 RX_ECHO ignored
2026-10-09 18:40:45,595 RX_ECHO ignored
2026-10-09 18:40:45,595 RX_ECHO ignored
2026-10-09 18:40:45,595 RX_ECHO ignored
2026-10-09 18:40:45,595 RX_ECHO ignored
2026-10-09 18:40:45,595 RX_ECHO ignored
2026-10-09 18:40:45,595 RX_ECHO ignored
2026-10-09 18:40:45,595 RX_ECHO ignored
2026-10-09 18:40:45,595 RX_ECHO ignored
2026-10-09 18:40:45,595 RX_ECHO ignored
2026-10-09 18:40:45,595 RX_ECHO ignored
2026-10-09 18:40:45,595 RX_ECHO ignored
2026-10-09 18:40:45,595 RX_ECHO ignored
2026-10-09 18:40:45,595 RX_ECHO ignored
2026-10-09 18:40:45,595 RX_ECHO ignored
2026-10-09 18:40:45,595 RX_ECHO ignored
2026-10-09 18:40:45,595 RX_ECHO ignored
2026-10-09 18:40:45,595 RX_ECHO ignored
2026-10-09 18:40:45,595 RX_ECHO ignored
2026-10-09 18:40:45,595 RX_ECHO ignored
2026-10-09 18:40:45,595 RX_ECHO ignored
2026-10-09 18:40:45,595 RX_ECHO ignored
2026-10-09 18:40:45,596 RX_ECHO ignored
2026-10-09 18:40:45,596 RX_ECHO ignored
2026-10-09 18:40:45,596 RX_ECHO ignored
2026-10-09 18:40:45,596 RX_ECHO ignored
2026-10-09 18:40:45,596 RX_ECHO ignored
2026-10-09 18:40:45,596 RX_ECHO ignored
2026-10-09 18:40:45,596 RX_ECHO ignored
2026-10-09 18:40:45,596 RX_ECHO ignored
2026-10-09 18:40:45,596 RX_ECHO ignored
2026-10-09 18:40:45,596 RX_ECHO ignored
2026-10-09 18:40:45,596 RX_ECHO ignored
2026-10-09 18:40:45,596 RX_ECHO ignored
2026-10-09 18:40:45,596 RX_ECHO ignored
2026-10-09 18:40:45,597 RX_ECHO ignored
2026-10-09 18:40:45,597 RX_ECHO ignored
2026-10-09 18:40:45,597 RX_ECHO ignored
2026-10-09 18:40:45,597 RX_ECHO ignored
2026-10-09 18:40:45,597 RX_ECHO ignored
2026-10-09 18:40:45,597 RX_ECHO ignored
2026-10-09 18:40:45,597 RX_ECHO ignored
2026-10-09 18:40:45,597 RX_ECHO ignored
2026-10-09 18:40:45,597 RX_ECHO ignored
2026-10-09 18:40:45,597 RX_ECHO ignored
2026-10-09 18:40:45,597 RX_ECHO ignored
2026-10-09 18:40:45,597 RX_ECHO ignored
2026-10-09 18:40:45,597 RX_ECHO ignored
2026-10-09 18:40:45,597 RX_ECHO ignored
2026-10-09 18:40:45,598 RX_ECHO ignored
2026-10-09 18:40:45,598 RX_ECHO ignored
2026-10-09 18:40:45,598 RX_ECHO ignored
2026-10-09 18:40:45,598 RX_ECHO ignored
2026-10-09 18:40:45,598 RX_ECHO ignored
2026-10-09 18:40:45,598 RX_ECHO ignored
2026-10-09 18:40:45,598 RX_ECHO ignored
2026-10-09 18:40:45,598 RX_ECHO ignored
2026-10-09 18:40:45,598 RX_ECHO ignored
2026-10-09 18:40:45,598 RX_ECHO ignored
2026-10-09 18:40:45,598 RX_ECHO ignored
2026-10-09 18:40:45,598 RX_ECHO ignored
2026-10-09 18:40:45,598 RX_ECHO ignored
2026-10-09 18:40:45,598 RX_ECHO ignored
2026-10-09 18:40:45,598 RX_ECHO ignored
2026-10-09 18:40:45,598 RX_ECHO ignored
2026-10-09 18:40:45,598 RX_ECHO ignored
2026-10-09 18:40:45,598 RX_ECHO ignored
2026-10-09 18:40:45,598 RX_ECHO ignored
2026-10-09 18:40:45,598 RX_ECHO ignored
2026-10-09 18:40:45,598 RX_ECHO ignored
2026-10-09 18:40:45,598 RX_ECHO ignored
2026-10-09 18:40:45,598 RX_ECHO ignored
2026-10-09 18:40:45,598 RX_ECHO ignored
2026-10-09 18:40:45,598 RX_ECHO ignored
2026-10-09 18:40:45,599 RX_ECHO ignored
2026-10-09 18:40:45,599 RX_ECHO ignored
2026-10-09 18:40:45,599 RX_ECHO ignored
2026-10-09 18:40:45,599 RX_ECHO ignored
2026-10-09 18:40:45,599 RX_ECHO ignored
2026-10-09 18:40:45,599 RX_ECHO ignored
2026-10-09 18:40:45,599 RX_ECHO ignored
2026-10-09 18:40:45,599 RX_ECHO ignored
2026-10-09 18:40:45,599 RX_ECHO ignored
2026-10-09 18:40:45,599 RX_ECHO ignored
2026-10-09 18:40:45,599 RX_ECHO ignored
2026-10-09 18:40:45,599 RX_ECHO ignored
2026-10-09 18:40:45,600 RX_ECHO ignored
2026-10-09 18:40:45,600 RX_ECHO ignored
2026-10-09 18:40:45,600 RX_ECHO ignored
2026-10-09 18:40:45,600 RX_ECHO ignored
2026-10-09 18:40:45,600 RX_ECHO ignored
2026-10-09 18:40:45,600 RX_ECHO ignored
2026-10-09 18:40:45,600 RX_ECHO ignored
2026-10-09 18:40:45,600 RX_ECHO ignored
2026-10-09 18:40:45,600 RX_ECHO ignored
2026-10-09 18:40:45,600 RX_ECHO ignored
2026-10-09 18:40:45,600 RX_ECHO ignored
2026-10-09 18:40:45,600 RX_ECHO ignored
2026-10-09 18:40:45,600 RX_ECHO ignored
2026-10-09 18:40:45,600 RX_ECHO ignored
2026-10-09 18:40:45,600 RX_ECHO ignored
2026-10-09 18:40:45,600 RX_ECHO ignored
2026-10-09 18:40:45,601 RX_ECHO ignored
2026-10-09 18:40:45,601 RX_ECHO ignored
2026-10-09 18:40:45,601 RX_ECHO ignored
2026-10-09 18:40:45,601 RX_ECHO ignored
2026-10-09 18:40:45,601 RX_ECHO ignored
2026-10-09 18:40:45,601 RX_ECHO ignored
2026-10-09 18:40:45,601 RX_ECHO ignored
2026-10-09 18:40:45,601 RX_ECHO ignored
2026-10-09 18:40:45,601 RX_ECHO ignored
2026-10-09 18:40:45,601 RX_ECHO ignored
2026-10-09 18:40:45,601 RX_ECHO ignored
2026-10-09 18:40:45,601 RX_ECHO ignored
2026-10-09 18:40:45,601 RX_ECHO ignored
2026-10-09 18:40:45,601 RX_ECHO ignored
2026-10-09 18:40:45,601 RX_ECHO ignored
2026-10-09 18:40:45,601 RX_ECHO ignored
2026-10-09 18:40:45,601 RX_ECHO ignored
2026-10-09 18:40:45,601 RX_ECHO ignored
2026-10-09 18:40:45,601 RX_ECHO ignored
2026-10-09 18:40:45,601 RX_ECHO ignored
2026-10-09 18:40:45,601 RX_ECHO ignored
2026-10-09 18:40:45,601 RX_ECHO ignored
2026-10-09 18:40:45,601 RX_ECHO ignored
2026-10-09 18:40:45,602 RX_ECHO ignored
2026-10-09 18:40:45,602 RX_ECHO ignored
2026-10-09 18:40:45,602 RX_ECHO ignored
2026-10-09 18:40:45,602 RX_ECHO ignored
2026-10-09 18:40:45,602 RX_ECHO ignored
2026-10-09 18:40:45,602 RX_ECHO ignored
2026-10-09 18:40:45,602 RX_ECHO ignored
2026-10-09 18:40:45,602 RX_ECHO ignored
2026-10-09 18:40:45,602 RX_ECHO ignored
2026-10-09 18:40:45,602 RX_ECHO ignored
2026-10-09 18:40:45,602 RX_ECHO ignored
2026-10-09 18:40:45,602 RX_ECHO ignored
2026-10-09 18:40:45,602 RX_ECHO ignored
2026-10-09 18:40:45,603 RX_ECHO ignored
2026-10-09 18:40:45,603 RX_ECHO ignored
2026-10-09 18:40:45,603 RX_ECHO ignored
2026-10-09 18:40:45,603 RX_ECHO ignored
2026-10-09 18:40:45,603 RX_ECHO ignored
2026-10-09 18:40:45,603 RX_ECHO ignored
2026-10-09 18:40:45,603 RX_ECHO ignored
2026-10-09 18:40:45,603 RX_ECHO ignored
2026-10-09 18:40:45,603 RX_ECHO ignored
2026-10-09 18:40:45,603 RX_ECHO ignored
2026-10-09 18:40:45,603 RX_ECHO ignored
2026-10-09 18:40:45,603 RX_ECHO ignored
2026-10-09 18:40:45,603 RX_ECHO ignored
2026-10-09 18:40:45,603 RX_ECHO ignored
2026-10-09 18:40:45,603 RX_ECHO ignored
2026-10-09 18:40:45,604 RX_ECHO ignored
2026-10-09 18:40:45,604 RX_ECHO ignored
2026-10-09 18:40:45,604 RX_ECHO ignored
2026-10-09 18:40:45,604 RX_ECHO ignored
2026-10-09 18:40:45,604 RX_ECHO ignored
2026-10-09 18:40:45,604 RX_ECHO ignored
2026-10-09 18:40:45,604 RX_ECHO ignored
2026-10-09 18:40:45,604 RX_ECHO ignored
2026-10-09 18:40:45,604 RX_ECHO ignored
2026-10-09 18:40:45,604 RX_ECHO ignored
2026-10-09 18:40:45,604 RX_ECHO ignored
2026-10-09 18:40:45,604 RX_ECHO ignored
2026-10-09 18:40:45,604 RX_ECHO ignored
2026-10-09 18:40:45,604 RX_ECHO ignored
2026-10-09 18:40:45,604 RX_ECHO ignored
2026-10-09 18:40:45,604 RX_ECHO ignored
2026-10-09 18:40:45,604 RX_ECHO ignored
2026-10-09 18:40:45,604 RX_ECHO ignored
2026-10-09 18:40:45,604 RX_ECHO ignored
2026-10-09 18:40:45,604 RX_ECHO ignored
2026-10-09 18:40:45,604 RX_ECHO ignored
2026-10-09 18:40:45,604 RX_ECHO ignored
2026-10-09 18:40:45,604 RX_ECHO ignored
2026-10-09 18:40:45,605 RX_ECHO ignored
2026-10-09 18:40:45,605 RX_ECHO ignored
2026-10-09 18:40:45,605 RX_ECHO ignored
2026-10-09 18:40:45,605 RX_ECHO ignored
2026-10-09 18:40:45,605 RX_ECHO ignored
2026-10-09 18:40:45,605 RX_ECHO ignored
2026-10-09 18:40:45,605 RX_ECHO ignored
2026-10-09 18:40:45,605 RX_ECHO ignored
2026-10-09 18:40:45,605 RX_ECHO ignored
2026-10-09 18:40:45,605 RX_ECHO ignored
2026-10-09 18:40:45,605 RX_ECHO ignored
2026-10-09 18:40:45,605 RX_ECHO ignored
2026-10-09 18:40:45,605 RX_ECHO ignored
2026-10-09 18:40:45,606 RX_ECHO ignored
2026-10-09 18:40:45,606 RX_ECHO ignored
2026-10-09 18:40:45,606 RX_ECHO ignored
2026-10-09 18:40:45,606 RX_ECHO ignored
2026-10-09 18:40:45,606 RX_ECHO ignored
2026-10-09 18:40:45,606 RX_ECHO ignored
2026-10-09 18:40:45,606 RX_ECHO ignored
2026-10-09 18:40:45,606 RX_ECHO ignored
2026-10-09 18:40:45,606 RX_ECHO ignored
2026-10-09 18:40:45,606 RX_ECHO ignored
2026-10-09 18:40:45,606 RX_ECHO ignored
2026-10-09 18:40:45,606 RX_ECHO ignored
2026-10-09 18:40:45,606 RX_ECHO ignored
2026-10-09 18:40:45,606 RX_ECHO ignored
2026-10-09 18:40:45,606 RX_ECHO ignored
2026-10-09 18:40:45,606 RX_ECHO ignored
2026-10-09 18:40:45,606 RX_ECHO ignored
2026-10-09 18:40:45,606 RX_ECHO ignored
2026-10-09 18:40:45,606 RX_ECHO ignored
2026-10-09 18:40:45,606 RX_ECHO ignored
2026-10-09 18:40:45,606 RX_ECHO ignored
2026-10-09 18:40:45,606 RX_ECHO ignored
2026-10-09 18:40:45,606 RX_ECHO ignored
2026-10-09 18:40:45,606 RX_ECHO ignored
2026-10-09 18:40:45,607 RX_ECHO ignored
2026-10-09 18:40:45,607 RX_ECHO ignored
2026-10-09 18:40:45,607 RX_ECHO ignored
2026-10-09 18:40:45,607 RX_ECHO ignored
2026-10-09 18:40:45,607 RX_ECHO ignored
2026-10-09 18:40:45,607 RX_ECHO ignored
2026-10-09 18:40:45,607 RX_ECHO ignored
2026-10-09 18:40:45,607 RX_ECHO ignored
2026-10-09 18:40:45,607 RX_ECHO ignored
2026-10-09 18:40:45,607 RX_ECHO ignored
2026-10-09 18:40:45,607 RX_ECHO ignored
2026-10-09 18:40:45,607 RX_ECHO ignored
2026-10-09 18:40:45,607 RX_ECHO ignored
2026-10-09 18:40:45,607 RX_ECHO ignored
2026-10-09 18:40:45,608 RX_ECHO ignored
2026-10-09 18:40:45,608 RX_ECHO ignored
2026-10-09 18:40:45,608 RX_ECHO ignored
2026-10-09 18:40:45,608 RX_ECHO ignored
2026-10-09 18:40:45,608 RX_ECHO ignored
2026-10-09 18:40:45,608 RX_ECHO ignored
2026-10-09 18:40:45,608 RX_ECHO ignored
2026-10-09 18:40:45,608 RX_ECHO ignored
2026-10-09 18:40:45,608 RX_ECHO ignored
2026-10-09 18:40:45,608 RX_ECHO ignored
2026-10-09 18:40:45,608 RX_ECHO ignored
2026-10-09 18:40:45,608 RX_ECHO ignored
2026-10-09 18:40:45,608 RX_ECHO ignored
2026-10-09 18:40:45,608 RX_ECHO ignored
2026-10-09 18:40:45,609 RX_ECHO ignored
2026-10-09 18:40:45,609 RX_ECHO ignored
2026-10-09 18:40:45,609 RX_ECHO ignored
2026-10-09 18:40:45,609 RX_ECHO ignored
2026-10-09 18:40:45,609 RX_ECHO ignored
2026-10-09 18:40:45,609 RX_ECHO ignored
2026-10-09 18:40:45,609 RX_ECHO ignored
2026-10-09 18:40:45,609 RX_ECHO ignored
2026-10-09 18:40:45,609 RX_ECHO ignored
2026-10-09 18:40:45,609 RX_ECHO ignored
2026-10-09 18:40:45,609 RX_ECHO ignored
2026-10-09 18:40:45,609 RX_ECHO ignored
2026-10-09 18:40:45,609 RX_ECHO ignored
2026-10-09 18:40:45,609 RX_ECHO ignored
2026-10-09 18:40:45,609 RX_ECHO ignored
2026-10-09 18:40:45,609 RX_ECHO ignored
2026-10-09 18:40:45,609 RX_ECHO ignored
2026-10-09 18:40:45,609 RX_ECHO ignored
2026-10-09 18:40:45,609 RX_ECHO ignored
2026-10-09 18:40:45,609 RX_ECHO ignored
2026-10-09 18:40:45,609 RX_ECHO ignored
2026-10-09 18:40:45,609 RX_ECHO ignored
2026-10-09 18:40:45,609 RX_ECHO ignored
2026-10-09 18:40:45,609 RX_ECHO ignored
2026-10-09 18:40:45,609 RX_ECHO ignored
2026-10-09 18:40:45,610 RX_ECHO ignored
2026-10-09 18:40:45,610 RX_ECHO ignored
2026-10-09 18:40:45,610 RX_ECHO ignored
2026-10-09 18:40:45,610 RX_ECHO ignored
2026-10-09 18:40:45,610 RX_ECHO ignored
2026-10-09 18:40:45,610 RX_ECHO ignored
2026-10-09 18:40:45,610 RX_ECHO ignored
2026-10-09 18:40:45,610 RX_ECHO ignored
2026-10-09 18:40:45,610 RX_ECHO ignored
2026-10-09 18:40:45,610 RX_ECHO ignored
2026-10-09 18:40:45,610 RX_ECHO ignored
2026-10-09 18:40:45,610 RX_ECHO ignored
2026-10-09 18:40:45,610 RX_ECHO ignored
2026-10-09 18:40:45,611 RX_ECHO ignored
2026-10-09 18:40:45,611 RX_ECHO ignored
2026-10-09 18:40:45,611 RX_ECHO ignored
2026-10-09 18:40:45,611 RX_ECHO ignored
2026-10-09 18:40:45,611 RX_ECHO ignored
2026-10-09 18:40:45,611 RX_ECHO ignored
2026-10-09 18:40:45,611 RX_ECHO ignored
2026-10-09 18:40:45,611 RX_ECHO ignored
2026-10-09 18:40:45,611 RX_ECHO ignored
2026-10-09 18:40:45,611 RX_ECHO ignored
2026-10-09 18:40:45,611 RX_ECHO ignored
2026-10-09 18:40:45,611 RX_ECHO ignored
2026-10-09 18:40:45,611 RX_ECHO ignored
2026-10-09 18:40:45,611 RX_ECHO ignored
2026-10-09 18:40:45,611 RX_ECHO ignored
2026-10-09 18:40:45,611 RX_ECHO ignored
2026-10-09 18:40:45,611 RX_ECHO ignored
2026-10-09 18:40:45,611 RX_ECHO ignored
2026-10-09 18:40:45,611 RX_ECHO ignored
2026-10-09 18:40:45,611 RX_ECHO ignored
2026-10-09 18:40:45,611 RX_ECHO ignored
2026-10-09 18:40:45,611 RX_ECHO ignored
2026-10-09 18:40:45,611 RX_ECHO ignored
2026-10-09 18:40:45,611 RX_ECHO ignored
2026-10-09 18:40:45,611 RX_ECHO ignored
2026-10-09 18:40:45,612 RX_ECHO ignored
2026-10-09 18:40:45,612 RX_ECHO ignored
2026-10-09 18:40:45,612 RX_ECHO ignored
2026-10-09 18:40:45,612 RX_ECHO ignored
2026-10-09 18:40:45,612 RX_ECHO ignored
2026-10-09 18:40:45,612 RX_ECHO ignored
2026-10-09 18:40:45,612 RX_ECHO ignored
2026-10-09 18:40:45,612 RX_ECHO ignored
2026-10-09 18:40:45,612 RX_ECHO ignored
2026-10-09 18:40:45,612 RX_ECHO ignored
2026-10-09 18:40:45,612 RX_ECHO ignored
2026-10-09 18:40:45,612 RX_ECHO ignored
2026-10-09 18:40:45,612 RX_ECHO ignored
2026-10-09 18:40:45,613 RX_ECHO ignored
2026-10-09 18:40:45,613 RX_ECHO ignored
2026-10-09 18:40:45,613 RX_ECHO ignored
2026-10-09 18:40:45,613 RX_ECHO ignored
2026-10-09 18:40:45,613 RX_ECHO ignored
2026-10-09 18:40:45,613 RX_ECHO ignored
2026-10-09 18:40:45,613 RX_ECHO ignored
2026-10-09 18:40:45,613 RX_ECHO ignored
2026-10-09 18:40:45,613 RX_ECHO ignored
2026-10-09 18:40:45,613 RX_ECHO ignored
2026-10-09 18:40:45,613 RX_ECHO ignored
2026-10-09 18:40:45,613 RX_ECHO ignored
2026-10-09 18:40:45,613 RX_ECHO ignored
2026-10-09 18:40:45,613 RX_ECHO ignored
2026-10-09 18:40:45,613 RX_ECHO ignored
2026-10-09 18:40:45,613 RX_ECHO ignored
2026-10-09 18:40:45,613 RX_ECHO ignored
2026-10-09 18:40:45,613 RX_ECHO ignored
2026-10-09 18:40:45,613 RX_ECHO ignored
2026-10-09 18:40:45,613 RX_ECHO ignored
2026-10-09 18:40:45,613 RX_ECHO ignored
2026-10-09 18:40:45,614 RX_ECHO ignored
2026-10-09 18:40:45,614 RX_ECHO ignored
2026-10-09 18:40:45,614 RX_ECHO ignored
2026-10-09 18:40:45,614 RX_ECHO ignored
2026-10-09 18:40:45,614 RX_ECHO ignored
2026-10-09 18:40:45,614 RX_ECHO ignored
2026-10-09 18:40:45,614 RX_ECHO ignored
2026-10-09 18:40:45,614 RX_ECHO ignored
2026-10-09 18:40:45,614 RX_ECHO ignored
2026-10-09 18:40:45,614 RX_ECHO ignored
2026-10-09 18:40:45,614 RX_ECHO ignored
2026-10-09 18:40:45,614 RX_ECHO ignored
2026-10-09 18:40:45,614 RX_ECHO ignored
2026-10-09 18:40:45,614 RX_ECHO ignored
2026-10-09 18:40:45,614 RX_ECHO ignored
2026-10-09 18:40:45,614 RX_ECHO ignored
2026-10-09 18:40:45,614 RX_ECHO ignored
2026-10-09 18:40:45,615 RX_ECHO ignored
2026-10-09 18:40:45,615 RX_ECHO ignored
2026-10-09 18:40:45,615 RX_ECHO ignored
2026-10-09 18:40:45,615 RX_ECHO ignored
2026-10-09 18:40:45,615 RX_ECHO ignored
2026-10-09 18:40:45,615 RX_ECHO ignored
2026-10-09 18:40:45,615 RX_ECHO ignored
2026-10-09 18:40:45,615 RX_ECHO ignored
2026-10-09 18:40:45,615 RX_ECHO ignored
2026-10-09 18:40:45,615 RX_ECHO ignored
2026-10-09 18:40:45,615 RX_ECHO ignored
2026-10-09 18:40:45,615 RX_ECHO ignored
2026-10-09 18:40:45,615 RX_ECHO ignored
2026-10-09 18:40:45,616 RX_ECHO ignored
2026-10-09 18:40:45,616 RX_ECHO ignored
2026-10-09 18:40:45,616 RX_ECHO ignored
2026-10-09 18:40:45,616 RX_ECHO ignored
2026-10-09 18:40:45,616 RX_ECHO ignored
2026-10-09 18:40:45,616 RX_ECHO ignored
2026-10-09 18:40:45,616 RX_ECHO ignored
2026-10-09 18:40:45,616 RX_ECHO ignored
2026-10-09 18:40:45,616 RX_ECHO ignored
2026-10-09 18:40:45,616 RX_ECHO ignored
2026-10-09 18:40:45,616 RX_ECHO ignored
2026-10-09 18:40:45,616 RX_ECHO ignored
2026-10-09 18:40:45,616 RX_ECHO ignored
2026-10-09 18:40:45,617 RX_ECHO ignored
2026-10-09 18:40:45,617 RX_ECHO ignored
2026-10-09 18:40:45,617 RX_ECHO ignored
2026-10-09 18:40:45,617 RX_ECHO ignored
2026-10-09 18:40:45,617 RX_ECHO ignored
2026-10-09 18:40:45,617 RX_ECHO ignored
2026-10-09 18:40:45,617 RX_ECHO ignored
2026-10-09 18:40:45,617 RX_ECHO ignored
2026-10-09 18:40:45,617 RX_ECHO ignored
2026-10-09 18:40:45,617 RX_ECHO ignored
2026-10-09 18:40:45,617 RX_ECHO ignored
2026-10-09 18:40:45,617 RX_ECHO ignored
2026-10-09 18:40:45,617 RX_ECHO ignored
2026-10-09 18:40:45,617 RX_ECHO ignored
2026-10-09 18:40:45,617 RX_ECHO ignored
2026-10-09 18:40:45,617 RX_ECHO ignored
2026-10-09 18:40:45,617 RX_ECHO ignored
2026-10-09 18:40:45,617 RX_ECHO ignored
2026-10-09 18:40:45,618 RX_ECHO ignored
2026-10-09 18:40:45,618 RX_ECHO ignored
2026-10-09 18:40:45,618 RX_ECHO ignored
2026-10-09 18:40:45,618 RX_ECHO ignored
2026-10-09 18:40:45,618 RX_ECHO ignored
2026-10-09 18:40:45,618 RX_ECHO ignored
2026-10-09 18:40:45,618 RX_ECHO ignored
2026-10-09 18:40:45,618 RX_ECHO ignored
2026-10-09 18:40:45,618 RX_ECHO ignored
2026-10-09 18:40:45,618 RX_ECHO ignored
2026-10-09 18:40:45,618 RX_ECHO ignored
2026-10-09 18:40:45,618 RX_ECHO ignored
2026-10-09 18:40:45,618 RX_ECHO ignored
2026-10-09 18:40:45,618 RX_ECHO ignored
2026-10-09 18:40:45,618 RX_ECHO ignored
2026-10-09 18:40:45,618 RX_ECHO ignored
2026-10-09 18:40:45,618 RX_ECHO ignored
2026-10-09 18:40:45,619 RX_ECHO ignored
2026-10-09 18:40:45,619 RX_ECHO ignored
2026-10-09 18:40:45,619 RX_ECHO ignored
2026-10-09 18:40:45,619 RX_ECHO ignored
2026-10-09 18:40:45,619 RX_ECHO ignored
2026-10-09 18:40:45,619 RX_ECHO ignored
2026-10-09 18:40:45,619 RX_ECHO ignored
2026-10-09 18:40:45,619 RX_ECHO ignored
2026-10-09 18:40:45,619 RX_ECHO ignored
2026-10-09 18:40:45,619 RX_ECHO ignored
2026-10-09 18:40:45,619 RX_ECHO ignored
2026-10-09 18:40:45,619 RX_ECHO ignored
2026-10-09 18:40:45,619 RX_ECHO ignored
2026-10-09 18:40:45,619 RX_ECHO ignored
2026-10-09 18:40:45,619 RX_ECHO ignored
2026-10-09 18:40:45,619 RX_ECHO ignored
2026-10-09 18:40:45,620 RX_ECHO ignored
2026-10-09 18:40:45,620 RX_ECHO ignored
2026-10-09 18:40:45,620 RX_ECHO ignored
2026-10-09 18:40:45,621 RX_ECHO ignored
2026-10-09 18:40:45,621 RX_ECHO ignored
2026-10-09 18:40:45,621 RX_ECHO ignored
2026-10-09 18:40:45,621 RX_ECHO ignored
2026-10-09 18:40:45,621 RX_ECHO ignored
2026-10-09 18:40:45,621 RX_ECHO ignored
2026-10-09 18:40:45,621 RX_ECHO ignored
2026-10-09 18:40:45,621 RX_ECHO ignored
2026-10-09 18:40:45,621 RX_ECHO ignored
2026-10-09 18:40:45,621 RX_ECHO ignored
2026-10-09 18:40:45,621 RX_ECHO ignored
2026-10-09 18:40:45,621 RX_ECHO ignored
2026-10-09 18:40:45,621 RX_ECHO ignored
2026-10-09 18:40:45,621 RX_ECHO ignored
2026-10-09 18:40:45,621 RX_ECHO ignored
2026-10-09 18:40:45,621 RX_ECHO ignored
2026-10-09 18:40:45,621 RX_ECHO ignored
2026-10-09 18:40:45,621 RX_ECHO ignored
2026-10-09 18:40:45,621 RX_ECHO ignored
2026-10-09 18:40:45,621 RX_ECHO ignored
2026-10-09 18:40:45,621 RX_ECHO ignored
2026-10-09 18:40:45,621 RX_ECHO ignored
2026-10-09 18:40:45,621 RX_ECHO ignored
2026-10-09 18:40:45,622 RX_ECHO ignored
2026-10-09 18:40:45,622 RX_ECHO ignored
2026-10-09 18:40:45,622 RX_ECHO ignored
2026-10-09 18:40:45,622 RX_ECHO ignored
2026-10-09 18:40:45,622 RX_ECHO ignored
2026-10-09 18:40:45,622 RX_ECHO ignored
2026-10-09 18:40:45,622 RX_ECHO ignored
2026-10-09 18:40:45,622 RX_ECHO ignored
2026-10-09 18:40:45,622 RX_ECHO ignored
2026-10-09 18:40:45,622 RX_ECHO ignored
2026-10-09 18:40:45,622 RX_ECHO ignored
2026-10-09 18:40:45,622 RX_ECHO ignored
2026-10-09 18:40:45,623 RX_ECHO ignored
2026-10-09 18:40:45,623 RX_ECHO ignored
2026-10-09 18:40:45,623 RX_ECHO ignored
2026-10-09 18:40:45,623 RX_ECHO ignored
2026-10-09 18:40:45,623 RX_ECHO ignored
2026-10-09 18:40:45,623 RX_ECHO ignored
2026-10-09 18:40:45,623 RX_ECHO ignored
2026-10-09 18:40:45,623 RX_ECHO ignored
2026-10-09 18:40:45,623 RX_ECHO ignored
2026-10-09 18:40:45,623 RX_ECHO ignored
2026-10-09 18:40:45,623 RX_ECHO ignored
2026-10-09 18:40:45,623 RX_ECHO ignored
2026-10-09 18:40:45,623 RX_ECHO ignored
2026-10-09 18:40:45,624 RX_ECHO ignored
2026-10-09 18:40:45,624 RX_ECHO ignored
2026-10-09 18:40:45,624 RX_ECHO ignored
2026-10-09 18:40:45,624 RX_ECHO ignored
2026-10-09 18:40:45,624 RX_ECHO ignored
2026-10-09 18:40:45,624 RX_ECHO ignored
2026-10-09 18:40:45,624 RX_ECHO ignored
2026-10-09 18:40:45,624 RX_ECHO ignored
2026-10-09 18:40:45,624 RX_ECHO ignored
2026-10-09 18:40:45,624 RX_ECHO ignored
2026-10-09 18:40:45,624 RX_ECHO ignored
2026-10-09 18:40:45,624 RX_ECHO ignored
2026-10-09 18:40:45,624 RX_ECHO ignored
2026-10-09 18:40:45,624 RX_ECHO ignored
2026-10-09 18:40:45,624 RX_ECHO ignored
2026-10-09 18:40:45,624 RX_ECHO ignored
2026-10-09 18:40:45,624 RX_ECHO ignored
2026-10-09 18:40:45,624 RX_ECHO ignored
2026-10-09 18:40:45,624 RX_ECHO ignored
2026-10-09 18:40:45,624 RX_ECHO ignored
2026-10-09 18:40:45,624 RX_ECHO ignored
2026-10-09 18:40:45,624 RX_ECHO ignored
2026-10-09 18:40:45,624 RX_ECHO ignored
2026-10-09 18:40:45,625 RX_ECHO ignored
2026-10-09 18:40:45,625 RX_ECHO ignored
2026-10-09 18:40:45,625 RX_ECHO ignored
2026-10-09 18:40:45,625 RX_ECHO ignored
2026-10-09 18:40:45,625 RX_ECHO ignored
2026-10-09 18:40:45,625 RX_ECHO ignored
2026-10-09 18:40:45,625 RX_ECHO ignored
2026-10-09 18:40:45,625 RX_ECHO ignored
2026-10-09 18:40:45,625 RX_ECHO ignored
2026-10-09 18:40:45,625 RX_ECHO ignored
2026-10-09 18:40:45,625 RX_ECHO ignored
2026-10-09 18:40:45,625 RX_ECHO ignored
2026-10-09 18:40:45,625 RX_ECHO ignored
2026-10-09 18:40:45,625 RX_ECHO ignored
2026-10-09 18:40:45,625 RX_ECHO ignored
2026-10-09 18:40:45,625 RX_ECHO ignored
2026-10-09 18:40:45,626 RX_ECHO ignored
2026-10-09 18:40:45,626 RX_ECHO ignored
2026-10-09 18:40:45,626 RX_ECHO ignored
2026-10-09 18:40:45,626 RX_ECHO ignored
2026-10-09 18:40:45,626 RX_ECHO ignored
2026-10-09 18:40:45,626 RX_ECHO ignored
2026-10-09 18:40:45,626 RX_ECHO ignored
2026-10-09 18:40:45,626 RX_ECHO ignored
2026-10-09 18:40:45,626 RX_ECHO ignored
2026-10-09 18:40:45,626 RX_ECHO ignored
2026-10-09 18:40:45,626 RX_ECHO ignored
2026-10-09 18:40:45,626 RX_ECHO ignored
2026-10-09 18:40:45,626 RX_ECHO ignored
2026-10-09 18:40:45,627 RX_ECHO ignored
2026-10-09 18:40:45,627 RX_ECHO ignored
2026-10-09 18:40:45,627 RX_ECHO ignored
2026-10-09 18:40:45,627 RX_ECHO ignored
2026-10-09 18:40:45,627 RX_ECHO ignored
2026-10-09 18:40:45,627 RX_ECHO ignored
2026-10-09 18:40:45,627 RX_ECHO ignored
2026-10-09 18:40:45,627 RX_ECHO ignored
2026-10-09 18:40:45,627 RX_ECHO ignored
2026-10-09 18:40:45,627 RX_ECHO ignored
2026-10-09 18:40:45,627 RX_ECHO ignored
2026-10-09 18:40:45,627 RX_ECHO ignored
2026-10-09 18:40:45,627 RX_ECHO ignored
2026-10-09 18:40:45,627 RX_ECHO ignored
2026-10-09 18:40:45,627 RX_ECHO ignored
2026-10-09 18:40:45,627 RX_ECHO ignored
2026-10-09 18:40:45,627 RX_ECHO ignored
2026-10-09 18:40:45,627 RX_ECHO ignored
2026-10-09 18:40:45,627 RX_ECHO ignored
2026-10-09 18:40:45,627 RX_ECHO ignored
2026-10-09 18:40:45,627 RX_ECHO ignored
2026-10-09 18:40:45,627 RX_ECHO ignored
2026-10-09 18:40:45,627 RX_ECHO ignored
2026-10-09 18:40:45,627 RX_ECHO ignored
2026-10-09 18:40:45,627 RX_ECHO ignored
2026-10-09 18:40:45,628 RX_ECHO ignored
2026-10-09 18:40:45,628 RX_ECHO ignored
2026-10-09 18:40:45,628 RX_ECHO ignored
2026-10-09 18:40:45,628 RX_ECHO ignored
2026-10-09 18:40:45,628 RX_ECHO ignored
2026-10-09 18:40:45,628 RX_ECHO ignored
2026-10-09 18:40:45,628 RX_ECHO ignored
2026-10-09 18:40:45,628 RX_ECHO ignored
2026-10-09 18:40:45,628 RX_ECHO ignored
2026-10-09 18:40:45,628 RX_ECHO ignored
2026-10-09 18:40:45,628 RX_ECHO ignored
2026-10-09 18:40:45,628 RX_ECHO ignored
2026-10-09 18:40:45,628 RX_ECHO ignored
2026-10-09 18:40:45,629 RX_ECHO ignored
2026-10-09 18:40:45,629 RX_ECHO ignored
2026-10-09 18:40:45,629 RX_ECHO ignored
2026-10-09 18:40:45,629 RX_ECHO ignored
2026-10-09 18:40:45,629 RX_ECHO ignored
2026-10-09 18:40:45,629 RX_ECHO ignored
2026-10-09 18:40:45,629 RX_ECHO ignored
2026-10-09 18:40:45,629 RX_ECHO ignored
2026-10-09 18:40:45,629 RX_ECHO ignored
2026-10-09 18:40:45,629 RX_ECHO ignored
2026-10-09 18:40:45,629 RX_ECHO ignored
2026-10-09 18:40:45,629 RX_ECHO ignored
2026-10-09 18:40:45,629 RX_ECHO ignored
2026-10-09 18:40:45,629 RX_ECHO ignored
2026-10-09 18:40:45,629 RX_ECHO ignored
2026-10-09 18:40:45,629 RX_ECHO ignored
2026-10-09 18:40:45,629 RX_ECHO ignored
2026-10-09 18:40:45,629 RX_ECHO ignored
2026-10-09 18:40:45,629 RX_ECHO ignored
2026-10-09 18:40:45,629 RX_ECHO ignored
2026-10-09 18:40:45,629 RX_ECHO ignored
2026-10-09 18:40:45,629 RX_ECHO ignored
2026-10-09 18:40:45,629 RX_ECHO ignored
2026-10-09 18:40:45,629 RX_ECHO ignored
2026-10-09 18:40:45,629 RX_ECHO ignored
2026-10-09 18:40:45,630 RX_ECHO ignored
2026-10-09 18:40:45,630 RX_ECHO ignored
2026-10-09 18:40:45,630 RX_ECHO ignored
2026-10-09 18:40:45,630 RX_ECHO ignored
2026-10-09 18:40:45,630 RX_ECHO ignored
2026-10-09 18:40:45,630 RX_ECHO ignored
2026-10-09 18:40:45,630 RX_ECHO ignored
2026-10-09 18:40:45,630 RX_ECHO ignored
2026-10-09 18:40:45,630 RX_ECHO ignored
2026-10-09 18:40:45,630 RX_ECHO ignored
2026-10-09 18:40:45,630 RX_ECHO ignored
2026-10-09 18:40:45,630 RX_ECHO ignored
2026-10-09 18:40:45,630 RX_ECHO ignored
2026-10-09 18:40:45,631 RX_ECHO ignored
2026-10-09 18:40:45,631 RX_ECHO ignored
2026-10-09 18:40:45,631 RX_ECHO ignored
2026-10-09 18:40:45,631 RX_ECHO ignored
2026-10-09 18:40:45,631 RX_ECHO ignored
2026-10-09 18:40:45,631 RX_ECHO ignored
2026-10-09 18:40:45,631 RX_ECHO ignored
2026-10-09 18:40:45,631 RX_ECHO ignored
2026-10-09 18:40:45,631 RX_ECHO ignored
2026-10-09 18:40:45,631 RX_ECHO ignored
2026-10-09 18:40:45,631 RX_ECHO ignored
2026-10-09 18:40:45,631 RX_ECHO ignored
2026-10-09 18:40:45,631 RX_ECHO ignored
2026-10-09 18:40:45,632 RX_ECHO ignored
2026-10-09 18:40:45,632 RX_ECHO ignored
2026-10-09 18:40:45,632 RX_ECHO ignored
2026-10-09 18:40:45,632 RX_ECHO ignored
2026-10-09 18:40:45,632 RX_ECHO ignored
2026-10-09 18:40:45,632 RX_ECHO ignored
2026-10-09 18:40:45,632 RX_ECHO ignored
2026-10-09 18:40:45,632 RX_ECHO ignored
2026-10-09 18:40:45,632 RX_ECHO ignored
2026-10-09 18:40:45,632 RX_ECHO ignored
2026-10-09 18:40:45,632 RX_ECHO ignored
2026-10-09 18:40:45,632 RX_ECHO ignored
2026-10-09 18:40:45,632 RX_ECHO ignored
2026-10-09 18:40:45,632 RX_ECHO ignored
2026-10-09 18:40:45,632 RX_ECHO ignored
2026-10-09 18:40:45,632 RX_ECHO ignored
2026-10-09 18:40:45,633 RX_ECHO ignored
2026-10-09 18:40:45,633 RX_ECHO ignored
2026-10-09 18:40:45,633 RX_ECHO ignored
2026-10-09 18:40:45,633 RX_ECHO ignored
2026-10-09 18:40:45,633 RX_ECHO ignored
2026-10-09 18:40:45,633 RX_ECHO ignored
2026-10-09 18:40:45,633 RX_ECHO ignored
2026-10-09 18:40:45,633 RX_ECHO ignored
2026-10-09 18:40:45,633 RX_ECHO ignored
2026-10-09 18:40:45,633 RX_ECHO ignored
2026-10-09 18:40:45,633 RX_ECHO ignored
2026-10-09 18:40:45,633 RX_ECHO ignored
2026-10-09 18:40:45,633 RX_ECHO ignored
2026-10-09 18:40:45,633 RX_ECHO ignored
2026-10-09 18:40:45,633 RX_ECHO ignored
2026-10-09 18:40:45,633 RX_ECHO ignored
2026-10-09 18:40:45,633 RX_ECHO ignored
2026-10-09 18:40:45,633 RX_ECHO ignored
2026-10-09 18:40:45,633 RX_ECHO ignored
2026-10-09 18:40:45,633 RX_ECHO ignored
2026-10-09 18:40:45,633 RX_ECHO ignored
2026-10-09 18:40:45,633 RX_ECHO ignored
2026-10-09 18:40:45,634 RX_ECHO ignored
2026-10-09 18:40:45,634 RX_ECHO ignored
2026-10-09 18:40:45,634 RX_ECHO ignored
2026-10-09 18:40:45,634 RX_ECHO ignored
2026-10-09 18:40:45,634 RX_ECHO ignored
2026-10-09 18:40:45,634 RX_ECHO ignored
2026-10-09 18:40:45,634 RX_ECHO ignored
2026-10-09 18:40:45,634 RX_ECHO ignored
2026-10-09 18:40:45,634 RX_ECHO ignored
2026-10-09 18:40:45,634 RX_ECHO ignored
2026-10-09 18:40:45,634 RX_ECHO ignored
2026-10-09 18:40:45,634 RX_ECHO ignored
2026-10-09 18:40:45,634 RX_ECHO ignored
2026-10-09 18:40:45,635 RX_ECHO ignored
2026-10-09 18:40:45,635 RX_ECHO ignored
2026-10-09 18:40:45,635 RX_ECHO ignored
2026-10-09 18:40:45,635 RX_ECHO ignored
2026-10-09 18:40:45,635 RX_ECHO ignored
2026-10-09 18:40:45,635 RX_ECHO ignored
2026-10-09 18:40:45,635 RX_ECHO ignored
2026-10-09 18:40:45,635 RX_ECHO ignored
2026-10-09 18:40:45,635 RX_ECHO ignored
2026-10-09 18:40:45,635 RX_ECHO ignored
2026-10-09 18:40:45,635 RX_ECHO ignored
2026-10-09 18:40:45,635 RX_ECHO ignored
2026-10-09 18:40:45,635 RX_ECHO ignored
2026-10-09 18:40:45,636 RX_ECHO ignored
2026-10-09 18:40:45,636 RX_ECHO ignored
2026-10-09 18:40:45,636 RX_ECHO ignored
2026-10-09 18:40:45,636 RX_ECHO ignored
2026-10-09 18:40:45,636 RX_ECHO ignored
2026-10-09 18:40:45,636 RX_ECHO ignored
2026-10-09 18:40:45,636 RX_ECHO ignored
2026-10-09 18:40:45,636 RX_ECHO ignored
2026-10-09 18:40:45,636 RX_ECHO ignored
2026-10-09 18:40:45,636 RX_ECHO ignored
2026-10-09 18:40:45,636 RX_ECHO ignored
2026-10-09 18:40:45,636 RX_ECHO ignored
2026-10-09 18:40:45,636 RX_ECHO ignored
2026-10-09 18:40:45,636 RX_ECHO ignored
2026-10-09 18:40:45,636 RX_ECHO ignored
2026-10-09 18:40:45,636 RX_ECHO ignored
2026-10-09 18:40:45,636 RX_ECHO ignored
2026-10-09 18:40:45,637 RX_ECHO ignored
2026-10-09 18:40:45,637 RX_ECHO ignored
2026-10-09 18:40:45,637 RX_ECHO ignored
2026-10-09 18:40:45,637 RX_ECHO ignored
2026-10-09 18:40:45,637 RX_ECHO ignored
2026-10-09 18:40:45,637 RX_ECHO ignored
2026-10-09 18:40:45,637 RX_ECHO ignored
2026-10-09 18:40:45,637 RX_ECHO ignored
2026-10-09 18:40:45,637 RX_ECHO ignored
2026-10-09 18:40:45,637 RX_ECHO ignored
2026-10-09 18:40:45,637 RX_ECHO ignored
2026-10-09 18:40:45,637 RX_ECHO ignored
2026-10-09 18:40:45,637 RX_ECHO ignored
2026-10-09 18:40:45,637 RX_ECHO ignored
2026-10-09 18:40:45,637 RX_ECHO ignored
2026-10-09 18:40:45,637 RX_ECHO ignored
2026-10-09 18:40:45,637 RX_ECHO ignored
2026-10-09 18:40:45,638 RX_ECHO ignored
2026-10-09 18:40:45,638 RX_ECHO ignored
2026-10-09 18:40:45,638 RX_ECHO ignored
2026-10-09 18:40:45,638 RX_ECHO ignored
2026-10-09 18:40:45,638 RX_ECHO ignored
2026-10-09 18:40:45,638 RX_ECHO ignored
2026-10-09 18:40:45,638 RX_ECHO ignored
2026-10-09 18:40:45,638 RX_ECHO ignored
2026-10-09 18:40:45,638 RX_ECHO ignored
2026-10-09 18:40:45,638 RX_ECHO ignored
2026-10-09 18:40:45,638 RX_ECHO ignored
2026-10-09 18:40:45,638 RX_ECHO ignored
2026-10-09 18:40:45,638 RX_ECHO ignored
2026-10-09 18:40:45,638 RX_ECHO ignored
2026-10-09 18:40:45,638 RX_ECHO ignored
2026-10-09 18:40:45,638 RX_ECHO ignored
2026-10-09 18:40:45,638 RX_ECHO ignored
2026-10-09 18:40:45,638 RX_ECHO ignored
2026-10-09 18:40:45,638 RX_ECHO ignored
2026-10-09 18:40:45,638 RX_ECHO ignored
2026-10-09 18:40:45,638 RX_ECHO ignored
2026-10-09 18:40:45,639 RX_ECHO ignored
2026-10-09 18:40:45,639 RX_ECHO ignored
2026-10-09 18:40:45,639 RX_ECHO ignored
2026-10-09 18:40:45,639 RX_ECHO ignored
2026-10-09 18:40:45,639 RX_ECHO ignored
2026-10-09 18:40:45,639 RX_ECHO ignored
2026-10-09 18:40:45,639 RX_ECHO ignored
2026-10-09 18:40:45,639 RX_ECHO ignored
2026-10-09 18:40:45,639 RX_ECHO ignored
2026-10-09 18:40:45,639 RX_ECHO ignored
2026-10-09 18:40:45,639 RX_ECHO ignored
2026-10-09 18:40:45,639 RX_ECHO ignored
2026-10-09 18:40:45,639 RX_ECHO ignored
2026-10-09 18:40:45,639 RX_ECHO ignored
2026-10-09 18:40:45,639 RX_ECHO ignored
2026-10-09 18:40:45,639 RX_ECHO ignored
2026-10-09 18:40:45,639 RX_ECHO ignored
2026-10-09 18:40:45,639 RX_ECHO ignored
2026-10-09 18:40:45,639 RX_ECHO ignored
2026-10-09 18:40:45,639 RX_ECHO ignored
2026-10-09 18:40:45,639 RX_ECHO ignored
2026-10-09 18:40:45,639 RX_ECHO ignored
2026-10-09 18:40:45,640 RX_ECHO ignored
2026-10-09 18:40:45,640 RX_ECHO ignored
2026-10-09 18:40:45,640 RX_ECHO ignored
2026-10-09 18:40:45,640 RX_ECHO ignored
2026-10-09 18:40:45,640 RX_ECHO ignored
2026-10-09 18:40:45,640 RX_ECHO ignored
2026-10-09 18:40:45,640 RX_ECHO ignored
2026-10-09 18:40:45,640 RX_ECHO ignored
2026-10-09 18:40:45,640 RX_ECHO ignored
2026-10-09 18:40:45,640 RX_ECHO ignored
2026-10-09 18:40:45,640 RX_ECHO ignored
2026-10-09 18:40:45,640 RX_ECHO ignored
2026-10-09 18:40:45,640 RX_ECHO ignored
2026-10-09 18:40:45,640 RX_ECHO ignored
2026-10-09 18:40:45,640 RX_ECHO ignored
2026-10-09 18:40:45,640 RX_ECHO ignored
2026-10-09 18:40:45,640 RX_ECHO ignored
2026-10-09 18:40:45,640 RX_ECHO ignored
2026-10-09 18:40:45,640 RX_ECHO ignored
2026-10-09 18:40:45,640 RX_ECHO ignored
2026-10-09 18:40:45,640 RX_ECHO ignored
2026-10-09 18:40:45,640 RX_ECHO ignored
2026-10-09 18:40:45,640 RX_ECHO ignored
2026-10-09 18:40:45,640 RX_ECHO ignored
2026-10-09 18:40:45,640 RX_ECHO ignored
2026-10-09 18:40:45,641 RX_ECHO ignored
2026-10-09 18:40:45,641 RX_ECHO ignored
2026-10-09 18:40:45,641 RX_ECHO ignored
2026-10-09 18:40:45,641 RX_ECHO ignored
2026-10-09 18:40:45,641 RX_ECHO ignored
2026-10-09 18:40:45,641 RX_ECHO ignored
2026-10-09 18:40:45,641 RX_ECHO ignored
2026-10-09 18:40:45,641 RX_ECHO ignored
2026-10-09 18:40:45,641 RX_ECHO ignored
2026-10-09 18:40:45,641 RX_ECHO ignored
2026-10-09 18:40:45,641 RX_ECHO ignored
2026-10-09 18:40:45,641 RX_ECHO ignored
2026-10-09 18:40:45,641 RX_ECHO ignored
2026-10-09 18:40:45,641 RX_ECHO ignored
2026-10-09 18:40:45,641 RX_ECHO ignored
2026-10-09 18:40:45,641 RX_ECHO ignored
2026-10-09 18:40:45,641 RX_ECHO ignored
2026-10-09 18:40:45,642 RX_ECHO ignored
2026-10-09 18:40:45,642 RX_ECHO ignored
2026-10-09 18:40:45,642 RX_ECHO ignored
2026-10-09 18:40:45,642 RX_ECHO ignored
2026-10-09 18:40:45,642 RX_ECHO ignored
2026-10-09 18:40:45,642 RX_ECHO ignored
2026-10-09 18:40:45,642 RX_ECHO ignored
2026-10-09 18:40:45,642 RX_ECHO ignored
2026-10-09 18:40:45,642 RX_ECHO ignored
2026-10-09 18:40:45,642 RX_ECHO ignored
2026-10-09 18:40:45,642 RX_ECHO ignored
2026-10-09 18:40:45,642 RX_ECHO ignored
2026-10-09 18:40:45,642 RX_ECHO ignored
2026-10-09 18:40:45,642 RX_ECHO ignored
2026-10-09 18:40:45,642 RX_ECHO ignored
2026-10-09 18:40:45,642 RX_ECHO ignored
2026-10-09 18:40:45,642 RX_ECHO ignored
2026-10-09 18:40:45,642 RX_ECHO ignored
2026-10-09 18:40:45,642 RX_ECHO ignored
2026-10-09 18:40:45,642 RX_ECHO ignored
2026-10-09 18:40:45,642 RX_ECHO ignored
2026-10-09 18:40:45,642 RX_ECHO ignored
2026-10-09 18:40:45,643 RX_ECHO ignored
2026-10-09 18:40:45,643 RX_ECHO ignored
2026-10-09 18:40:45,643 RX_ECHO ignored
2026-10-09 18:40:45,643 RX_ECHO ignored
2026-10-09 18:40:45,643 RX_ECHO ignored
2026-10-09 18:40:45,643 RX_ECHO ignored
2026-10-09 18:40:45,643 RX_ECHO ignored
2026-10-09 18:40:45,643 RX_ECHO ignored
2026-10-09 18:40:45,643 RX_ECHO ignored
2026-10-09 18:40:45,643 RX_ECHO ignored
2026-10-09 18:40:45,643 RX_ECHO ignored
2026-10-09 18:40:45,643 RX_ECHO ignored
2026-10-09 18:40:45,643 RX_ECHO ignored
2026-10-09 18:40:45,643 RX_ECHO ignored
2026-10-09 18:40:45,643 RX_ECHO ignored
2026-10-09 18:40:45,643 RX_ECHO ignored
2026-10-09 18:40:45,643 RX_ECHO ignored
2026-10-09 18:40:45,643 RX_ECHO ignored
2026-10-09 18:40:45,643 RX_ECHO ignored
2026-10-09 18:40:45,643 RX_ECHO ignored
2026-10-09 18:40:45,643 RX_ECHO ignored
2026-10-09 18:40:45,643 RX_ECHO ignored
2026-10-09 18:40:45,643 RX_ECHO ignored
2026-10-09 18:40:45,643 RX_ECHO ignored
2026-10-09 18:40:45,643 RX_ECHO ignored
2026-10-09 18:40:45,644 RX_ECHO ignored
2026-10-09 18:40:45,644 RX_ECHO ignored
2026-10-09 18:40:45,644 RX_ECHO ignored
2026-10-09 18:40:45,644 RX_ECHO ignored
2026-10-09 18:40:45,644 RX_ECHO ignored
2026-10-09 18:40:45,644 RX_ECHO ignored
2026-10-09 18:40:45,644 RX_ECHO ignored
2026-10-09 18:40:45,644 RX_ECHO ignored
2026-10-09 18:40:45,644 RX_ECHO ignored
2026-10-09 18:40:45,644 RX_ECHO ignored
2026-10-09 18:40:45,644 RX_ECHO ignored
2026-10-09 18:40:45,644 RX_ECHO ignored
2026-10-09 18:40:45,644 RX_ECHO ignored
2026-10-09 18:40:45,644 RX_ECHO ignored
2026-10-09 18:40:45,644 RX_ECHO ignored
2026-10-09 18:40:45,645 RX_ECHO ignored
2026-10-09 18:40:45,645 RX_ECHO ignored
2026-10-09 18:40:45,645 RX_ECHO ignored
2026-10-09 18:40:45,645 RX_ECHO ignored
2026-10-09 18:40:45,645 RX_ECHO ignored
2026-10-09 18:40:45,645 RX_ECHO ignored
2026-10-09 18:40:45,645 RX_ECHO ignored
2026-10-09 18:40:45,645 RX_ECHO ignored
2026-10-09 18:40:45,645 RX_ECHO ignored
2026-10-09 18:40:45,645 RX_ECHO ignored
2026-10-09 18:40:45,645 RX_ECHO ignored
2026-10-09 18:40:45,645 RX_ECHO ignored
2026-10-09 18:40:45,645 RX_ECHO ignored
2026-10-09 18:40:45,645 RX_ECHO ignored
2026-10-09 18:40:45,645 RX_ECHO ignored
2026-10-09 18:40:45,645 RX_ECHO ignored
2026-10-09 18:40:45,645 RX_ECHO ignored
2026-10-09 18:40:45,645 RX_ECHO ignored
2026-10-09 18:40:45,645 RX_ECHO ignored
2026-10-09 18:40:45,645 RX_ECHO ignored
2026-10-09 18:40:45,645 RX_ECHO ignored
2026-10-09 18:40:45,645 RX_ECHO ignored
2026-10-09 18:40:45,645 RX_ECHO ignored
2026-10-09 18:40:45,645 RX_ECHO ignored
2026-10-09 18:40:45,646 RX_ECHO ignored
2026-10-09 18:40:45,646 RX_ECHO ignored
2026-10-09 18:40:45,646 RX_ECHO ignored
2026-10-09 18:40:45,646 RX_ECHO ignored
2026-10-09 18:40:45,646 RX_ECHO ignored
2026-10-09 18:40:45,646 RX_ECHO ignored
2026-10-09 18:40:45,646 RX_ECHO ignored
2026-10-09 18:40:45,646 RX_ECHO ignored
2026-10-09 18:40:45,646 RX_ECHO ignored
2026-10-09 18:40:45,646 RX_ECHO ignored
2026-10-09 18:40:45,646 RX_ECHO ignored
2026-10-09 18:40:45,646 RX_ECHO ignored
2026-10-09 18:40:45,646 RX_ECHO ignored
2026-10-09 18:40:45,646 RX_ECHO ignored
2026-10-09 18:40:45,646 RX_ECHO ignored
2026-10-09 18:40:45,646 RX_ECHO ignored
2026-10-09 18:40:45,646 RX_ECHO ignored
2026-10-09 18:40:45,646 RX_ECHO ignored
2026-10-09 18:40:45,646 RX_ECHO ignored
2026-10-09 18:40:45,646 RX_ECHO ignored
2026-10-09 18:40:45,647 RX_ECHO ignored
2026-10-09 18:40:45,647 RX_ECHO ignored
2026-10-09 18:40:45,647 RX_ECHO ignored
2026-10-09 18:40:45,647 RX_ECHO ignored
2026-10-09 18:40:45,647 RX_ECHO ignored
2026-10-09 18:40:45,647 RX_ECHO ignored
2026-10-09 18:40:45,647 RX_ECHO ignored
2026-10-09 18:40:45,647 RX_ECHO ignored
2026-10-09 18:40:45,647 RX_ECHO ignored
2026-10-09 18:40:45,647 RX_ECHO ignored
2026-10-09 18:40:45,647 RX_ECHO ignored
2026-10-09 18:40:45,647 RX_ECHO ignored
2026-10-09 18:40:45,647 RX_ECHO ignored
2026-10-09 18:40:45,647 RX_ECHO ignored
2026-10-09 18:40:45,647 RX_ECHO ignored
2026-10-09 18:40:45,647 RX_ECHO ignored
2026-10-09 18:40:45,647 RX_ECHO ignored
2026-10-09 18:40:45,647 RX_ECHO ignored
2026-10-09 18:40:45,648 RX_ECHO ignored
2026-10-09 18:40:45,648 RX_ECHO ignored
2026-10-09 18:40:45,648 RX_ECHO ignored
2026-10-09 18:40:45,648 RX_ECHO ignored
2026-10-09 18:40:45,648 RX_ECHO ignored
2026-10-09 18:40:45,648 RX_ECHO ignored
2026-10-09 18:40:45,648 RX_ECHO ignored
2026-10-09 18:40:45,648 RX_ECHO ignored
2026-10-09 18:40:45,648 RX_ECHO ignored
2026-10-09 18:40:45,648 RX_ECHO ignored
2026-10-09 18:40:45,648 RX_ECHO ignored
2026-10-09 18:40:45,648 RX_ECHO ignored
2026-10-09 18:40:45,648 RX_ECHO ignored
2026-10-09 18:40:45,648 RX_ECHO ignored
2026-10-09 18:40:45,648 RX_ECHO ignored
2026-10-09 18:40:45,648 RX_ECHO ignored
2026-10-09 18:40:45,648 RX_ECHO ignored
2026-10-09 18:40:45,648 RX_ECHO ignored
2026-10-09 18:40:45,648 RX_ECHO ignored
2026-10-09 18:40:45,648 RX_ECHO ignored
2026-10-09 18:40:45,648 RX_ECHO ignored
2026-10-09 18:40:45,648 RX_ECHO ignored
2026-10-09 18:40:45,648 RX_ECHO ignored
2026-10-09 18:40:45,648 RX_ECHO ignored
2026-10-09 18:40:45,648 RX_ECHO ignored
2026-10-09 18:40:45,648 RX_ECHO ignored
2026-10-09 18:40:45,649 RX_ECHO ignored
2026-10-09 18:40:45,649 RX_ECHO ignored
2026-10-09 18:40:45,649 RX_ECHO ignored
2026-10-09 18:40:45,649 RX_ECHO ignored
2026-10-09 18:40:45,649 RX_ECHO ignored
2026-10-09 18:40:45,649 RX_ECHO ignored
2026-10-09 18:40:45,649 RX_ECHO ignored
2026-10-09 18:40:45,649 RX_ECHO ignored
2026-10-09 18:40:45,649 RX_ECHO ignored
2026-10-09 18:40:45,649 RX_ECHO ignored
2026-10-09 18:40:45,649 RX_ECHO ignored
2026-10-09 18:40:45,649 RX_ECHO ignored
2026-10-09 18:40:45,649 RX_ECHO ignored
2026-10-09 18:40:45,650 RX_ECHO ignored
2026-10-09 18:40:45,650 RX_ECHO ignored
2026-10-09 18:40:45,650 RX_ECHO ignored
2026-10-09 18:40:45,650 RX_ECHO ignored
2026-10-09 18:40:45,650 RX_ECHO ignored
2026-10-09 18:40:45,650 RX_ECHO ignored
2026-10-09 18:40:45,650 RX_ECHO ignored
2026-10-09 18:40:45,650 RX_ECHO ignored
2026-10-09 18:40:45,650 RX_ECHO ignored
2026-10-09 18:40:45,650 RX_ECHO ignored
2026-10-09 18:40:45,650 RX_ECHO ignored
2026-10-09 18:40:45,650 RX_ECHO ignored
2026-10-09 18:40:45,650 RX_ECHO ignored
2026-10-09 18:40:45,650 RX_ECHO ignored
2026-10-09 18:40:45,650 RX_ECHO ignored
2026-10-09 18:40:45,650 RX_ECHO ignored
2026-10-09 18:40:45,650 RX_ECHO ignored
2026-10-09 18:40:45,650 RX_ECHO ignored
2026-10-09 18:40:45,650 RX_ECHO ignored
2026-10-09 18:40:45,650 RX_ECHO ignored
2026-10-09 18:40:45,650 RX_ECHO ignored
2026-10-09 18:40:45,650 RX_ECHO ignored
2026-10-09 18:40:45,650 RX_ECHO ignored
2026-10-09 18:40:45,650 RX_ECHO ignored
2026-10-09 18:40:45,650 RX_ECHO ignored
2026-10-09 18:40:45,651 RX_ECHO ignored
2026-10-09 18:40:45,651 RX_ECHO ignored
2026-10-09 18:40:45,651 RX_ECHO ignored
2026-10-09 18:40:45,651 RX_ECHO ignored
2026-10-09 18:40:45,651 RX_ECHO ignored
2026-10-09 18:40:45,651 RX_ECHO ignored
2026-10-09 18:40:45,651 RX_ECHO ignored
2026-10-09 18:40:45,651 RX_ECHO ignored
2026-10-09 18:40:45,651 RX_ECHO ignored
2026-10-09 18:40:45,651 RX_ECHO ignored
2026-10-09 18:40:45,651 RX_ECHO ignored
2026-10-09 18:40:45,651 RX_ECHO ignored
2026-10-09 18:40:45,651 RX_ECHO ignored
2026-10-09 18:40:45,652 RX_ECHO ignored
2026-10-09 18:40:45,652 RX_ECHO ignored
2026-10-09 18:40:45,652 RX_ECHO ignored
2026-10-09 18:40:45,652 RX_ECHO ignored
2026-10-09 18:40:45,652 RX_ECHO ignored
2026-10-09 18:40:45,652 RX_ECHO ignored
2026-10-09 18:40:45,652 RX_ECHO ignored
2026-10-09 18:40:45,652 RX_ECHO ignored
2026-10-09 18:40:45,652 RX_ECHO ignored
2026-10-09 18:40:45,652 RX_ECHO ignored
2026-10-09 18:40:45,652 RX_ECHO ignored
2026-10-09 18:40:45,652 RX_ECHO ignored
2026-10-09 18:40:45,652 RX_ECHO ignored
2026-10-09 18:40:45,652 RX_ECHO ignored
2026-10-09 18:40:45,652 RX_ECHO ignored
2026-10-09 18:40:45,652 RX_ECHO ignored
2026-10-09 18:40:45,652 RX_ECHO ignored
2026-10-09 18:40:45,652 RX_ECHO ignored
2026-10-09 18:40:45,652 RX_ECHO ignored
2026-10-09 18:40:45,652 RX_ECHO ignored
2026-10-09 18:40:45,652 RX_ECHO ignored
2026-10-09 18:40:45,652 RX_ECHO ignored
2026-10-09 18:40:45,652 RX_ECHO ignored
2026-10-09 18:40:45,652 RX_ECHO ignored
2026-10-09 18:40:45,652 RX_ECHO ignored
2026-10-09 18:40:45,652 RX_ECHO ignored
2026-10-09 18:40:45,653 RX_ECHO ignored
2026-10-09 18:40:45,653 RX_ECHO ignored
2026-10-09 18:40:45,653 RX_ECHO ignored
2026-10-09 18:40:45,653 RX_ECHO ignored
2026-10-09 18:40:45,653 RX_ECHO ignored
2026-10-09 18:40:45,653 RX_ECHO ignored
2026-10-09 18:40:45,653 RX_ECHO ignored
2026-10-09 18:40:45,653 RX_ECHO ignored
2026-10-09 18:40:45,653 RX_ECHO ignored
2026-10-09 18:40:45,653 RX_ECHO ignored
2026-10-09 18:40:45,653 RX_ECHO ignored
2026-10-09 18:40:45,653 RX_ECHO ignored
2026-10-09 18:40:45,653 RX_ECHO ignored
2026-10-09 18:40:45,653 RX_ECHO ignored
2026-10-09 18:40:45,653 RX_ECHO ignored
2026-10-09 18:40:45,653 RX_ECHO ignored
2026-10-09 18:40:45,654 RX_ECHO ignored
2026-10-09 18:40:45,654 RX_ECHO ignored
2026-10-09 18:40:45,654 RX_ECHO ignored
2026-10-09 18:40:45,654 RX_ECHO ignored
2026-10-09 18:40:45,654 RX_ECHO ignored
2026-10-09 18:40:45,654 RX_ECHO ignored
2026-10-09 18:40:45,654 RX_ECHO ignored
2026-10-09 18:40:45,654 RX_ECHO ignored
2026-10-09 18:40:45,654 RX_ECHO ignored
2026-10-09 18:40:45,654 RX_ECHO ignored
2026-10-09 18:40:45,654 RX_ECHO ignored
2026-10-09 18:40:45,654 RX_ECHO ignored
2026-10-09 18:40:45,654 RX_ECHO ignored
2026-10-09 18:40:45,654 RX_ECHO ignored
2026-10-09 18:40:45,654 RX_ECHO ignored
2026-10-09 18:40:45,654 RX_ECHO ignored
2026-10-09 18:40:45,654 RX_ECHO ignored
2026-10-09 18:40:45,654 RX_ECHO ignored
2026-10-09 18:40:45,654 RX_ECHO ignored
2026-10-09 18:40:45,654 RX_ECHO ignored
2026-10-09 18:40:45,654 RX_ECHO ignored
2026-10-09 18:40:45,654 RX_ECHO ignored
2026-10-09 18:40:45,655 RX_ECHO ignored
2026-10-09 18:40:45,655 RX_ECHO ignored
2026-10-09 18:40:45,655 RX_ECHO ignored
2026-10-09 18:40:45,655 RX_ECHO ignored
2026-10-09 18:40:45,655 RX_ECHO ignored
2026-10-09 18:40:45,655 RX_ECHO ignored
2026-10-09 18:40:45,655 RX_ECHO ignored
2026-10-09 18:40:45,655 RX_ECHO ignored
2026-10-09 18:40:45,655 RX_ECHO ignored
2026-10-09 18:40:45,655 RX_ECHO ignored
2026-10-09 18:40:45,655 RX_ECHO ignored
2026-10-09 18:40:45,655 RX_ECHO ignored
2026-10-09 18:40:45,655 RX_ECHO ignored
2026-10-09 18:40:45,655 RX_ECHO ignored
2026-10-09 18:40:45,655 RX_ECHO ignored
2026-10-09 18:40:45,655 RX_ECHO ignored
2026-10-09 18:40:45,655 RX_ECHO ignored
2026-10-09 18:40:45,655 RX_ECHO ignored
2026-10-09 18:40:45,655 RX_ECHO ignored
2026-10-09 18:40:45,656 RX_ECHO ignored
2026-10-09 18:40:45,656 RX_ECHO ignored
2026-10-09 18:40:45,656 RX_ECHO ignored
2026-10-09 18:40:45,656 RX_ECHO ignored
2026-10-09 18:40:45,656 RX_ECHO ignored
2026-10-09 18:40:45,656 RX_ECHO ignored
2026-10-09 18:40:45,656 RX_ECHO ignored
2026-10-09 18:40:45,656 RX_ECHO ignored
2026-10-09 18:40:45,656 RX_ECHO ignored
2026-10-09 18:40:45,656 RX_ECHO ignored
2026-10-09 18:40:45,656 RX_ECHO ignored
2026-10-09 18:40:45,656 RX_ECHO ignored
2026-10-09 18:40:45,656 RX_ECHO ignored
2026-10-09 18:40:45,656 RX_ECHO ignored
2026-10-09 18:40:45,656 RX_ECHO ignored
2026-10-09 18:40:45,656 RX_ECHO ignored
2026-10-09 18:40:45,656 RX_ECHO ignored
2026-10-09 18:40:45,656 RX_ECHO ignored
2026-10-09 18:40:45,656 RX_ECHO ignored
2026-10-09 18:40:45,657 RX_ECHO ignored
2026-10-09 18:40:45,657 RX_ECHO ignored
2026-10-09 18:40:45,657 RX_ECHO ignored
2026-10-09 18:40:45,657 RX_ECHO ignored
2026-10-09 18:40:45,657 RX_ECHO ignored
2026-10-09 18:40:45,657 RX_ECHO ignored
2026-10-09 18:40:45,657 RX_ECHO ignored
2026-10-09 18:40:45,657 RX_ECHO ignored
2026-10-09 18:40:45,657 RX_ECHO ignored
2026-10-09 18:40:45,657 RX_ECHO ignored
2026-10-09 18:40:45,657 RX_ECHO ignored
2026-10-09 18:40:45,657 RX_ECHO ignored
2026-10-09 18:40:45,657 RX_ECHO ignored
2026-10-09 18:40:45,657 RX_ECHO ignored
2026-10-09 18:40:45,657 RX_ECHO ignored
2026-10-09 18:40:45,657 RX_ECHO ignored
2026-10-09 18:40:45,657 RX_ECHO ignored
2026-10-09 18:40:45,657 RX_ECHO ignored
2026-10-09 18:40:45,657 RX_ECHO ignored
2026-10-09 18:40:45,657 RX_ECHO ignored
2026-10-09 18:40:45,657 RX_ECHO ignored
2026-10-09 18:40:45,658 RX_ECHO ignored
2026-10-09 18:40:45,658 RX_ECHO ignored
2026-10-09 18:40:45,658 RX_ECHO ignored
2026-10-09 18:40:45,658 RX_ECHO ignored
2026-10-09 18:40:45,658 RX_ECHO ignored
2026-10-09 18:40:45,658 RX_ECHO ignored
2026-10-09 18:40:45,658 RX_ECHO ignored
2026-10-09 18:40:45,658 RX_ECHO ignored
2026-10-09 18:40:45,658 RX_ECHO ignored
2026-10-09 18:40:45,658 RX_ECHO ignored
2026-10-09 18:40:45,658 RX_ECHO ignored
2026-10-09 18:40:45,658 RX_ECHO ignored
2026-10-09 18:40:45,658 RX_ECHO ignored
2026-10-09 18:40:45,658 RX_ECHO ignored
2026-10-09 18:40:45,658 RX_ECHO ignored
2026-10-09 18:40:45,658 RX_ECHO ignored
2026-10-09 18:40:45,658 RX_ECHO ignored
2026-10-09 18:40:45,658 RX_ECHO ignored
2026-10-09 18:40:45,659 RX_ECHO ignored
2026-10-09 18:40:45,659 RX_ECHO ignored
2026-10-09 18:40:45,659 RX_ECHO ignored
2026-10-09 18:40:45,659 RX_ECHO ignored
2026-10-09 18:40:45,659 RX_ECHO ignored
2026-10-09 18:40:45,659 RX_ECHO ignored
2026-10-09 18:40:45,659 RX_ECHO ignored
2026-10-09 18:40:45,659 RX_ECHO ignored
2026-10-09 18:40:45,659 RX_ECHO ignored
2026-10-09 18:40:45,659 RX_ECHO ignored
2026-10-09 18:40:45,659 RX_ECHO ignored
2026-10-09 18:40:45,659 RX_ECHO ignored
2026-10-09 18:40:45,659 RX_ECHO ignored
2026-10-09 18:40:45,659 RX_ECHO ignored
2026-10-09 18:40:45,659 RX_ECHO ignored
2026-10-09 18:40:45,659 RX_ECHO ignored
2026-10-09 18:40:45,659 RX_ECHO ignored
2026-10-09 18:40:45,659 RX_ECHO ignored
2026-10-09 18:40:45,659 RX_ECHO ignored
2026-10-09 18:40:45,659 RX_ECHO ignored
2026-10-09 18:40:45,659 RX_ECHO ignored
2026-10-09 18:40:45,659 RX_ECHO ignored
2026-10-09 18:40:45,659 RX_ECHO ignored
2026-10-09 18:40:45,659 RX_ECHO ignored
2026-10-09 18:40:45,659 RX_ECHO ignored
2026-10-09 18:40:45,660 RX_ECHO ignored
2026-10-09 18:40:45,660 RX_ECHO ignored
2026-10-09 18:40:45,660 RX_ECHO ignored
2026-10-09 18:40:45,660 RX_ECHO ignored
2026-10-09 18:40:45,660 RX_ECHO ignored
2026-10-09 18:40:45,660 RX_ECHO ignored
2026-10-09 18:40:45,660 RX_ECHO ignored
2026-10-09 18:40:45,660 RX_ECHO ignored
2026-10-09 18:40:45,660 RX_ECHO ignored
2026-10-09 18:40:45,660 RX_ECHO ignored
2026-10-09 18:40:45,660 RX_ECHO ignored
2026-10-09 18:40:45,660 RX_ECHO ignored
2026-10-09 18:40:45,660 RX_ECHO ignored
2026-10-09 18:40:45,661 RX_ECHO ignored
2026-10-09 18:40:45,661 RX_ECHO ignored
2026-10-09 18:40:45,661 RX_ECHO ignored
2026-10-09 18:40:45,661 RX_ECHO ignored
2026-10-09 18:40:45,661 RX_ECHO ignored
2026-10-09 18:40:45,661 RX_ECHO ignored
2026-10-09 18:40:45,661 RX_ECHO ignored
2026-10-09 18:40:45,661 RX_ECHO ignored
2026-10-09 18:40:45,661 RX_ECHO ignored
2026-10-09 18:40:45,661 RX_ECHO ignored
2026-10-09 18:40:45,661 RX_ECHO ignored
2026-10-09 18:40:45,661 RX_ECHO ignored
2026-10-09 18:40:45,661 RX_ECHO ignored
2026-10-09 18:40:45,661 RX_ECHO ignored
2026-10-09 18:40:45,661 RX_ECHO ignored
2026-10-09 18:40:45,661 RX_ECHO ignored
2026-10-09 18:40:45,661 RX_ECHO ignored
2026-10-09 18:40:45,661 RX_ECHO ignored
2026-10-09 18:40:45,661 RX_ECHO ignored
2026-10-09 18:40:45,661 RX_ECHO ignored
2026-10-09 18:40:45,661 RX_ECHO ignored
2026-10-09 18:40:45,661 RX_ECHO ignored
2026-10-09 18:40:45,661 RX_ECHO ignored
2026-10-09 18:40:45,661 RX_ECHO ignored
2026-10-09 18:40:45,661 RX_ECHO ignored
2026-10-09 18:40:45,661 RX_ECHO ignored
2026-10-09 18:40:45,662 RX_ECHO ignored
2026-10-09 18:40:45,662 RX_ECHO ignored
2026-10-09 18:40:45,662 RX_ECHO ignored
2026-10-09 18:40:45,662 RX_ECHO ignored
2026-10-09 18:40:45,662 RX_ECHO ignored
2026-10-09 18:40:45,662 RX_ECHO ignored
2026-10-09 18:40:45,662 RX_ECHO ignored
2026-10-09 18:40:45,662 RX_ECHO ignored
2026-10-09 18:40:45,662 RX_ECHO ignored
2026-10-09 18:40:45,662 RX_ECHO ignored
2026-10-09 18:40:45,662 RX_ECHO ignored
2026-10-09 18:40:45,662 RX_ECHO ignored
2026-10-09 18:40:45,662 RX_ECHO ignored
2026-10-09 18:40:45,662 RX_ECHO ignored
2026-10-09 18:40:45,662 RX_ECHO ignored
2026-10-09 18:40:45,662 RX_ECHO ignored
2026-10-09 18:40:45,663 RX_ECHO ignored
2026-10-09 18:40:45,663 RX_ECHO ignored
2026-10-09 18:40:45,663 RX_ECHO ignored
2026-10-09 18:40:45,663 RX_ECHO ignored
2026-10-09 18:40:45,663 RX_ECHO ignored
2026-10-09 18:40:45,663 RX_ECHO ignored
2026-10-09 18:40:45,663 RX_ECHO ignored
2026-10-09 18:40:45,663 RX_ECHO ignored
2026-10-09 18:40:45,663 RX_ECHO ignored
2026-10-09 18:40:45,663 RX_ECHO ignored
2026-10-09 18:40:45,663 RX_ECHO ignored
2026-10-09 18:40:45,663 RX_ECHO ignored
2026-10-09 18:40:45,663 RX_ECHO ignored
2026-10-09 18:40:45,663 RX_ECHO ignored
2026-10-09 18:40:45,663 RX_ECHO ignored
2026-10-09 18:40:45,663 RX_ECHO ignored
2026-10-09 18:40:45,663 RX_ECHO ignored
2026-10-09 18:40:45,663 RX_ECHO ignored
2026-10-09 18:40:45,663 RX_ECHO ignored
2026-10-09 18:40:45,663 RX_ECHO ignored
2026-10-09 18:40:45,663 RX_ECHO ignored
2026-10-09 18:40:45,663 RX_ECHO ignored
2026-10-09 18:40:45,664 RX_ECHO ignored
2026-10-09 18:40:45,664 RX_ECHO ignored
2026-10-09 18:40:45,664 RX_ECHO ignored
2026-10-09 18:40:45,664 RX_ECHO ignored
2026-10-09 18:40:45,664 RX_ECHO ignored
2026-10-09 18:40:45,664 RX_ECHO ignored
2026-10-09 18:40:45,664 RX_ECHO ignored
2026-10-09 18:40:45,664 RX_ECHO ignored
2026-10-09 18:40:45,664 RX_ECHO ignored
2026-10-09 18:40:45,664 RX_ECHO ignored
2026-10-09 18:40:45,664 RX_ECHO ignored
2026-10-09 18:40:45,664 RX_ECHO ignored
2026-10-09 18:40:45,664 RX_ECHO ignored
2026-10-09 18:40:45,664 RX_ECHO ignored
2026-10-09 18:40:45,664 RX_ECHO ignored
2026-10-09 18:40:45,664 RX_ECHO ignored
2026-10-09 18:40:45,664 RX_ECHO ignored
2026-10-09 18:40:45,664 RX_ECHO ignored
2026-10-09 18:40:45,664 RX_ECHO ignored
2026-10-09 18:40:45,664 RX_ECHO ignored
2026-10-09 18:40:45,664 RX_ECHO ignored
2026-10-09 18:40:45,665 RX_ECHO ignored
2026-10-09 18:40:45,665 RX_ECHO ignored
2026-10-09 18:40:45,665 RX_ECHO ignored
2026-10-09 18:40:45,665 RX_ECHO ignored
2026-10-09 18:40:45,665 RX_ECHO ignored
2026-10-09 18:40:45,665 RX_ECHO ignored
2026-10-09 18:40:45,665 RX_ECHO ignored
2026-10-09 18:40:45,665 RX_ECHO ignored
2026-10-09 18:40:45,665 RX_ECHO ignored
2026-10-09 18:40:45,665 RX_ECHO ignored
2026-10-09 18:40:45,665 RX_ECHO ignored
2026-10-09 18:40:45,665 RX_ECHO ignored
2026-10-09 18:40:45,665 RX_ECHO ignored
2026-10-09 18:40:45,665 RX_ECHO ignored
2026-10-09 18:40:45,665 RX_ECHO ignored
2026-10-09 18:40:45,665 RX_ECHO ignored
2026-10-09 18:40:45,665 RX_ECHO ignored
2026-10-09 18:40:45,665 RX_ECHO ignored
2026-10-09 18:40:45,666 RX_ECHO ignored
2026-10-09 18:40:45,666 RX_ECHO ignored
2026-10-09 18:40:45,666 RX_ECHO ignored
2026-10-09 18:40:45,666 RX_ECHO ignored
2026-10-09 18:40:45,666 RX_ECHO ignored
2026-10-09 18:40:45,666 RX_ECHO ignored
2026-10-09 18:40:45,666 RX_ECHO ignored
2026-10-09 18:40:45,666 RX_ECHO ignored
2026-10-09 18:40:45,666 RX_ECHO ignored
2026-10-09 18:40:45,666 RX_ECHO ignored
2026-10-09 18:40:45,666 RX_ECHO ignored
2026-10-09 18:40:45,666 RX_ECHO ignored
2026-10-09 18:40:45,666 RX_ECHO ignored
2026-10-09 18:40:45,666 RX_ECHO ignored
2026-10-09 18:40:45,666 RX_ECHO ignored
2026-10-09 18:40:45,666 RX_ECHO ignored
2026-10-09 18:40:45,666 RX_ECHO ignored
2026-10-09 18:40:45,666 RX_ECHO ignored
2026-10-09 18:40:45,666 RX_ECHO ignored
2026-10-09 18:40:45,666 RX_ECHO ignored
2026-10-09 18:40:45,666 RX_ECHO ignored
2026-10-09 18:40:45,666 RX_ECHO ignored
2026-10-09 18:40:45,666 RX_ECHO ignored
2026-10-09 18:40:45,666 RX_ECHO ignored
2026-10-09 18:40:45,666 RX_ECHO ignored
2026-10-09 18:40:45,667 RX_ECHO ignored
2026-10-09 18:40:45,667 RX_ECHO ignored
2026-10-09 18:40:45,667 RX_ECHO ignored
2026-10-09 18:40:45,667 RX_ECHO ignored
2026-10-09 18:40:45,667 RX_ECHO ignored
2026-10-09 18:40:45,667 RX_ECHO ignored
2026-10-09 18:40:45,667 RX_ECHO ignored
2026-10-09 18:40:45,667 RX_ECHO ignored
2026-10-09 18:40:45,667 RX_ECHO ignored
2026-10-09 18:40:45,667 RX_ECHO ignored
2026-10-09 18:40:45,667 RX_ECHO ignored
2026-10-09 18:40:45,667 RX_ECHO ignored
2026-10-09 18:40:45,667 RX_ECHO ignored
2026-10-09 18:40:45,668 RX_ECHO ignored
2026-10-09 18:40:45,668 RX_ECHO ignored
2026-10-09 18:40:45,668 RX_ECHO ignored
2026-10-09 18:40:45,668 RX_ECHO ignored
2026-10-09 18:40:45,668 RX_ECHO ignored
2026-10-09 18:40:45,668 RX_ECHO ignored
2026-10-09 18:40:45,668 RX_ECHO ignored
2026-10-09 18:40:45,668 RX_ECHO ignored
2026-10-09 18:40:45,668 RX_ECHO ignored
2026-10-09 18:40:45,668 RX_ECHO ignored
2026-10-09 18:40:45,668 RX_ECHO ignored
2026-10-09 18:40:45,668 RX_ECHO ignored
2026-10-09 18:40:45,668 RX_ECHO ignored
2026-10-09 18:40:45,668 RX_ECHO ignored
2026-10-09 18:40:45,668 RX_ECHO ignored
2026-10-09 18:40:45,668 RX_ECHO ignored
2026-10-09 18:40:45,668 RX_ECHO ignored
2026-10-09 18:40:45,668 RX_ECHO ignored
2026-10-09 18:40:45,668 RX_ECHO ignored
2026-10-09 18:40:45,668 RX_ECHO ignored
2026-10-09 18:40:45,668 RX_ECHO ignored
2026-10-09 18:40:45,668 RX_ECHO ignored
2026-10-09 18:40:45,668 RX_ECHO ignored
2026-10-09 18:40:45,668 RX_ECHO ignored
2026-10-09 18:40:45,668 RX_ECHO ignored
2026-10-09 18:40:45,668 RX_ECHO ignored
2026-10-09 18:40:45,669 RX_ECHO ignored
2026-10-09 18:40:45,669 RX_ECHO ignored
2026-10-09 18:40:45,669 RX_ECHO ignored
2026-10-09 18:40:45,669 RX_ECHO ignored
2026-10-09 18:40:45,669 RX_ECHO ignored
2026-10-09 18:40:45,669 RX_ECHO ignored
2026-10-09 18:40:45,669 RX_ECHO ignored
2026-10-09 18:40:45,669 RX_ECHO ignored
2026-10-09 18:40:45,669 RX_ECHO ignored
2026-10-09 18:40:45,669 RX_ECHO ignored
2026-10-09 18:40:45,669 RX_ECHO ignored
2026-10-09 18:40:45,669 RX_ECHO ignored
2026-10-09 18:40:45,669 RX_ECHO ignored
2026-10-09 18:40:45,669 RX_ECHO ignored
2026-10-09 18:40:45,670 RX_ECHO ignored
2026-10-09 18:40:45,670 RX_ECHO ignored
2026-10-09 18:40:45,670 RX_ECHO ignored
2026-10-09 18:40:45,670 RX_ECHO ignored
2026-10-09 18:40:45,670 RX_ECHO ignored
2026-10-09 18:40:45,670 RX_ECHO ignored
2026-10-09 18:40:45,670 RX_ECHO ignored
2026-10-09 18:40:45,670 RX_ECHO ignored
2026-10-09 18:40:45,670 RX_ECHO ignored
2026-10-09 18:40:45,670 RX_ECHO ignored
2026-10-09 18:40:45,670 RX_ECHO ignored
2026-10-09 18:40:45,670 RX_ECHO ignored
2026-10-09 18:40:45,670 RX_ECHO ignored
2026-10-09 18:40:45,670 RX_ECHO ignored
2026-10-09 18:40:45,670 RX_ECHO ignored
2026-10-09 18:40:45,670 RX_ECHO ignored
2026-10-09 18:40:45,670 RX_ECHO ignored
2026-10-09 18:40:45,670 RX_ECHO ignored
2026-10-09 18:40:45,670 RX_ECHO ignored
2026-10-09 18:40:45,670 RX_ECHO ignored
2026-10-09 18:40:45,670 RX_ECHO ignored
2026-10-09 18:40:45,670 RX_ECHO ignored
2026-10-09 18:40:45,671 RX_ECHO ignored
2026-10-09 18:40:45,671 RX_ECHO ignored
2026-10-09 18:40:45,671 RX_ECHO ignored
2026-10-09 18:40:45,671 RX_ECHO ignored
2026-10-09 18:40:45,671 RX_ECHO ignored
2026-10-09 18:40:45,671 RX_ECHO ignored
2026-10-09 18:40:45,671 RX_ECHO ignored
2026-10-09 18:40:45,671 RX_ECHO ignored
2026-10-09 18:40:45,671 RX_ECHO ignored
2026-10-09 18:40:45,671 RX_ECHO ignored
2026-10-09 18:40:45,671 RX_ECHO ignored
2026-10-09 18:40:45,671 RX_ECHO ignored
2026-10-09 18:40:45,671 RX_ECHO ignored
2026-10-09 18:40:45,671 RX_ECHO ignored
2026-10-09 18:40:45,671 RX_ECHO ignored
2026-10-09 18:40:45,671 RX_ECHO ignored
2026-10-09 18:40:45,672 RX_ECHO ignored
2026-10-09 18:40:45,672 RX_ECHO ignored
2026-10-09 18:40:45,672 RX_ECHO ignored
2026-10-09 18:40:45,672 RX_ECHO ignored
2026-10-09 18:40:45,672 RX_ECHO ignored
2026-10-09 18:40:45,672 RX_ECHO ignored
2026-10-09 18:40:45,672 RX_ECHO ignored
2026-10-09 18:40:45,672 RX_ECHO ignored
2026-10-09 18:40:45,672 RX_ECHO ignored
2026-10-09 18:40:45,672 RX_ECHO ignored
2026-10-09 18:40:45,672 RX_ECHO ignored
2026-10-09 18:40:45,672 RX_ECHO ignored
2026-10-09 18:40:45,672 RX_ECHO ignored
2026-10-09 18:40:45,672 RX_ECHO ignored
2026-10-09 18:40:45,672 RX_ECHO ignored
2026-10-09 18:40:45,672 RX_ECHO ignored
2026-10-09 18:40:45,672 RX_ECHO ignored
2026-10-09 18:40:45,672 RX_ECHO ignored
2026-10-09 18:40:45,672 RX_ECHO ignored
2026-10-09 18:40:45,672 RX_ECHO ignored
2026-10-09 18:40:45,672 RX_ECHO ignored
2026-10-09 18:40:45,672 RX_ECHO ignored
2026-10-09 18:40:45,672 RX_ECHO ignored
2026-10-09 18:40:45,672 RX_ECHO ignored
2026-10-09 18:40:45,673 RX_ECHO ignored
2026-10-09 18:40:45,673 RX_ECHO ignored
2026-10-09 18:40:45,673 RX_ECHO ignored
2026-10-09 18:40:45,673 RX_ECHO ignored
2026-10-09 18:40:45,673 RX_ECHO ignored
2026-10-09 18:40:45,673 RX_ECHO ignored
2026-10-09 18:40:45,673 RX_ECHO ignored
2026-10-09 18:40:45,673 RX_ECHO ignored
2026-10-09 18:40:45,673 RX_ECHO ignored
2026-10-09 18:40:45,673 RX_ECHO ignored
2026-10-09 18:40:45,673 RX_ECHO ignored
2026-10-09 18:40:45,673 RX_ECHO ignored
2026-10-09 18:40:45,673 RX_ECHO ignored
2026-10-09 18:40:45,673 RX_ECHO ignored
2026-10-09 18:40:45,674 RX_ECHO ignored
2026-10-09 18:40:45,674 RX_ECHO ignored
2026-10-09 18:40:45,674 RX_ECHO ignored
2026-10-09 18:40:45,674 RX_ECHO ignored
2026-10-09 18:40:45,674 RX_ECHO ignored
2026-10-09 18:40:45,674 RX_ECHO ignored
2026-10-09 18:40:45,674 RX_ECHO ignored
2026-10-09 18:40:45,674 RX_ECHO ignored
2026-10-09 18:40:45,674 RX_ECHO ignored
2026-10-09 18:40:45,674 RX_ECHO ignored
2026-10-09 18:40:45,674 RX_ECHO ignored
2026-10-09 18:40:45,674 RX_ECHO ignored
2026-10-09 18:40:45,674 RX_ECHO ignored
2026-10-09 18:40:45,674 RX_ECHO ignored
2026-10-09 18:40:45,674 RX_ECHO ignored
2026-10-09 18:40:45,674 RX_ECHO ignored
2026-10-09 18:40:45,674 RX_ECHO ignored
2026-10-09 18:40:45,674 RX_ECHO ignored
2026-10-09 18:40:45,674 RX_ECHO ignored
2026-10-09 18:40:45,674 RX_ECHO ignored
2026-10-09 18:40:45,674 RX_ECHO ignored
2026-10-09 18:40:45,674 RX_ECHO ignored
2026-10-09 18:40:45,674 RX_ECHO ignored
2026-10-09 18:40:45,674 RX_ECHO ignored
2026-10-09 18:40:45,675 RX_ECHO ignored
2026-10-09 18:40:45,675 RX_ECHO ignored
2026-10-09 18:40:45,675 RX_ECHO ignored
2026-10-09 18:40:45,675 RX_ECHO ignored
2026-10-09 18:40:45,675 RX_ECHO ignored
2026-10-09 18:40:45,675 RX_ECHO ignored
2026-10-09 18:40:45,675 RX_ECHO ignored
2026-10-09 18:40:45,675 RX_ECHO ignored
2026-10-09 18:40:45,675 RX_ECHO ignored
2026-10-09 18:40:45,675 RX_ECHO ignored
2026-10-09 18:40:45,675 RX_ECHO ignored
2026-10-09 18:40:45,675 RX_ECHO ignored
2026-10-09 18:40:45,675 RX_ECHO ignored
2026-10-09 18:40:45,675 RX_ECHO ignored
2026-10-09 18:40:45,676 RX_ECHO ignored
2026-10-09 18:40:45,676 RX_ECHO ignored
2026-10-09 18:40:45,676 RX_ECHO ignored
2026-10-09 18:40:45,676 RX_ECHO ignored
2026-10-09 18:40:45,676 RX_ECHO ignored
2026-10-09 18:40:45,676 RX_ECHO ignored
2026-10-09 18:40:45,676 RX_ECHO ignored
2026-10-09 18:40:45,676 RX_ECHO ignored
2026-10-09 18:40:45,676 RX_ECHO ignored
2026-10-09 18:40:45,676 RX_ECHO ignored
2026-10-09 18:40:45,676 RX_ECHO ignored
2026-10-09 18:40:45,676 RX_ECHO ignored
2026-10-09 18:40:45,676 RX_ECHO ignored
2026-10-09 18:40:45,676 RX_ECHO ignored
2026-10-09 18:40:45,676 RX_ECHO ignored
2026-10-09 18:40:45,676 RX_ECHO ignored
2026-10-09 18:40:45,676 RX_ECHO ignored
2026-10-09 18:40:45,677 RX_ECHO ignored
2026-10-09 18:40:45,677 RX_ECHO ignored
2026-10-09 18:40:45,677 RX_ECHO ignored
2026-10-09 18:40:45,677 RX_ECHO ignored
2026-10-09 18:40:45,677 RX_ECHO ignored
2026-10-09 18:40:45,677 RX_ECHO ignored
2026-10-09 18:40:45,677 RX_ECHO ignored
2026-10-09 18:40:45,677 RX_ECHO ignored
2026-10-09 18:40:45,677 RX_ECHO ignored
2026-10-09 18:40:45,677 RX_ECHO ignored
2026-10-09 18:40:45,677 RX_ECHO ignored
2026-10-09 18:40:45,677 RX_ECHO ignored
2026-10-09 18:40:45,677 RX_ECHO ignored
2026-10-09 18:40:45,677 RX_ECHO ignored
2026-10-09 18:40:45,677 RX_ECHO ignored
2026-10-09 18:40:45,677 RX_ECHO ignored
2026-10-09 18:40:45,677 RX_ECHO ignored
2026-10-09 18:40:45,677 RX_ECHO ignored
2026-10-09 18:40:45,677 RX_ECHO ignored
2026-10-09 18:40:45,677 RX_ECHO ignored
2026-10-09 18:40:45,677 RX_ECHO ignored
2026-10-09 18:40:45,677 RX_ECHO ignored
2026-10-09 18:40:45,678 RX_ECHO ignored
2026-10-09 18:40:45,678 RX_ECHO ignored
2026-10-09 18:40:45,678 RX_ECHO ignored
2026-10-09 18:40:45,678 RX_ECHO ignored
2026-10-09 18:40:45,678 RX_ECHO ignored
2026-10-09 18:40:45,678 RX_ECHO ignored
2026-10-09 18:40:45,678 RX_ECHO ignored
2026-10-09 18:40:45,678 RX_ECHO ignored
2026-10-09 18:40:45,678 RX_ECHO ignored
2026-10-09 18:40:45,678 RX_ECHO ignored
2026-10-09 18:40:45,678 RX_ECHO ignored
2026-10-09 18:40:45,678 RX_ECHO ignored
2026-10-09 18:40:45,678 RX_ECHO ignored
2026-10-09 18:40:45,678 RX_ECHO ignored
2026-10-09 18:40:45,678 RX_ECHO ignored
2026-10-09 18:40:45,678 RX_ECHO ignored
2026-10-09 18:40:45,678 RX_ECHO ignored
2026-10-09 18:40:45,678 RX_ECHO ignored
2026-10-09 18:40:45,678 RX_ECHO ignored
2026-10-09 18:40:45,678 RX_ECHO ignored
2026-10-09 18:40:45,678 RX_ECHO ignored
2026-10-09 18:40:45,678 RX_ECHO ignored
2026-10-09 18:40:45,678 RX_ECHO ignored
2026-10-09 18:40:45,678 RX_ECHO ignored
2026-10-09 18:40:45,678 RX_ECHO ignored
2026-10-09 18:40:45,679 RX_ECHO ignored
2026-10-09 18:40:45,679 RX_ECHO ignored
2026-10-09 18:40:45,679 RX_ECHO ignored
2026-10-09 18:40:45,679 RX_ECHO ignored
2026-10-09 18:40:45,679 RX_ECHO ignored
2026-10-09 18:40:45,679 RX_ECHO ignored
2026-10-09 18:40:45,679 RX_ECHO ignored
2026-10-09 18:40:45,679 RX_ECHO ignored
2026-10-09 18:40:45,679 RX_ECHO ignored
2026-10-09 18:40:45,679 RX_ECHO ignored
2026-10-09 18:40:45,679 RX_ECHO ignored
2026-10-09 18:40:45,679 RX_ECHO ignored
2026-10-09 18:40:45,679 RX_ECHO ignored
2026-10-09 18:40:45,679 RX_ECHO ignored
2026-10-09 18:40:45,679 RX_ECHO ignored
2026-10-09 18:40:45,679 RX_ECHO ignored
2026-10-09 18:40:45,679 RX_ECHO ignored
2026-10-09 18:40:45,679 RX_ECHO ignored
2026-10-09 18:40:45,679 RX_ECHO ignored
2026-10-09 18:40:45,679 RX_ECHO ignored
2026-10-09 18:40:45,679 RX_ECHO ignored
2026-10-09 18:40:45,679 RX_ECHO ignored
2026-10-09 18:40:45,679 RX_ECHO ignored
2026-10-09 18:40:45,679 RX_ECHO ignored
2026-10-09 18:40:45,679 RX_ECHO ignored
2026-10-09 18:40:45,680 RX_ECHO ignored
2026-10-09 18:40:45,680 RX_ECHO ignored
2026-10-09 18:40:45,680 RX_ECHO ignored
2026-10-09 18:40:45,680 RX_ECHO ignored
2026-10-09 18:40:45,680 RX_ECHO ignored
2026-10-09 18:40:45,680 RX_ECHO ignored
2026-10-09 18:40:45,680 RX_ECHO ignored
2026-10-09 18:40:45,680 RX_ECHO ignored
2026-10-09 18:40:45,680 RX_ECHO ignored
2026-10-09 18:40:45,680 RX_ECHO ignored
2026-10-09 18:40:45,680 RX_ECHO ignored
2026-10-09 18:40:45,680 RX_ECHO ignored
2026-10-09 18:40:45,680 RX_ECHO ignored
2026-10-09 18:40:45,681 RX_ECHO ignored
2026-10-09 18:40:45,681 RX_ECHO ignored
2026-10-09 18:40:45,681 RX_ECHO ignored
2026-10-09 18:40:45,681 RX_ECHO ignored
2026-10-09 18:40:45,681 RX_ECHO ignored
2026-10-09 18:40:45,681 RX_ECHO ignored
2026-10-09 18:40:45,681 RX_ECHO ignored
2026-10-09 18:40:45,681 RX_ECHO ignored
2026-10-09 18:40:45,681 RX_ECHO ignored
2026-10-09 18:40:45,681 RX_ECHO ignored
2026-10-09 18:40:45,681 RX_ECHO ignored
2026-10-09 18:40:45,681 RX_ECHO ignored
2026-10-09 18:40:45,681 RX_ECHO ignored
2026-10-09 18:40:45,681 RX_ECHO ignored
2026-10-09 18:40:45,681 RX_ECHO ignored
2026-10-09 18:40:45,681 RX_ECHO ignored
2026-10-09 18:40:45,681 RX_ECHO ignored
2026-10-09 18:40:45,681 RX_ECHO ignored
2026-10-09 18:40:45,681 RX_ECHO ignored
2026-10-09 18:40:45,681 RX_ECHO ignored
2026-10-09 18:40:45,681 RX_ECHO ignored
2026-10-09 18:40:45,681 RX_ECHO ignored
2026-10-09 18:40:45,681 RX_ECHO ignored
2026-10-09 18:40:45,681 RX_ECHO ignored
2026-10-09 18:40:45,681 RX_ECHO ignored
2026-10-09 18:40:45,681 RX_ECHO ignored
2026-10-09 18:40:45,682 RX_ECHO ignored
2026-10-09 18:40:45,682 RX_ECHO ignored
2026-10-09 18:40:45,682 RX_ECHO ignored
2026-10-09 18:40:45,682 RX_ECHO ignored
2026-10-09 18:40:45,682 RX_ECHO ignored
2026-10-09 18:40:45,682 RX_ECHO ignored
2026-10-09 18:40:45,682 RX_ECHO ignored
2026-10-09 18:40:45,682 RX_ECHO ignored
2026-10-09 18:40:45,682 RX_ECHO ignored
2026-10-09 18:40:45,682 RX_ECHO ignored
2026-10-09 18:40:45,682 RX_ECHO ignored
2026-10-09 18:40:45,682 RX_ECHO ignored
2026-10-09 18:40:45,682 RX_ECHO ignored
2026-10-09 18:40:45,683 RX_ECHO ignored
2026-10-09 18:40:45,683 RX_ECHO ignored
2026-10-09 18:40:45,683 RX_ECHO ignored
2026-10-09 18:40:45,683 RX_ECHO ignored
2026-10-09 18:40:45,683 RX_ECHO ignored
2026-10-09 18:40:45,683 RX_ECHO ignored
2026-10-09 18:40:45,683 RX_ECHO ignored
2026-10-09 18:40:45,683 RX_ECHO ignored
2026-10-09 18:40:45,683 RX_ECHO ignored
2026-10-09 18:40:45,683 RX_ECHO ignored
2026-10-09 18:40:45,683 RX_ECHO ignored
2026-10-09 18:40:45,683 RX_ECHO ignored
2026-10-09 18:40:45,683 RX_ECHO ignored
2026-10-09 18:40:45,683 RX_ECHO ignored
2026-10-09 18:40:45,683 RX_ECHO ignored
2026-10-09 18:40:45,683 RX_ECHO ignored
2026-10-09 18:40:45,683 RX_ECHO ignored
2026-10-09 18:40:45,683 RX_ECHO ignored
2026-10-09 18:40:45,683 RX_ECHO ignored
2026-10-09 18:40:45,683 RX_ECHO ignored
2026-10-09 18:40:45,683 RX_ECHO ignored
2026-10-09 18:40:45,683 RX_ECHO ignored
2026-10-09 18:40:45,683 RX_ECHO ignored
2026-10-09 18:40:45,683 RX_ECHO ignored
2026-10-09 18:40:45,683 RX_ECHO ignored
2026-10-09 18:40:45,684 RX_ECHO ignored
2026-10-09 18:40:45,684 RX_ECHO ignored
2026-10-09 18:40:45,684 RX_ECHO ignored
2026-10-09 18:40:45,684 RX_ECHO ignored
2026-10-09 18:40:45,684 RX_ECHO ignored
2026-10-09 18:40:45,684 RX_ECHO ignored
2026-10-09 18:40:45,684 RX_ECHO ignored
2026-10-09 18:40:45,684 RX_ECHO ignored
2026-10-09 18:40:45,684 RX_ECHO ignored
2026-10-09 18:40:45,684 RX_ECHO ignored
2026-10-09 18:40:45,684 RX_ECHO ignored
2026-10-09 18:40:45,684 RX_ECHO ignored
2026-10-09 18:40:45,684 RX_ECHO ignored
2026-10-09 18:40:45,684 RX_ECHO ignored
2026-10-09 18:40:45,684 RX_ECHO ignored
2026-10-09 18:40:45,685 RX_ECHO ignored
2026-10-09 18:40:45,685 RX_ECHO ignored
2026-10-09 18:40:45,685 RX_ECHO ignored
2026-10-09 18:40:45,685 RX_ECHO ignored
2026-10-09 18:40:45,685 RX_ECHO ignored
2026-10-09 18:40:45,685 RX_ECHO ignored
2026-10-09 18:40:45,685 RX_ECHO ignored
2026-10-09 18:40:45,685 RX_ECHO ignored
2026-10-09 18:40:45,685 RX_ECHO ignored
2026-10-09 18:40:45,685 RX_ECHO ignored
2026-10-09 18:40:45,685 RX_ECHO ignored
2026-10-09 18:40:45,685 RX_ECHO ignored
2026-10-09 18:40:45,685 RX_ECHO ignored
2026-10-09 18:40:45,685 RX_ECHO ignored
2026-10-09 18:40:45,685 RX_ECHO ignored
2026-10-09 18:40:45,685 RX_ECHO ignored
2026-10-09 18:40:45,685 RX_ECHO ignored
2026-10-09 18:40:45,685 RX_ECHO ignored
2026-10-09 18:40:45,685 RX_ECHO ignored
2026-10-09 18:40:45,685 RX_ECHO ignored
2026-10-09 18:40:45,685 RX_ECHO ignored
2026-10-09 18:40:45,685 RX_ECHO ignored
2026-10-09 18:40:45,685 RX_ECHO ignored
2026-10-09 18:40:45,686 RX_ECHO ignored
2026-10-09 18:40:45,686 RX_ECHO ignored
2026-10-09 18:40:45,686 RX_ECHO ignored
2026-10-09 18:40:45,686 RX_ECHO ignored
2026-10-09 18:40:45,686 RX_ECHO ignored
2026-10-09 18:40:45,686 RX_ECHO ignored
2026-10-09 18:40:45,686 RX_ECHO ignored
2026-10-09 18:40:45,686 RX_ECHO ignored
2026-10-09 18:40:45,686 RX_ECHO ignored
2026-10-09 18:40:45,686 RX_ECHO ignored
2026-10-09 18:40:45,686 RX_ECHO ignored
2026-10-09 18:40:45,686 RX_ECHO ignored
2026-10-09 18:40:45,686 RX_ECHO ignored
2026-10-09 18:40:45,686 RX_ECHO ignored
2026-10-09 18:40:45,686 RX_ECHO ignored
2026-10-09 18:40:45,687 RX_ECHO ignored
2026-10-09 18:40:45,687 RX_ECHO ignored
2026-10-09 18:40:45,687 RX_ECHO ignored
2026-10-09 18:40:45,687 RX_ECHO ignored
2026-10-09 18:40:45,687 RX_ECHO ignored
2026-10-09 18:40:45,687 RX_ECHO ignored
2026-10-09 18:40:45,687 RX_ECHO ignored
2026-10-09 18:40:45,687 RX_ECHO ignored
2026-10-09 18:40:45,687 RX_ECHO ignored
2026-10-09 18:40:45,687 RX_ECHO ignored
2026-10-09 18:40:45,687 RX_ECHO ignored
2026-10-09 18:40:45,687 RX_ECHO ignored
2026-10-09 18:40:45,687 RX_ECHO ignored
2026-10-09 18:40:45,687 RX_ECHO ignored
2026-10-09 18:40:45,688 RX_ECHO ignored
2026-10-09 18:40:45,688 RX_ECHO ignored
2026-10-09 18:40:45,688 RX_ECHO ignored
2026-10-09 18:40:45,688 RX_ECHO ignored
2026-10-09 18:40:45,688 RX_ECHO ignored
2026-10-09 18:40:45,688 RX_ECHO ignored
2026-10-09 18:40:45,688 RX_ECHO ignored
2026-10-09 18:40:45,688 RX_ECHO ignored
2026-10-09 18:40:45,688 RX_ECHO ignored
2026-10-09 18:40:45,688 RX_ECHO ignored
2026-10-09 18:40:45,688 RX_ECHO ignored
2026-10-09 18:40:45,688 RX_ECHO ignored
2026-10-09 18:40:45,688 RX_ECHO ignored
2026-10-09 18:40:45,688 RX_ECHO ignored
2026-10-09 18:40:45,689 RX_ECHO ignored
2026-10-09 18:40:45,689 RX_ECHO ignored
2026-10-09 18:40:45,689 RX_ECHO ignored
2026-10-09 18:40:45,689 RX_ECHO ignored
2026-10-09 18:40:45,689 RX_ECHO ignored
2026-10-09 18:40:45,689 RX_ECHO ignored
2026-10-09 18:40:45,689 RX_ECHO ignored
2026-10-09 18:40:45,689 RX_ECHO ignored
2026-10-09 18:40:45,689 RX_ECHO ignored
2026-10-09 18:40:45,689 RX_ECHO ignored
2026-10-09 18:40:45,689 RX_ECHO ignored
2026-10-09 18:40:45,689 RX_ECHO ignored
2026-10-09 18:40:45,689 RX_ECHO ignored
2026-10-09 18:40:45,689 RX_ECHO ignored
2026-10-09 18:40:45,689 RX_ECHO ignored
2026-10-09 18:40:45,690 RX_ECHO ignored
2026-10-09 18:40:45,690 RX_ECHO ignored
2026-10-09 18:40:45,690 RX_ECHO ignored
2026-10-09 18:40:45,690 RX_ECHO ignored
2026-10-09 18:40:45,690 RX_ECHO ignored
2026-10-09 18:40:45,690 RX_ECHO ignored
2026-10-09 18:40:45,690 RX_ECHO ignored
2026-10-09 18:40:45,690 RX_ECHO ignored
2026-10-09 18:40:45,690 RX_ECHO ignored
2026-10-09 18:40:45,690 RX_ECHO ignored
2026-10-09 18:40:45,690 RX_ECHO ignored
2026-10-09 18:40:45,690 RX_ECHO ignored
2026-10-09 18:40:45,690 RX_ECHO ignored
2026-10-09 18:40:45,690 RX_ECHO ignored
2026-10-09 18:40:45,690 RX_ECHO ignored
2026-10-09 18:40:45,690 RX_ECHO ignored
2026-10-09 18:40:45,690 RX_ECHO ignored
2026-10-09 18:40:45,690 RX_ECHO ignored
2026-10-09 18:40:45,690 RX_ECHO ignored
2026-10-09 18:40:45,690 RX_ECHO ignored
2026-10-09 18:40:45,690 RX_ECHO ignored
2026-10-09 18:40:45,690 RX_ECHO ignored
2026-10-09 18:40:45,690 RX_ECHO ignored
2026-10-09 18:40:45,690 RX_ECHO ignored
2026-10-09 18:40:45,690 RX_ECHO ignored
2026-10-09 18:40:45,690 RX_ECHO ignored
2026-10-09 18:40:45,690 RX_ECHO ignored
2026-10-09 18:40:45,690 RX_ECHO ignored
2026-10-09 18:40:45,690 RX_ECHO ignored
2026-10-09 18:40:45,690 RX_ECHO ignored
2026-10-09 18:40:45,690 RX_ECHO ignored
2026-10-09 18:40:45,690 RX_ECHO ignored
2026-10-09 18:40:45,690 RX_ECHO ignored
2026-10-09 18:40:45,690 RX_ECHO ignored
2026-10-09 18:40:45,690 RX_ECHO ignored
2026-10-09 18:40:45,690 RX_ECHO ignored
2026-10-09 18:40:45,690 RX_ECHO ignored
2026-10-09 18:40:45,690 RX_ECHO ignored
2026-10-09 18:40:45,690 RX_ECHO ignored
2026-10-09 18:40:45,691 RX_ECHO ignored
2026-10-09 18:40:45,691 RX_ECHO ignored
2026-10-09 18:40:45,691 RX_ECHO ignored
2026-10-09 18:40:45,691 RX_ECHO ignored
2026-10-09 18:40:45,691 RX_ECHO ignored
2026-10-09 18:40:45,691 RX_ECHO ignored
2026-10-09 18:40:45,691 RX_ECHO ignored
2026-10-09 18:40:45,691 RX_ECHO ignored
2026-10-09 18:40:45,691 RX_ECHO ignored
2026-10-09 18:40:45,691 RX_ECHO ignored
2026-10-09 18:40:45,691 RX_ECHO ignored
2026-10-09 18:40:45,691 RX_ECHO ignored
2026-10-09 18:40:45,691 RX_ECHO ignored
2026-10-09 18:40:45,691 RX_ECHO ignored
2026-10-09 18:40:45,691 RX_ECHO ignored
2026-10-09 18:40:45,691 RX_ECHO ignored
2026-10-09 18:40:45,691 RX_ECHO ignored
2026-10-09 18:40:45,691 RX_ECHO ignored
2026-10-09 18:40:45,691 RX_ECHO ignored
2026-10-09 18:40:45,692 RX_ECHO ignored
2026-10-09 18:40:45,692 RX_ECHO ignored
2026-10-09 18:40:45,692 RX_ECHO ignored
2026-10-09 18:40:45,692 RX_ECHO ignored
2026-10-09 18:40:45,692 RX_ECHO ignored
2026-10-09 18:40:45,692 RX_ECHO ignored
2026-10-09 18:40:45,692 RX_ECHO ignored
2026-10-09 18:40:45,692 RX_ECHO ignored
2026-10-09 18:40:45,692 RX_ECHO ignored
2026-10-09 18:40:45,692 RX_ECHO ignored
2026-10-09 18:40:45,692 RX_ECHO ignored
2026-10-09 18:40:45,692 RX_ECHO ignored
2026-10-09 18:40:45,692 RX_ECHO ignored
2026-10-09 18:40:45,692 RX_ECHO ignored
2026-10-09 18:40:45,692 RX_ECHO ignored
2026-10-09 18:40:45,692 RX_ECHO ignored
2026-10-09 18:40:45,692 RX_ECHO ignored
2026-10-09 18:40:45,692 RX_ECHO ignored
2026-10-09 18:40:45,692 RX_ECHO ignored
2026-10-09 18:40:45,692 RX_ECHO ignored
2026-10-09 18:40:45,692 RX_ECHO ignored
2026-10-09 18:40:45,692 RX_ECHO ignored
2026-10-09 18:40:45,692 RX_ECHO ignored
2026-10-09 18:40:45,692 RX_ECHO ignored
2026-10-09 18:40:45,692 RX_ECHO ignored
2026-10-09 18:40:45,693 RX_ECHO ignored
2026-10-09 18:40:45,693 RX_ECHO ignored
2026-10-09 18:40:45,693 RX_ECHO ignored
2026-10-09 18:40:45,693 RX_ECHO ignored
2026-10-09 18:40:45,693 RX_ECHO ignored
2026-10-09 18:40:45,693 RX_ECHO ignored
2026-10-09 18:40:45,693 RX_ECHO ignored
2026-10-09 18:40:45,693 RX_ECHO ignored
2026-10-09 18:40:45,693 RX_ECHO ignored
2026-10-09 18:40:45,693 RX_ECHO ignored
2026-10-09 18:40:45,693 RX_ECHO ignored
2026-10-09 18:40:45,693 RX_ECHO ignored
2026-10-09 18:40:45,693 RX_ECHO ignored
2026-10-09 18:40:45,694 RX_ECHO ignored
2026-10-09 18:40:45,694 RX_ECHO ignored
2026-10-09 18:40:45,694 RX_ECHO ignored
2026-10-09 18:40:45,694 RX_ECHO ignored
2026-10-09 18:40:45,694 RX_ECHO ignored
2026-10-09 18:40:45,694 RX_ECHO ignored
2026-10-09 18:40:45,694 RX_ECHO ignored
2026-10-09 18:40:45,694 RX_ECHO ignored
2026-10-09 18:40:45,694 RX_ECHO ignored
2026-10-09 18:40:45,694 RX_ECHO ignored
2026-10-09 18:40:45,694 RX_ECHO ignored
2026-10-09 18:40:45,694 RX_ECHO ignored
2026-10-09 18:40:45,694 RX_ECHO ignored
2026-10-09 18:40:45,694 RX_ECHO ignored
2026-10-09 18:40:45,694 RX_ECHO ignored
2026-10-09 18:40:45,694 RX_ECHO ignored
2026-10-09 18:40:45,694 RX_ECHO ignored
2026-10-09 18:40:45,694 RX_ECHO ignored
2026-10-09 18:40:45,694 RX_ECHO ignored
2026-10-09 18:40:45,694 RX_ECHO ignored
2026-10-09 18:40:45,694 RX_ECHO ignored
2026-10-09 18:40:45,694 RX_ECHO ignored
2026-10-09 18:40:45,694 RX_ECHO ignored
2026-10-09 18:40:45,694 RX_ECHO ignored
2026-10-09 18:40:45,694 RX_ECHO ignored
2026-10-09 18:40:45,694 RX_ECHO ignored
2026-10-09 18:40:45,695 RX_ECHO ignored
2026-10-09 18:40:45,695 RX_ECHO ignored
2026-10-09 18:40:45,695 RX_ECHO ignored
2026-10-09 18:40:45,695 RX_ECHO ignored
2026-10-09 18:40:45,695 RX_ECHO ignored
2026-10-09 18:40:45,695 RX_ECHO ignored
2026-10-09 18:40:45,695 RX_ECHO ignored
2026-10-09 18:40:45,695 RX_ECHO ignored
2026-10-09 18:40:45,695 RX_ECHO ignored
2026-10-09 18:40:45,695 RX_ECHO ignored
2026-10-09 18:40:45,695 RX_ECHO ignored
2026-10-09 18:40:45,695 RX_ECHO ignored
2026-10-09 18:40:45,695 RX_ECHO ignored
2026-10-09 18:40:45,695 RX_ECHO ignored
2026-10-09 18:40:45,695 RX_ECHO ignored
2026-10-09 18:40:45,695 RX_ECHO ignored
2026-10-09 18:40:45,695 RX_ECHO ignored
2026-10-09 18:40:45,696 RX_ECHO ignored
2026-10-09 18:40:45,696 RX_ECHO ignored
2026-10-09 18:40:45,696 RX_ECHO ignored
2026-10-09 18:40:45,696 RX_ECHO ignored
2026-10-09 18:40:45,696 RX_ECHO ignored
2026-10-09 18:40:45,696 RX_ECHO ignored
2026-10-09 18:40:45,696 RX_ECHO ignored
2026-10-09 18:40:45,696 RX_ECHO ignored
2026-10-09 18:40:45,696 RX_ECHO ignored
2026-10-09 18:40:45,696 RX_ECHO ignored
2026-10-09 18:40:45,696 RX_ECHO ignored
2026-10-09 18:40:45,696 RX_ECHO ignored
2026-10-09 18:40:45,696 RX_ECHO ignored
2026-10-09 18:40:45,696 RX_ECHO ignored
2026-10-09 18:40:45,696 RX_ECHO ignored
2026-10-09 18:40:45,696 RX_ECHO ignored
2026-10-09 18:40:45,696 RX_ECHO ignored
2026-10-09 18:40:45,696 RX_ECHO ignored
2026-10-09 18:40:45,696 RX_ECHO ignored
2026-10-09 18:40:45,696 RX_ECHO ignored
2026-10-09 18:40:45,696 RX_ECHO ignored
2026-10-09 18:40:45,697 RX_ECHO ignored
2026-10-09 18:40:45,697 RX_ECHO ignored
2026-10-09 18:40:45,697 RX_ECHO ignored
2026-10-09 18:40:45,697 RX_ECHO ignored
2026-10-09 18:40:45,697 RX_ECHO ignored
2026-10-09 18:40:45,697 RX_ECHO ignored
2026-10-09 18:40:45,697 RX_ECHO ignored
2026-10-09 18:40:45,697 RX_ECHO ignored
2026-10-09 18:40:45,697 RX_ECHO ignored
2026-10-09 18:40:45,697 RX_ECHO ignored
2026-10-09 18:40:45,697 RX_ECHO ignored
2026-10-09 18:40:45,697 RX_ECHO ignored
2026-10-09 18:40:45,697 RX_ECHO ignored
2026-10-09 18:40:45,698 RX_ECHO ignored
2026-10-09 18:40:45,698 RX_ECHO ignored
2026-10-09 18:40:45,698 RX_ECHO ignored
2026-10-09 18:40:45,698 RX_ECHO ignored
2026-10-09 18:40:45,698 RX_ECHO ignored
2026-10-09 18:40:45,698 RX_ECHO ignored
2026-10-09 18:40:45,698 RX_ECHO ignored
2026-10-09 18:40:45,698 RX_ECHO ignored
2026-10-09 18:40:45,698 RX_ECHO ignored
2026-10-09 18:40:45,698 RX_ECHO ignored
2026-10-09 18:40:45,698 RX_ECHO ignored
2026-10-09 18:40:45,698 RX_ECHO ignored
2026-10-09 18:40:45,698 RX_ECHO ignored
2026-10-09 18:40:45,698 RX_ECHO ignored
2026-10-09 18:40:45,698 RX_ECHO ignored
2026-10-09 18:40:45,698 RX_ECHO ignored
2026-10-09 18:40:45,698 RX_ECHO ignored
2026-10-09 18:40:45,698 RX_ECHO ignored
2026-10-09 18:40:45,698 RX_ECHO ignored
2026-10-09 18:40:45,698 RX_ECHO ignored
2026-10-09 18:40:45,698 RX_ECHO ignored
2026-10-09 18:40:45,698 RX_ECHO ignored
2026-10-09 18:40:45,698 RX_ECHO ignored
2026-10-09 18:40:45,698 RX_ECHO ignored
2026-10-09 18:40:45,698 RX_ECHO ignored
2026-10-09 18:40:45,699 RX_ECHO ignored
2026-10-09 18:40:45,699 RX_ECHO ignored
2026-10-09 18:40:45,699 RX_ECHO ignored
2026-10-09 18:40:45,699 RX_ECHO ignored
2026-10-09 18:40:45,699 RX_ECHO ignored
2026-10-09 18:40:45,699 RX_ECHO ignored
2026-10-09 18:40:45,699 RX_ECHO ignored
2026-10-09 18:40:45,699 RX_ECHO ignored
2026-10-09 18:40:45,699 RX_ECHO ignored
2026-10-09 18:40:45,699 RX_ECHO ignored
2026-10-09 18:40:45,699 RX_ECHO ignored
2026-10-09 18:40:45,699 RX_ECHO ignored
2026-10-09 18:40:45,699 RX_ECHO ignored
2026-10-09 18:40:45,700 RX_ECHO ignored
2026-10-09 18:40:45,700 RX_ECHO ignored
2026-10-09 18:40:45,700 RX_ECHO ignored
2026-10-09 18:40:45,700 RX_ECHO ignored
2026-10-09 18:40:45,700 RX_ECHO ignored
2026-10-09 18:40:45,700 RX_ECHO ignored
2026-10-09 18:40:45,700 RX_ECHO ignored
2026-10-09 18:40:45,700 RX_ECHO ignored
2026-10-09 18:40:45,700 RX_ECHO ignored
2026-10-09 18:40:45,700 RX_ECHO ignored
2026-10-09 18:40:45,700 RX_ECHO ignored
2026-10-09 18:40:45,700 RX_ECHO ignored
2026-10-09 18:40:45,700 RX_ECHO ignored
2026-10-09 18:40:45,700 RX_ECHO ignored
2026-10-09 18:40:45,700 RX_ECHO ignored
2026-10-09 18:40:45,700 RX_ECHO ignored
2026-10-09 18:40:45,700 RX_ECHO ignored
2026-10-09 18:40:45,700 RX_ECHO ignored
2026-10-09 18:40:45,701 RX_ECHO ignored
2026-10-09 18:40:45,701 RX_ECHO ignored
2026-10-09 18:40:45,701 RX_ECHO ignored
2026-10-09 18:40:45,701 RX_ECHO ignored
2026-10-09 18:40:45,701 RX_ECHO ignored
2026-10-09 18:40:45,701 RX_ECHO ignored
2026-10-09 18:40:45,701 RX_ECHO ignored
2026-10-09 18:40:45,701 RX_ECHO ignored
2026-10-09 18:40:45,701 RX_ECHO ignored
2026-10-09 18:40:45,701 RX_ECHO ignored
2026-10-09 18:40:45,701 RX_ECHO ignored
2026-10-09 18:40:45,701 RX_ECHO ignored
2026-10-09 18:40:45,701 RX_ECHO ignored
2026-10-09 18:40:45,701 RX_ECHO ignored
2026-10-09 18:40:45,701 RX_ECHO ignored
2026-10-09 18:40:45,701 RX_ECHO ignored
2026-10-09 18:40:45,701 RX_ECHO ignored
2026-10-09 18:40:45,701 RX_ECHO ignored
2026-10-09 18:40:45,701 RX_ECHO ignored
2026-10-09 18:40:45,701 RX_ECHO ignored
2026-10-09 18:40:45,701 RX_ECHO ignored
2026-10-09 18:40:45,702 RX_ECHO ignored
2026-10-09 18:40:45,702 RX_ECHO ignored
2026-10-09 18:40:45,702 RX_ECHO ignored
2026-10-09 18:40:45,702 RX_ECHO ignored
2026-10-09 18:40:45,702 RX_ECHO ignored
2026-10-09 18:40:45,702 RX_ECHO ignored
2026-10-09 18:40:45,702 RX_ECHO ignored
2026-10-09 18:40:45,702 RX_ECHO ignored
2026-10-09 18:40:45,702 RX_ECHO ignored
2026-10-09 18:40:45,702 RX_ECHO ignored
2026-10-09 18:40:45,702 RX_ECHO ignored
2026-10-09 18:40:45,702 RX_ECHO ignored
2026-10-09 18:40:45,703 RX_ECHO ignored
2026-10-09 18:40:45,703 RX_ECHO ignored
2026-10-09 18:40:45,703 RX_ECHO ignored
2026-10-09 18:40:45,703 RX_ECHO ignored
2026-10-09 18:40:45,703 RX_ECHO ignored
2026-10-09 18:40:45,703 RX_ECHO ignored
2026-10-09 18:40:45,703 RX_ECHO ignored
2026-10-09 18:40:45,703 RX_ECHO ignored
2026-10-09 18:40:45,703 RX_ECHO ignored
2026-10-09 18:40:45,703 RX_ECHO ignored
2026-10-09 18:40:45,703 RX_ECHO ignored
2026-10-09 18:40:45,703 RX_ECHO ignored
2026-10-09 18:40:45,703 RX_ECHO ignored
2026-10-09 18:40:45,703 RX_ECHO ignored
2026-10-09 18:40:45,703 RX_ECHO ignored
2026-10-09 18:40:45,703 RX_ECHO ignored
2026-10-09 18:40:45,703 RX_ECHO ignored
2026-10-09 18:40:45,704 RX_ECHO ignored
2026-10-09 18:40:45,704 RX_ECHO ignored
2026-10-09 18:40:45,704 RX_ECHO ignored
2026-10-09 18:40:45,704 RX_ECHO ignored
2026-10-09 18:40:45,704 RX_ECHO ignored
2026-10-09 18:40:45,704 RX_ECHO ignored
2026-10-09 18:40:45,704 RX_ECHO ignored
2026-10-09 18:40:45,704 RX_ECHO ignored
2026-10-09 18:40:45,704 RX_ECHO ignored
2026-10-09 18:40:45,704 RX_ECHO ignored
2026-10-09 18:40:45,704 RX_ECHO ignored
2026-10-09 18:40:45,704 RX_ECHO ignored
2026-10-09 18:40:45,704 RX_ECHO ignored
2026-10-09 18:40:45,704 RX_ECHO ignored
2026-10-09 18:40:45,704 RX_ECHO ignored
2026-10-09 18:40:45,704 RX_ECHO ignored
2026-10-09 18:40:45,704 RX_ECHO ignored
2026-10-09 18:40:45,705 RX_ECHO ignored
2026-10-09 18:40:45,705 RX_ECHO ignored
2026-10-09 18:40:45,705 RX_ECHO ignored
2026-10-09 18:40:45,705 RX_ECHO ignored
2026-10-09 18:40:45,705 RX_ECHO ignored
2026-10-09 18:40:45,705 RX_ECHO ignored
2026-10-09 18:40:45,705 RX_ECHO ignored
2026-10-09 18:40:45,705 RX_ECHO ignored
2026-10-09 18:40:45,705 RX_ECHO ignored
2026-10-09 18:40:45,705 RX_ECHO ignored
2026-10-09 18:40:45,705 RX_ECHO ignored
2026-10-09 18:40:45,705 RX_ECHO ignored
2026-10-09 18:40:45,705 RX_ECHO ignored
2026-10-09 18:40:45,705 RX_ECHO ignored
2026-10-09 18:40:45,705 RX_ECHO ignored
2026-10-09 18:40:45,705 RX_ECHO ignored
2026-10-09 18:40:45,705 RX_ECHO ignored
2026-10-09 18:40:45,705 RX_ECHO ignored
2026-10-09 18:40:45,705 RX_ECHO ignored
2026-10-09 18:40:45,705 RX_ECHO ignored
2026-10-09 18:40:45,705 RX_ECHO ignored
2026-10-09 18:40:45,705 RX_ECHO ignored
2026-10-09 18:40:45,705 RX_ECHO ignored
2026-10-09 18:40:45,705 RX_ECHO ignored
2026-10-09 18:40:45,705 RX_ECHO ignored
2026-10-09 18:40:45,705 RX_ECHO ignored
2026-10-09 18:40:45,706 RX_ECHO ignored
2026-10-09 18:40:45,706 RX_ECHO ignored
2026-10-09 18:40:45,706 RX_ECHO ignored
2026-10-09 18:40:45,706 RX_ECHO ignored
2026-10-09 18:40:45,706 RX_ECHO ignored
2026-10-09 18:40:45,706 RX_ECHO ignored
2026-10-09 18:40:45,706 RX_ECHO ignored
2026-10-09 18:40:45,706 RX_ECHO ignored
2026-10-09 18:40:45,706 RX_ECHO ignored
2026-10-09 18:40:45,706 RX_ECHO ignored
2026-10-09 18:40:45,706 RX_ECHO ignored
2026-10-09 18:40:45,706 RX_ECHO ignored
2026-10-09 18:40:45,706 RX_ECHO ignored
2026-10-09 18:40:45,706 RX_ECHO ignored
2026-10-09 18:40:45,706 RX_ECHO ignored
2026-10-09 18:40:45,706 RX_ECHO ignored
2026-10-09 18:40:45,706 RX_ECHO ignored
2026-10-09 18:40:45,707 RX_ECHO ignored
2026-10-09 18:40:45,707 RX_ECHO ignored
2026-10-09 18:40:45,707 RX_ECHO ignored
2026-10-09 18:40:45,707 RX_ECHO ignored
2026-10-09 18:40:45,707 RX_ECHO ignored
2026-10-09 18:40:45,707 RX_ECHO ignored
2026-10-09 18:40:45,707 RX_ECHO ignored
2026-10-09 18:40:45,707 RX_ECHO ignored
2026-10-09 18:40:45,707 RX_ECHO ignored
2026-10-09 18:40:45,707 RX_ECHO ignored
2026-10-09 18:40:45,707 RX_ECHO ignored
2026-10-09 18:40:45,707 RX_ECHO ignored
2026-10-09 18:40:45,707 RX_ECHO ignored
2026-10-09 18:40:45,707 RX_ECHO ignored
2026-10-09 18:40:45,707 RX_ECHO ignored
2026-10-09 18:40:45,707 RX_ECHO ignored
2026-10-09 18:40:45,707 RX_ECHO ignored
2026-10-09 18:40:45,707 RX_ECHO ignored
2026-10-09 18:40:45,707 RX_ECHO ignored
2026-10-09 18:40:45,707 RX_ECHO ignored
2026-10-09 18:40:45,707 RX_ECHO ignored
2026-10-09 18:40:45,707 RX_ECHO ignored
2026-10-09 18:40:45,707 RX_ECHO ignored
2026-10-09 18:40:45,707 RX_ECHO ignored
2026-10-09 18:40:45,707 RX_ECHO ignored
2026-10-09 18:40:45,708 RX_ECHO ignored
2026-10-09 18:40:45,708 RX_ECHO ignored
2026-10-09 18:40:45,708 RX_ECHO ignored
2026-10-09 18:40:45,708 RX_ECHO ignored
2026-10-09 18:40:45,708 RX_ECHO ignored
2026-10-09 18:40:45,708 RX_ECHO ignored
2026-10-09 18:40:45,708 RX_ECHO ignored
2026-10-09 18:40:45,708 RX_ECHO ignored
2026-10-09 18:40:45,708 RX_ECHO ignored
2026-10-09 18:40:45,708 RX_ECHO ignored
2026-10-09 18:40:45,708 RX_ECHO ignored
2026-10-09 18:40:45,708 RX_ECHO ignored
2026-10-09 18:40:45,708 RX_ECHO ignored
2026-10-09 18:40:45,708 RX_ECHO ignored
2026-10-09 18:40:45,709 RX_ECHO ignored
2026-10-09 18:40:45,709 RX_ECHO ignored
2026-10-09 18:40:45,709 RX_ECHO ignored
2026-10-09 18:40:45,709 RX_ECHO ignored
2026-10-09 18:40:45,709 RX_ECHO ignored
2026-10-09 18:40:45,709 RX_ECHO ignored
2026-10-09 18:40:45,709 RX_ECHO ignored
2026-10-09 18:40:45,709 RX_ECHO ignored
2026-10-09 18:40:45,709 RX_ECHO ignored
2026-10-09 18:40:45,709 RX_ECHO ignored
2026-10-09 18:40:45,709 RX_ECHO ignored
2026-10-09 18:40:45,709 RX_ECHO ignored
2026-10-09 18:40:45,709 RX_ECHO ignored
2026-10-09 18:40:45,709 RX_ECHO ignored
2026-10-09 18:40:45,709 RX_ECHO ignored
2026-10-09 18:40:45,709 RX_ECHO ignored
2026-10-09 18:40:45,709 RX_ECHO ignored
2026-10-09 18:40:45,709 RX_ECHO ignored
2026-10-09 18:40:45,709 RX_ECHO ignored
2026-10-09 18:40:45,710 RX_ECHO ignored
2026-10-09 18:40:45,710 RX_ECHO ignored
2026-10-09 18:40:45,710 RX_ECHO ignored
2026-10-09 18:40:45,710 RX_ECHO ignored
2026-10-09 18:40:45,710 RX_ECHO ignored
2026-10-09 18:40:45,710 RX_ECHO ignored
2026-10-09 18:40:45,710 RX_ECHO ignored
2026-10-09 18:40:45,710 RX_ECHO ignored
2026-10-09 18:40:45,710 RX_ECHO ignored
2026-10-09 18:40:45,710 RX_ECHO ignored
2026-10-09 18:40:45,710 RX_ECHO ignored
2026-10-09 18:40:45,710 RX_ECHO ignored
2026-10-09 18:40:45,710 RX_ECHO ignored
2026-10-09 18:40:45,710 RX_ECHO ignored
2026-10-09 18:40:45,710 RX_ECHO ignored
2026-10-09 18:40:45,710 RX_ECHO ignored
2026-10-09 18:40:45,710 RX_ECHO ignored
2026-10-09 18:40:45,710 RX_ECHO ignored
2026-10-09 18:40:45,710 RX_ECHO ignored
2026-10-09 18:40:45,711 RX_ECHO ignored
2026-10-09 18:40:45,711 RX_ECHO ignored
2026-10-09 18:40:45,711 RX_ECHO ignored
2026-10-09 18:40:45,711 RX_ECHO ignored
2026-10-09 18:40:45,711 RX_ECHO ignored
2026-10-09 18:40:45,711 RX_ECHO ignored
2026-10-09 18:40:45,711 RX_ECHO ignored
2026-10-09 18:40:45,711 RX_ECHO ignored
2026-10-09 18:40:45,711 RX_ECHO ignored
2026-10-09 18:40:45,711 RX_ECHO ignored
2026-10-09 18:40:45,711 RX_ECHO ignored
2026-10-09 18:40:45,711 RX_ECHO ignored
2026-10-09 18:40:45,711 RX_ECHO ignored
2026-10-09 18:40:45,711 RX_ECHO ignored
2026-10-09 18:40:45,711 RX_ECHO ignored
2026-10-09 18:40:45,711 RX_ECHO ignored
2026-10-09 18:40:45,711 RX_ECHO ignored
2026-10-09 18:40:45,711 RX_ECHO ignored
2026-10-09 18:40:45,711 RX_ECHO ignored
2026-10-09 18:40:45,711 RX_ECHO ignored
2026-10-09 18:40:45,712 RX_ECHO ignored
2026-10-09 18:40:45,712 RX_ECHO ignored
2026-10-09 18:40:45,712 RX_ECHO ignored
2026-10-09 18:40:45,712 RX_ECHO ignored
2026-10-09 18:40:45,712 RX_ECHO ignored
2026-10-09 18:40:45,712 RX_ECHO ignored
2026-10-09 18:40:45,712 RX_ECHO ignored
2026-10-09 18:40:45,712 RX_ECHO ignored
2026-10-09 18:40:45,712 RX_ECHO ignored
2026-10-09 18:40:45,712 RX_ECHO ignored
2026-10-09 18:40:45,712 RX_ECHO ignored
2026-10-09 18:40:45,712 RX_ECHO ignored
2026-10-09 18:40:45,712 RX_ECHO ignored
2026-10-09 18:40:45,712 RX_ECHO ignored
2026-10-09 18:40:45,712 RX_ECHO ignored
2026-10-09 18:40:45,712 RX_ECHO ignored
2026-10-09 18:40:45,712 RX_ECHO ignored
2026-10-09 18:40:45,712 RX_ECHO ignored
2026-10-09 18:40:45,713 RX_ECHO ignored
2026-10-09 18:40:45,713 RX_ECHO ignored
2026-10-09 18:40:45,713 RX_ECHO ignored
2026-10-09 18:40:45,713 RX_ECHO ignored
2026-10-09 18:40:45,713 RX_ECHO ignored
2026-10-09 18:40:45,713 RX_ECHO ignored
2026-10-09 18:40:45,713 RX_ECHO ignored
2026-10-09 18:40:45,713 RX_ECHO ignored
2026-10-09 18:40:45,713 RX_ECHO ignored
2026-10-09 18:40:45,713 RX_ECHO ignored
2026-10-09 18:40:45,713 RX_ECHO ignored
2026-10-09 18:40:45,713 RX_ECHO ignored
2026-10-09 18:40:45,713 RX_ECHO ignored
2026-10-09 18:40:45,714 RX_ECHO ignored
2026-10-09 18:40:45,714 RX_ECHO ignored
2026-10-09 18:40:45,714 RX_ECHO ignored
2026-10-09 18:40:45,714 RX_ECHO ignored
2026-10-09 18:40:45,714 RX_ECHO ignored
2026-10-09 18:40:45,714 RX_ECHO ignored
2026-10-09 18:40:45,714 RX_ECHO ignored
2026-10-09 18:40:45,714 RX_ECHO ignored
2026-10-09 18:40:45,714 RX_ECHO ignored
2026-10-09 18:40:45,714 RX_ECHO ignored
2026-10-09 18:40:45,714 RX_ECHO ignored
2026-10-09 18:40:45,714 RX_ECHO ignored
2026-10-09 18:40:45,714 RX_ECHO ignored
2026-10-09 18:40:45,715 RX_ECHO ignored
2026-10-09 18:40:45,715 RX_ECHO ignored
2026-10-09 18:40:45,715 RX_ECHO ignored
2026-10-09 18:40:45,715 RX_ECHO ignored
2026-10-09 18:40:45,715 RX_ECHO ignored
2026-10-09 18:40:45,715 RX_ECHO ignored
2026-10-09 18:40:45,715 RX_ECHO ignored
2026-10-09 18:40:45,715 RX_ECHO ignored
2026-10-09 18:40:45,715 RX_ECHO ignored
2026-10-09 18:40:45,715 RX_ECHO ignored
2026-10-09 18:40:45,715 RX_ECHO ignored
2026-10-09 18:40:45,715 RX_ECHO ignored
2026-10-09 18:40:45,715 RX_ECHO ignored
2026-10-09 18:40:45,715 RX_ECHO ignored
2026-10-09 18:40:45,715 RX_ECHO ignored
2026-10-09 18:40:45,715 RX_ECHO ignored
2026-10-09 18:40:45,715 RX_ECHO ignored
2026-10-09 18:40:45,715 RX_ECHO ignored
2026-10-09 18:40:45,715 RX_ECHO ignored
2026-10-09 18:40:45,715 RX_ECHO ignored
2026-10-09 18:40:45,715 RX_ECHO ignored
2026-10-09 18:40:45,715 RX_ECHO ignored
2026-10-09 18:40:45,715 RX_ECHO ignored
2026-10-09 18:40:45,715 RX_ECHO ignored
2026-10-09 18:40:45,715 RX_ECHO ignored
2026-10-09 18:40:45,715 RX_ECHO ignored
2026-10-09 18:40:45,716 RX_ECHO ignored
2026-10-09 18:40:45,716 RX_ECHO ignored
2026-10-09 18:40:45,716 RX_ECHO ignored
2026-10-09 18:40:45,716 RX_ECHO ignored
2026-10-09 18:40:45,716 RX_ECHO ignored
2026-10-09 18:40:45,716 RX_ECHO ignored
2026-10-09 18:40:45,716 RX_ECHO ignored
2026-10-09 18:40:45,716 RX_ECHO ignored
2026-10-09 18:40:45,716 RX_ECHO ignored
2026-10-09 18:40:45,716 RX_ECHO ignored
2026-10-09 18:40:45,716 RX_ECHO ignored
2026-10-09 18:40:45,716 RX_ECHO ignored
2026-10-09 18:40:45,717 RX_ECHO ignored
2026-10-09 18:40:45,717 RX_ECHO ignored
2026-10-09 18:40:45,717 RX_ECHO ignored
2026-10-09 18:40:45,717 RX_ECHO ignored
2026-10-09 18:40:45,717 RX_ECHO ignored
2026-10-09 18:40:45,717 RX_ECHO ignored
2026-10-09 18:40:45,717 RX_ECHO ignored
2026-10-09 18:40:45,717 RX_ECHO ignored
2026-10-09 18:40:45,717 RX_ECHO ignored
2026-10-09 18:40:45,717 RX_ECHO ignored
2026-10-09 18:40:45,717 RX_ECHO ignored
2026-10-09 18:40:45,717 RX_ECHO ignored
2026-10-09 18:40:45,717 RX_ECHO ignored
2026-10-09 18:40:45,718 RX_ECHO ignored
2026-10-09 18:40:45,718 RX_ECHO ignored
2026-10-09 18:40:45,718 RX_ECHO ignored
2026-10-09 18:40:45,718 RX_ECHO ignored
2026-10-09 18:40:45,718 RX_ECHO ignored
2026-10-09 18:40:45,718 RX_ECHO ignored
2026-10-09 18:40:45,718 RX_ECHO ignored
2026-10-09 18:40:45,718 RX_ECHO ignored
2026-10-09 18:40:45,718 RX_ECHO ignored
2026-10-09 18:40:45,718 RX_ECHO ignored
2026-10-09 18:40:45,718 RX_ECHO ignored
2026-10-09 18:40:45,718 RX_ECHO ignored
2026-10-09 18:40:45,718 RX_ECHO ignored
2026-10-09 18:40:45,718 RX_ECHO ignored
2026-10-09 18:40:45,718 RX_ECHO ignored
2026-10-09 18:40:45,718 RX_ECHO ignored
2026-10-09 18:40:45,718 RX_ECHO ignored
2026-10-09 18:40:45,718 RX_ECHO ignored
2026-10-09 18:40:45,718 RX_ECHO ignored
2026-10-09 18:40:45,718 RX_ECHO ignored
2026-10-09 18:40:45,718 RX_ECHO ignored
2026-10-09 18:40:45,718 RX_ECHO ignored
2026-10-09 18:40:45,718 RX_ECHO ignored
2026-10-09 18:40:45,718 RX_ECHO ignored
2026-10-09 18:40:45,718 RX_ECHO ignored
2026-10-09 18:40:45,718 RX_ECHO ignored
2026-10-09 18:40:45,719 RX_ECHO ignored
2026-10-09 18:40:45,719 RX_ECHO ignored
2026-10-09 18:40:45,719 RX_ECHO ignored
2026-10-09 18:40:45,719 RX_ECHO ignored
2026-10-09 18:40:45,719 RX_ECHO ignored
2026-10-09 18:40:45,719 RX_ECHO ignored
2026-10-09 18:40:45,719 RX_ECHO ignored
2026-10-09 18:40:45,719 RX_ECHO ignored
2026-10-09 18:40:45,719 RX_ECHO ignored
2026-10-09 18:40:45,719 RX_ECHO ignored
2026-10-09 18:40:45,719 RX_ECHO ignored
2026-10-09 18:40:45,719 RX_ECHO ignored
2026-10-09 18:40:45,719 RX_ECHO ignored
2026-10-09 18:40:45,720 RX_ECHO ignored
2026-10-09 18:40:45,720 RX_ECHO ignored
2026-10-09 18:40:45,720 RX_ECHO ignored
2026-10-09 18:40:45,720 RX_ECHO ignored
2026-10-09 18:40:45,720 RX_ECHO ignored
2026-10-09 18:40:45,720 RX_ECHO ignored
2026-10-09 18:40:45,720 RX_ECHO ignored
2026-10-09 18:40:45,720 RX_ECHO ignored
2026-10-09 18:40:45,720 RX_ECHO ignored
2026-10-09 18:40:45,720 RX_ECHO ignored
2026-10-09 18:40:45,720 RX_ECHO ignored
2026-10-09 18:40:45,720 RX_ECHO ignored
2026-10-09 18:40:45,721 RX_ECHO ignored
2026-10-09 18:40:45,721 RX_ECHO ignored
2026-10-09 18:40:45,721 RX_ECHO ignored
2026-10-09 18:40:45,721 RX_ECHO ignored
2026-10-09 18:40:45,721 RX_ECHO ignored
2026-10-09 18:40:45,721 RX_ECHO ignored
2026-10-09 18:40:45,721 RX_ECHO ignored
2026-10-09 18:40:45,721 RX_ECHO ignored
2026-10-09 18:40:45,721 RX_ECHO ignored
2026-10-09 18:40:45,721 RX_ECHO ignored
2026-10-09 18:40:45,721 RX_ECHO ignored
2026-10-09 18:40:45,721 RX_ECHO ignored
2026-10-09 18:40:45,721 RX_ECHO ignored
2026-10-09 18:40:45,721 RX_ECHO ignored
2026-10-09 18:40:45,721 RX_ECHO ignored
2026-10-09 18:40:45,721 RX_ECHO ignored
2026-10-09 18:40:45,721 RX_ECHO ignored
2026-10-09 18:40:45,722 RX_ECHO ignored
2026-10-09 18:40:45,722 RX_ECHO ignored
2026-10-09 18:40:45,722 RX_ECHO ignored
2026-10-09 18:40:45,722 RX_ECHO ignored
2026-10-09 18:40:45,722 RX_ECHO ignored
2026-10-09 18:40:45,722 RX_ECHO ignored
2026-10-09 18:40:45,722 RX_ECHO ignored
2026-10-09 18:40:45,722 RX_ECHO ignored
2026-10-09 18:40:45,722 RX_ECHO ignored
2026-10-09 18:40:45,722 RX_ECHO ignored
2026-10-09 18:40:45,722 RX_ECHO ignored
2026-10-09 18:40:45,722 RX_ECHO ignored
2026-10-09 18:40:45,722 RX_ECHO ignored
2026-10-09 18:40:45,722 RX_ECHO ignored
2026-10-09 18:40:45,722 RX_ECHO ignored
2026-10-09 18:40:45,722 RX_ECHO ignored
2026-10-09 18:40:45,722 RX_ECHO ignored
2026-10-09 18:40:45,722 RX_ECHO ignored
2026-10-09 18:40:45,722 RX_ECHO ignored
2026-10-09 18:40:45,722 RX_ECHO ignored
2026-10-09 18:40:45,722 RX_ECHO ignored
2026-10-09 18:40:45,722 RX_ECHO ignored
2026-10-09 18:40:45,723 RX_ECHO ignored
2026-10-09 18:40:45,723 RX_ECHO ignored
2026-10-09 18:40:45,723 RX_ECHO ignored
2026-10-09 18:40:45,723 RX_ECHO ignored
2026-10-09 18:40:45,723 RX_ECHO ignored
2026-10-09 18:40:45,723 RX_ECHO ignored
2026-10-09 18:40:45,723 RX_ECHO ignored
2026-10-09 18:40:45,723 RX_ECHO ignored
2026-10-09 18:40:45,723 RX_ECHO ignored
2026-10-09 18:40:45,723 RX_ECHO ignored
2026-10-09 18:40:45,723 RX_ECHO ignored
2026-10-09 18:40:45,723 RX_ECHO ignored
2026-10-09 18:40:45,723 RX_ECHO ignored
2026-10-09 18:40:45,724 RX_ECHO ignored
2026-10-09 18:40:45,724 RX_ECHO ignored
2026-10-09 18:40:45,724 RX_ECHO ignored
2026-10-09 18:40:45,724 RX_ECHO ignored
2026-10-09 18:40:45,724 RX_ECHO ignored
2026-10-09 18:40:45,724 RX_ECHO ignored
2026-10-09 18:40:45,724 RX_ECHO ignored
2026-10-09 18:40:45,724 RX_ECHO ignored
2026-10-09 18:40:45,724 RX_ECHO ignored
2026-10-09 18:40:45,724 RX_ECHO ignored
2026-10-09 18:40:45,724 RX_ECHO ignored
2026-10-09 18:40:45,724 RX_ECHO ignored
2026-10-09 18:40:45,724 RX_ECHO ignored
2026-10-09 18:40:45,724 RX_ECHO ignored
2026-10-09 18:40:45,724 RX_ECHO ignored
2026-10-09 18:40:45,724 RX_ECHO ignored
2026-10-09 18:40:45,724 RX_ECHO ignored
2026-10-09 18:40:45,724 RX_ECHO ignored
2026-10-09 18:40:45,724 RX_ECHO ignored
2026-10-09 18:40:45,724 RX_ECHO ignored
2026-10-09 18:40:45,724 RX_ECHO ignored
2026-10-09 18:40:45,724 RX_ECHO ignored
2026-10-09 18:40:45,725 RX_ECHO ignored
2026-10-09 18:40:45,725 RX_ECHO ignored
2026-10-09 18:40:45,725 RX_ECHO ignored
2026-10-09 18:40:45,725 RX_ECHO ignored
2026-10-09 18:40:45,725 RX_ECHO ignored
2026-10-09 18:40:45,725 RX_ECHO ignored
2026-10-09 18:40:45,725 RX_ECHO ignored
2026-10-09 18:40:45,725 RX_ECHO ignored
2026-10-09 18:40:45,725 RX_ECHO ignored
2026-10-09 18:40:45,725 RX_ECHO ignored
2026-10-09 18:40:45,725 RX_ECHO ignored
2026-10-09 18:40:45,725 RX_ECHO ignored
2026-10-09 18:40:45,725 RX_ECHO ignored
2026-10-09 18:40:45,725 RX_ECHO ignored
2026-10-09 18:40:45,725 RX_ECHO ignored
2026-10-09 18:40:45,725 RX_ECHO ignored
2026-10-09 18:40:45,726 RX_ECHO ignored
2026-10-09 18:40:45,726 RX_ECHO ignored
2026-10-09 18:40:45,726 RX_ECHO ignored
2026-10-09 18:40:45,726 RX_ECHO ignored
2026-10-09 18:40:45,726 RX_ECHO ignored
2026-10-09 18:40:45,726 RX_ECHO ignored
2026-10-09 18:40:45,726 RX_ECHO ignored
2026-10-09 18:40:45,726 RX_ECHO ignored
2026-10-09 18:40:45,726 RX_ECHO ignored
2026-10-09 18:40:45,726 RX_ECHO ignored
2026-10-09 18:40:45,726 RX_ECHO ignored
2026-10-09 18:40:45,726 RX_ECHO ignored
2026-10-09 18:40:45,726 RX_ECHO ignored
2026-10-09 18:40:45,727 RX_ECHO ignored
2026-10-09 18:40:45,727 RX_ECHO ignored
2026-10-09 18:40:45,727 RX_ECHO ignored
2026-10-09 18:40:45,727 RX_ECHO ignored
2026-10-09 18:40:45,727 RX_ECHO ignored
2026-10-09 18:40:45,727 RX_ECHO ignored
2026-10-09 18:40:45,727 RX_ECHO ignored
2026-10-09 18:40:45,727 RX_ECHO ignored
2026-10-09 18:40:45,727 RX_ECHO ignored
2026-10-09 18:40:45,727 RX_ECHO ignored
2026-10-09 18:40:45,727 RX_ECHO ignored
2026-10-09 18:40:45,727 RX_ECHO ignored
2026-10-09 18:40:45,727 RX_ECHO ignored
2026-10-09 18:40:45,727 RX_ECHO ignored
2026-10-09 18:40:45,727 RX_ECHO ignored
2026-10-09 18:40:45,727 RX_ECHO ignored
2026-10-09 18:40:45,727 RX_ECHO ignored
2026-10-09 18:40:45,727 RX_ECHO ignored
2026-10-09 18:40:45,727 RX_ECHO ignored
2026-10-09 18:40:45,728 RX_ECHO ignored
2026-10-09 18:40:45,728 RX_ECHO ignored
2026-10-09 18:40:45,728 RX_ECHO ignored
2026-10-09 18:40:45,728 RX_ECHO ignored
2026-10-09 18:40:45,728 RX_ECHO ignored
2026-10-09 18:40:45,728 RX_ECHO ignored
2026-10-09 18:40:45,728 RX_ECHO ignored
2026-10-09 18:40:45,728 RX_ECHO ignored
2026-10-09 18:40:45,728 RX_ECHO ignored
2026-10-09 18:40:45,728 RX_ECHO ignored
2026-10-09 18:40:45,728 RX_ECHO ignored
2026-10-09 18:40:45,728 RX_ECHO ignored
2026-10-09 18:40:45,728 RX_ECHO ignored
2026-10-09 18:40:45,728 RX_ECHO ignored
2026-10-09 18:40:45,728 RX_ECHO ignored
2026-10-09 18:40:45,728 RX_ECHO ignored
2026-10-09 18:40:45,728 RX_ECHO ignored
2026-10-09 18:40:45,728 RX_ECHO ignored
2026-10-09 18:40:45,728 RX_ECHO ignored
2026-10-09 18:40:45,729 RX_ECHO ignored
2026-10-09 18:40:45,729 RX_ECHO ignored
2026-10-09 18:40:45,729 RX_ECHO ignored
2026-10-09 18:40:45,729 RX_ECHO ignored
2026-10-09 18:40:45,729 RX_ECHO ignored
2026-10-09 18:40:45,729 RX_ECHO ignored
2026-10-09 18:40:45,729 RX_ECHO ignored
2026-10-09 18:40:45,729 RX_ECHO ignored
2026-10-09 18:40:45,729 RX_ECHO ignored
2026-10-09 18:40:45,729 RX_ECHO ignored
2026-10-09 18:40:45,729 RX_ECHO ignored
2026-10-09 18:40:45,729 RX_ECHO ignored
2026-10-09 18:40:45,729 RX_ECHO ignored
2026-10-09 18:40:45,730 RX_ECHO ignored
2026-10-09 18:40:45,730 RX_ECHO ignored
2026-10-09 18:40:45,730 RX_ECHO ignored
2026-10-09 18:40:45,730 RX_ECHO ignored
2026-10-09 18:40:45,730 RX_ECHO ignored
2026-10-09 18:40:45,730 RX_ECHO ignored
2026-10-09 18:40:45,730 RX_ECHO ignored
2026-10-09 18:40:45,730 RX_ECHO ignored
2026-10-09 18:40:45,730 RX_ECHO ignored
2026-10-09 18:40:45,730 RX_ECHO ignored
2026-10-09 18:40:45,730 RX_ECHO ignored
2026-10-09 18:40:45,730 RX_ECHO ignored
2026-10-09 18:40:45,730 RX_ECHO ignored
2026-10-09 18:40:45,731 RX_ECHO ignored
2026-10-09 18:40:45,731 RX_ECHO ignored
2026-10-09 18:40:45,731 RX_ECHO ignored
2026-10-09 18:40:45,731 RX_ECHO ignored
2026-10-09 18:40:45,731 RX_ECHO ignored
2026-10-09 18:40:45,731 RX_ECHO ignored
2026-10-09 18:40:45,731 RX_ECHO ignored
2026-10-09 18:40:45,731 RX_ECHO ignored
2026-10-09 18:40:45,731 RX_ECHO ignored
2026-10-09 18:40:45,731 RX_ECHO ignored
2026-10-09 18:40:45,731 RX_ECHO ignored
2026-10-09 18:40:45,731 RX_ECHO ignored
2026-10-09 18:40:45,731 RX_ECHO ignored
2026-10-09 18:40:45,731 RX_ECHO ignored
2026-10-09 18:40:45,732 RX_ECHO ignored
2026-10-09 18:40:45,732 RX_ECHO ignored
2026-10-09 18:40:45,732 RX_ECHO ignored
2026-10-09 18:40:45,732 RX_ECHO ignored
2026-10-09 18:40:45,732 RX_ECHO ignored
2026-10-09 18:40:45,732 RX_ECHO ignored
2026-10-09 18:40:45,732 RX_ECHO ignored
2026-10-09 18:40:45,732 RX_ECHO ignored
2026-10-09 18:40:45,732 RX_ECHO ignored
2026-10-09 18:40:45,732 RX_ECHO ignored
2026-10-09 18:40:45,732 RX_ECHO ignored
2026-10-09 18:40:45,732 RX_ECHO ignored
2026-10-09 18:40:45,732 RX_ECHO ignored
2026-10-09 18:40:45,732 RX_ECHO ignored
2026-10-09 18:40:45,732 RX_ECHO ignored
2026-10-09 18:40:45,732 RX_ECHO ignored
2026-10-09 18:40:45,732 RX_ECHO ignored
2026-10-09 18:40:45,732 RX_ECHO ignored
2026-10-09 18:40:45,732 RX_ECHO ignored
2026-10-09 18:40:45,732 RX_ECHO ignored
2026-10-09 18:40:45,732 RX_ECHO ignored
2026-10-09 18:40:45,733 RX_ECHO ignored
2026-10-09 18:40:45,733 RX_ECHO ignored
2026-10-09 18:40:45,733 RX_ECHO ignored
2026-10-09 18:40:45,733 RX_ECHO ignored
2026-10-09 18:40:45,733 RX_ECHO ignored
2026-10-09 18:40:45,733 RX_ECHO ignored
2026-10-09 18:40:45,733 RX_ECHO ignored
2026-10-09 18:40:45,733 RX_ECHO ignored
2026-10-09 18:40:45,733 RX_ECHO ignored
2026-10-09 18:40:45,733 RX_ECHO ignored
2026-10-09 18:40:45,733 RX_ECHO ignored
2026-10-09 18:40:45,733 RX_ECHO ignored
2026-10-09 18:40:45,733 RX_ECHO ignored
2026-10-09 18:40:45,733 RX_ECHO ignored
2026-10-09 18:40:45,733 RX_ECHO ignored
2026-10-09 18:40:45,733 RX_ECHO ignored
2026-10-09 18:40:45,734 RX_ECHO ignored
2026-10-09 18:40:45,734 RX_ECHO ignored
2026-10-09 18:40:45,734 RX_ECHO ignored
2026-10-09 18:40:45,734 RX_ECHO ignored
2026-10-09 18:40:45,734 RX_ECHO ignored
2026-10-09 18:40:45,734 RX_ECHO ignored
2026-10-09 18:40:45,734 RX_ECHO ignored
2026-10-09 18:40:45,734 RX_ECHO ignored
2026-10-09 18:40:45,734 RX_ECHO ignored
2026-10-09 18:40:45,734 RX_ECHO ignored
2026-10-09 18:40:45,734 RX_ECHO ignored
2026-10-09 18:40:45,734 RX_ECHO ignored
2026-10-09 18:40:45,734 RX_ECHO ignored
2026-10-09 18:40:45,735 RX_ECHO ignored
2026-10-09 18:40:45,735 RX_ECHO ignored
2026-10-09 18:40:45,735 RX_ECHO ignored
2026-10-09 18:40:45,735 RX_ECHO ignored
2026-10-09 18:40:45,735 RX_ECHO ignored
2026-10-09 18:40:45,735 RX_ECHO ignored
2026-10-09 18:40:45,735 RX_ECHO ignored
2026-10-09 18:40:45,735 RX_ECHO ignored
2026-10-09 18:40:45,735 RX_ECHO ignored
2026-10-09 18:40:45,735 RX_ECHO ignored
2026-10-09 18:40:45,735 RX_ECHO ignored
2026-10-09 18:40:45,735 RX_ECHO ignored
2026-10-09 18:40:45,735 RX_ECHO ignored
2026-10-09 18:40:45,736 RX_ECHO ignored
2026-10-09 18:40:45,736 RX_ECHO ignored
2026-10-09 18:40:45,736 RX_ECHO ignored
2026-10-09 18:40:45,736 RX_ECHO ignored
2026-10-09 18:40:45,736 RX_ECHO ignored
2026-10-09 18:40:45,736 RX_ECHO ignored
2026-10-09 18:40:45,736 RX_ECHO ignored
2026-10-09 18:40:45,736 RX_ECHO ignored
2026-10-09 18:40:45,736 RX_ECHO ignored
2026-10-09 18:40:45,736 RX_ECHO ignored
2026-10-09 18:40:45,736 RX_ECHO ignored
2026-10-09 18:40:45,736 RX_ECHO ignored
2026-10-09 18:40:45,737 RX_ECHO ignored
2026-10-09 18:40:45,737 RX_ECHO ignored
2026-10-09 18:40:45,737 RX_ECHO ignored
2026-10-09 18:40:45,737 RX_ECHO ignored
2026-10-09 18:40:45,737 RX_ECHO ignored
2026-10-09 18:40:45,737 RX_ECHO ignored
2026-10-09 18:40:45,737 RX_ECHO ignored
2026-10-09 18:40:45,737 RX_ECHO ignored
2026-10-09 18:40:45,737 RX_ECHO ignored
2026-10-09 18:40:45,737 RX_ECHO ignored
2026-10-09 18:40:45,738 RX_ECHO ignored
2026-10-09 18:40:45,738 RX_ECHO ignored
2026-10-09 18:40:45,738 RX_ECHO ignored
2026-10-09 18:40:45,738 RX_ECHO ignored
2026-10-09 18:40:45,738 RX_ECHO ignored
2026-10-09 18:40:45,738 RX_ECHO ignored
2026-10-09 18:40:45,738 RX_ECHO ignored
2026-10-09 18:40:45,738 RX_ECHO ignored
2026-10-09 18:40:45,738 RX_ECHO ignored
2026-10-09 18:40:45,738 RX_ECHO ignored
2026-10-09 18:40:45,738 RX_ECHO ignored
2026-10-09 18:40:45,738 RX_ECHO ignored
2026-10-09 18:40:45,738 RX_ECHO ignored
2026-10-09 18:40:45,738 RX_ECHO ignored
2026-10-09 18:40:45,738 RX_ECHO ignored
2026-10-09 18:40:45,738 RX_ECHO ignored
2026-10-09 18:40:45,738 RX_ECHO ignored
2026-10-09 18:40:45,738 RX_ECHO ignored
2026-10-09 18:40:45,738 RX_ECHO ignored
2026-10-09 18:40:45,738 RX_ECHO ignored
2026-10-09 18:40:45,738 RX_ECHO ignored
2026-10-09 18:40:45,738 RX_ECHO ignored
2026-10-09 18:40:45,738 RX_ECHO ignored
2026-10-09 18:40:45,738 RX_ECHO ignored
2026-10-09 18:40:45,738 RX_ECHO ignored
2026-10-09 18:40:45,738 RX_ECHO ignored
2026-10-09 18:40:45,739 RX_ECHO ignored
2026-10-09 18:40:45,739 RX_ECHO ignored
2026-10-09 18:40:45,739 RX_ECHO ignored
2026-10-09 18:40:45,739 RX_ECHO ignored
2026-10-09 18:40:45,739 RX_ECHO ignored
2026-10-09 18:40:45,739 RX_ECHO ignored
2026-10-09 18:40:45,739 RX_ECHO ignored
2026-10-09 18:40:45,739 RX_ECHO ignored
2026-10-09 18:40:45,739 RX_ECHO ignored
2026-10-09 18:40:45,739 RX_ECHO ignored
2026-10-09 18:40:45,739 RX_ECHO ignored
2026-10-09 18:40:45,739 RX_ECHO ignored
2026-10-09 18:40:45,739 RX_ECHO ignored
2026-10-09 18:40:45,739 RX_ECHO ignored
2026-10-09 18:40:45,739 RX_ECHO ignored
2026-10-09 18:40:45,739 RX_ECHO ignored
2026-10-09 18:40:45,740 RX_ECHO ignored
2026-10-09 18:40:45,740 RX_ECHO ignored
2026-10-09 18:40:45,740 RX_ECHO ignored
2026-10-09 18:40:45,740 RX_ECHO ignored
2026-10-09 18:40:45,740 RX_ECHO ignored
2026-10-09 18:40:45,740 RX_ECHO ignored
2026-10-09 18:40:45,740 RX_ECHO ignored
2026-10-09 18:40:45,740 RX_ECHO ignored
2026-10-09 18:40:45,740 RX_ECHO ignored
2026-10-09 18:40:45,740 RX_ECHO ignored
2026-10-09 18:40:45,740 RX_ECHO ignored
2026-10-09 18:40:45,740 RX_ECHO ignored
2026-10-09 18:40:45,741 RX_ECHO ignored
2026-10-09 18:40:45,741 RX_ECHO ignored
2026-10-09 18:40:45,741 RX_ECHO ignored
2026-10-09 18:40:45,741 RX_ECHO ignored
2026-10-09 18:40:45,741 RX_ECHO ignored
2026-10-09 18:40:45,741 RX_ECHO ignored
2026-10-09 18:40:45,741 RX_ECHO ignored
2026-10-09 18:40:45,741 RX_ECHO ignored
2026-10-09 18:40:45,741 RX_ECHO ignored
2026-10-09 18:40:45,741 RX_ECHO ignored
2026-10-09 18:40:45,741 RX_ECHO ignored
2026-10-09 18:40:45,741 RX_ECHO ignored
2026-10-09 18:40:45,741 RX_ECHO ignored
2026-10-09 18:40:45,742 RX_ECHO ignored
2026-10-09 18:40:45,742 RX_ECHO ignored
2026-10-09 18:40:45,742 RX_ECHO ignored
2026-10-09 18:40:45,742 RX_ECHO ignored
2026-10-09 18:40:45,742 RX_ECHO ignored
2026-10-09 18:40:45,742 RX_ECHO ignored
2026-10-09 18:40:45,742 RX_ECHO ignored
2026-10-09 18:40:45,742 RX_ECHO ignored
2026-10-09 18:40:45,742 RX_ECHO ignored
2026-10-09 18:40:45,742 RX_ECHO ignored
2026-10-09 18:40:45,742 RX_ECHO ignored
2026-10-09 18:40:45,742 RX_ECHO ignored
2026-10-09 18:40:45,742 RX_ECHO ignored
2026-10-09 18:40:45,743 RX_ECHO ignored
2026-10-09 18:40:45,743 RX_ECHO ignored
2026-10-09 18:40:45,743 RX_ECHO ignored
2026-10-09 18:40:45,743 RX_ECHO ignored
2026-10-09 18:40:45,743 RX_ECHO ignored
2026-10-09 18:40:45,743 RX_ECHO ignored
2026-10-09 18:40:45,743 RX_ECHO ignored
2026-10-09 18:40:45,743 RX_ECHO ignored
2026-10-09 18:40:45,743 RX_ECHO ignored
2026-10-09 18:40:45,743 RX_ECHO ignored
2026-10-09 18:40:45,743 RX_ECHO ignored
2026-10-09 18:40:45,743 RX_ECHO ignored
2026-10-09 18:40:45,743 RX_ECHO ignored
2026-10-09 18:40:45,744 RX_ECHO ignored
2026-10-09 18:40:45,744 RX_ECHO ignored
2026-10-09 18:40:45,744 RX_ECHO ignored
2026-10-09 18:40:45,744 RX_ECHO ignored
2026-10-09 18:40:45,744 RX_ECHO ignored
2026-10-09 18:40:45,744 RX_ECHO ignored
2026-10-09 18:40:45,744 RX_ECHO ignored
2026-10-09 18:40:45,744 RX_ECHO ignored
2026-10-09 18:40:45,744 RX_ECHO ignored
2026-10-09 18:40:45,744 RX_ECHO ignored
2026-10-09 18:40:45,744 RX_ECHO ignored
2026-10-09 18:40:45,744 RX_ECHO ignored
2026-10-09 18:40:45,744 RX_ECHO ignored
2026-10-09 18:40:45,745 RX_ECHO ignored
2026-10-09 18:40:45,745 RX_ECHO ignored
2026-10-09 18:40:45,745 RX_ECHO ignored
2026-10-09 18:40:45,745 RX_ECHO ignored
2026-10-09 18:40:45,745 RX_ECHO ignored
2026-10-09 18:40:45,745 RX_ECHO ignored
2026-10-09 18:40:45,745 RX_ECHO ignored
2026-10-09 18:40:45,745 RX_ECHO ignored
2026-10-09 18:40:45,745 RX_ECHO ignored
2026-10-09 18:40:45,745 RX_ECHO ignored
2026-10-09 18:40:45,745 RX_ECHO ignored
2026-10-09 18:40:45,745 RX_ECHO ignored
2026-10-09 18:40:45,746 RX_ECHO ignored
2026-10-09 18:40:45,746 RX_ECHO ignored
2026-10-09 18:40:45,746 RX_ECHO ignored
2026-10-09 18:40:45,746 RX_ECHO ignored
2026-10-09 18:40:45,746 RX_ECHO ignored
2026-10-09 18:40:45,746 RX_ECHO ignored
2026-10-09 18:40:45,746 RX_ECHO ignored
2026-10-09 18:40:45,746 RX_ECHO ignored
2026-10-09 18:40:45,746 RX_ECHO ignored
2026-10-09 18:40:45,746 RX_ECHO ignored
2026-10-09 18:40:45,746 RX_ECHO ignored
2026-10-09 18:40:45,746 RX_ECHO ignored
2026-10-09 18:40:45,746 RX_ECHO ignored
2026-10-09 18:40:45,746 RX_ECHO ignored
2026-10-09 18:40:45,746 RX_ECHO ignored
2026-10-09 18:40:45,746 RX_ECHO ignored
2026-10-09 18:40:45,746 RX_ECHO ignored
2026-10-09 18:40:45,746 RX_ECHO ignored
2026-10-09 18:40:45,746 RX_ECHO ignored
2026-10-09 18:40:45,747 RX_ECHO ignored
2026-10-09 18:40:45,747 RX_ECHO ignored
2026-10-09 18:40:45,747 RX_ECHO ignored
2026-10-09 18:40:45,747 RX_ECHO ignored
2026-10-09 18:40:45,747 RX_ECHO ignored
2026-10-09 18:40:45,747 RX_ECHO ignored
2026-10-09 18:40:45,747 RX_ECHO ignored
2026-10-09 18:40:45,747 RX_ECHO ignored
2026-10-09 18:40:45,747 RX_ECHO ignored
2026-10-09 18:40:45,747 RX_ECHO ignored
2026-10-09 18:40:45,747 RX_ECHO ignored
2026-10-09 18:40:45,747 RX_ECHO ignored
2026-10-09 18:40:45,747 RX_ECHO ignored
2026-10-09 18:40:45,747 RX_ECHO ignored
2026-10-09 18:40:45,747 RX_ECHO ignored
2026-10-09 18:40:45,747 RX_ECHO ignored
2026-10-09 18:40:45,747 RX_ECHO ignored
2026-10-09 18:40:45,747 RX_ECHO ignored
2026-10-09 18:40:45,747 RX_ECHO ignored
2026-10-09 18:40:45,747 RX_ECHO ignored
2026-10-09 18:40:45,748 RX_ECHO ignored
2026-10-09 18:40:45,748 RX_ECHO ignored
2026-10-09 18:40:45,748 RX_ECHO ignored
2026-10-09 18:40:45,748 RX_ECHO ignored
2026-10-09 18:40:45,748 RX_ECHO ignored
2026-10-09 18:40:45,748 RX_ECHO ignored
2026-10-09 18:40:45,748 RX_ECHO ignored
2026-10-09 18:40:45,748 RX_ECHO ignored
2026-10-09 18:40:45,748 RX_ECHO ignored
2026-10-09 18:40:45,748 RX_ECHO ignored
2026-10-09 18:40:45,748 RX_ECHO ignored
2026-10-09 18:40:45,748 RX_ECHO ignored
2026-10-09 18:40:45,748 RX_ECHO ignored
2026-10-09 18:40:45,749 RX_ECHO ignored
2026-10-09 18:40:45,749 RX_ECHO ignored
2026-10-09 18:40:45,749 RX_ECHO ignored
2026-10-09 18:40:45,749 RX_ECHO ignored
2026-10-09 18:40:45,749 RX_ECHO ignored
2026-10-09 18:40:45,749 RX_ECHO ignored
2026-10-09 18:40:45,749 RX_ECHO ignored
2026-10-09 18:40:45,749 RX_ECHO ignored
2026-10-09 18:40:45,749 RX_ECHO ignored
2026-10-09 18:40:45,749 RX_ECHO ignored
2026-10-09 18:40:45,749 RX_ECHO ignored
2026-10-09 18:40:45,749 RX_ECHO ignored
2026-10-09 18:40:45,750 RX_ECHO ignored
2026-10-09 18:40:45,750 RX_ECHO ignored
2026-10-09 18:40:45,750 RX_ECHO ignored
2026-10-09 18:40:45,750 RX_ECHO ignored
2026-10-09 18:40:45,750 RX_ECHO ignored
2026-10-09 18:40:45,750 RX_ECHO ignored
2026-10-09 18:40:45,750 RX_ECHO ignored
2026-10-09 18:40:45,750 RX_ECHO ignored
2026-10-09 18:40:45,750 RX_ECHO ignored
2026-10-09 18:40:45,750 RX_ECHO ignored
2026-10-09 18:40:45,750 RX_ECHO ignored
2026-10-09 18:40:45,750 RX_ECHO ignored
2026-10-09 18:40:45,750 RX_ECHO ignored
2026-10-09 18:40:45,750 RX_ECHO ignored
2026-10-09 18:40:45,750 RX_ECHO ignored
2026-10-09 18:40:45,750 RX_ECHO ignored
2026-10-09 18:40:45,750 RX_ECHO ignored
2026-10-09 18:40:45,750 RX_ECHO ignored
2026-10-09 18:40:45,750 RX_ECHO ignored
2026-10-09 18:40:45,750 RX_ECHO ignored
2026-10-09 18:40:45,750 RX_ECHO ignored
2026-10-09 18:40:45,750 RX_ECHO ignored
2026-10-09 18:40:45,750 RX_ECHO ignored
2026-10-09 18:40:45,751 RX_ECHO ignored
2026-10-09 18:40:45,751 RX_ECHO ignored
2026-10-09 18:40:45,751 RX_ECHO ignored
2026-10-09 18:40:45,751 RX_ECHO ignored
2026-10-09 18:40:45,751 RX_ECHO ignored
2026-10-09 18:40:45,751 RX_ECHO ignored
2026-10-09 18:40:45,751 RX_ECHO ignored
2026-10-09 18:40:45,751 RX_ECHO ignored
2026-10-09 18:40:45,751 RX_ECHO ignored
2026-10-09 18:40:45,751 RX_ECHO ignored
2026-10-09 18:40:45,751 RX_ECHO ignored
2026-10-09 18:40:45,751 RX_ECHO ignored
2026-10-09 18:40:45,751 RX_ECHO ignored
2026-10-09 18:40:45,751 RX_ECHO ignored
2026-10-09 18:40:45,751 RX_ECHO ignored
2026-10-09 18:40:45,751 RX_ECHO ignored
2026-10-09 18:40:45,752 RX_ECHO ignored
2026-10-09 18:40:45,752 RX_ECHO ignored
2026-10-09 18:40:45,752 RX_ECHO ignored
2026-10-09 18:40:45,752 RX_ECHO ignored
2026-10-09 18:40:45,752 RX_ECHO ignored
2026-10-09 18:40:45,752 RX_ECHO ignored
2026-10-09 18:40:45,752 RX_ECHO ignored
2026-10-09 18:40:45,752 RX_ECHO ignored
2026-10-09 18:40:45,752 RX_ECHO ignored
2026-10-09 18:40:45,752 RX_ECHO ignored
2026-10-09 18:40:45,752 RX_ECHO ignored
2026-10-09 18:40:45,752 RX_ECHO ignored
2026-10-09 18:40:45,752 RX_ECHO ignored
2026-10-09 18:40:45,753 RX_ECHO ignored
2026-10-09 18:40:45,753 RX_ECHO ignored
2026-10-09 18:40:45,753 RX_ECHO ignored
2026-10-09 18:40:45,753 RX_ECHO ignored
2026-10-09 18:40:45,753 RX_ECHO ignored
2026-10-09 18:40:45,753 RX_ECHO ignored
2026-10-09 18:40:45,753 RX_ECHO ignored
2026-10-09 18:40:45,753 RX_ECHO ignored
2026-10-09 18:40:45,753 RX_ECHO ignored
2026-10-09 18:40:45,753 RX_ECHO ignored
2026-10-09 18:40:45,753 RX_ECHO ignored
2026-10-09 18:40:45,753 RX_ECHO ignored
2026-10-09 18:40:45,753 RX_ECHO ignored
2026-10-09 18:40:45,753 RX_ECHO ignored
2026-10-09 18:40:45,754 RX_ECHO ignored
2026-10-09 18:40:45,754 RX_ECHO ignored
2026-10-09 18:40:45,754 RX_ECHO ignored
2026-10-09 18:40:45,754 RX_ECHO ignored
2026-10-09 18:40:45,754 RX_ECHO ignored
2026-10-09 18:40:45,754 RX_ECHO ignored
2026-10-09 18:40:45,754 RX_ECHO ignored
2026-10-09 18:40:45,754 RX_ECHO ignored
2026-10-09 18:40:45,754 RX_ECHO ignored
2026-10-09 18:40:45,754 RX_ECHO ignored
2026-10-09 18:40:45,754 RX_ECHO ignored
2026-10-09 18:40:45,754 RX_ECHO ignored
2026-10-09 18:40:45,754 RX_ECHO ignored
2026-10-09 18:40:45,754 RX_ECHO ignored
2026-10-09 18:40:45,754 RX_ECHO ignored
2026-10-09 18:40:45,754 RX_ECHO ignored
2026-10-09 18:40:45,754 RX_ECHO ignored
2026-10-09 18:40:45,754 RX_ECHO ignored
2026-10-09 18:40:45,754 RX_ECHO ignored
2026-10-09 18:40:45,754 RX_ECHO ignored
2026-10-09 18:40:45,755 RX_ECHO ignored
2026-10-09 18:40:45,755 RX_ECHO ignored
2026-10-09 18:40:45,755 RX_ECHO ignored
2026-10-09 18:40:45,755 RX_ECHO ignored
2026-10-09 18:40:45,755 RX_ECHO ignored
2026-10-09 18:40:45,755 RX_ECHO ignored
2026-10-09 18:40:45,755 RX_ECHO ignored
2026-10-09 18:40:45,755 RX_ECHO ignored
2026-10-09 18:40:45,755 RX_ECHO ignored
2026-10-09 18:40:45,755 RX_ECHO ignored
2026-10-09 18:40:45,755 RX_ECHO ignored
2026-10-09 18:40:45,755 RX_ECHO ignored
2026-10-09 18:40:45,755 RX_ECHO ignored
2026-10-09 18:40:45,755 RX_ECHO ignored
2026-10-09 18:40:45,755 RX_ECHO ignored
2026-10-09 18:40:45,755 RX_ECHO ignored
2026-10-09 18:40:45,755 RX_ECHO ignored
2026-10-09 18:40:45,755 RX_ECHO ignored
2026-10-09 18:40:45,756 RX_ECHO ignored
2026-10-09 18:40:45,756 RX_ECHO ignored
2026-10-09 18:40:45,756 RX_ECHO ignored
2026-10-09 18:40:45,756 RX_ECHO ignored
2026-10-09 18:40:45,756 RX_ECHO ignored
2026-10-09 18:40:45,756 RX_ECHO ignored
2026-10-09 18:40:45,756 RX_ECHO ignored
2026-10-09 18:40:45,756 RX_ECHO ignored
2026-10-09 18:40:45,756 RX_ECHO ignored
2026-10-09 18:40:45,756 RX_ECHO ignored
2026-10-09 18:40:45,756 RX_ECHO ignored
2026-10-09 18:40:45,756 RX_ECHO ignored
2026-10-09 18:40:45,756 RX_ECHO ignored
2026-10-09 18:40:45,756 RX_ECHO ignored
2026-10-09 18:40:45,756 RX_ECHO ignored
2026-10-09 18:40:45,756 RX_ECHO ignored
2026-10-09 18:40:45,756 RX_ECHO ignored
2026-10-09 18:40:45,756 RX_ECHO ignored
2026-10-09 18:40:45,756 RX_ECHO ignored
2026-10-09 18:40:45,756 RX_ECHO ignored
2026-10-09 18:40:45,756 RX_ECHO ignored
2026-10-09 18:40:45,756 RX_ECHO ignored
2026-10-09 18:40:45,756 RX_ECHO ignored
2026-10-09 18:40:45,756 RX_ECHO ignored
2026-10-09 18:40:45,757 RX_ECHO ignored
2026-10-09 18:40:45,757 RX_ECHO ignored
2026-10-09 18:40:45,757 RX_ECHO ignored
2026-10-09 18:40:45,757 RX_ECHO ignored
2026-10-09 18:40:45,757 RX_ECHO ignored
2026-10-09 18:40:45,757 RX_ECHO ignored
2026-10-09 18:40:45,757 RX_ECHO ignored
2026-10-09 18:40:45,757 RX_ECHO ignored
2026-10-09 18:40:45,757 RX_ECHO ignored
2026-10-09 18:40:45,757 RX_ECHO ignored
2026-10-09 18:40:45,757 RX_ECHO ignored
2026-10-09 18:40:45,757 RX_ECHO ignored
2026-10-09 18:40:45,757 RX_ECHO ignored
2026-10-09 18:40:45,758 RX_ECHO ignored
2026-10-09 18:40:45,758 RX_ECHO ignored
2026-10-09 18:40:45,758 RX_ECHO ignored
2026-10-09 18:40:45,758 RX_ECHO ignored
2026-10-09 18:40:45,758 RX_ECHO ignored
2026-10-09 18:40:45,758 RX_ECHO ignored
2026-10-09 18:40:45,758 RX_ECHO ignored
2026-10-09 18:40:45,758 RX_ECHO ignored
2026-10-09 18:40:45,758 RX_ECHO ignored
2026-10-09 18:40:45,758 RX_ECHO ignored
2026-10-09 18:40:45,758 RX_ECHO ignored
2026-10-09 18:40:45,758 RX_ECHO ignored
2026-10-09 18:40:45,758 RX_ECHO ignored
2026-10-09 18:40:45,759 RX_ECHO ignored
2026-10-09 18:40:45,759 RX_ECHO ignored
2026-10-09 18:40:45,759 RX_ECHO ignored
2026-10-09 18:40:45,759 RX_ECHO ignored
2026-10-09 18:40:45,759 RX_ECHO ignored
2026-10-09 18:40:45,759 RX_ECHO ignored
2026-10-09 18:40:45,759 RX_ECHO ignored
2026-10-09 18:40:45,759 RX_ECHO ignored
2026-10-09 18:40:45,759 RX_ECHO ignored
2026-10-09 18:40:45,759 RX_ECHO ignored
2026-10-09 18:40:45,759 RX_ECHO ignored
2026-10-09 18:40:45,759 RX_ECHO ignored
2026-10-09 18:40:45,759 RX_ECHO ignored
2026-10-09 18:40:45,759 RX_ECHO ignored
2026-10-09 18:40:45,759 RX_ECHO ignored
2026-10-09 18:40:45,759 RX_ECHO ignored
2026-10-09 18:40:45,759 RX_ECHO ignored
2026-10-09 18:40:45,759 RX_ECHO ignored
2026-10-09 18:40:45,759 RX_ECHO ignored
2026-10-09 18:40:45,759 RX_ECHO ignored
2026-10-09 18:40:45,759 RX_ECHO ignored
2026-10-09 18:40:45,759 RX_ECHO ignored
2026-10-09 18:40:45,759 RX_ECHO ignored
2026-10-09 18:40:45,759 RX_ECHO ignored
2026-10-09 18:40:45,759 RX_ECHO ignored
2026-10-09 18:40:45,759 RX_ECHO ignored
2026-10-09 18:40:45,760 RX_ECHO ignored
2026-10-09 18:40:45,760 RX_ECHO ignored
2026-10-09 18:40:45,760 RX_ECHO ignored
2026-10-09 18:40:45,760 RX_ECHO ignored
2026-10-09 18:40:45,760 RX_ECHO ignored
2026-10-09 18:40:45,760 RX_ECHO ignored
2026-10-09 18:40:45,760 RX_ECHO ignored
2026-10-09 18:40:45,760 RX_ECHO ignored
2026-10-09 18:40:45,760 RX_ECHO ignored
2026-10-09 18:40:45,760 RX_ECHO ignored
2026-10-09 18:40:45,760 RX_ECHO ignored
2026-10-09 18:40:45,760 RX_ECHO ignored
2026-10-09 18:40:45,761 RX_ECHO ignored
2026-10-09 18:40:45,761 RX_ECHO ignored
2026-10-09 18:40:45,761 RX_ECHO ignored
2026-10-09 18:40:45,761 RX_ECHO ignored
2026-10-09 18:40:45,761 RX_ECHO ignored
2026-10-09 18:40:45,761 RX_ECHO ignored
2026-10-09 18:40:45,761 RX_ECHO ignored
2026-10-09 18:40:45,761 RX_ECHO ignored
2026-10-09 18:40:45,761 RX_ECHO ignored
2026-10-09 18:40:45,761 RX_ECHO ignored
2026-10-09 18:40:45,761 RX_ECHO ignored
2026-10-09 18:40:45,761 RX_ECHO ignored
2026-10-09 18:40:45,761 RX_ECHO ignored
2026-10-09 18:40:45,761 RX_ECHO ignored
2026-10-09 18:40:45,761 RX_ECHO ignored
2026-10-09 18:40:45,761 RX_ECHO ignored
2026-10-09 18:40:45,761 RX_ECHO ignored
2026-10-09 18:40:45,761 RX_ECHO ignored
2026-10-09 18:40:45,761 RX_ECHO ignored
2026-10-09 18:40:45,761 RX_ECHO ignored
2026-10-09 18:40:45,761 RX_ECHO ignored
2026-10-09 18:40:45,761 RX_ECHO ignored
2026-10-09 18:40:45,761 RX_ECHO ignored
2026-10-09 18:40:45,761 RX_ECHO ignored
2026-10-09 18:40:45,761 RX_ECHO ignored
2026-10-09 18:40:45,761 RX_ECHO ignored
2026-10-09 18:40:45,762 RX_ECHO ignored
2026-10-09 18:40:45,762 RX_ECHO ignored
2026-10-09 18:40:45,762 RX_ECHO ignored
2026-10-09 18:40:45,762 RX_ECHO ignored
2026-10-09 18:40:45,762 RX_ECHO ignored
2026-10-09 18:40:45,762 RX_ECHO ignored
2026-10-09 18:40:45,762 RX_ECHO ignored
2026-10-09 18:40:45,762 RX_ECHO ignored
2026-10-09 18:40:45,762 RX_ECHO ignored
2026-10-09 18:40:45,762 RX_ECHO ignored
2026-10-09 18:40:45,762 RX_ECHO ignored
2026-10-09 18:40:45,762 RX_ECHO ignored
2026-10-09 18:40:45,762 RX_ECHO ignored
2026-10-09 18:40:45,763 RX_ECHO ignored
2026-10-09 18:40:45,763 RX_ECHO ignored
2026-10-09 18:40:45,763 RX_ECHO ignored
2026-10-09 18:40:45,763 RX_ECHO ignored
2026-10-09 18:40:45,763 RX_ECHO ignored
2026-10-09 18:40:45,763 RX_ECHO ignored
2026-10-09 18:40:45,763 RX_ECHO ignored
2026-10-09 18:40:45,763 RX_ECHO ignored
2026-10-09 18:40:45,763 RX_ECHO ignored
2026-10-09 18:40:45,763 RX_ECHO ignored
2026-10-09 18:40:45,763 RX_ECHO ignored
2026-10-09 18:40:45,763 RX_ECHO ignored
2026-10-09 18:40:45,763 RX_ECHO ignored
2026-10-09 18:40:45,763 RX_ECHO ignored
2026-10-09 18:40:45,763 RX_ECHO ignored
2026-10-09 18:40:45,763 RX_ECHO ignored
2026-10-09 18:40:45,763 RX_ECHO ignored
2026-10-09 18:40:45,763 RX_ECHO ignored
2026-10-09 18:40:45,763 RX_ECHO ignored
2026-10-09 18:40:45,763 RX_ECHO ignored
2026-10-09 18:40:45,764 RX_ECHO ignored
2026-10-09 18:40:45,764 RX_ECHO ignored
2026-10-09 18:40:45,764 RX_ECHO ignored
2026-10-09 18:40:45,764 RX_ECHO ignored
2026-10-09 18:40:45,764 RX_ECHO ignored
2026-10-09 18:40:45,764 RX_ECHO ignored
2026-10-09 18:40:45,764 RX_ECHO ignored
2026-10-09 18:40:45,764 RX_ECHO ignored
2026-10-09 18:40:45,764 RX_ECHO ignored
2026-10-09 18:40:45,764 RX_ECHO ignored
2026-10-09 18:40:45,764 RX_ECHO ignored
2026-10-09 18:40:45,764 RX_ECHO ignored
2026-10-09 18:40:45,764 RX_ECHO ignored
2026-10-09 18:40:45,764 RX_ECHO ignored
2026-10-09 18:40:45,764 RX_ECHO ignored
2026-10-09 18:40:45,764 RX_ECHO ignored
2026-10-09 18:40:45,764 RX_ECHO ignored
2026-10-09 18:40:45,764 RX_ECHO ignored
2026-10-09 18:40:45,765 RX_ECHO ignored
2026-10-09 18:40:45,765 RX_ECHO ignored
2026-10-09 18:40:45,765 RX_ECHO ignored
2026-10-09 18:40:45,765 RX_ECHO ignored
2026-10-09 18:40:45,765 RX_ECHO ignored
2026-10-09 18:40:45,765 RX_ECHO ignored
2026-10-09 18:40:45,765 RX_ECHO ignored
2026-10-09 18:40:45,765 RX_ECHO ignored
2026-10-09 18:40:45,765 RX_ECHO ignored
2026-10-09 18:40:45,765 RX_ECHO ignored
2026-10-09 18:40:45,765 RX_ECHO ignored
2026-10-09 18:40:45,765 RX_ECHO ignored
2026-10-09 18:40:45,765 RX_ECHO ignored
2026-10-09 18:40:45,766 RX_ECHO ignored
2026-10-09 18:40:45,766 RX_ECHO ignored
2026-10-09 18:40:45,766 RX_ECHO ignored
2026-10-09 18:40:45,766 RX_ECHO ignored
2026-10-09 18:40:45,766 RX_ECHO ignored
2026-10-09 18:40:45,766 RX_ECHO ignored
2026-10-09 18:40:45,766 RX_ECHO ignored
2026-10-09 18:40:45,766 RX_ECHO ignored
2026-10-09 18:40:45,766 RX_ECHO ignored
2026-10-09 18:40:45,766 RX_ECHO ignored
2026-10-09 18:40:45,766 RX_ECHO ignored
2026-10-09 18:40:45,766 RX_ECHO ignored
2026-10-09 18:40:45,766 RX_ECHO ignored
2026-10-09 18:40:45,766 RX_ECHO ignored
2026-10-09 18:40:45,766 RX_ECHO ignored
2026-10-09 18:40:45,766 RX_ECHO ignored
2026-10-09 18:40:45,766 RX_ECHO ignored
2026-10-09 18:40:45,766 RX_ECHO ignored
2026-10-09 18:40:45,766 RX_ECHO ignored
2026-10-09 18:40:45,766 RX_ECHO ignored
2026-10-09 18:40:45,766 RX_ECHO ignored
2026-10-09 18:40:45,766 RX_ECHO ignored
2026-10-09 18:40:45,766 RX_ECHO ignored
2026-10-09 18:40:45,766 RX_ECHO ignored
2026-10-09 18:40:45,766 RX_ECHO ignored
2026-10-09 18:40:45,766 RX_ECHO ignored
2026-10-09 18:40:45,767 RX_ECHO ignored
2026-10-09 18:40:45,767 RX_ECHO ignored
2026-10-09 18:40:45,767 RX_ECHO ignored
2026-10-09 18:40:45,767 RX_ECHO ignored
2026-10-09 18:40:45,767 RX_ECHO ignored
2026-10-09 18:40:45,767 RX_ECHO ignored
2026-10-09 18:40:45,767 RX_ECHO ignored
2026-10-09 18:40:45,767 RX_ECHO ignored
2026-10-09 18:40:45,767 RX_ECHO ignored
2026-10-09 18:40:45,767 RX_ECHO ignored
2026-10-09 18:40:45,767 RX_ECHO ignored
2026-10-09 18:40:45,767 RX_ECHO ignored
2026-10-09 18:40:45,768 RX_ECHO ignored
2026-10-09 18:40:45,768 RX_ECHO ignored
2026-10-09 18:40:45,768 RX_ECHO ignored
2026-10-09 18:40:45,768 RX_ECHO ignored
2026-10-09 18:40:45,768 RX_ECHO ignored
2026-10-09 18:40:45,768 RX_ECHO ignored
2026-10-09 18:40:45,768 RX_ECHO ignored
2026-10-09 18:40:45,768 RX_ECHO ignored
2026-10-09 18:40:45,768 RX_ECHO ignored
2026-10-09 18:40:45,768 RX_ECHO ignored
2026-10-09 18:40:45,768 RX_ECHO ignored
2026-10-09 18:40:45,768 RX_ECHO ignored
2026-10-09 18:40:45,768 RX_ECHO ignored
2026-10-09 18:40:45,769 RX_ECHO ignored
2026-10-09 18:40:45,769 RX_ECHO ignored
2026-10-09 18:40:45,769 RX_ECHO ignored
2026-10-09 18:40:45,769 RX_ECHO ignored
2026-10-09 18:40:45,769 RX_ECHO ignored
2026-10-09 18:40:45,769 RX_ECHO ignored
2026-10-09 18:40:45,769 RX_ECHO ignored
2026-10-09 18:40:45,769 RX_ECHO ignored
2026-10-09 18:40:45,769 RX_ECHO ignored
2026-10-09 18:40:45,769 RX_ECHO ignored
2026-10-09 18:40:45,769 RX_ECHO ignored
2026-10-09 18:40:45,769 RX_ECHO ignored
2026-10-09 18:40:45,769 RX_ECHO ignored
2026-10-09 18:40:45,769 RX_ECHO ignored
2026-10-09 18:40:45,769 RX_ECHO ignored
2026-10-09 18:40:45,769 RX_ECHO ignored
2026-10-09 18:40:45,769 RX_ECHO ignored
2026-10-09 18:40:45,769 RX_ECHO ignored
2026-10-09 18:40:45,769 RX_ECHO ignored
2026-10-09 18:40:45,769 RX_ECHO ignored
2026-10-09 18:40:45,769 RX_ECHO ignored
2026-10-09 18:40:45,769 RX_ECHO ignored
2026-10-09 18:40:45,769 RX_ECHO ignored
2026-10-09 18:40:45,769 RX_ECHO ignored
2026-10-09 18:40:45,769 RX_ECHO ignored
2026-10-09 18:40:45,770 RX_ECHO ignored
2026-10-09 18:40:45,770 RX_ECHO ignored
2026-10-09 18:40:45,770 RX_ECHO ignored
2026-10-09 18:40:45,771 RX_ECHO ignored
2026-10-09 18:40:45,771 RX_ECHO ignored
2026-10-09 18:40:45,771 RX_ECHO ignored
2026-10-09 18:40:45,771 RX_ECHO ignored
2026-10-09 18:40:45,771 RX_ECHO ignored
2026-10-09 18:40:45,771 RX_ECHO ignored
2026-10-09 18:40:45,771 RX_ECHO ignored
2026-10-09 18:40:45,771 RX_ECHO ignored
2026-10-09 18:40:45,771 RX_ECHO ignored
2026-10-09 18:40:45,771 RX_ECHO ignored
2026-10-09 18:40:45,771 RX_ECHO ignored
2026-10-09 18:40:45,771 RX_ECHO ignored
2026-10-09 18:40:45,771 RX_ECHO ignored
2026-10-09 18:40:45,771 RX_ECHO ignored
2026-10-09 18:40:45,771 RX_ECHO ignored
2026-10-09 18:40:45,771 RX_ECHO ignored
2026-10-09 18:40:45,771 RX_ECHO ignored
2026-10-09 18:40:45,771 RX_ECHO ignored
2026-10-09 18:40:45,771 RX_ECHO ignored
2026-10-09 18:40:45,771 RX_ECHO ignored
2026-10-09 18:40:45,771 RX_ECHO ignored
2026-10-09 18:40:45,771 RX_ECHO ignored
2026-10-09 18:40:45,771 RX_ECHO ignored
2026-10-09 18:40:45,772 RX_ECHO ignored
2026-10-09 18:40:45,772 RX_ECHO ignored
2026-10-09 18:40:45,772 RX_ECHO ignored
2026-10-09 18:40:45,772 RX_ECHO ignored
2026-10-09 18:40:45,772 RX_ECHO ignored
2026-10-09 18:40:45,772 RX_ECHO ignored
2026-10-09 18:40:45,772 RX_ECHO ignored
2026-10-09 18:40:45,772 RX_ECHO ignored
2026-10-09 18:40:45,772 RX_ECHO ignored
2026-10-09 18:40:45,772 RX_ECHO ignored
2026-10-09 18:40:45,772 RX_ECHO ignored
2026-10-09 18:40:45,772 RX_ECHO ignored
2026-10-09 18:40:45,772 RX_ECHO ignored
2026-10-09 18:40:45,772 RX_ECHO ignored
2026-10-09 18:40:45,772 RX_ECHO ignored
2026-10-09 18:40:45,772 RX_ECHO ignored
2026-10-09 18:40:45,772 RX_ECHO ignored
2026-10-09 18:40:45,772 RX_ECHO ignored
2026-10-09 18:40:45,772 RX_ECHO ignored
2026-10-09 18:40:45,772 RX_ECHO ignored
2026-10-09 18:40:45,772 RX_ECHO ignored
2026-10-09 18:40:45,772 RX_ECHO ignored
2026-10-09 18:40:45,772 RX_ECHO ignored
2026-10-09 18:40:45,773 RX_ECHO ignored
2026-10-09 18:40:45,773 RX_ECHO ignored
2026-10-09 18:40:45,773 RX_ECHO ignored
2026-10-09 18:40:45,773 RX_ECHO ignored
2026-10-09 18:40:45,773 RX_ECHO ignored
2026-10-09 18:40:45,773 RX_ECHO ignored
2026-10-09 18:40:45,773 RX_ECHO ignored
2026-10-09 18:40:45,773 RX_ECHO ignored
2026-10-09 18:40:45,773 RX_ECHO ignored
2026-10-09 18:40:45,773 RX_ECHO ignored
2026-10-09 18:40:45,773 RX_ECHO ignored
2026-10-09 18:40:45,773 RX_ECHO ignored
2026-10-09 18:40:45,773 RX_ECHO ignored
2026-10-09 18:40:45,773 RX_ECHO ignored
2026-10-09 18:40:45,773 RX_ECHO ignored
2026-10-09 18:40:45,773 RX_ECHO ignored
2026-10-09 18:40:45,774 RX_ECHO ignored
2026-10-09 18:40:45,774 RX_ECHO ignored
2026-10-09 18:40:45,774 RX_ECHO ignored
2026-10-09 18:40:45,774 RX_ECHO ignored
2026-10-09 18:40:45,774 RX_ECHO ignored
2026-10-09 18:40:45,774 RX_ECHO ignored
2026-10-09 18:40:45,774 RX_ECHO ignored
2026-10-09 18:40:45,774 RX_ECHO ignored
2026-10-09 18:40:45,774 RX_ECHO ignored
2026-10-09 18:40:45,774 RX_ECHO ignored
2026-10-09 18:40:45,774 RX_ECHO ignored
2026-10-09 18:40:45,774 RX_ECHO ignored
2026-10-09 18:40:45,774 RX_ECHO ignored
2026-10-09 18:40:45,774 RX_ECHO ignored
2026-10-09 18:40:45,774 RX_ECHO ignored
2026-10-09 18:40:45,774 RX_ECHO ignored
2026-10-09 18:40:45,774 RX_ECHO ignored
2026-10-09 18:40:45,774 RX_ECHO ignored
2026-10-09 18:40:45,774 RX_ECHO ignored
2026-10-09 18:40:45,774 RX_ECHO ignored
2026-10-09 18:40:45,774 RX_ECHO ignored
2026-10-09 18:40:45,774 RX_ECHO ignored
2026-10-09 18:40:45,774 RX_ECHO ignored
2026-10-09 18:40:45,774 RX_ECHO ignored
2026-10-09 18:40:45,774 RX_ECHO ignored
2026-10-09 18:40:45,775 RX_ECHO ignored
2026-10-09 18:40:45,775 RX_ECHO ignored
2026-10-09 18:40:45,775 RX_ECHO ignored
2026-10-09 18:40:45,775 RX_ECHO ignored
2026-10-09 18:40:45,775 RX_ECHO ignored
2026-10-09 18:40:45,775 RX_ECHO ignored
2026-10-09 18:40:45,775 RX_ECHO ignored
2026-10-09 18:40:45,775 RX_ECHO ignored
2026-10-09 18:40:45,775 RX_ECHO ignored
2026-10-09 18:40:45,775 RX_ECHO ignored
2026-10-09 18:40:45,775 RX_ECHO ignored
2026-10-09 18:40:45,775 RX_ECHO ignored
2026-10-09 18:40:45,775 RX_ECHO ignored
2026-10-09 18:40:45,776 RX_ECHO ignored
2026-10-09 18:40:45,776 RX_ECHO ignored
2026-10-09 18:40:45,776 RX_ECHO ignored
2026-10-09 18:40:45,776 RX_ECHO ignored
2026-10-09 18:40:45,776 RX_ECHO ignored
2026-10-09 18:40:45,776 RX_ECHO ignored
2026-10-09 18:40:45,776 RX_ECHO ignored
2026-10-09 18:40:45,776 RX_ECHO ignored
2026-10-09 18:40:45,776 RX_ECHO ignored
2026-10-09 18:40:45,776 RX_ECHO ignored
2026-10-09 18:40:45,776 RX_ECHO ignored
2026-10-09 18:40:45,776 RX_ECHO ignored
2026-10-09 18:40:45,776 RX_ECHO ignored
2026-10-09 18:40:45,776 RX_ECHO ignored
2026-10-09 18:40:45,776 RX_ECHO ignored
2026-10-09 18:40:45,776 RX_ECHO ignored
2026-10-09 18:40:45,776 RX_ECHO ignored
2026-10-09 18:40:45,776 RX_ECHO ignored
2026-10-09 18:40:45,776 RX_ECHO ignored
2026-10-09 18:40:45,776 RX_ECHO ignored
2026-10-09 18:40:45,776 RX_ECHO ignored
2026-10-09 18:40:45,776 RX_ECHO ignored
2026-10-09 18:40:45,776 RX_ECHO ignored
2026-10-09 18:40:45,776 RX_ECHO ignored
2026-10-09 18:40:45,776 RX_ECHO ignored
2026-10-09 18:40:45,776 RX_ECHO ignored
2026-10-09 18:40:45,777 RX_ECHO ignored
2026-10-09 18:40:45,777 RX_ECHO ignored
2026-10-09 18:40:45,777 RX_ECHO ignored
2026-10-09 18:40:45,777 RX_ECHO ignored
2026-10-09 18:40:45,777 RX_ECHO ignored
2026-10-09 18:40:45,777 RX_ECHO ignored
2026-10-09 18:40:45,777 RX_ECHO ignored
2026-10-09 18:40:45,777 RX_ECHO ignored
2026-10-09 18:40:45,777 RX_ECHO ignored
2026-10-09 18:40:45,777 RX_ECHO ignored
2026-10-09 18:40:45,777 RX_ECHO ignored
2026-10-09 18:40:45,777 RX_ECHO ignored
2026-10-09 18:40:45,777 RX_ECHO ignored
2026-10-09 18:40:45,778 RX_ECHO ignored
2026-10-09 18:40:45,778 RX_ECHO ignored
2026-10-09 18:40:45,778 RX_ECHO ignored
2026-10-09 18:40:45,778 RX_ECHO ignored
2026-10-09 18:40:45,778 RX_ECHO ignored
2026-10-09 18:40:45,778 RX_ECHO ignored
2026-10-09 18:40:45,778 RX_ECHO ignored
2026-10-09 18:40:45,778 RX_ECHO ignored
2026-10-09 18:40:45,778 RX_ECHO ignored
2026-10-09 18:40:45,778 RX_ECHO ignored
2026-10-09 18:40:45,778 RX_ECHO ignored
2026-10-09 18:40:45,778 RX_ECHO ignored
2026-10-09 18:40:45,778 RX_ECHO ignored
2026-10-09 18:40:45,778 RX_ECHO ignored
2026-10-09 18:40:45,778 RX_ECHO ignored
2026-10-09 18:40:45,778 RX_ECHO ignored
2026-10-09 18:40:45,778 RX_ECHO ignored
2026-10-09 18:40:45,778 RX_ECHO ignored
2026-10-09 18:40:45,778 RX_ECHO ignored
2026-10-09 18:40:45,778 RX_ECHO ignored
2026-10-09 18:40:45,778 RX_ECHO ignored
2026-10-09 18:40:45,778 RX_ECHO ignored
2026-10-09 18:40:45,778 RX_ECHO ignored
2026-10-09 18:40:45,778 RX_ECHO ignored
2026-10-09 18:40:45,778 RX_ECHO ignored
2026-10-09 18:40:45,779 RX_ECHO ignored
2026-10-09 18:40:45,779 RX_ECHO ignored
2026-10-09 18:40:45,779 RX_ECHO ignored
2026-10-09 18:40:45,779 RX_ECHO ignored
2026-10-09 18:40:45,779 RX_ECHO ignored
2026-10-09 18:40:45,779 RX_ECHO ignored
2026-10-09 18:40:45,779 RX_ECHO ignored
2026-10-09 18:40:45,779 RX_ECHO ignored
2026-10-09 18:40:45,779 RX_ECHO ignored
2026-10-09 18:40:45,779 RX_ECHO ignored
2026-10-09 18:40:45,779 RX_ECHO ignored
2026-10-09 18:40:45,779 RX_ECHO ignored
2026-10-09 18:40:45,779 RX_ECHO ignored
2026-10-09 18:40:45,780 RX_ECHO ignored
2026-10-09 18:40:45,780 RX_ECHO ignored
2026-10-09 18:40:45,780 RX_ECHO ignored
2026-10-09 18:40:45,780 RX_ECHO ignored
2026-10-09 18:40:45,780 RX_ECHO ignored
2026-10-09 18:40:45,780 RX_ECHO ignored
2026-10-09 18:40:45,780 RX_ECHO ignored
2026-10-09 18:40:45,780 RX_ECHO ignored
2026-10-09 18:40:45,780 RX_ECHO ignored
2026-10-09 18:40:45,780 RX_ECHO ignored
2026-10-09 18:40:45,780 RX_ECHO ignored
2026-10-09 18:40:45,780 RX_ECHO ignored
2026-10-09 18:40:45,780 RX_ECHO ignored
2026-10-09 18:40:45,780 RX_ECHO ignored
2026-10-09 18:40:45,780 RX_ECHO ignored
2026-10-09 18:40:45,780 RX_ECHO ignored
2026-10-09 18:40:45,780 RX_ECHO ignored
2026-10-09 18:40:45,780 RX_ECHO ignored
2026-10-09 18:40:45,780 RX_ECHO ignored
2026-10-09 18:40:45,780 RX_ECHO ignored
2026-10-09 18:40:45,780 RX_ECHO ignored
2026-10-09 18:40:45,780 RX_ECHO ignored
2026-10-09 18:40:45,780 RX_ECHO ignored
2026-10-09 18:40:45,780 RX_ECHO ignored
2026-10-09 18:40:45,780 RX_ECHO ignored
2026-10-09 18:40:45,780 RX_ECHO ignored
2026-10-09 18:40:45,781 RX_ECHO ignored
2026-10-09 18:40:45,781 RX_ECHO ignored
2026-10-09 18:40:45,781 RX_ECHO ignored
2026-10-09 18:40:45,781 RX_ECHO ignored
2026-10-09 18:40:45,781 RX_ECHO ignored
2026-10-09 18:40:45,781 RX_ECHO ignored
2026-10-09 18:40:45,781 RX_ECHO ignored
2026-10-09 18:40:45,781 RX_ECHO ignored
2026-10-09 18:40:45,781 RX_ECHO ignored
2026-10-09 18:40:45,781 RX_ECHO ignored
2026-10-09 18:40:45,781 RX_ECHO ignored
2026-10-09 18:40:45,781 RX_ECHO ignored
2026-10-09 18:40:45,782 RX_ECHO ignored
2026-10-09 18:40:45,782 RX_ECHO ignored
2026-10-09 18:40:45,782 RX_ECHO ignored
2026-10-09 18:40:45,782 RX_ECHO ignored
2026-10-09 18:40:45,782 RX_ECHO ignored
2026-10-09 18:40:45,782 RX_ECHO ignored
2026-10-09 18:40:45,782 RX_ECHO ignored
2026-10-09 18:40:45,782 RX_ECHO ignored
2026-10-09 18:40:45,782 RX_ECHO ignored
2026-10-09 18:40:45,782 RX_ECHO ignored
2026-10-09 18:40:45,782 RX_ECHO ignored
2026-10-09 18:40:45,782 RX_ECHO ignored
2026-10-09 18:40:45,782 RX_ECHO ignored
2026-10-09 18:40:45,783 RX_ECHO ignored
2026-10-09 18:40:45,783 RX_ECHO ignored
2026-10-09 18:40:45,783 RX_ECHO ignored
2026-10-09 18:40:45,783 RX_ECHO ignored
2026-10-09 18:40:45,783 RX_ECHO ignored
2026-10-09 18:40:45,783 RX_ECHO ignored
2026-10-09 18:40:45,783 RX_ECHO ignored
2026-10-09 18:40:45,783 RX_ECHO ignored
2026-10-09 18:40:45,783 RX_ECHO ignored
2026-10-09 18:40:45,783 RX_ECHO ignored
2026-10-09 18:40:45,783 RX_ECHO ignored
2026-10-09 18:40:45,783 RX_ECHO ignored
2026-10-09 18:40:45,783 RX_ECHO ignored
2026-10-09 18:40:45,783 RX_ECHO ignored
2026-10-09 18:40:45,783 RX_ECHO ignored
2026-10-09 18:40:45,783 RX_ECHO ignored
2026-10-09 18:40:45,783 RX_ECHO ignored
2026-10-09 18:40:45,783 RX_ECHO ignored
2026-10-09 18:40:45,783 RX_ECHO ignored
2026-10-09 18:40:45,783 RX_ECHO ignored
2026-10-09 18:40:45,783 RX_ECHO ignored
2026-10-09 18:40:45,783 RX_ECHO ignored
2026-10-09 18:40:45,783 RX_ECHO ignored
2026-10-09 18:40:45,783 RX_ECHO ignored
2026-10-09 18:40:45,784 RX_ECHO ignored
2026-10-09 18:40:45,784 RX_ECHO ignored
2026-10-09 18:40:45,784 RX_ECHO ignored
2026-10-09 18:40:45,784 RX_ECHO ignored
2026-10-09 18:40:45,784 RX_ECHO ignored
2026-10-09 18:40:45,784 RX_ECHO ignored
2026-10-09 18:40:45,784 RX_ECHO ignored
2026-10-09 18:40:45,784 RX_ECHO ignored
2026-10-09 18:40:45,784 RX_ECHO ignored
2026-10-09 18:40:45,784 RX_ECHO ignored
2026-10-09 18:40:45,784 RX_ECHO ignored
2026-10-09 18:40:45,784 RX_ECHO ignored
2026-10-09 18:40:45,784 RX_ECHO ignored
2026-10-09 18:40:45,784 RX_ECHO ignored
2026-10-09 18:40:45,784 RX_ECHO ignored
2026-10-09 18:40:45,785 RX_ECHO ignored
2026-10-09 18:40:45,785 RX_ECHO ignored
2026-10-09 18:40:45,785 RX_ECHO ignored
2026-10-09 18:40:45,785 RX_ECHO ignored
2026-10-09 18:40:45,785 RX_ECHO ignored
2026-10-09 18:40:45,785 RX_ECHO ignored
2026-10-09 18:40:45,785 RX_ECHO ignored
2026-10-09 18:40:45,785 RX_ECHO ignored
2026-10-09 18:40:45,785 RX_ECHO ignored
2026-10-09 18:40:45,785 RX_ECHO ignored
2026-10-09 18:40:45,785 RX_ECHO ignored
2026-10-09 18:40:45,785 RX_ECHO ignored
2026-10-09 18:40:45,786 RX_ECHO ignored
2026-10-09 18:40:45,786 RX_ECHO ignored
2026-10-09 18:40:45,786 RX_ECHO ignored
2026-10-09 18:40:45,786 RX_ECHO ignored
2026-10-09 18:40:45,786 RX_ECHO ignored
2026-10-09 18:40:45,786 RX_ECHO ignored
2026-10-09 18:40:45,786 RX_ECHO ignored
2026-10-09 18:40:45,786 RX_ECHO ignored
2026-10-09 18:40:45,786 RX_ECHO ignored
2026-10-09 18:40:45,786 RX_ECHO ignored
2026-10-09 18:40:45,786 RX_ECHO ignored
2026-10-09 18:40:45,786 RX_ECHO ignored
2026-10-09 18:40:45,786 RX_ECHO ignored
2026-10-09 18:40:45,786 RX_ECHO ignored
2026-10-09 18:40:45,786 RX_ECHO ignored
2026-10-09 18:40:45,787 RX_ECHO ignored
2026-10-09 18:40:45,787 RX_ECHO ignored
2026-10-09 18:40:45,787 RX_ECHO ignored
2026-10-09 18:40:45,787 RX_ECHO ignored
2026-10-09 18:40:45,787 RX_ECHO ignored
2026-10-09 18:40:45,787 RX_ECHO ignored
2026-10-09 18:40:45,787 RX_ECHO ignored
2026-10-09 18:40:45,787 RX_ECHO ignored
2026-10-09 18:40:45,787 RX_ECHO ignored
2026-10-09 18:40:45,787 RX_ECHO ignored
2026-10-09 18:40:45,787 RX_ECHO ignored
2026-10-09 18:40:45,787 RX_ECHO ignored
2026-10-09 18:40:45,787 RX_ECHO ignored
2026-10-09 18:40:45,787 RX_ECHO ignored
2026-10-09 18:40:45,787 RX_ECHO ignored
2026-10-09 18:40:45,787 RX_ECHO ignored
2026-10-09 18:40:45,787 RX_ECHO ignored
2026-10-09 18:40:45,787 RX_ECHO ignored
2026-10-09 18:40:45,787 RX_ECHO ignored
2026-10-09 18:40:45,787 RX_ECHO ignored
2026-10-09 18:40:45,787 RX_ECHO ignored
2026-10-09 18:40:45,787 RX_ECHO ignored
2026-10-09 18:40:45,787 RX_ECHO ignored
2026-10-09 18:40:45,787 RX_ECHO ignored
2026-10-09 18:40:45,788 RX_ECHO ignored
2026-10-09 18:40:45,788 RX_ECHO ignored
2026-10-09 18:40:45,788 RX_ECHO ignored
2026-10-09 18:40:45,788 RX_ECHO ignored
2026-10-09 18:40:45,788 RX_ECHO ignored
2026-10-09 18:40:45,788 RX_ECHO ignored
2026-10-09 18:40:45,788 RX_ECHO ignored
2026-10-09 18:40:45,788 RX_ECHO ignored
2026-10-09 18:40:45,788 RX_ECHO ignored
2026-10-09 18:40:45,788 RX_ECHO ignored
2026-10-09 18:40:45,788 RX_ECHO ignored
2026-10-09 18:40:45,788 RX_ECHO ignored
2026-10-09 18:40:45,788 RX_ECHO ignored
2026-10-09 18:40:45,788 RX_ECHO ignored
2026-10-09 18:40:45,788 RX_ECHO ignored
2026-10-09 18:40:45,788 RX_ECHO ignored
2026-10-09 18:40:45,788 RX_ECHO ignored
2026-10-09 18:40:45,788 RX_ECHO ignored
2026-10-09 18:40:45,789 RX_ECHO ignored
2026-10-09 18:40:45,789 RX_ECHO ignored
2026-10-09 18:40:45,789 RX_ECHO ignored
2026-10-09 18:40:45,789 RX_ECHO ignored
2026-10-09 18:40:45,789 RX_ECHO ignored
2026-10-09 18:40:45,789 RX_ECHO ignored
2026-10-09 18:40:45,789 RX_ECHO ignored
2026-10-09 18:40:45,789 RX_ECHO ignored
2026-10-09 18:40:45,789 RX_ECHO ignored
2026-10-09 18:40:45,789 RX_ECHO ignored
2026-10-09 18:40:45,789 RX_ECHO ignored
2026-10-09 18:40:45,789 RX_ECHO ignored
2026-10-09 18:40:45,789 RX_ECHO ignored
2026-10-09 18:40:45,789 RX_ECHO ignored
2026-10-09 18:40:45,789 RX_ECHO ignored
2026-10-09 18:40:45,789 RX_ECHO ignored
2026-10-09 18:40:45,789 RX_ECHO ignored
2026-10-09 18:40:45,789 RX_ECHO ignored
2026-10-09 18:40:45,789 RX_ECHO ignored
2026-10-09 18:40:45,789 RX_ECHO ignored
2026-10-09 18:40:45,790 RX_ECHO ignored
2026-10-09 18:40:45,790 RX_ECHO ignored
2026-10-09 18:40:45,790 RX_ECHO ignored
2026-10-09 18:40:45,790 RX_ECHO ignored
2026-10-09 18:40:45,790 RX_ECHO ignored
2026-10-09 18:40:45,790 RX_ECHO ignored
2026-10-09 18:40:45,790 RX_ECHO ignored
2026-10-09 18:40:45,790 RX_ECHO ignored
2026-10-09 18:40:45,790 RX_ECHO ignored
2026-10-09 18:40:45,790 RX_ECHO ignored
2026-10-09 18:40:45,790 RX_ECHO ignored
2026-10-09 18:40:45,790 RX_ECHO ignored
2026-10-09 18:40:45,790 RX_ECHO ignored
2026-10-09 18:40:45,790 RX_ECHO ignored
2026-10-09 18:40:45,790 RX_ECHO ignored
2026-10-09 18:40:45,790 RX_ECHO ignored
2026-10-09 18:40:45,791 RX_ECHO ignored
2026-10-09 18:40:45,791 RX_ECHO ignored
2026-10-09 18:40:45,791 RX_ECHO ignored
2026-10-09 18:40:45,791 RX_ECHO ignored
2026-10-09 18:40:45,791 RX_ECHO ignored
2026-10-09 18:40:45,791 RX_ECHO ignored
2026-10-09 18:40:45,791 RX_ECHO ignored
2026-10-09 18:40:45,791 RX_ECHO ignored
2026-10-09 18:40:45,791 RX_ECHO ignored
2026-10-09 18:40:45,791 RX_ECHO ignored
2026-10-09 18:40:45,791 RX_ECHO ignored
2026-10-09 18:40:45,791 RX_ECHO ignored
2026-10-09 18:40:45,791 RX_ECHO ignored
2026-10-09 18:40:45,791 RX_ECHO ignored
2026-10-09 18:40:45,791 RX_ECHO ignored
2026-10-09 18:40:45,791 RX_ECHO ignored
2026-10-09 18:40:45,791 RX_ECHO ignored
2026-10-09 18:40:45,791 RX_ECHO ignored
2026-10-09 18:40:45,791 RX_ECHO ignored
2026-10-09 18:40:45,791 RX_ECHO ignored
2026-10-09 18:40:45,791 RX_ECHO ignored
2026-10-09 18:40:45,791 RX_ECHO ignored
2026-10-09 18:40:45,791 RX_ECHO ignored
2026-10-09 18:40:45,792 RX_ECHO ignored
2026-10-09 18:40:45,792 RX_ECHO ignored
2026-10-09 18:40:45,792 RX_ECHO ignored
2026-10-09 18:40:45,792 RX_ECHO ignored
2026-10-09 18:40:45,792 RX_ECHO ignored
2026-10-09 18:40:45,792 RX_ECHO ignored
2026-10-09 18:40:45,792 RX_ECHO ignored
2026-10-09 18:40:45,792 RX_ECHO ignored
2026-10-09 18:40:45,792 RX_ECHO ignored
2026-10-09 18:40:45,792 RX_ECHO ignored
2026-10-09 18:40:45,792 RX_ECHO ignored
2026-10-09 18:40:45,792 RX_ECHO ignored
2026-10-09 18:40:45,793 RX_ECHO ignored
2026-10-09 18:40:45,793 RX_ECHO ignored
2026-10-09 18:40:45,793 RX_ECHO ignored
2026-10-09 18:40:45,793 RX_ECHO ignored
2026-10-09 18:40:45,793 RX_ECHO ignored
2026-10-09 18:40:45,793 RX_ECHO ignored
2026-10-09 18:40:45,793 RX_ECHO ignored
2026-10-09 18:40:45,793 RX_ECHO ignored
2026-10-09 18:40:45,793 RX_ECHO ignored
2026-10-09 18:40:45,793 RX_ECHO ignored
2026-10-09 18:40:45,793 RX_ECHO ignored
2026-10-09 18:40:45,793 RX_ECHO ignored
2026-10-09 18:40:45,793 RX_ECHO ignored
2026-10-09 18:40:45,793 RX_ECHO ignored
2026-10-09 18:40:45,793 RX_ECHO ignored
2026-10-09 18:40:45,793 RX_ECHO ignored
2026-10-09 18:40:45,793 RX_ECHO ignored
2026-10-09 18:40:45,793 RX_ECHO ignored
2026-10-09 18:40:45,793 RX_ECHO ignored
2026-10-09 18:40:45,793 RX_ECHO ignored
2026-10-09 18:40:45,793 RX_ECHO ignored
2026-10-09 18:40:45,793 RX_ECHO ignored
2026-10-09 18:40:45,793 RX_ECHO ignored
2026-10-09 18:40:45,793 RX_ECHO ignored
2026-10-09 18:40:45,793 RX_ECHO ignored
2026-10-09 18:40:45,794 RX_ECHO ignored
2026-10-09 18:40:45,794 RX_ECHO ignored
2026-10-09 18:40:45,794 RX_ECHO ignored
2026-10-09 18:40:45,794 RX_ECHO ignored
2026-10-09 18:40:45,794 RX_ECHO ignored
2026-10-09 18:40:45,794 RX_ECHO ignored
2026-10-09 18:40:45,794 RX_ECHO ignored
2026-10-09 18:40:45,794 RX_ECHO ignored
2026-10-09 18:40:45,794 RX_ECHO ignored
2026-10-09 18:40:45,794 RX_ECHO ignored
2026-10-09 18:40:45,794 RX_ECHO ignored
2026-10-09 18:40:45,794 RX_ECHO ignored
2026-10-09 18:40:45,794 RX_ECHO ignored
2026-10-09 18:40:45,794 RX_ECHO ignored
2026-10-09 18:40:45,795 RX_ECHO ignored
2026-10-09 18:40:45,795 RX_ECHO ignored
2026-10-09 18:40:45,795 RX_ECHO ignored
2026-10-09 18:40:45,795 RX_ECHO ignored
2026-10-09 18:40:45,795 RX_ECHO ignored
2026-10-09 18:40:45,795 RX_ECHO ignored
2026-10-09 18:40:45,795 RX_ECHO ignored
2026-10-09 18:40:45,795 RX_ECHO ignored
2026-10-09 18:40:45,795 RX_ECHO ignored
2026-10-09 18:40:45,795 RX_ECHO ignored
2026-10-09 18:40:45,795 RX_ECHO ignored
2026-10-09 18:40:45,795 RX_ECHO ignored
2026-10-09 18:40:45,795 RX_ECHO ignored
2026-10-09 18:40:45,795 RX_ECHO ignored
2026-10-09 18:40:45,795 RX_ECHO ignored
2026-10-09 18:40:45,795 RX_ECHO ignored
2026-10-09 18:40:45,795 RX_ECHO ignored
2026-10-09 18:40:45,795 RX_ECHO ignored
2026-10-09 18:40:45,795 RX_ECHO ignored
2026-10-09 18:40:45,796 RX_ECHO ignored
2026-10-09 18:40:45,796 RX_ECHO ignored
2026-10-09 18:40:45,796 RX_ECHO ignored
2026-10-09 18:40:45,796 RX_ECHO ignored
2026-10-09 18:40:45,796 RX_ECHO ignored
2026-10-09 18:40:45,796 RX_ECHO ignored
2026-10-09 18:40:45,796 RX_ECHO ignored
2026-10-09 18:40:45,796 RX_ECHO ignored
2026-10-09 18:40:45,796 RX_ECHO ignored
2026-10-09 18:40:45,796 RX_ECHO ignored
2026-10-09 18:40:45,796 RX_ECHO ignored
2026-10-09 18:40:45,796 RX_ECHO ignored
2026-10-09 18:40:45,796 RX_ECHO ignored
2026-10-09 18:40:45,796 RX_ECHO ignored
2026-10-09 18:40:45,796 RX_ECHO ignored
2026-10-09 18:40:45,796 RX_ECHO ignored
2026-10-09 18:40:45,796 RX_ECHO ignored
2026-10-09 18:40:45,796 RX_ECHO ignored
2026-10-09 18:40:45,796 RX_ECHO ignored
2026-10-09 18:40:45,796 RX_TIMEOUT service=81 partial=81 B1 F1
2026-10-09 18:40:45,796 INIT attempt: no valid C1 with two key bytes
2026-10-09 18:40:45,796 INIT attempt 2/5
2026-10-09 18:40:46,154 INIT host low=26.930 ms high=25.010 ms (not wire measurements)
2026-10-09 18:40:46,155 TX 81 B1 F1 81 A4
2026-10-09 18:40:46,155 RX_ECHO ignored
2026-10-09 18:40:46,155 RX_ECHO ignored
2026-10-09 18:40:46,155 RX_ECHO ignored
2026-10-09 18:40:46,155 RX_ECHO ignored
2026-10-09 18:40:46,155 RX_ECHO ignored
2026-10-09 18:40:46,155 RX_ECHO ignored
2026-10-09 18:40:46,155 RX_ECHO ignored
2026-10-09 18:40:46,156 RX_ECHO ignored
2026-10-09 18:40:46,156 RX_ECHO ignored
2026-10-09 18:40:46,156 RX_ECHO ignored
2026-10-09 18:40:46,156 RX_ECHO ignored
2026-10-09 18:40:46,156 RX_ECHO ignored
2026-10-09 18:40:46,156 RX_ECHO ignored
2026-10-09 18:40:46,156 RX_ECHO ignored
2026-10-09 18:40:46,156 RX_ECHO ignored
2026-10-09 18:40:46,156 RX_ECHO ignored
2026-10-09 18:40:46,156 RX_ECHO ignored
2026-10-09 18:40:46,156 RX_ECHO ignored
2026-10-09 18:40:46,156 RX_ECHO ignored
2026-10-09 18:40:46,156 RX_ECHO ignored
2026-10-09 18:40:46,156 RX_ECHO ignored
2026-10-09 18:40:46,156 RX_ECHO ignored
2026-10-09 18:40:46,156 RX_ECHO ignored
2026-10-09 18:40:46,156 RX_ECHO ignored
2026-10-09 18:40:46,156 RX_ECHO ignored
2026-10-09 18:40:46,156 RX_ECHO ignored
2026-10-09 18:40:46,156 RX_ECHO ignored
2026-10-09 18:40:46,156 RX_ECHO ignored
2026-10-09 18:40:46,156 RX_ECHO ignored
2026-10-09 18:40:46,156 RX_ECHO ignored
2026-10-09 18:40:46,156 RX_ECHO ignored
2026-10-09 18:40:46,156 RX_ECHO ignored
2026-10-09 18:40:46,156 RX_ECHO ignored
2026-10-09 18:40:46,156 RX_ECHO ignored
2026-10-09 18:40:46,156 RX_ECHO ignored
2026-10-09 18:40:46,156 RX_ECHO ignored
2026-10-09 18:40:46,156 RX_ECHO ignored
2026-10-09 18:40:46,156 RX_ECHO ignored
2026-10-09 18:40:46,156 RX_ECHO ignored
2026-10-09 18:40:46,157 RX_ECHO ignored
2026-10-09 18:40:46,157 RX_ECHO ignored
2026-10-09 18:40:46,157 RX_ECHO ignored
2026-10-09 18:40:46,157 RX_ECHO ignored
2026-10-09 18:40:46,157 RX_ECHO ignored
2026-10-09 18:40:46,157 RX_ECHO ignored
2026-10-09 18:40:46,157 RX_ECHO ignored
2026-10-09 18:40:46,157 RX_ECHO ignored
2026-10-09 18:40:46,157 RX_ECHO ignored
2026-10-09 18:40:46,157 RX_ECHO ignored
2026-10-09 18:40:46,157 RX_ECHO ignored
2026-10-09 18:40:46,157 RX_ECHO ignored
2026-10-09 18:40:46,157 RX_ECHO ignored
2026-10-09 18:40:46,157 RX_ECHO ignored
2026-10-09 18:40:46,157 RX_ECHO ignored
2026-10-09 18:40:46,157 RX_ECHO ignored
2026-10-09 18:40:46,157 RX_ECHO ignored
2026-10-09 18:40:46,157 RX_ECHO ignored
2026-10-09 18:40:46,157 RX_ECHO ignored
2026-10-09 18:40:46,157 RX_ECHO ignored
2026-10-09 18:40:46,157 RX_ECHO ignored
2026-10-09 18:40:46,157 RX_ECHO ignored
2026-10-09 18:40:46,157 RX_ECHO ignored
2026-10-09 18:40:46,157 RX_ECHO ignored
2026-10-09 18:40:46,157 RX_ECHO ignored
2026-10-09 18:40:46,157 RX_ECHO ignored
2026-10-09 18:40:46,157 RX_ECHO ignored
2026-10-09 18:40:46,157 RX_ECHO ignored
2026-10-09 18:40:46,157 RX_ECHO ignored
2026-10-09 18:40:46,157 RX_ECHO ignored
2026-10-09 18:40:46,157 RX_ECHO ignored
2026-10-09 18:40:46,157 RX_ECHO ignored
2026-10-09 18:40:46,157 RX_ECHO ignored
2026-10-09 18:40:46,157 RX_ECHO ignored
2026-10-09 18:40:46,157 RX_ECHO ignored
2026-10-09 18:40:46,157 RX_ECHO ignored
2026-10-09 18:40:46,157 RX_ECHO ignored
2026-10-09 18:40:46,157 RX_ECHO ignored
2026-10-09 18:40:46,157 RX_ECHO ignored
2026-10-09 18:40:46,157 RX_ECHO ignored
2026-10-09 18:40:46,157 RX_ECHO ignored
2026-10-09 18:40:46,158 RX_ECHO ignored
2026-10-09 18:40:46,158 RX_ECHO ignored
2026-10-09 18:40:46,158 RX_ECHO ignored
2026-10-09 18:40:46,158 RX_ECHO ignored
2026-10-09 18:40:46,158 RX_ECHO ignored
2026-10-09 18:40:46,158 RX_ECHO ignored
2026-10-09 18:40:46,158 RX_ECHO ignored
2026-10-09 18:40:46,158 RX_ECHO ignored
2026-10-09 18:40:46,158 RX_ECHO ignored
2026-10-09 18:40:46,158 RX_ECHO ignored
2026-10-09 18:40:46,158 RX_ECHO ignored
2026-10-09 18:40:46,158 RX_ECHO ignored
2026-10-09 18:40:46,158 RX_ECHO ignored
2026-10-09 18:40:46,158 RX_ECHO ignored
2026-10-09 18:40:46,158 RX_ECHO ignored
2026-10-09 18:40:46,158 RX_ECHO ignored
2026-10-09 18:40:46,158 RX_ECHO ignored
2026-10-09 18:40:46,158 RX_ECHO ignored
2026-10-09 18:40:46,158 RX_ECHO ignored
2026-10-09 18:40:46,158 RX_ECHO ignored
2026-10-09 18:40:46,158 RX_ECHO ignored
2026-10-09 18:40:46,158 RX_ECHO ignored
2026-10-09 18:40:46,158 RX_ECHO ignored
2026-10-09 18:40:46,158 RX_ECHO ignored
2026-10-09 18:40:46,158 RX_ECHO ignored
2026-10-09 18:40:46,158 RX_ECHO ignored
2026-10-09 18:40:46,158 RX_ECHO ignored
2026-10-09 18:40:46,158 RX_ECHO ignored
2026-10-09 18:40:46,158 RX_ECHO ignored
2026-10-09 18:40:46,158 RX_ECHO ignored
2026-10-09 18:40:46,158 RX_ECHO ignored
2026-10-09 18:40:46,158 RX_ECHO ignored
2026-10-09 18:40:46,158 RX_ECHO ignored
2026-10-09 18:40:46,158 RX_ECHO ignored
2026-10-09 18:40:46,158 RX_ECHO ignored
2026-10-09 18:40:46,158 RX_ECHO ignored
2026-10-09 18:40:46,158 RX_ECHO ignored
2026-10-09 18:40:46,158 RX_ECHO ignored
2026-10-09 18:40:46,158 RX_ECHO ignored
2026-10-09 18:40:46,158 RX_ECHO ignored
2026-10-09 18:40:46,158 RX_ECHO ignored
2026-10-09 18:40:46,159 RX_ECHO ignored
2026-10-09 18:40:46,159 RX_ECHO ignored
2026-10-09 18:40:46,159 RX_ECHO ignored
2026-10-09 18:40:46,159 RX_ECHO ignored
2026-10-09 18:40:46,159 RX_ECHO ignored
2026-10-09 18:40:46,159 RX_ECHO ignored
2026-10-09 18:40:46,159 RX_ECHO ignored
2026-10-09 18:40:46,159 RX_ECHO ignored
2026-10-09 18:40:46,159 RX_ECHO ignored
2026-10-09 18:40:46,159 RX_ECHO ignored
2026-10-09 18:40:46,159 RX_ECHO ignored
2026-10-09 18:40:46,159 RX_ECHO ignored
2026-10-09 18:40:46,159 RX_ECHO ignored
2026-10-09 18:40:46,159 RX_ECHO ignored
2026-10-09 18:40:46,159 RX_ECHO ignored
2026-10-09 18:40:46,159 RX_ECHO ignored
2026-10-09 18:40:46,159 RX_ECHO ignored
2026-10-09 18:40:46,159 RX_ECHO ignored
2026-10-09 18:40:46,159 RX_ECHO ignored
2026-10-09 18:40:46,159 RX_ECHO ignored
2026-10-09 18:40:46,159 RX_ECHO ignored
2026-10-09 18:40:46,159 RX_ECHO ignored
2026-10-09 18:40:46,159 RX_ECHO ignored
2026-10-09 18:40:46,159 RX_ECHO ignored
2026-10-09 18:40:46,159 RX_ECHO ignored
2026-10-09 18:40:46,159 RX_ECHO ignored
2026-10-09 18:40:46,159 RX_ECHO ignored
2026-10-09 18:40:46,159 RX_ECHO ignored
2026-10-09 18:40:46,159 RX_ECHO ignored
2026-10-09 18:40:46,159 RX_ECHO ignored
2026-10-09 18:40:46,159 RX_ECHO ignored
2026-10-09 18:40:46,159 RX_ECHO ignored
2026-10-09 18:40:46,159 RX_ECHO ignored
2026-10-09 18:40:46,159 RX_ECHO ignored
2026-10-09 18:40:46,159 RX_ECHO ignored
2026-10-09 18:40:46,159 RX_ECHO ignored
2026-10-09 18:40:46,159 RX_ECHO ignored
2026-10-09 18:40:46,159 RX_ECHO ignored
2026-10-09 18:40:46,159 RX_ECHO ignored
2026-10-09 18:40:46,159 RX_ECHO ignored
2026-10-09 18:40:46,159 RX_ECHO ignored
2026-10-09 18:40:46,160 RX_ECHO ignored
2026-10-09 18:40:46,160 RX_ECHO ignored
2026-10-09 18:40:46,160 RX_ECHO ignored
2026-10-09 18:40:46,160 RX_ECHO ignored
2026-10-09 18:40:46,160 RX_ECHO ignored
2026-10-09 18:40:46,160 RX_ECHO ignored
2026-10-09 18:40:46,160 RX_ECHO ignored
2026-10-09 18:40:46,160 RX_ECHO ignored
2026-10-09 18:40:46,160 RX_ECHO ignored
2026-10-09 18:40:46,160 RX_ECHO ignored
2026-10-09 18:40:46,160 RX_ECHO ignored
2026-10-09 18:40:46,160 RX_ECHO ignored
2026-10-09 18:40:46,160 RX_ECHO ignored
2026-10-09 18:40:46,160 RX_ECHO ignored
2026-10-09 18:40:46,160 RX_ECHO ignored
2026-10-09 18:40:46,160 RX_ECHO ignored
2026-10-09 18:40:46,160 RX_ECHO ignored
2026-10-09 18:40:46,160 RX_ECHO ignored
2026-10-09 18:40:46,160 RX_ECHO ignored
2026-10-09 18:40:46,160 RX_ECHO ignored
2026-10-09 18:40:46,160 RX_ECHO ignored
2026-10-09 18:40:46,160 RX_ECHO ignored
2026-10-09 18:40:46,160 RX_ECHO ignored
2026-10-09 18:40:46,160 RX_ECHO ignored
2026-10-09 18:40:46,160 RX_ECHO ignored
2026-10-09 18:40:46,160 RX_ECHO ignored
2026-10-09 18:40:46,160 RX_ECHO ignored
2026-10-09 18:40:46,160 RX_ECHO ignored
2026-10-09 18:40:46,160 RX_ECHO ignored
2026-10-09 18:40:46,160 RX_ECHO ignored
2026-10-09 18:40:46,160 RX_ECHO ignored
2026-10-09 18:40:46,160 RX_ECHO ignored
2026-10-09 18:40:46,160 RX_ECHO ignored
2026-10-09 18:40:46,160 RX_ECHO ignored
2026-10-09 18:40:46,160 RX_ECHO ignored
2026-10-09 18:40:46,160 RX_ECHO ignored
2026-10-09 18:40:46,160 RX_ECHO ignored
2026-10-09 18:40:46,160 RX_ECHO ignored
2026-10-09 18:40:46,160 RX_ECHO ignored
2026-10-09 18:40:46,160 RX_ECHO ignored
2026-10-09 18:40:46,160 RX_ECHO ignored
2026-10-09 18:40:46,161 RX_ECHO ignored
2026-10-09 18:40:46,161 RX_ECHO ignored
2026-10-09 18:40:46,161 RX_ECHO ignored
2026-10-09 18:40:46,161 RX_ECHO ignored
2026-10-09 18:40:46,161 RX_ECHO ignored
2026-10-09 18:40:46,161 RX_ECHO ignored
2026-10-09 18:40:46,161 RX_ECHO ignored
2026-10-09 18:40:46,161 RX_ECHO ignored
2026-10-09 18:40:46,161 RX_ECHO ignored
2026-10-09 18:40:46,161 RX_ECHO ignored
2026-10-09 18:40:46,161 RX_ECHO ignored
2026-10-09 18:40:46,161 RX_ECHO ignored
2026-10-09 18:40:46,161 RX_ECHO ignored
2026-10-09 18:40:46,161 RX_ECHO ignored
2026-10-09 18:40:46,161 RX_ECHO ignored
2026-10-09 18:40:46,161 RX_ECHO ignored
2026-10-09 18:40:46,161 RX_ECHO ignored
2026-10-09 18:40:46,161 RX_ECHO ignored
2026-10-09 18:40:46,161 RX_ECHO ignored
2026-10-09 18:40:46,161 RX_ECHO ignored
2026-10-09 18:40:46,161 RX_ECHO ignored
2026-10-09 18:40:46,161 RX_ECHO ignored
2026-10-09 18:40:46,161 RX_ECHO ignored
2026-10-09 18:40:46,161 RX_ECHO ignored
2026-10-09 18:40:46,161 RX_ECHO ignored
2026-10-09 18:40:46,161 RX_ECHO ignored
2026-10-09 18:40:46,161 RX_ECHO ignored
2026-10-09 18:40:46,161 RX_ECHO ignored
2026-10-09 18:40:46,161 RX_ECHO ignored
2026-10-09 18:40:46,161 RX_ECHO ignored
2026-10-09 18:40:46,161 RX_ECHO ignored
2026-10-09 18:40:46,161 RX_ECHO ignored
2026-10-09 18:40:46,161 RX_ECHO ignored
2026-10-09 18:40:46,161 RX_ECHO ignored
2026-10-09 18:40:46,161 RX_ECHO ignored
2026-10-09 18:40:46,161 RX_ECHO ignored
2026-10-09 18:40:46,161 RX_ECHO ignored
2026-10-09 18:40:46,161 RX_ECHO ignored
2026-10-09 18:40:46,161 RX_ECHO ignored
2026-10-09 18:40:46,161 RX_ECHO ignored
2026-10-09 18:40:46,161 RX_ECHO ignored
2026-10-09 18:40:46,162 RX_ECHO ignored
2026-10-09 18:40:46,162 RX_ECHO ignored
2026-10-09 18:40:46,162 RX_ECHO ignored
2026-10-09 18:40:46,162 RX_ECHO ignored
2026-10-09 18:40:46,162 RX_ECHO ignored
2026-10-09 18:40:46,162 RX_ECHO ignored
2026-10-09 18:40:46,162 RX_ECHO ignored
2026-10-09 18:40:46,162 RX_ECHO ignored
2026-10-09 18:40:46,162 RX_ECHO ignored
2026-10-09 18:40:46,162 RX_ECHO ignored
2026-10-09 18:40:46,162 RX_ECHO ignored
2026-10-09 18:40:46,162 RX_ECHO ignored
2026-10-09 18:40:46,162 RX_ECHO ignored
2026-10-09 18:40:46,162 RX_ECHO ignored
2026-10-09 18:40:46,162 RX_ECHO ignored
2026-10-09 18:40:46,162 RX_ECHO ignored
2026-10-09 18:40:46,162 RX_ECHO ignored
2026-10-09 18:40:46,162 RX_ECHO ignored
2026-10-09 18:40:46,162 RX_ECHO ignored
2026-10-09 18:40:46,162 RX_ECHO ignored
2026-10-09 18:40:46,162 RX_ECHO ignored
2026-10-09 18:40:46,162 RX_ECHO ignored
2026-10-09 18:40:46,162 RX_ECHO ignored
2026-10-09 18:40:46,162 RX_ECHO ignored
2026-10-09 18:40:46,162 RX_ECHO ignored
2026-10-09 18:40:46,162 RX_ECHO ignored
2026-10-09 18:40:46,162 RX_ECHO ignored
2026-10-09 18:40:46,162 RX_ECHO ignored
2026-10-09 18:40:46,162 RX_ECHO ignored
2026-10-09 18:40:46,162 RX_ECHO ignored
2026-10-09 18:40:46,162 RX_ECHO ignored
2026-10-09 18:40:46,162 RX_ECHO ignored
2026-10-09 18:40:46,162 RX_ECHO ignored
2026-10-09 18:40:46,162 RX_ECHO ignored
2026-10-09 18:40:46,162 RX_ECHO ignored
2026-10-09 18:40:46,162 RX_ECHO ignored
2026-10-09 18:40:46,163 RX_ECHO ignored
2026-10-09 18:40:46,163 RX_ECHO ignored
2026-10-09 18:40:46,163 RX_ECHO ignored
2026-10-09 18:40:46,163 RX_ECHO ignored
2026-10-09 18:40:46,163 RX_ECHO ignored
2026-10-09 18:40:46,163 RX_ECHO ignored
2026-10-09 18:40:46,163 RX_ECHO ignored
2026-10-09 18:40:46,163 RX_ECHO ignored
2026-10-09 18:40:46,163 RX_ECHO ignored
2026-10-09 18:40:46,163 RX_ECHO ignored
2026-10-09 18:40:46,163 RX_ECHO ignored
2026-10-09 18:40:46,163 RX_ECHO ignored
2026-10-09 18:40:46,163 RX_ECHO ignored
2026-10-09 18:40:46,163 RX_ECHO ignored
2026-10-09 18:40:46,163 RX_ECHO ignored
2026-10-09 18:40:46,163 RX_ECHO ignored
2026-10-09 18:40:46,163 RX_ECHO ignored
2026-10-09 18:40:46,163 RX_ECHO ignored
2026-10-09 18:40:46,163 RX_ECHO ignored
2026-10-09 18:40:46,163 RX_ECHO ignored
2026-10-09 18:40:46,163 RX_ECHO ignored
2026-10-09 18:40:46,163 RX_ECHO ignored
2026-10-09 18:40:46,163 RX_ECHO ignored
2026-10-09 18:40:46,163 RX_ECHO ignored
2026-10-09 18:40:46,163 RX_ECHO ignored
2026-10-09 18:40:46,163 RX_ECHO ignored
2026-10-09 18:40:46,163 RX_ECHO ignored
2026-10-09 18:40:46,163 RX_ECHO ignored
2026-10-09 18:40:46,163 RX_ECHO ignored
2026-10-09 18:40:46,163 RX_ECHO ignored
2026-10-09 18:40:46,163 RX_ECHO ignored
2026-10-09 18:40:46,163 RX_ECHO ignored
2026-10-09 18:40:46,163 RX_ECHO ignored
2026-10-09 18:40:46,163 RX_ECHO ignored
2026-10-09 18:40:46,163 RX_ECHO ignored
2026-10-09 18:40:46,163 RX_ECHO ignored
2026-10-09 18:40:46,163 RX_ECHO ignored
2026-10-09 18:40:46,163 RX_ECHO ignored
2026-10-09 18:40:46,163 RX_ECHO ignored
2026-10-09 18:40:46,163 RX_ECHO ignored
2026-10-09 18:40:46,164 RX_ECHO ignored
2026-10-09 18:40:46,164 RX_ECHO ignored
2026-10-09 18:40:46,164 RX_ECHO ignored
2026-10-09 18:40:46,164 RX_ECHO ignored
2026-10-09 18:40:46,164 RX_ECHO ignored
2026-10-09 18:40:46,164 RX_ECHO ignored
2026-10-09 18:40:46,164 RX_ECHO ignored
2026-10-09 18:40:46,164 RX_ECHO ignored
2026-10-09 18:40:46,164 RX_ECHO ignored
2026-10-09 18:40:46,164 RX_ECHO ignored
2026-10-09 18:40:46,164 RX_ECHO ignored
2026-10-09 18:40:46,164 RX_ECHO ignored
2026-10-09 18:40:46,164 RX_ECHO ignored
2026-10-09 18:40:46,164 RX_ECHO ignored
2026-10-09 18:40:46,164 RX_ECHO ignored
2026-10-09 18:40:46,164 RX_ECHO ignored
2026-10-09 18:40:46,164 RX_ECHO ignored
2026-10-09 18:40:46,164 RX_ECHO ignored
2026-10-09 18:40:46,164 RX_ECHO ignored
2026-10-09 18:40:46,164 RX_ECHO ignored
2026-10-09 18:40:46,164 RX_ECHO ignored
2026-10-09 18:40:46,164 RX_ECHO ignored
2026-10-09 18:40:46,164 RX_ECHO ignored
2026-10-09 18:40:46,164 RX_ECHO ignored
2026-10-09 18:40:46,164 RX_ECHO ignored
2026-10-09 18:40:46,164 RX_ECHO ignored
2026-10-09 18:40:46,164 RX_ECHO ignored
2026-10-09 18:40:46,164 RX_ECHO ignored
2026-10-09 18:40:46,164 RX_ECHO ignored
2026-10-09 18:40:46,164 RX_ECHO ignored
2026-10-09 18:40:46,164 RX_ECHO ignored
2026-10-09 18:40:46,164 RX_ECHO ignored
2026-10-09 18:40:46,164 RX_ECHO ignored
2026-10-09 18:40:46,164 RX_ECHO ignored
2026-10-09 18:40:46,164 RX_ECHO ignored
2026-10-09 18:40:46,164 RX_ECHO ignored
2026-10-09 18:40:46,164 RX_ECHO ignored
2026-10-09 18:40:46,164 RX_ECHO ignored
2026-10-09 18:40:46,164 RX_ECHO ignored
2026-10-09 18:40:46,164 RX_ECHO ignored
2026-10-09 18:40:46,164 RX_ECHO ignored
2026-10-09 18:40:46,165 RX_ECHO ignored
2026-10-09 18:40:46,165 RX_ECHO ignored
2026-10-09 18:40:46,165 RX_ECHO ignored
2026-10-09 18:40:46,165 RX_ECHO ignored
2026-10-09 18:40:46,165 RX_ECHO ignored
2026-10-09 18:40:46,165 RX_ECHO ignored
2026-10-09 18:40:46,165 RX_ECHO ignored
2026-10-09 18:40:46,165 RX_ECHO ignored
2026-10-09 18:40:46,165 RX_ECHO ignored
2026-10-09 18:40:46,165 RX_ECHO ignored
2026-10-09 18:40:46,165 RX_ECHO ignored
2026-10-09 18:40:46,165 RX_ECHO ignored
2026-10-09 18:40:46,165 RX_ECHO ignored
2026-10-09 18:40:46,165 RX_ECHO ignored
2026-10-09 18:40:46,165 RX_ECHO ignored
2026-10-09 18:40:46,165 RX_ECHO ignored
2026-10-09 18:40:46,165 RX_ECHO ignored
2026-10-09 18:40:46,165 RX_ECHO ignored
2026-10-09 18:40:46,165 RX_ECHO ignored
2026-10-09 18:40:46,165 RX_ECHO ignored
2026-10-09 18:40:46,165 RX_ECHO ignored
2026-10-09 18:40:46,165 RX_ECHO ignored
2026-10-09 18:40:46,165 RX_ECHO ignored
2026-10-09 18:40:46,165 RX_ECHO ignored
2026-10-09 18:40:46,165 RX_ECHO ignored
2026-10-09 18:40:46,165 RX_ECHO ignored
2026-10-09 18:40:46,165 RX_ECHO ignored
2026-10-09 18:40:46,165 RX_ECHO ignored
2026-10-09 18:40:46,165 RX_ECHO ignored
2026-10-09 18:40:46,165 RX_ECHO ignored
2026-10-09 18:40:46,165 RX_ECHO ignored
2026-10-09 18:40:46,165 RX_ECHO ignored
2026-10-09 18:40:46,165 RX_ECHO ignored
2026-10-09 18:40:46,165 RX_ECHO ignored
2026-10-09 18:40:46,165 RX_ECHO ignored
2026-10-09 18:40:46,165 RX_ECHO ignored
2026-10-09 18:40:46,165 RX_ECHO ignored
2026-10-09 18:40:46,165 RX_ECHO ignored
2026-10-09 18:40:46,165 RX_ECHO ignored
2026-10-09 18:40:46,165 RX_ECHO ignored
2026-10-09 18:40:46,165 RX_ECHO ignored
2026-10-09 18:40:46,166 RX_ECHO ignored
2026-10-09 18:40:46,166 RX_ECHO ignored
2026-10-09 18:40:46,166 RX_ECHO ignored
2026-10-09 18:40:46,166 RX_ECHO ignored
2026-10-09 18:40:46,166 RX_ECHO ignored
2026-10-09 18:40:46,166 RX_ECHO ignored
2026-10-09 18:40:46,166 RX_ECHO ignored
2026-10-09 18:40:46,166 RX_ECHO ignored
2026-10-09 18:40:46,166 RX_ECHO ignored
2026-10-09 18:40:46,166 RX_ECHO ignored
2026-10-09 18:40:46,166 RX_ECHO ignored
2026-10-09 18:40:46,166 RX_ECHO ignored
2026-10-09 18:40:46,166 RX_ECHO ignored
2026-10-09 18:40:46,166 RX_ECHO ignored
2026-10-09 18:40:46,166 RX_ECHO ignored
2026-10-09 18:40:46,166 RX_ECHO ignored
2026-10-09 18:40:46,166 RX_ECHO ignored
2026-10-09 18:40:46,166 RX_ECHO ignored
2026-10-09 18:40:46,166 RX_ECHO ignored
2026-10-09 18:40:46,166 RX_ECHO ignored
2026-10-09 18:40:46,166 RX_ECHO ignored
2026-10-09 18:40:46,166 RX_ECHO ignored
2026-10-09 18:40:46,166 RX_ECHO ignored
2026-10-09 18:40:46,166 RX_ECHO ignored
2026-10-09 18:40:46,166 RX_ECHO ignored
2026-10-09 18:40:46,166 RX_ECHO ignored
2026-10-09 18:40:46,166 RX_ECHO ignored
2026-10-09 18:40:46,166 RX_ECHO ignored
2026-10-09 18:40:46,166 RX_ECHO ignored
2026-10-09 18:40:46,166 RX_ECHO ignored
2026-10-09 18:40:46,166 RX_ECHO ignored
2026-10-09 18:40:46,166 RX_ECHO ignored
2026-10-09 18:40:46,166 RX_ECHO ignored
2026-10-09 18:40:46,166 RX_ECHO ignored
2026-10-09 18:40:46,166 RX_ECHO ignored
2026-10-09 18:40:46,166 RX_ECHO ignored
2026-10-09 18:40:46,166 RX_ECHO ignored
2026-10-09 18:40:46,166 RX_ECHO ignored
2026-10-09 18:40:46,166 RX_ECHO ignored
2026-10-09 18:40:46,166 RX_ECHO ignored
2026-10-09 18:40:46,167 RX_ECHO ignored
2026-10-09 18:40:46,167 RX_ECHO ignored
2026-10-09 18:40:46,167 RX_ECHO ignored
2026-10-09 18:40:46,167 RX_ECHO ignored
2026-10-09 18:40:46,167 RX_ECHO ignored
2026-10-09 18:40:46,167 RX_ECHO ignored
2026-10-09 18:40:46,167 RX_ECHO ignored
2026-10-09 18:40:46,167 RX_ECHO ignored
2026-10-09 18:40:46,167 RX_ECHO ignored
2026-10-09 18:40:46,167 RX_ECHO ignored
2026-10-09 18:40:46,167 RX_ECHO ignored
2026-10-09 18:40:46,167 RX_ECHO ignored
2026-10-09 18:40:46,167 RX_ECHO ignored
2026-10-09 18:40:46,167 RX_ECHO ignored
2026-10-09 18:40:46,167 RX_ECHO ignored
2026-10-09 18:40:46,167 RX_ECHO ignored
2026-10-09 18:40:46,167 RX_ECHO ignored
2026-10-09 18:40:46,167 RX_ECHO ignored
2026-10-09 18:40:46,167 RX_ECHO ignored
2026-10-09 18:40:46,167 RX_ECHO ignored
2026-10-09 18:40:46,167 RX_ECHO ignored
2026-10-09 18:40:46,167 RX_ECHO ignored
2026-10-09 18:40:46,167 RX_ECHO ignored
2026-10-09 18:40:46,167 RX_ECHO ignored
2026-10-09 18:40:46,167 RX_ECHO ignored
2026-10-09 18:40:46,167 RX_ECHO ignored
2026-10-09 18:40:46,167 RX_ECHO ignored
2026-10-09 18:40:46,167 RX_ECHO ignored
2026-10-09 18:40:46,167 RX_ECHO ignored
2026-10-09 18:40:46,167 RX_ECHO ignored
2026-10-09 18:40:46,167 RX_ECHO ignored
2026-10-09 18:40:46,167 RX_ECHO ignored
2026-10-09 18:40:46,167 RX_ECHO ignored
2026-10-09 18:40:46,167 RX_ECHO ignored
2026-10-09 18:40:46,167 RX_ECHO ignored
2026-10-09 18:40:46,167 RX_ECHO ignored
2026-10-09 18:40:46,168 RX_ECHO ignored
2026-10-09 18:40:46,168 RX_ECHO ignored
2026-10-09 18:40:46,168 RX_ECHO ignored
2026-10-09 18:40:46,168 RX_ECHO ignored
2026-10-09 18:40:46,168 RX_ECHO ignored
2026-10-09 18:40:46,168 RX_ECHO ignored
2026-10-09 18:40:46,168 RX_ECHO ignored
2026-10-09 18:40:46,168 RX_ECHO ignored
2026-10-09 18:40:46,168 RX_ECHO ignored
2026-10-09 18:40:46,168 RX_ECHO ignored
2026-10-09 18:40:46,168 RX_ECHO ignored
2026-10-09 18:40:46,168 RX_ECHO ignored
2026-10-09 18:40:46,168 RX_ECHO ignored
2026-10-09 18:40:46,168 RX_ECHO ignored
2026-10-09 18:40:46,168 RX_ECHO ignored
2026-10-09 18:40:46,168 RX_ECHO ignored
2026-10-09 18:40:46,168 RX_ECHO ignored
2026-10-09 18:40:46,168 RX_ECHO ignored
2026-10-09 18:40:46,168 RX_ECHO ignored
2026-10-09 18:40:46,168 RX_ECHO ignored
2026-10-09 18:40:46,168 RX_ECHO ignored
2026-10-09 18:40:46,168 RX_ECHO ignored
2026-10-09 18:40:46,168 RX_ECHO ignored
2026-10-09 18:40:46,168 RX_ECHO ignored
2026-10-09 18:40:46,168 RX_ECHO ignored
2026-10-09 18:40:46,168 RX_ECHO ignored
2026-10-09 18:40:46,168 RX_ECHO ignored
2026-10-09 18:40:46,168 RX_ECHO ignored
2026-10-09 18:40:46,168 RX_ECHO ignored
2026-10-09 18:40:46,168 RX_ECHO ignored
2026-10-09 18:40:46,168 RX_ECHO ignored
2026-10-09 18:40:46,168 RX_ECHO ignored
2026-10-09 18:40:46,168 RX_ECHO ignored
2026-10-09 18:40:46,168 RX_ECHO ignored
2026-10-09 18:40:46,168 RX_ECHO ignored
2026-10-09 18:40:46,168 RX_ECHO ignored
2026-10-09 18:40:46,168 RX_ECHO ignored
2026-10-09 18:40:46,168 RX_ECHO ignored
2026-10-09 18:40:46,168 RX_ECHO ignored
2026-10-09 18:40:46,168 RX_ECHO ignored
2026-10-09 18:40:46,169 RX_ECHO ignored
2026-10-09 18:40:46,169 RX_ECHO ignored
2026-10-09 18:40:46,169 RX_ECHO ignored
2026-10-09 18:40:46,169 RX_ECHO ignored
2026-10-09 18:40:46,169 RX_ECHO ignored
2026-10-09 18:40:46,169 RX_ECHO ignored
2026-10-09 18:40:46,169 RX_ECHO ignored
2026-10-09 18:40:46,169 RX_ECHO ignored
2026-10-09 18:40:46,169 RX_ECHO ignored
2026-10-09 18:40:46,169 RX_ECHO ignored
2026-10-09 18:40:46,169 RX_ECHO ignored
2026-10-09 18:40:46,169 RX_ECHO ignored
2026-10-09 18:40:46,169 RX_ECHO ignored
2026-10-09 18:40:46,169 RX_ECHO ignored
2026-10-09 18:40:46,169 RX_ECHO ignored
2026-10-09 18:40:46,169 RX_ECHO ignored
2026-10-09 18:40:46,169 RX_ECHO ignored
2026-10-09 18:40:46,169 RX_ECHO ignored
2026-10-09 18:40:46,169 RX_ECHO ignored
2026-10-09 18:40:46,169 RX_ECHO ignored
2026-10-09 18:40:46,169 RX_ECHO ignored
2026-10-09 18:40:46,169 RX_ECHO ignored
2026-10-09 18:40:46,169 RX_ECHO ignored
2026-10-09 18:40:46,169 RX_ECHO ignored
2026-10-09 18:40:46,169 RX_ECHO ignored
2026-10-09 18:40:46,169 RX_ECHO ignored
2026-10-09 18:40:46,169 RX_ECHO ignored
2026-10-09 18:40:46,169 RX_ECHO ignored
2026-10-09 18:40:46,169 RX_ECHO ignored
2026-10-09 18:40:46,169 RX_ECHO ignored
2026-10-09 18:40:46,169 RX_ECHO ignored
2026-10-09 18:40:46,169 RX_ECHO ignored
2026-10-09 18:40:46,169 RX_ECHO ignored
2026-10-09 18:40:46,169 RX_ECHO ignored
2026-10-09 18:40:46,169 RX_ECHO ignored
2026-10-09 18:40:46,169 RX_ECHO ignored
2026-10-09 18:40:46,169 RX_ECHO ignored
2026-10-09 18:40:46,169 RX_ECHO ignored
2026-10-09 18:40:46,169 RX_ECHO ignored
2026-10-09 18:40:46,169 RX_ECHO ignored
2026-10-09 18:40:46,169 RX_ECHO ignored
2026-10-09 18:40:46,170 RX_ECHO ignored
2026-10-09 18:40:46,170 RX_ECHO ignored
2026-10-09 18:40:46,170 RX_ECHO ignored
2026-10-09 18:40:46,170 RX_ECHO ignored
2026-10-09 18:40:46,170 RX_ECHO ignored
2026-10-09 18:40:46,170 RX_ECHO ignored
2026-10-09 18:40:46,170 RX_ECHO ignored
2026-10-09 18:40:46,170 RX_ECHO ignored
2026-10-09 18:40:46,170 RX_ECHO ignored
2026-10-09 18:40:46,170 RX_ECHO ignored
2026-10-09 18:40:46,170 RX_ECHO ignored
2026-10-09 18:40:46,170 RX_ECHO ignored
2026-10-09 18:40:46,170 RX_ECHO ignored
2026-10-09 18:40:46,170 RX_ECHO ignored
2026-10-09 18:40:46,171 RX_ECHO ignored
2026-10-09 18:40:46,171 RX_ECHO ignored
2026-10-09 18:40:46,171 RX_ECHO ignored
2026-10-09 18:40:46,171 RX_ECHO ignored
2026-10-09 18:40:46,171 RX_ECHO ignored
2026-10-09 18:40:46,171 RX_ECHO ignored
2026-10-09 18:40:46,171 RX_ECHO ignored
2026-10-09 18:40:46,171 RX_ECHO ignored
2026-10-09 18:40:46,171 RX_ECHO ignored
2026-10-09 18:40:46,171 RX_ECHO ignored
2026-10-09 18:40:46,171 RX_ECHO ignored
2026-10-09 18:40:46,171 RX_ECHO ignored
2026-10-09 18:40:46,171 RX_ECHO ignored
2026-10-09 18:40:46,171 RX_ECHO ignored
2026-10-09 18:40:46,171 RX_ECHO ignored
2026-10-09 18:40:46,171 RX_ECHO ignored
2026-10-09 18:40:46,171 RX_ECHO ignored
2026-10-09 18:40:46,171 RX_ECHO ignored
2026-10-09 18:40:46,171 RX_ECHO ignored
2026-10-09 18:40:46,171 RX_ECHO ignored
2026-10-09 18:40:46,171 RX_ECHO ignored
2026-10-09 18:40:46,171 RX_ECHO ignored
2026-10-09 18:40:46,171 RX_ECHO ignored
2026-10-09 18:40:46,171 RX_ECHO ignored
2026-10-09 18:40:46,171 RX_ECHO ignored
2026-10-09 18:40:46,171 RX_ECHO ignored
2026-10-09 18:40:46,171 RX_ECHO ignored
2026-10-09 18:40:46,171 RX_ECHO ignored
2026-10-09 18:40:46,172 RX_ECHO ignored
2026-10-09 18:40:46,172 RX_ECHO ignored
2026-10-09 18:40:46,172 RX_ECHO ignored
2026-10-09 18:40:46,172 RX_ECHO ignored
2026-10-09 18:40:46,172 RX_ECHO ignored
2026-10-09 18:40:46,172 RX_ECHO ignored
2026-10-09 18:40:46,172 RX_ECHO ignored
2026-10-09 18:40:46,172 RX_ECHO ignored
2026-10-09 18:40:46,172 RX_ECHO ignored
2026-10-09 18:40:46,172 RX_ECHO ignored
2026-10-09 18:40:46,172 RX_ECHO ignored
2026-10-09 18:40:46,172 RX_ECHO ignored
2026-10-09 18:40:46,172 RX_ECHO ignored
2026-10-09 18:40:46,172 RX_ECHO ignored
2026-10-09 18:40:46,172 RX_ECHO ignored
2026-10-09 18:40:46,172 RX_ECHO ignored
2026-10-09 18:40:46,172 RX_ECHO ignored
2026-10-09 18:40:46,172 RX_ECHO ignored
2026-10-09 18:40:46,172 RX_ECHO ignored
2026-10-09 18:40:46,172 RX_ECHO ignored
2026-10-09 18:40:46,172 RX_ECHO ignored
2026-10-09 18:40:46,172 RX_ECHO ignored
2026-10-09 18:40:46,172 RX_ECHO ignored
2026-10-09 18:40:46,172 RX_ECHO ignored
2026-10-09 18:40:46,172 RX_ECHO ignored
2026-10-09 18:40:46,173 RX_ECHO ignored
2026-10-09 18:40:46,173 RX_ECHO ignored
2026-10-09 18:40:46,173 RX_ECHO ignored
2026-10-09 18:40:46,173 RX_ECHO ignored
2026-10-09 18:40:46,173 RX_ECHO ignored
2026-10-09 18:40:46,173 RX_ECHO ignored
2026-10-09 18:40:46,173 RX_ECHO ignored
2026-10-09 18:40:46,173 RX_ECHO ignored
2026-10-09 18:40:46,173 RX_ECHO ignored
2026-10-09 18:40:46,173 RX_ECHO ignored
2026-10-09 18:40:46,173 RX_ECHO ignored
2026-10-09 18:40:46,173 RX_ECHO ignored
2026-10-09 18:40:46,173 RX_ECHO ignored
2026-10-09 18:40:46,173 RX_ECHO ignored
2026-10-09 18:40:46,173 RX_ECHO ignored
2026-10-09 18:40:46,173 RX_ECHO ignored
2026-10-09 18:40:46,173 RX_ECHO ignored
2026-10-09 18:40:46,173 RX_ECHO ignored
2026-10-09 18:40:46,173 RX_ECHO ignored
2026-10-09 18:40:46,173 RX_ECHO ignored
2026-10-09 18:40:46,173 RX_ECHO ignored
2026-10-09 18:40:46,173 RX_ECHO ignored
2026-10-09 18:40:46,173 RX_ECHO ignored
2026-10-09 18:40:46,173 RX_ECHO ignored
2026-10-09 18:40:46,173 RX_ECHO ignored
2026-10-09 18:40:46,173 RX_ECHO ignored
2026-10-09 18:40:46,173 RX_ECHO ignored
2026-10-09 18:40:46,173 RX_ECHO ignored
2026-10-09 18:40:46,173 RX_ECHO ignored
2026-10-09 18:40:46,173 RX_ECHO ignored
2026-10-09 18:40:46,173 RX_ECHO ignored
2026-10-09 18:40:46,173 RX_ECHO ignored
2026-10-09 18:40:46,173 RX_ECHO ignored
2026-10-09 18:40:46,173 RX_ECHO ignored
2026-10-09 18:40:46,173 RX_ECHO ignored
2026-10-09 18:40:46,173 RX_ECHO ignored
2026-10-09 18:40:46,173 RX_ECHO ignored
2026-10-09 18:40:46,173 RX_ECHO ignored
2026-10-09 18:40:46,173 RX_ECHO ignored
2026-10-09 18:40:46,174 RX_ECHO ignored
2026-10-09 18:40:46,174 RX_ECHO ignored
2026-10-09 18:40:46,174 RX_ECHO ignored
2026-10-09 18:40:46,174 RX_ECHO ignored
2026-10-09 18:40:46,174 RX_ECHO ignored
2026-10-09 18:40:46,174 RX_ECHO ignored
2026-10-09 18:40:46,174 RX_ECHO ignored
2026-10-09 18:40:46,174 RX_ECHO ignored
2026-10-09 18:40:46,174 RX_ECHO ignored
2026-10-09 18:40:46,174 RX_ECHO ignored
2026-10-09 18:40:46,174 RX_ECHO ignored
2026-10-09 18:40:46,174 RX_ECHO ignored
2026-10-09 18:40:46,174 RX_ECHO ignored
2026-10-09 18:40:46,174 RX_ECHO ignored
2026-10-09 18:40:46,174 RX_ECHO ignored
2026-10-09 18:40:46,174 RX_ECHO ignored
2026-10-09 18:40:46,174 RX_ECHO ignored
2026-10-09 18:40:46,174 RX_ECHO ignored
2026-10-09 18:40:46,174 RX_ECHO ignored
2026-10-09 18:40:46,174 RX_ECHO ignored
2026-10-09 18:40:46,174 RX_ECHO ignored
2026-10-09 18:40:46,174 RX_ECHO ignored
2026-10-09 18:40:46,174 RX_ECHO ignored
2026-10-09 18:40:46,174 RX_ECHO ignored
2026-10-09 18:40:46,174 RX_ECHO ignored
2026-10-09 18:40:46,174 RX_ECHO ignored
2026-10-09 18:40:46,174 RX_ECHO ignored
2026-10-09 18:40:46,174 RX_ECHO ignored
2026-10-09 18:40:46,174 RX_ECHO ignored
2026-10-09 18:40:46,174 RX_ECHO ignored
2026-10-09 18:40:46,174 RX_ECHO ignored
2026-10-09 18:40:46,174 RX_ECHO ignored
2026-10-09 18:40:46,174 RX_ECHO ignored
2026-10-09 18:40:46,174 RX_ECHO ignored
2026-10-09 18:40:46,174 RX_ECHO ignored
2026-10-09 18:40:46,174 RX_ECHO ignored
2026-10-09 18:40:46,174 RX_ECHO ignored
2026-10-09 18:40:46,174 RX_ECHO ignored
2026-10-09 18:40:46,174 RX_ECHO ignored
2026-10-09 18:40:46,174 RX_ECHO ignored
2026-10-09 18:40:46,175 RX_ECHO ignored
2026-10-09 18:40:46,175 RX_ECHO ignored
2026-10-09 18:40:46,175 RX_ECHO ignored
2026-10-09 18:40:46,175 RX_ECHO ignored
2026-10-09 18:40:46,175 RX_ECHO ignored
2026-10-09 18:40:46,175 RX_ECHO ignored
2026-10-09 18:40:46,175 RX_ECHO ignored
2026-10-09 18:40:46,175 RX_ECHO ignored
2026-10-09 18:40:46,175 RX_ECHO ignored
2026-10-09 18:40:46,175 RX_ECHO ignored
2026-10-09 18:40:46,175 RX_ECHO ignored
2026-10-09 18:40:46,175 RX_ECHO ignored
2026-10-09 18:40:46,175 RX_ECHO ignored
2026-10-09 18:40:46,175 RX_ECHO ignored
2026-10-09 18:40:46,175 RX_ECHO ignored
2026-10-09 18:40:46,175 RX_ECHO ignored
2026-10-09 18:40:46,175 RX_ECHO ignored
2026-10-09 18:40:46,175 RX_ECHO ignored
2026-10-09 18:40:46,175 RX_ECHO ignored
2026-10-09 18:40:46,175 RX_ECHO ignored
2026-10-09 18:40:46,175 RX_ECHO ignored
2026-10-09 18:40:46,175 RX_ECHO ignored
2026-10-09 18:40:46,175 RX_ECHO ignored
2026-10-09 18:40:46,175 RX_ECHO ignored
2026-10-09 18:40:46,175 RX_ECHO ignored
2026-10-09 18:40:46,175 RX_ECHO ignored
2026-10-09 18:40:46,175 RX_ECHO ignored
2026-10-09 18:40:46,175 RX_ECHO ignored
2026-10-09 18:40:46,175 RX_ECHO ignored
2026-10-09 18:40:46,175 RX_ECHO ignored
2026-10-09 18:40:46,175 RX_ECHO ignored
2026-10-09 18:40:46,175 RX_ECHO ignored
2026-10-09 18:40:46,175 RX_ECHO ignored
2026-10-09 18:40:46,175 RX_ECHO ignored
2026-10-09 18:40:46,175 RX_ECHO ignored
2026-10-09 18:40:46,175 RX_ECHO ignored
2026-10-09 18:40:46,175 RX_ECHO ignored
2026-10-09 18:40:46,175 RX_ECHO ignored
2026-10-09 18:40:46,175 RX_ECHO ignored
2026-10-09 18:40:46,175 RX_ECHO ignored
2026-10-09 18:40:46,175 RX_ECHO ignored
2026-10-09 18:40:46,175 RX_ECHO ignored
2026-10-09 18:40:46,176 RX_ECHO ignored
2026-10-09 18:40:46,176 RX_ECHO ignored
2026-10-09 18:40:46,176 RX_ECHO ignored
2026-10-09 18:40:46,176 RX_ECHO ignored
2026-10-09 18:40:46,176 RX_ECHO ignored
2026-10-09 18:40:46,176 RX_ECHO ignored
2026-10-09 18:40:46,176 RX_ECHO ignored
2026-10-09 18:40:46,176 RX_ECHO ignored
2026-10-09 18:40:46,176 RX_ECHO ignored
2026-10-09 18:40:46,176 RX_ECHO ignored
2026-10-09 18:40:46,176 RX_ECHO ignored
2026-10-09 18:40:46,176 RX_ECHO ignored
2026-10-09 18:40:46,176 RX_ECHO ignored
2026-10-09 18:40:46,176 RX_ECHO ignored
2026-10-09 18:40:46,176 RX_ECHO ignored
2026-10-09 18:40:46,176 RX_ECHO ignored
2026-10-09 18:40:46,176 RX_ECHO ignored
2026-10-09 18:40:46,176 RX_ECHO ignored
2026-10-09 18:40:46,176 RX_ECHO ignored
2026-10-09 18:40:46,176 RX_ECHO ignored
2026-10-09 18:40:46,176 RX_ECHO ignored
2026-10-09 18:40:46,176 RX_ECHO ignored
2026-10-09 18:40:46,176 RX_ECHO ignored
2026-10-09 18:40:46,176 RX_ECHO ignored
2026-10-09 18:40:46,176 RX_ECHO ignored
2026-10-09 18:40:46,176 RX_ECHO ignored
2026-10-09 18:40:46,176 RX_ECHO ignored
2026-10-09 18:40:46,176 RX_ECHO ignored
2026-10-09 18:40:46,176 RX_ECHO ignored
2026-10-09 18:40:46,176 RX_ECHO ignored
2026-10-09 18:40:46,176 RX_ECHO ignored
2026-10-09 18:40:46,176 RX_ECHO ignored
2026-10-09 18:40:46,176 RX_ECHO ignored
2026-10-09 18:40:46,176 RX_ECHO ignored
2026-10-09 18:40:46,176 RX_ECHO ignored
2026-10-09 18:40:46,176 RX_ECHO ignored
2026-10-09 18:40:46,176 RX_ECHO ignored
2026-10-09 18:40:46,176 RX_ECHO ignored
2026-10-09 18:40:46,176 RX_ECHO ignored
2026-10-09 18:40:46,176 RX_ECHO ignored
2026-10-09 18:40:46,177 RX_ECHO ignored
2026-10-09 18:40:46,177 RX_ECHO ignored
2026-10-09 18:40:46,177 RX_ECHO ignored
2026-10-09 18:40:46,177 RX_ECHO ignored
2026-10-09 18:40:46,177 RX_ECHO ignored
2026-10-09 18:40:46,177 RX_ECHO ignored
2026-10-09 18:40:46,177 RX_ECHO ignored
2026-10-09 18:40:46,177 RX_ECHO ignored
2026-10-09 18:40:46,177 RX_ECHO ignored
2026-10-09 18:40:46,177 RX_ECHO ignored
2026-10-09 18:40:46,177 RX_ECHO ignored
2026-10-09 18:40:46,177 RX_ECHO ignored
2026-10-09 18:40:46,177 RX_ECHO ignored
2026-10-09 18:40:46,177 RX_ECHO ignored
2026-10-09 18:40:46,177 RX_ECHO ignored
2026-10-09 18:40:46,177 RX_ECHO ignored
2026-10-09 18:40:46,177 RX_ECHO ignored
2026-10-09 18:40:46,177 RX_ECHO ignored
2026-10-09 18:40:46,177 RX_ECHO ignored
2026-10-09 18:40:46,177 RX_ECHO ignored
2026-10-09 18:40:46,177 RX_ECHO ignored
2026-10-09 18:40:46,177 RX_ECHO ignored
2026-10-09 18:40:46,177 RX_ECHO ignored
2026-10-09 18:40:46,177 RX_ECHO ignored
2026-10-09 18:40:46,177 RX_ECHO ignored
2026-10-09 18:40:46,177 RX_ECHO ignored
2026-10-09 18:40:46,177 RX_ECHO ignored
2026-10-09 18:40:46,177 RX_ECHO ignored
2026-10-09 18:40:46,177 RX_ECHO ignored
2026-10-09 18:40:46,177 RX_ECHO ignored
2026-10-09 18:40:46,177 RX_ECHO ignored
2026-10-09 18:40:46,177 RX_ECHO ignored
2026-10-09 18:40:46,177 RX_ECHO ignored
2026-10-09 18:40:46,177 RX_ECHO ignored
2026-10-09 18:40:46,177 RX_ECHO ignored
2026-10-09 18:40:46,177 RX_ECHO ignored
2026-10-09 18:40:46,177 RX_ECHO ignored
2026-10-09 18:40:46,177 RX_ECHO ignored
2026-10-09 18:40:46,177 RX_ECHO ignored
2026-10-09 18:40:46,177 RX_ECHO ignored
2026-10-09 18:40:46,177 RX_ECHO ignored
2026-10-09 18:40:46,178 RX_ECHO ignored
2026-10-09 18:40:46,178 RX_ECHO ignored
2026-10-09 18:40:46,178 RX_ECHO ignored
2026-10-09 18:40:46,178 RX_ECHO ignored
2026-10-09 18:40:46,178 RX_ECHO ignored
2026-10-09 18:40:46,178 RX_ECHO ignored
2026-10-09 18:40:46,178 RX_ECHO ignored
2026-10-09 18:40:46,178 RX_ECHO ignored
2026-10-09 18:40:46,178 RX_ECHO ignored
2026-10-09 18:40:46,178 RX_ECHO ignored
2026-10-09 18:40:46,178 RX_ECHO ignored
2026-10-09 18:40:46,178 RX_ECHO ignored
2026-10-09 18:40:46,178 RX_ECHO ignored
2026-10-09 18:40:46,178 RX_ECHO ignored
2026-10-09 18:40:46,178 RX_ECHO ignored
2026-10-09 18:40:46,178 RX_ECHO ignored
2026-10-09 18:40:46,178 RX_ECHO ignored
2026-10-09 18:40:46,178 RX_ECHO ignored
2026-10-09 18:40:46,178 RX_ECHO ignored
2026-10-09 18:40:46,178 RX_ECHO ignored
2026-10-09 18:40:46,178 RX_ECHO ignored
2026-10-09 18:40:46,178 RX_ECHO ignored
2026-10-09 18:40:46,178 RX_ECHO ignored
2026-10-09 18:40:46,178 RX_ECHO ignored
2026-10-09 18:40:46,178 RX_ECHO ignored
2026-10-09 18:40:46,178 RX_ECHO ignored
2026-10-09 18:40:46,178 RX_ECHO ignored
2026-10-09 18:40:46,178 RX_ECHO ignored
2026-10-09 18:40:46,178 RX_ECHO ignored
2026-10-09 18:40:46,178 RX_ECHO ignored
2026-10-09 18:40:46,178 RX_ECHO ignored
2026-10-09 18:40:46,178 RX_ECHO ignored
2026-10-09 18:40:46,178 RX_ECHO ignored
2026-10-09 18:40:46,178 RX_ECHO ignored
2026-10-09 18:40:46,178 RX_ECHO ignored
2026-10-09 18:40:46,178 RX_ECHO ignored
2026-10-09 18:40:46,178 RX_ECHO ignored
2026-10-09 18:40:46,178 RX_ECHO ignored
2026-10-09 18:40:46,178 RX_ECHO ignored
2026-10-09 18:40:46,178 RX_ECHO ignored
2026-10-09 18:40:46,178 RX_ECHO ignored
2026-10-09 18:40:46,179 RX_ECHO ignored
2026-10-09 18:40:46,179 RX_ECHO ignored
2026-10-09 18:40:46,179 RX_ECHO ignored
2026-10-09 18:40:46,179 RX_ECHO ignored
2026-10-09 18:40:46,179 RX_ECHO ignored
2026-10-09 18:40:46,179 RX_ECHO ignored
2026-10-09 18:40:46,179 RX_ECHO ignored
2026-10-09 18:40:46,179 RX_ECHO ignored
2026-10-09 18:40:46,179 RX_ECHO ignored
2026-10-09 18:40:46,179 RX_ECHO ignored
2026-10-09 18:40:46,179 RX_ECHO ignored
2026-10-09 18:40:46,179 RX_ECHO ignored
2026-10-09 18:40:46,179 RX_ECHO ignored
2026-10-09 18:40:46,179 RX_ECHO ignored
2026-10-09 18:40:46,179 RX_ECHO ignored
2026-10-09 18:40:46,179 RX_ECHO ignored
2026-10-09 18:40:46,179 RX_ECHO ignored
2026-10-09 18:40:46,179 RX_ECHO ignored
2026-10-09 18:40:46,179 RX_ECHO ignored
2026-10-09 18:40:46,179 RX_ECHO ignored
2026-10-09 18:40:46,179 RX_ECHO ignored
2026-10-09 18:40:46,179 RX_ECHO ignored
2026-10-09 18:40:46,179 RX_ECHO ignored
2026-10-09 18:40:46,179 RX_ECHO ignored
2026-10-09 18:40:46,179 RX_ECHO ignored
2026-10-09 18:40:46,179 RX_ECHO ignored
2026-10-09 18:40:46,179 RX_ECHO ignored
2026-10-09 18:40:46,179 RX_ECHO ignored
2026-10-09 18:40:46,179 RX_ECHO ignored
2026-10-09 18:40:46,179 RX_ECHO ignored
2026-10-09 18:40:46,179 RX_ECHO ignored
2026-10-09 18:40:46,179 RX_ECHO ignored
2026-10-09 18:40:46,179 RX_ECHO ignored
2026-10-09 18:40:46,179 RX_ECHO ignored
2026-10-09 18:40:46,179 RX_ECHO ignored
2026-10-09 18:40:46,179 RX_ECHO ignored
2026-10-09 18:40:46,179 RX_ECHO ignored
2026-10-09 18:40:46,179 RX_ECHO ignored
2026-10-09 18:40:46,179 RX_ECHO ignored
2026-10-09 18:40:46,179 RX_ECHO ignored
2026-10-09 18:40:46,179 RX_ECHO ignored
2026-10-09 18:40:46,180 RX_ECHO ignored
2026-10-09 18:40:46,180 RX_ECHO ignored
2026-10-09 18:40:46,180 RX_ECHO ignored
2026-10-09 18:40:46,180 RX_ECHO ignored
2026-10-09 18:40:46,180 RX_ECHO ignored
2026-10-09 18:40:46,180 RX_ECHO ignored
2026-10-09 18:40:46,180 RX_ECHO ignored
2026-10-09 18:40:46,180 RX_ECHO ignored
2026-10-09 18:40:46,180 RX_ECHO ignored
2026-10-09 18:40:46,180 RX_ECHO ignored
2026-10-09 18:40:46,180 RX_ECHO ignored
2026-10-09 18:40:46,180 RX_ECHO ignored
2026-10-09 18:40:46,180 RX_ECHO ignored
2026-10-09 18:40:46,180 RX_ECHO ignored
2026-10-09 18:40:46,180 RX_ECHO ignored
2026-10-09 18:40:46,180 RX_ECHO ignored
2026-10-09 18:40:46,180 RX_ECHO ignored
2026-10-09 18:40:46,180 RX_ECHO ignored
2026-10-09 18:40:46,180 RX_ECHO ignored
2026-10-09 18:40:46,180 RX_ECHO ignored
2026-10-09 18:40:46,180 RX_ECHO ignored
2026-10-09 18:40:46,180 RX_ECHO ignored
2026-10-09 18:40:46,180 RX_ECHO ignored
2026-10-09 18:40:46,180 RX_ECHO ignored
2026-10-09 18:40:46,180 RX_ECHO ignored
2026-10-09 18:40:46,180 RX_ECHO ignored
2026-10-09 18:40:46,180 RX_ECHO ignored
2026-10-09 18:40:46,180 RX_ECHO ignored
2026-10-09 18:40:46,180 RX_ECHO ignored
2026-10-09 18:40:46,180 RX_ECHO ignored
2026-10-09 18:40:46,180 RX_ECHO ignored
2026-10-09 18:40:46,180 RX_ECHO ignored
2026-10-09 18:40:46,180 RX_ECHO ignored
2026-10-09 18:40:46,180 RX_ECHO ignored
2026-10-09 18:40:46,180 RX_ECHO ignored
2026-10-09 18:40:46,180 RX_ECHO ignored
2026-10-09 18:40:46,180 RX_ECHO ignored
2026-10-09 18:40:46,180 RX_ECHO ignored
2026-10-09 18:40:46,180 RX_ECHO ignored
2026-10-09 18:40:46,180 RX_ECHO ignored
2026-10-09 18:40:46,181 RX_ECHO ignored
2026-10-09 18:40:46,181 RX_ECHO ignored
2026-10-09 18:40:46,181 RX_ECHO ignored
2026-10-09 18:40:46,181 RX_ECHO ignored
2026-10-09 18:40:46,181 RX_ECHO ignored
2026-10-09 18:40:46,181 RX_ECHO ignored
2026-10-09 18:40:46,181 RX_ECHO ignored
2026-10-09 18:40:46,181 RX_ECHO ignored
2026-10-09 18:40:46,181 RX_ECHO ignored
2026-10-09 18:40:46,181 RX_ECHO ignored
2026-10-09 18:40:46,181 RX_ECHO ignored
2026-10-09 18:40:46,181 RX_ECHO ignored
2026-10-09 18:40:46,181 RX_ECHO ignored
2026-10-09 18:40:46,181 RX_ECHO ignored
2026-10-09 18:40:46,181 RX_ECHO ignored
2026-10-09 18:40:46,181 RX_ECHO ignored
2026-10-09 18:40:46,181 RX_ECHO ignored
2026-10-09 18:40:46,181 RX_ECHO ignored
2026-10-09 18:40:46,181 RX_ECHO ignored
2026-10-09 18:40:46,181 RX_ECHO ignored
2026-10-09 18:40:46,181 RX_ECHO ignored
2026-10-09 18:40:46,181 RX_ECHO ignored
2026-10-09 18:40:46,181 RX_ECHO ignored
2026-10-09 18:40:46,181 RX_ECHO ignored
2026-10-09 18:40:46,181 RX_ECHO ignored
2026-10-09 18:40:46,181 RX_ECHO ignored
2026-10-09 18:40:46,181 RX_ECHO ignored
2026-10-09 18:40:46,181 RX_ECHO ignored
2026-10-09 18:40:46,181 RX_ECHO ignored
2026-10-09 18:40:46,181 RX_ECHO ignored
2026-10-09 18:40:46,181 RX_ECHO ignored
2026-10-09 18:40:46,181 RX_ECHO ignored
2026-10-09 18:40:46,181 RX_ECHO ignored
2026-10-09 18:40:46,181 RX_ECHO ignored
2026-10-09 18:40:46,181 RX_ECHO ignored
2026-10-09 18:40:46,181 RX_ECHO ignored
2026-10-09 18:40:46,181 RX_ECHO ignored
2026-10-09 18:40:46,181 RX_ECHO ignored
2026-10-09 18:40:46,181 RX_ECHO ignored
2026-10-09 18:40:46,181 RX_ECHO ignored
2026-10-09 18:40:46,181 RX_ECHO ignored
2026-10-09 18:40:46,181 RX_ECHO ignored
2026-10-09 18:40:46,181 RX_ECHO ignored
2026-10-09 18:40:46,181 RX_ECHO ignored
2026-10-09 18:40:46,181 RX_ECHO ignored
2026-10-09 18:40:46,181 RX_ECHO ignored
2026-10-09 18:40:46,182 RX_ECHO ignored
2026-10-09 18:40:46,182 RX_ECHO ignored
2026-10-09 18:40:46,182 RX_ECHO ignored
2026-10-09 18:40:46,182 RX_ECHO ignored
2026-10-09 18:40:46,182 RX_ECHO ignored
2026-10-09 18:40:46,182 RX_ECHO ignored
2026-10-09 18:40:46,182 RX_ECHO ignored
2026-10-09 18:40:46,182 RX_ECHO ignored
2026-10-09 18:40:46,182 RX_ECHO ignored
2026-10-09 18:40:46,182 RX_ECHO ignored
2026-10-09 18:40:46,182 RX_ECHO ignored
2026-10-09 18:40:46,182 RX_ECHO ignored
2026-10-09 18:40:46,182 RX_ECHO ignored
2026-10-09 18:40:46,182 RX_ECHO ignored
2026-10-09 18:40:46,182 RX_ECHO ignored
2026-10-09 18:40:46,182 RX_ECHO ignored
2026-10-09 18:40:46,182 RX_ECHO ignored
2026-10-09 18:40:46,182 RX_ECHO ignored
2026-10-09 18:40:46,182 RX_ECHO ignored
2026-10-09 18:40:46,182 RX_ECHO ignored
2026-10-09 18:40:46,182 RX_ECHO ignored
2026-10-09 18:40:46,182 RX_ECHO ignored
2026-10-09 18:40:46,182 RX_ECHO ignored
2026-10-09 18:40:46,182 RX_ECHO ignored
2026-10-09 18:40:46,182 RX_ECHO ignored
2026-10-09 18:40:46,182 RX_ECHO ignored
2026-10-09 18:40:46,182 RX_ECHO ignored
2026-10-09 18:40:46,182 RX_ECHO ignored
2026-10-09 18:40:46,182 RX_ECHO ignored
2026-10-09 18:40:46,182 RX_ECHO ignored
2026-10-09 18:40:46,182 RX_ECHO ignored
2026-10-09 18:40:46,182 RX_ECHO ignored
2026-10-09 18:40:46,182 RX_ECHO ignored
2026-10-09 18:40:46,182 RX_ECHO ignored
2026-10-09 18:40:46,182 RX_ECHO ignored
2026-10-09 18:40:46,182 RX_ECHO ignored
2026-10-09 18:40:46,182 RX_ECHO ignored
2026-10-09 18:40:46,182 RX_ECHO ignored
2026-10-09 18:40:46,182 RX_ECHO ignored
2026-10-09 18:40:46,182 RX_ECHO ignored
2026-10-09 18:40:46,182 RX_ECHO ignored
2026-10-09 18:40:46,182 RX_ECHO ignored
2026-10-09 18:40:46,182 RX_ECHO ignored
2026-10-09 18:40:46,182 RX_ECHO ignored
2026-10-09 18:40:46,182 RX_ECHO ignored
2026-10-09 18:40:46,182 RX_ECHO ignored
2026-10-09 18:40:46,183 RX_ECHO ignored
2026-10-09 18:40:46,183 RX_ECHO ignored
2026-10-09 18:40:46,183 RX_ECHO ignored
2026-10-09 18:40:46,183 RX_ECHO ignored
2026-10-09 18:40:46,183 RX_ECHO ignored
2026-10-09 18:40:46,183 RX_ECHO ignored
2026-10-09 18:40:46,183 RX_ECHO ignored
2026-10-09 18:40:46,183 RX_ECHO ignored
2026-10-09 18:40:46,183 RX_ECHO ignored
2026-10-09 18:40:46,183 RX_ECHO ignored
2026-10-09 18:40:46,183 RX_ECHO ignored
2026-10-09 18:40:46,183 RX_ECHO ignored
2026-10-09 18:40:46,183 RX_ECHO ignored
2026-10-09 18:40:46,183 RX_ECHO ignored
2026-10-09 18:40:46,183 RX_ECHO ignored
2026-10-09 18:40:46,183 RX_ECHO ignored
2026-10-09 18:40:46,183 RX_ECHO ignored
2026-10-09 18:40:46,183 RX_ECHO ignored
2026-10-09 18:40:46,183 RX_ECHO ignored
2026-10-09 18:40:46,183 RX_ECHO ignored
2026-10-09 18:40:46,183 RX_ECHO ignored
2026-10-09 18:40:46,183 RX_ECHO ignored
2026-10-09 18:40:46,183 RX_ECHO ignored
2026-10-09 18:40:46,183 RX_ECHO ignored
2026-10-09 18:40:46,183 RX_ECHO ignored
2026-10-09 18:40:46,183 RX_ECHO ignored
2026-10-09 18:40:46,183 RX_ECHO ignored
2026-10-09 18:40:46,183 RX_ECHO ignored
2026-10-09 18:40:46,183 RX_ECHO ignored
2026-10-09 18:40:46,183 RX_ECHO ignored
2026-10-09 18:40:46,183 RX_ECHO ignored
2026-10-09 18:40:46,183 RX_ECHO ignored
2026-10-09 18:40:46,183 RX_ECHO ignored
2026-10-09 18:40:46,183 RX_ECHO ignored
2026-10-09 18:40:46,183 RX_ECHO ignored
2026-10-09 18:40:46,183 RX_ECHO ignored
2026-10-09 18:40:46,183 RX_ECHO ignored
2026-10-09 18:40:46,183 RX_ECHO ignored
2026-10-09 18:40:46,183 RX_ECHO ignored
2026-10-09 18:40:46,183 RX_ECHO ignored
2026-10-09 18:40:46,183 RX_ECHO ignored
2026-10-09 18:40:46,183 RX_ECHO ignored
2026-10-09 18:40:46,183 RX_ECHO ignored
2026-10-09 18:40:46,183 RX_ECHO ignored
2026-10-09 18:40:46,183 RX_ECHO ignored
2026-10-09 18:40:46,184 RX_ECHO ignored
2026-10-09 18:40:46,184 RX_ECHO ignored
2026-10-09 18:40:46,184 RX_ECHO ignored
2026-10-09 18:40:46,184 RX_ECHO ignored
2026-10-09 18:40:46,184 RX_ECHO ignored
2026-10-09 18:40:46,184 RX_ECHO ignored
2026-10-09 18:40:46,184 RX_ECHO ignored
2026-10-09 18:40:46,184 RX_ECHO ignored
2026-10-09 18:40:46,184 RX_ECHO ignored
2026-10-09 18:40:46,184 RX_ECHO ignored
2026-10-09 18:40:46,184 RX_ECHO ignored
2026-10-09 18:40:46,184 RX_ECHO ignored
2026-10-09 18:40:46,184 RX_ECHO ignored
2026-10-09 18:40:46,184 RX_ECHO ignored
2026-10-09 18:40:46,184 RX_ECHO ignored
2026-10-09 18:40:46,184 RX_ECHO ignored
2026-10-09 18:40:46,184 RX_ECHO ignored
2026-10-09 18:40:46,184 RX_ECHO ignored
2026-10-09 18:40:46,184 RX_ECHO ignored
2026-10-09 18:40:46,184 RX_ECHO ignored
2026-10-09 18:40:46,184 RX_ECHO ignored
2026-10-09 18:40:46,184 RX_ECHO ignored
2026-10-09 18:40:46,184 RX_ECHO ignored
2026-10-09 18:40:46,184 RX_ECHO ignored
2026-10-09 18:40:46,184 RX_ECHO ignored
2026-10-09 18:40:46,184 RX_ECHO ignored
2026-10-09 18:40:46,184 RX_ECHO ignored
2026-10-09 18:40:46,184 RX_ECHO ignored
2026-10-09 18:40:46,184 RX_ECHO ignored
2026-10-09 18:40:46,184 RX_ECHO ignored
2026-10-09 18:40:46,184 RX_ECHO ignored
2026-10-09 18:40:46,184 RX_ECHO ignored
2026-10-09 18:40:46,184 RX_ECHO ignored
2026-10-09 18:40:46,184 RX_ECHO ignored
2026-10-09 18:40:46,184 RX_ECHO ignored
2026-10-09 18:40:46,184 RX_ECHO ignored
2026-10-09 18:40:46,184 RX_ECHO ignored
2026-10-09 18:40:46,184 RX_ECHO ignored
2026-10-09 18:40:46,184 RX_ECHO ignored
2026-10-09 18:40:46,184 RX_ECHO ignored
2026-10-09 18:40:46,184 RX_ECHO ignored
2026-10-09 18:40:46,184 RX_ECHO ignored
2026-10-09 18:40:46,184 RX_ECHO ignored
2026-10-09 18:40:46,184 RX_ECHO ignored
2026-10-09 18:40:46,185 RX_ECHO ignored
2026-10-09 18:40:46,185 RX_ECHO ignored
2026-10-09 18:40:46,185 RX_ECHO ignored
2026-10-09 18:40:46,185 RX_ECHO ignored
2026-10-09 18:40:46,185 RX_ECHO ignored
2026-10-09 18:40:46,185 RX_ECHO ignored
2026-10-09 18:40:46,185 RX_ECHO ignored
2026-10-09 18:40:46,185 RX_ECHO ignored
2026-10-09 18:40:46,185 RX_ECHO ignored
2026-10-09 18:40:46,185 RX_ECHO ignored
2026-10-09 18:40:46,185 RX_ECHO ignored
2026-10-09 18:40:46,185 RX_ECHO ignored
2026-10-09 18:40:46,185 RX_ECHO ignored
2026-10-09 18:40:46,185 RX_ECHO ignored
2026-10-09 18:40:46,185 RX_ECHO ignored
2026-10-09 18:40:46,185 RX_ECHO ignored
2026-10-09 18:40:46,185 RX_ECHO ignored
2026-10-09 18:40:46,185 RX_ECHO ignored
2026-10-09 18:40:46,185 RX_ECHO ignored
2026-10-09 18:40:46,185 RX_ECHO ignored
2026-10-09 18:40:46,185 RX_ECHO ignored
2026-10-09 18:40:46,185 RX_ECHO ignored
2026-10-09 18:40:46,185 RX_ECHO ignored
2026-10-09 18:40:46,185 RX_ECHO ignored
2026-10-09 18:40:46,185 RX_ECHO ignored
2026-10-09 18:40:46,185 RX_ECHO ignored
2026-10-09 18:40:46,185 RX_ECHO ignored
2026-10-09 18:40:46,185 RX_ECHO ignored
2026-10-09 18:40:46,185 RX_ECHO ignored
2026-10-09 18:40:46,185 RX_ECHO ignored
2026-10-09 18:40:46,185 RX_ECHO ignored
2026-10-09 18:40:46,185 RX_ECHO ignored
2026-10-09 18:40:46,185 RX_ECHO ignored
2026-10-09 18:40:46,185 RX_ECHO ignored
2026-10-09 18:40:46,185 RX_ECHO ignored
2026-10-09 18:40:46,185 RX_ECHO ignored
2026-10-09 18:40:46,185 RX_ECHO ignored
2026-10-09 18:40:46,185 RX_ECHO ignored
2026-10-09 18:40:46,185 RX_ECHO ignored
2026-10-09 18:40:46,185 RX_ECHO ignored
2026-10-09 18:40:46,185 RX_ECHO ignored
2026-10-09 18:40:46,185 RX_ECHO ignored
2026-10-09 18:40:46,185 RX_ECHO ignored
2026-10-09 18:40:46,185 RX_ECHO ignored
2026-10-09 18:40:46,185 RX_ECHO ignored
2026-10-09 18:40:46,185 RX_ECHO ignored
2026-10-09 18:40:46,186 RX_ECHO ignored
2026-10-09 18:40:46,186 RX_ECHO ignored
2026-10-09 18:40:46,186 RX_ECHO ignored
2026-10-09 18:40:46,186 RX_ECHO ignored
2026-10-09 18:40:46,186 RX_ECHO ignored
2026-10-09 18:40:46,186 RX_ECHO ignored
2026-10-09 18:40:46,186 RX_ECHO ignored
2026-10-09 18:40:46,186 RX_ECHO ignored
2026-10-09 18:40:46,186 RX_ECHO ignored
2026-10-09 18:40:46,186 RX_ECHO ignored
2026-10-09 18:40:46,186 RX_ECHO ignored
2026-10-09 18:40:46,186 RX_ECHO ignored
2026-10-09 18:40:46,186 RX_ECHO ignored
2026-10-09 18:40:46,186 RX_ECHO ignored
2026-10-09 18:40:46,186 RX_ECHO ignored
2026-10-09 18:40:46,186 RX_ECHO ignored
2026-10-09 18:40:46,186 RX_ECHO ignored
2026-10-09 18:40:46,186 RX_ECHO ignored
2026-10-09 18:40:46,186 RX_ECHO ignored
2026-10-09 18:40:46,186 RX_ECHO ignored
2026-10-09 18:40:46,186 RX_ECHO ignored
2026-10-09 18:40:46,186 RX_ECHO ignored
2026-10-09 18:40:46,186 RX_ECHO ignored
2026-10-09 18:40:46,186 RX_ECHO ignored
2026-10-09 18:40:46,186 RX_ECHO ignored
2026-10-09 18:40:46,186 RX_ECHO ignored
2026-10-09 18:40:46,186 RX_ECHO ignored
2026-10-09 18:40:46,186 RX_ECHO ignored
2026-10-09 18:40:46,186 RX_ECHO ignored
2026-10-09 18:40:46,186 RX_ECHO ignored
2026-10-09 18:40:46,186 RX_ECHO ignored
2026-10-09 18:40:46,186 RX_ECHO ignored
2026-10-09 18:40:46,186 RX_ECHO ignored
2026-10-09 18:40:46,186 RX_ECHO ignored
2026-10-09 18:40:46,186 RX_ECHO ignored
2026-10-09 18:40:46,186 RX_ECHO ignored
2026-10-09 18:40:46,186 RX_ECHO ignored
2026-10-09 18:40:46,186 RX_ECHO ignored
2026-10-09 18:40:46,186 RX_ECHO ignored
2026-10-09 18:40:46,186 RX_ECHO ignored
2026-10-09 18:40:46,186 RX_ECHO ignored
2026-10-09 18:40:46,187 RX_ECHO ignored
2026-10-09 18:40:46,187 RX_ECHO ignored
2026-10-09 18:40:46,187 RX_ECHO ignored
2026-10-09 18:40:46,187 RX_ECHO ignored
2026-10-09 18:40:46,187 RX_ECHO ignored
2026-10-09 18:40:46,187 RX_ECHO ignored
2026-10-09 18:40:46,187 RX_ECHO ignored
2026-10-09 18:40:46,187 RX_ECHO ignored
2026-10-09 18:40:46,187 RX_ECHO ignored
2026-10-09 18:40:46,187 RX_ECHO ignored
2026-10-09 18:40:46,187 RX_ECHO ignored
2026-10-09 18:40:46,187 RX_ECHO ignored
2026-10-09 18:40:46,187 RX_ECHO ignored
2026-10-09 18:40:46,187 RX_ECHO ignored
2026-10-09 18:40:46,187 RX_ECHO ignored
2026-10-09 18:40:46,187 RX_ECHO ignored
2026-10-09 18:40:46,187 RX_ECHO ignored
2026-10-09 18:40:46,187 RX_ECHO ignored
2026-10-09 18:40:46,187 RX_ECHO ignored
2026-10-09 18:40:46,187 RX_ECHO ignored
2026-10-09 18:40:46,187 RX_ECHO ignored
2026-10-09 18:40:46,188 RX_ECHO ignored
2026-10-09 18:40:46,188 RX_ECHO ignored
2026-10-09 18:40:46,188 RX_ECHO ignored
2026-10-09 18:40:46,188 RX_ECHO ignored
2026-10-09 18:40:46,188 RX_ECHO ignored
2026-10-09 18:40:46,188 RX_ECHO ignored
2026-10-09 18:40:46,188 RX_ECHO ignored
2026-10-09 18:40:46,188 RX_ECHO ignored
2026-10-09 18:40:46,188 RX_ECHO ignored
2026-10-09 18:40:46,188 RX_ECHO ignored
2026-10-09 18:40:46,188 RX_ECHO ignored
2026-10-09 18:40:46,188 RX_ECHO ignored
2026-10-09 18:40:46,188 RX_ECHO ignored
2026-10-09 18:40:46,188 RX_ECHO ignored
2026-10-09 18:40:46,188 RX_ECHO ignored
2026-10-09 18:40:46,188 RX_ECHO ignored
2026-10-09 18:40:46,188 RX_ECHO ignored
2026-10-09 18:40:46,188 RX_ECHO ignored
2026-10-09 18:40:46,188 RX_ECHO ignored
2026-10-09 18:40:46,188 RX_ECHO ignored
2026-10-09 18:40:46,188 RX_ECHO ignored
2026-10-09 18:40:46,188 RX_ECHO ignored
2026-10-09 18:40:46,188 RX_ECHO ignored
2026-10-09 18:40:46,188 RX_ECHO ignored
2026-10-09 18:40:46,188 RX_ECHO ignored
2026-10-09 18:40:46,188 RX_ECHO ignored
2026-10-09 18:40:46,189 RX_ECHO ignored
2026-10-09 18:40:46,189 RX_ECHO ignored
2026-10-09 18:40:46,189 RX_ECHO ignored
2026-10-09 18:40:46,189 RX_ECHO ignored
2026-10-09 18:40:46,189 RX_ECHO ignored
2026-10-09 18:40:46,189 RX_ECHO ignored
2026-10-09 18:40:46,189 RX_ECHO ignored
2026-10-09 18:40:46,189 RX_ECHO ignored
2026-10-09 18:40:46,189 RX_ECHO ignored
2026-10-09 18:40:46,189 RX_ECHO ignored
2026-10-09 18:40:46,189 RX_ECHO ignored
2026-10-09 18:40:46,189 RX_ECHO ignored
2026-10-09 18:40:46,189 RX_ECHO ignored
2026-10-09 18:40:46,189 RX_ECHO ignored
2026-10-09 18:40:46,189 RX_ECHO ignored
2026-10-09 18:40:46,189 RX_ECHO ignored
2026-10-09 18:40:46,189 RX_ECHO ignored
2026-10-09 18:40:46,189 RX_ECHO ignored
2026-10-09 18:40:46,189 RX_ECHO ignored
2026-10-09 18:40:46,189 RX_ECHO ignored
2026-10-09 18:40:46,189 RX_ECHO ignored
2026-10-09 18:40:46,189 RX_ECHO ignored
2026-10-09 18:40:46,189 RX_ECHO ignored
2026-10-09 18:40:46,189 RX_ECHO ignored
2026-10-09 18:40:46,189 RX_ECHO ignored
2026-10-09 18:40:46,189 RX_ECHO ignored
2026-10-09 18:40:46,189 RX_ECHO ignored
2026-10-09 18:40:46,189 RX_ECHO ignored
2026-10-09 18:40:46,189 RX_ECHO ignored
2026-10-09 18:40:46,189 RX_ECHO ignored
2026-10-09 18:40:46,189 RX_ECHO ignored
2026-10-09 18:40:46,189 RX_ECHO ignored
2026-10-09 18:40:46,189 RX_ECHO ignored
2026-10-09 18:40:46,189 RX_ECHO ignored
2026-10-09 18:40:46,189 RX_ECHO ignored
2026-10-09 18:40:46,189 RX_ECHO ignored
2026-10-09 18:40:46,189 RX_ECHO ignored
2026-10-09 18:40:46,189 RX_ECHO ignored
2026-10-09 18:40:46,189 RX_ECHO ignored
2026-10-09 18:40:46,189 RX_ECHO ignored
2026-10-09 18:40:46,189 RX_ECHO ignored
2026-10-09 18:40:46,189 RX_ECHO ignored
2026-10-09 18:40:46,189 RX_ECHO ignored
2026-10-09 18:40:46,189 RX_ECHO ignored
2026-10-09 18:40:46,190 RX_ECHO ignored
2026-10-09 18:40:46,190 RX_ECHO ignored
2026-10-09 18:40:46,190 RX_ECHO ignored
2026-10-09 18:40:46,190 RX_ECHO ignored
2026-10-09 18:40:46,190 RX_ECHO ignored
2026-10-09 18:40:46,190 RX_ECHO ignored
2026-10-09 18:40:46,190 RX_ECHO ignored
2026-10-09 18:40:46,190 RX_ECHO ignored
2026-10-09 18:40:46,190 RX_ECHO ignored
2026-10-09 18:40:46,190 RX_ECHO ignored
2026-10-09 18:40:46,190 RX_ECHO ignored
2026-10-09 18:40:46,190 RX_ECHO ignored
2026-10-09 18:40:46,190 RX_ECHO ignored
2026-10-09 18:40:46,190 RX_ECHO ignored
2026-10-09 18:40:46,190 RX_ECHO ignored
2026-10-09 18:40:46,190 RX_ECHO ignored
2026-10-09 18:40:46,190 RX_ECHO ignored
2026-10-09 18:40:46,190 RX_ECHO ignored
2026-10-09 18:40:46,190 RX_ECHO ignored
2026-10-09 18:40:46,190 RX_ECHO ignored
2026-10-09 18:40:46,190 RX_ECHO ignored
2026-10-09 18:40:46,190 RX_ECHO ignored
2026-10-09 18:40:46,190 RX_ECHO ignored
2026-10-09 18:40:46,190 RX_ECHO ignored
2026-10-09 18:40:46,190 RX_ECHO ignored
2026-10-09 18:40:46,190 RX_ECHO ignored
2026-10-09 18:40:46,190 RX_ECHO ignored
2026-10-09 18:40:46,190 RX_ECHO ignored
2026-10-09 18:40:46,190 RX_ECHO ignored
2026-10-09 18:40:46,190 RX_ECHO ignored
2026-10-09 18:40:46,190 RX_ECHO ignored
2026-10-09 18:40:46,190 RX_ECHO ignored
2026-10-09 18:40:46,190 RX_ECHO ignored
2026-10-09 18:40:46,190 RX_ECHO ignored
2026-10-09 18:40:46,190 RX_ECHO ignored
2026-10-09 18:40:46,190 RX_ECHO ignored
2026-10-09 18:40:46,190 RX_ECHO ignored
2026-10-09 18:40:46,190 RX_ECHO ignored
2026-10-09 18:40:46,190 RX_ECHO ignored
2026-10-09 18:40:46,190 RX_ECHO ignored
2026-10-09 18:40:46,190 RX_ECHO ignored
2026-10-09 18:40:46,190 RX_ECHO ignored
2026-10-09 18:40:46,190 RX_ECHO ignored
2026-10-09 18:40:46,190 RX_ECHO ignored
2026-10-09 18:40:46,190 RX_ECHO ignored
2026-10-09 18:40:46,190 RX_ECHO ignored
2026-10-09 18:40:46,190 RX_ECHO ignored
2026-10-09 18:40:46,191 RX_ECHO ignored
2026-10-09 18:40:46,191 RX_ECHO ignored
2026-10-09 18:40:46,191 RX_ECHO ignored
2026-10-09 18:40:46,191 RX_ECHO ignored
2026-10-09 18:40:46,191 RX_ECHO ignored
2026-10-09 18:40:46,191 RX_ECHO ignored
2026-10-09 18:40:46,191 RX_ECHO ignored
2026-10-09 18:40:46,191 RX_ECHO ignored
2026-10-09 18:40:46,191 RX_ECHO ignored
2026-10-09 18:40:46,191 RX_ECHO ignored
2026-10-09 18:40:46,191 RX_ECHO ignored
2026-10-09 18:40:46,191 RX_ECHO ignored
2026-10-09 18:40:46,191 RX_ECHO ignored
2026-10-09 18:40:46,191 RX_ECHO ignored
2026-10-09 18:40:46,191 RX_ECHO ignored
2026-10-09 18:40:46,191 RX_ECHO ignored
2026-10-09 18:40:46,191 RX_ECHO ignored
2026-10-09 18:40:46,191 RX_ECHO ignored
2026-10-09 18:40:46,191 RX_ECHO ignored
2026-10-09 18:40:46,191 RX_ECHO ignored
2026-10-09 18:40:46,191 RX_ECHO ignored
2026-10-09 18:40:46,191 RX_ECHO ignored
2026-10-09 18:40:46,191 RX_ECHO ignored
2026-10-09 18:40:46,191 RX_ECHO ignored
2026-10-09 18:40:46,191 RX_ECHO ignored
2026-10-09 18:40:46,191 RX_ECHO ignored
2026-10-09 18:40:46,191 RX_ECHO ignored
2026-10-09 18:40:46,191 RX_ECHO ignored
2026-10-09 18:40:46,191 RX_ECHO ignored
2026-10-09 18:40:46,191 RX_ECHO ignored
2026-10-09 18:40:46,191 RX_ECHO ignored
2026-10-09 18:40:46,191 RX_ECHO ignored
2026-10-09 18:40:46,191 RX_ECHO ignored
2026-10-09 18:40:46,191 RX_ECHO ignored
2026-10-09 18:40:46,191 RX_ECHO ignored
2026-10-09 18:40:46,191 RX_ECHO ignored
2026-10-09 18:40:46,191 RX_ECHO ignored
2026-10-09 18:40:46,191 RX_ECHO ignored
2026-10-09 18:40:46,191 RX_ECHO ignored
2026-10-09 18:40:46,191 RX_ECHO ignored
2026-10-09 18:40:46,191 RX_ECHO ignored
2026-10-09 18:40:46,191 RX_ECHO ignored
2026-10-09 18:40:46,191 RX_ECHO ignored
2026-10-09 18:40:46,191 RX_ECHO ignored
2026-10-09 18:40:46,191 RX_ECHO ignored
2026-10-09 18:40:46,191 RX_ECHO ignored
2026-10-09 18:40:46,191 RX_ECHO ignored
2026-10-09 18:40:46,191 RX_ECHO ignored
2026-10-09 18:40:46,191 RX_ECHO ignored
2026-10-09 18:40:46,191 RX_ECHO ignored
2026-10-09 18:40:46,192 RX_ECHO ignored
2026-10-09 18:40:46,192 RX_ECHO ignored
2026-10-09 18:40:46,192 RX_ECHO ignored
2026-10-09 18:40:46,192 RX_ECHO ignored
2026-10-09 18:40:46,192 RX_ECHO ignored
2026-10-09 18:40:46,192 RX_ECHO ignored
2026-10-09 18:40:46,192 RX_ECHO ignored
2026-10-09 18:40:46,192 RX_ECHO ignored
2026-10-09 18:40:46,192 RX_ECHO ignored
2026-10-09 18:40:46,192 RX_ECHO ignored
2026-10-09 18:40:46,192 RX_ECHO ignored
2026-10-09 18:40:46,192 RX_ECHO ignored
2026-10-09 18:40:46,192 RX_ECHO ignored
2026-10-09 18:40:46,192 RX_ECHO ignored
2026-10-09 18:40:46,192 RX_ECHO ignored
2026-10-09 18:40:46,192 RX_ECHO ignored
2026-10-09 18:40:46,192 RX_ECHO ignored
2026-10-09 18:40:46,192 RX_ECHO ignored
2026-10-09 18:40:46,192 RX_ECHO ignored
2026-10-09 18:40:46,192 RX_ECHO ignored
2026-10-09 18:40:46,192 RX_ECHO ignored
2026-10-09 18:40:46,192 RX_ECHO ignored
2026-10-09 18:40:46,192 RX_ECHO ignored
2026-10-09 18:40:46,192 RX_ECHO ignored
2026-10-09 18:40:46,192 RX_ECHO ignored
2026-10-09 18:40:46,192 RX_ECHO ignored
2026-10-09 18:40:46,192 RX_ECHO ignored
2026-10-09 18:40:46,192 RX_ECHO ignored
2026-10-09 18:40:46,192 RX_ECHO ignored
2026-10-09 18:40:46,192 RX_ECHO ignored
2026-10-09 18:40:46,192 RX_ECHO ignored
2026-10-09 18:40:46,192 RX_ECHO ignored
2026-10-09 18:40:46,192 RX_ECHO ignored
2026-10-09 18:40:46,192 RX_ECHO ignored
2026-10-09 18:40:46,192 RX_ECHO ignored
2026-10-09 18:40:46,192 RX_ECHO ignored
2026-10-09 18:40:46,192 RX_ECHO ignored
2026-10-09 18:40:46,192 RX_ECHO ignored
2026-10-09 18:40:46,192 RX_ECHO ignored
2026-10-09 18:40:46,192 RX_ECHO ignored
2026-10-09 18:40:46,192 RX_ECHO ignored
2026-10-09 18:40:46,192 RX_ECHO ignored
2026-10-09 18:40:46,192 RX_ECHO ignored
2026-10-09 18:40:46,192 RX_ECHO ignored
2026-10-09 18:40:46,192 RX_ECHO ignored
2026-10-09 18:40:46,192 RX_ECHO ignored
2026-10-09 18:40:46,192 RX_ECHO ignored
2026-10-09 18:40:46,192 RX_ECHO ignored
2026-10-09 18:40:46,192 RX_ECHO ignored
2026-10-09 18:40:46,192 RX_ECHO ignored
2026-10-09 18:40:46,192 RX_ECHO ignored
2026-10-09 18:40:46,192 RX_ECHO ignored
2026-10-09 18:40:46,193 RX_ECHO ignored
2026-10-09 18:40:46,193 RX_ECHO ignored
2026-10-09 18:40:46,193 RX_ECHO ignored
2026-10-09 18:40:46,193 RX_ECHO ignored
2026-10-09 18:40:46,193 RX_ECHO ignored
2026-10-09 18:40:46,193 RX_ECHO ignored
2026-10-09 18:40:46,193 RX_ECHO ignored
2026-10-09 18:40:46,193 RX_ECHO ignored
2026-10-09 18:40:46,193 RX_ECHO ignored
2026-10-09 18:40:46,193 RX_ECHO ignored
2026-10-09 18:40:46,193 RX_ECHO ignored
2026-10-09 18:40:46,193 RX_ECHO ignored
2026-10-09 18:40:46,193 RX_ECHO ignored
2026-10-09 18:40:46,193 RX_ECHO ignored
2026-10-09 18:40:46,193 RX_ECHO ignored
2026-10-09 18:40:46,193 RX_ECHO ignored
2026-10-09 18:40:46,193 RX_ECHO ignored
2026-10-09 18:40:46,193 RX_ECHO ignored
2026-10-09 18:40:46,193 RX_ECHO ignored
2026-10-09 18:40:46,193 RX_ECHO ignored
2026-10-09 18:40:46,193 RX_ECHO ignored
2026-10-09 18:40:46,193 RX_ECHO ignored
2026-10-09 18:40:46,193 RX_ECHO ignored
2026-10-09 18:40:46,193 RX_ECHO ignored
2026-10-09 18:40:46,193 RX_ECHO ignored
2026-10-09 18:40:46,193 RX_ECHO ignored
2026-10-09 18:40:46,193 RX_ECHO ignored
2026-10-09 18:40:46,193 RX_ECHO ignored
2026-10-09 18:40:46,193 RX_ECHO ignored
2026-10-09 18:40:46,193 RX_ECHO ignored
2026-10-09 18:40:46,193 RX_ECHO ignored
2026-10-09 18:40:46,193 RX_ECHO ignored
2026-10-09 18:40:46,193 RX_ECHO ignored
2026-10-09 18:40:46,193 RX_ECHO ignored
2026-10-09 18:40:46,193 RX_ECHO ignored
2026-10-09 18:40:46,193 RX_ECHO ignored
2026-10-09 18:40:46,193 RX_ECHO ignored
2026-10-09 18:40:46,193 RX_ECHO ignored
2026-10-09 18:40:46,193 RX_ECHO ignored
2026-10-09 18:40:46,193 RX_ECHO ignored
2026-10-09 18:40:46,193 RX_ECHO ignored
2026-10-09 18:40:46,193 RX_ECHO ignored
2026-10-09 18:40:46,193 RX_ECHO ignored
2026-10-09 18:40:46,193 RX_ECHO ignored
2026-10-09 18:40:46,193 RX_ECHO ignored
2026-10-09 18:40:46,193 RX_ECHO ignored
2026-10-09 18:40:46,193 RX_ECHO ignored
2026-10-09 18:40:46,193 RX_ECHO ignored
2026-10-09 18:40:46,193 RX_ECHO ignored
2026-10-09 18:40:46,193 RX_ECHO ignored
2026-10-09 18:40:46,193 RX_ECHO ignored
2026-10-09 18:40:46,193 RX_ECHO ignored
2026-10-09 18:40:46,194 RX_ECHO ignored
2026-10-09 18:40:46,194 RX_ECHO ignored
2026-10-09 18:40:46,194 RX_ECHO ignored
2026-10-09 18:40:46,194 RX_ECHO ignored
2026-10-09 18:40:46,194 RX_ECHO ignored
2026-10-09 18:40:46,194 RX_ECHO ignored
2026-10-09 18:40:46,194 RX_ECHO ignored
2026-10-09 18:40:46,194 RX_ECHO ignored
2026-10-09 18:40:46,194 RX_ECHO ignored
2026-10-09 18:40:46,194 RX_ECHO ignored
2026-10-09 18:40:46,194 RX_ECHO ignored
2026-10-09 18:40:46,194 RX_ECHO ignored
2026-10-09 18:40:46,194 RX_ECHO ignored
2026-10-09 18:40:46,194 RX_ECHO ignored
2026-10-09 18:40:46,194 RX_ECHO ignored
2026-10-09 18:40:46,194 RX_ECHO ignored
2026-10-09 18:40:46,194 RX_ECHO ignored
2026-10-09 18:40:46,194 RX_ECHO ignored
2026-10-09 18:40:46,194 RX_ECHO ignored
2026-10-09 18:40:46,194 RX_ECHO ignored
2026-10-09 18:40:46,194 RX_ECHO ignored
2026-10-09 18:40:46,194 RX_ECHO ignored
2026-10-09 18:40:46,194 RX_ECHO ignored
2026-10-09 18:40:46,194 RX_ECHO ignored
2026-10-09 18:40:46,194 RX_ECHO ignored
2026-10-09 18:40:46,194 RX_ECHO ignored
2026-10-09 18:40:46,194 RX_ECHO ignored
2026-10-09 18:40:46,194 RX_ECHO ignored
2026-10-09 18:40:46,194 RX_ECHO ignored
2026-10-09 18:40:46,194 RX_ECHO ignored
2026-10-09 18:40:46,194 RX_ECHO ignored
2026-10-09 18:40:46,194 RX_ECHO ignored
2026-10-09 18:40:46,194 RX_ECHO ignored
2026-10-09 18:40:46,194 RX_ECHO ignored
2026-10-09 18:40:46,194 RX_ECHO ignored
2026-10-09 18:40:46,195 RX_ECHO ignored
2026-10-09 18:40:46,195 RX_ECHO ignored
2026-10-09 18:40:46,195 RX_ECHO ignored
2026-10-09 18:40:46,195 RX_ECHO ignored
2026-10-09 18:40:46,195 RX_ECHO ignored
2026-10-09 18:40:46,195 RX_ECHO ignored
2026-10-09 18:40:46,195 RX_ECHO ignored
2026-10-09 18:40:46,195 RX_ECHO ignored
2026-10-09 18:40:46,195 RX_ECHO ignored
2026-10-09 18:40:46,195 RX_ECHO ignored
2026-10-09 18:40:46,195 RX_ECHO ignored
2026-10-09 18:40:46,195 RX_ECHO ignored
2026-10-09 18:40:46,195 RX_ECHO ignored
2026-10-09 18:40:46,195 RX_ECHO ignored
2026-10-09 18:40:46,195 RX_ECHO ignored
2026-10-09 18:40:46,195 RX_ECHO ignored
2026-10-09 18:40:46,195 RX_ECHO ignored
2026-10-09 18:40:46,195 RX_ECHO ignored
2026-10-09 18:40:46,195 RX_ECHO ignored
2026-10-09 18:40:46,195 RX_ECHO ignored
2026-10-09 18:40:46,195 RX_ECHO ignored
2026-10-09 18:40:46,195 RX_ECHO ignored
2026-10-09 18:40:46,195 RX_ECHO ignored
2026-10-09 18:40:46,195 RX_ECHO ignored
2026-10-09 18:40:46,195 RX_ECHO ignored
2026-10-09 18:40:46,195 RX_ECHO ignored
2026-10-09 18:40:46,195 RX_ECHO ignored
2026-10-09 18:40:46,195 RX_ECHO ignored
2026-10-09 18:40:46,195 RX_ECHO ignored
2026-10-09 18:40:46,195 RX_ECHO ignored
2026-10-09 18:40:46,195 RX_ECHO ignored
2026-10-09 18:40:46,195 RX_ECHO ignored
2026-10-09 18:40:46,195 RX_ECHO ignored
2026-10-09 18:40:46,195 RX_ECHO ignored
2026-10-09 18:40:46,195 RX_ECHO ignored
2026-10-09 18:40:46,195 RX_ECHO ignored
2026-10-09 18:40:46,195 RX_ECHO ignored
2026-10-09 18:40:46,195 RX_ECHO ignored
2026-10-09 18:40:46,195 RX_ECHO ignored
2026-10-09 18:40:46,195 RX_ECHO ignored
2026-10-09 18:40:46,195 RX_ECHO ignored
2026-10-09 18:40:46,195 RX_ECHO ignored
2026-10-09 18:40:46,195 RX_ECHO ignored
2026-10-09 18:40:46,196 RX_ECHO ignored
2026-10-09 18:40:46,196 RX_ECHO ignored
2026-10-09 18:40:46,196 RX_ECHO ignored
2026-10-09 18:40:46,196 RX_ECHO ignored
2026-10-09 18:40:46,196 RX_ECHO ignored
2026-10-09 18:40:46,196 RX_ECHO ignored
2026-10-09 18:40:46,196 RX_ECHO ignored
2026-10-09 18:40:46,196 RX_ECHO ignored
2026-10-09 18:40:46,196 RX_ECHO ignored
2026-10-09 18:40:46,196 RX_ECHO ignored
2026-10-09 18:40:46,196 RX_ECHO ignored
2026-10-09 18:40:46,196 RX_ECHO ignored
2026-10-09 18:40:46,196 RX_ECHO ignored
2026-10-09 18:40:46,196 RX_ECHO ignored
2026-10-09 18:40:46,196 RX_ECHO ignored
2026-10-09 18:40:46,196 RX_ECHO ignored
2026-10-09 18:40:46,196 RX_ECHO ignored
2026-10-09 18:40:46,196 RX_ECHO ignored
2026-10-09 18:40:46,196 RX_ECHO ignored
2026-10-09 18:40:46,196 RX_ECHO ignored
2026-10-09 18:40:46,196 RX_ECHO ignored
2026-10-09 18:40:46,196 RX_ECHO ignored
2026-10-09 18:40:46,196 RX_ECHO ignored
2026-10-09 18:40:46,196 RX_ECHO ignored
2026-10-09 18:40:46,196 RX_ECHO ignored
2026-10-09 18:40:46,196 RX_ECHO ignored
2026-10-09 18:40:46,196 RX_ECHO ignored
2026-10-09 18:40:46,196 RX_ECHO ignored
2026-10-09 18:40:46,196 RX_ECHO ignored
2026-10-09 18:40:46,196 RX_ECHO ignored
2026-10-09 18:40:46,196 RX_ECHO ignored
2026-10-09 18:40:46,196 RX_ECHO ignored
2026-10-09 18:40:46,196 RX_ECHO ignored
2026-10-09 18:40:46,196 RX_ECHO ignored
2026-10-09 18:40:46,196 RX_ECHO ignored
2026-10-09 18:40:46,196 RX_ECHO ignored
2026-10-09 18:40:46,196 RX_ECHO ignored
2026-10-09 18:40:46,196 RX_ECHO ignored
2026-10-09 18:40:46,196 RX_ECHO ignored
2026-10-09 18:40:46,196 RX_ECHO ignored
2026-10-09 18:40:46,196 RX_ECHO ignored
2026-10-09 18:40:46,196 RX_ECHO ignored
2026-10-09 18:40:46,196 RX_ECHO ignored
2026-10-09 18:40:46,196 RX_ECHO ignored
2026-10-09 18:40:46,196 RX_ECHO ignored
2026-10-09 18:40:46,196 RX_ECHO ignored
2026-10-09 18:40:46,196 RX_ECHO ignored
2026-10-09 18:40:46,196 RX_ECHO ignored
2026-10-09 18:40:46,196 RX_ECHO ignored
2026-10-09 18:40:46,196 RX_ECHO ignored
2026-10-09 18:40:46,196 RX_ECHO ignored
2026-10-09 18:40:46,197 RX_ECHO ignored
2026-10-09 18:40:46,197 RX_ECHO ignored
2026-10-09 18:40:46,197 RX_ECHO ignored
2026-10-09 18:40:46,197 RX_ECHO ignored
2026-10-09 18:40:46,197 RX_ECHO ignored
2026-10-09 18:40:46,197 RX_ECHO ignored
2026-10-09 18:40:46,197 RX_ECHO ignored
2026-10-09 18:40:46,197 RX_ECHO ignored
2026-10-09 18:40:46,197 RX_ECHO ignored
2026-10-09 18:40:46,197 RX_ECHO ignored
2026-10-09 18:40:46,197 RX_ECHO ignored
2026-10-09 18:40:46,197 RX_ECHO ignored
2026-10-09 18:40:46,197 RX_ECHO ignored
2026-10-09 18:40:46,197 RX_ECHO ignored
2026-10-09 18:40:46,197 RX_ECHO ignored
2026-10-09 18:40:46,197 RX_ECHO ignored
2026-10-09 18:40:46,197 RX_ECHO ignored
2026-10-09 18:40:46,197 RX_ECHO ignored
2026-10-09 18:40:46,197 RX_ECHO ignored
2026-10-09 18:40:46,197 RX_ECHO ignored
2026-10-09 18:40:46,197 RX_ECHO ignored
2026-10-09 18:40:46,197 RX_ECHO ignored
2026-10-09 18:40:46,197 RX_ECHO ignored
2026-10-09 18:40:46,197 RX_ECHO ignored
2026-10-09 18:40:46,197 RX_ECHO ignored
2026-10-09 18:40:46,197 RX_ECHO ignored
2026-10-09 18:40:46,197 RX_ECHO ignored
2026-10-09 18:40:46,197 RX_ECHO ignored
2026-10-09 18:40:46,197 RX_ECHO ignored
2026-10-09 18:40:46,197 RX_ECHO ignored
2026-10-09 18:40:46,197 RX_ECHO ignored
2026-10-09 18:40:46,197 RX_ECHO ignored
2026-10-09 18:40:46,197 RX_ECHO ignored
2026-10-09 18:40:46,197 RX_ECHO ignored
2026-10-09 18:40:46,197 RX_ECHO ignored
2026-10-09 18:40:46,197 RX_ECHO ignored
2026-10-09 18:40:46,197 RX_ECHO ignored
2026-10-09 18:40:46,197 RX_ECHO ignored
2026-10-09 18:40:46,197 RX_ECHO ignored
2026-10-09 18:40:46,197 RX_ECHO ignored
2026-10-09 18:40:46,197 RX_ECHO ignored
2026-10-09 18:40:46,197 RX_ECHO ignored
2026-10-09 18:40:46,197 RX_ECHO ignored
2026-10-09 18:40:46,197 RX_ECHO ignored
2026-10-09 18:40:46,197 RX_ECHO ignored
2026-10-09 18:40:46,197 RX_ECHO ignored
2026-10-09 18:40:46,197 RX_ECHO ignored
2026-10-09 18:40:46,197 RX_ECHO ignored
2026-10-09 18:40:46,197 RX_ECHO ignored
2026-10-09 18:40:46,197 RX_ECHO ignored
2026-10-09 18:40:46,197 RX_ECHO ignored
2026-10-09 18:40:46,198 RX_ECHO ignored
2026-10-09 18:40:46,198 RX_ECHO ignored
2026-10-09 18:40:46,198 RX_ECHO ignored
2026-10-09 18:40:46,198 RX_ECHO ignored
2026-10-09 18:40:46,198 RX_ECHO ignored
2026-10-09 18:40:46,198 RX_ECHO ignored
2026-10-09 18:40:46,198 RX_ECHO ignored
2026-10-09 18:40:46,198 RX_ECHO ignored
2026-10-09 18:40:46,198 RX_ECHO ignored
2026-10-09 18:40:46,198 RX_ECHO ignored
2026-10-09 18:40:46,198 RX_ECHO ignored
2026-10-09 18:40:46,198 RX_ECHO ignored
2026-10-09 18:40:46,198 RX_ECHO ignored
2026-10-09 18:40:46,198 RX_ECHO ignored
2026-10-09 18:40:46,198 RX_ECHO ignored
2026-10-09 18:40:46,198 RX_ECHO ignored
2026-10-09 18:40:46,198 RX_ECHO ignored
2026-10-09 18:40:46,198 RX_ECHO ignored
2026-10-09 18:40:46,198 RX_ECHO ignored
2026-10-09 18:40:46,198 RX_ECHO ignored
2026-10-09 18:40:46,198 RX_ECHO ignored
2026-10-09 18:40:46,198 RX_ECHO ignored
2026-10-09 18:40:46,198 RX_ECHO ignored
2026-10-09 18:40:46,198 RX_ECHO ignored
2026-10-09 18:40:46,198 RX_ECHO ignored
2026-10-09 18:40:46,198 RX_ECHO ignored
2026-10-09 18:40:46,198 RX_ECHO ignored
2026-10-09 18:40:46,198 RX_ECHO ignored
2026-10-09 18:40:46,198 RX_ECHO ignored
2026-10-09 18:40:46,198 RX_ECHO ignored
2026-10-09 18:40:46,198 RX_ECHO ignored
2026-10-09 18:40:46,198 RX_ECHO ignored
2026-10-09 18:40:46,198 RX_ECHO ignored
2026-10-09 18:40:46,198 RX_ECHO ignored
2026-10-09 18:40:46,198 RX_ECHO ignored
2026-10-09 18:40:46,198 RX_ECHO ignored
2026-10-09 18:40:46,198 RX_ECHO ignored
2026-10-09 18:40:46,198 RX_ECHO ignored
2026-10-09 18:40:46,198 RX_ECHO ignored
2026-10-09 18:40:46,198 RX_ECHO ignored
2026-10-09 18:40:46,198 RX_ECHO ignored
2026-10-09 18:40:46,198 RX_ECHO ignored
2026-10-09 18:40:46,198 RX_ECHO ignored
2026-10-09 18:40:46,198 RX_ECHO ignored
2026-10-09 18:40:46,198 RX_ECHO ignored
2026-10-09 18:40:46,198 RX_ECHO ignored
2026-10-09 18:40:46,198 RX_ECHO ignored
2026-10-09 18:40:46,198 RX_ECHO ignored
2026-10-09 18:40:46,198 RX_ECHO ignored
2026-10-09 18:40:46,198 RX_ECHO ignored
2026-10-09 18:40:46,198 RX_ECHO ignored
2026-10-09 18:40:46,198 RX_ECHO ignored
2026-10-09 18:40:46,198 RX_ECHO ignored
2026-10-09 18:40:46,198 RX_ECHO ignored
2026-10-09 18:40:46,199 RX_ECHO ignored
2026-10-09 18:40:46,199 RX_ECHO ignored
2026-10-09 18:40:46,199 RX_ECHO ignored
2026-10-09 18:40:46,199 RX_ECHO ignored
2026-10-09 18:40:46,199 RX_ECHO ignored
2026-10-09 18:40:46,199 RX_ECHO ignored
2026-10-09 18:40:46,199 RX_ECHO ignored
2026-10-09 18:40:46,199 RX_ECHO ignored
2026-10-09 18:40:46,199 RX_ECHO ignored
2026-10-09 18:40:46,199 RX_ECHO ignored
2026-10-09 18:40:46,199 RX_ECHO ignored
2026-10-09 18:40:46,199 RX_ECHO ignored
2026-10-09 18:40:46,199 RX_ECHO ignored
2026-10-09 18:40:46,199 RX_ECHO ignored
2026-10-09 18:40:46,199 RX_ECHO ignored
2026-10-09 18:40:46,199 RX_ECHO ignored
2026-10-09 18:40:46,199 RX_ECHO ignored
2026-10-09 18:40:46,199 RX_ECHO ignored
2026-10-09 18:40:46,199 RX_ECHO ignored
2026-10-09 18:40:46,199 RX_ECHO ignored
2026-10-09 18:40:46,199 RX_ECHO ignored
2026-10-09 18:40:46,199 RX_ECHO ignored
2026-10-09 18:40:46,199 RX_ECHO ignored
2026-10-09 18:40:46,199 RX_ECHO ignored
2026-10-09 18:40:46,199 RX_ECHO ignored
2026-10-09 18:40:46,199 RX_ECHO ignored
2026-10-09 18:40:46,199 RX_ECHO ignored
2026-10-09 18:40:46,199 RX_ECHO ignored
2026-10-09 18:40:46,199 RX_ECHO ignored
2026-10-09 18:40:46,199 RX_ECHO ignored
2026-10-09 18:40:46,199 RX_ECHO ignored
2026-10-09 18:40:46,199 RX_ECHO ignored
2026-10-09 18:40:46,199 RX_ECHO ignored
2026-10-09 18:40:46,199 RX_ECHO ignored
2026-10-09 18:40:46,199 RX_ECHO ignored
2026-10-09 18:40:46,199 RX_ECHO ignored
2026-10-09 18:40:46,199 RX_ECHO ignored
2026-10-09 18:40:46,199 RX_ECHO ignored
2026-10-09 18:40:46,199 RX_ECHO ignored
2026-10-09 18:40:46,199 RX_ECHO ignored
2026-10-09 18:40:46,199 RX_ECHO ignored
2026-10-09 18:40:46,199 RX_ECHO ignored
2026-10-09 18:40:46,199 RX_ECHO ignored
2026-10-09 18:40:46,199 RX_ECHO ignored
2026-10-09 18:40:46,199 RX_ECHO ignored
2026-10-09 18:40:46,199 RX_ECHO ignored
2026-10-09 18:40:46,199 RX_ECHO ignored
2026-10-09 18:40:46,199 RX_ECHO ignored
2026-10-09 18:40:46,199 RX_ECHO ignored
2026-10-09 18:40:46,199 RX_ECHO ignored
2026-10-09 18:40:46,199 RX_ECHO ignored
2026-10-09 18:40:46,199 RX_ECHO ignored
2026-10-09 18:40:46,199 RX_ECHO ignored
2026-10-09 18:40:46,199 RX_ECHO ignored
2026-10-09 18:40:46,199 RX_ECHO ignored
2026-10-09 18:40:46,199 RX_ECHO ignored
2026-10-09 18:40:46,199 RX_ECHO ignored
2026-10-09 18:40:46,200 RX_ECHO ignored
2026-10-09 18:40:46,200 RX_ECHO ignored
2026-10-09 18:40:46,200 RX_ECHO ignored
2026-10-09 18:40:46,200 RX_ECHO ignored
2026-10-09 18:40:46,200 RX_ECHO ignored
2026-10-09 18:40:46,200 RX_ECHO ignored
2026-10-09 18:40:46,200 RX_ECHO ignored
2026-10-09 18:40:46,200 RX_ECHO ignored
2026-10-09 18:40:46,200 RX_ECHO ignored
2026-10-09 18:40:46,200 RX_ECHO ignored
2026-10-09 18:40:46,200 RX_ECHO ignored
2026-10-09 18:40:46,200 RX_ECHO ignored
2026-10-09 18:40:46,200 RX_ECHO ignored
2026-10-09 18:40:46,200 RX_ECHO ignored
2026-10-09 18:40:46,200 RX_ECHO ignored
2026-10-09 18:40:46,200 RX_ECHO ignored
2026-10-09 18:40:46,200 RX_ECHO ignored
2026-10-09 18:40:46,200 RX_ECHO ignored
2026-10-09 18:40:46,200 RX_ECHO ignored
2026-10-09 18:40:46,200 RX_ECHO ignored
2026-10-09 18:40:46,200 RX_ECHO ignored
2026-10-09 18:40:46,200 RX_ECHO ignored
2026-10-09 18:40:46,200 RX_ECHO ignored
2026-10-09 18:40:46,200 RX_ECHO ignored
2026-10-09 18:40:46,200 RX_ECHO ignored
2026-10-09 18:40:46,200 RX_ECHO ignored
2026-10-09 18:40:46,200 RX_ECHO ignored
2026-10-09 18:40:46,200 RX_ECHO ignored
2026-10-09 18:40:46,200 RX_ECHO ignored
2026-10-09 18:40:46,200 RX_ECHO ignored
2026-10-09 18:40:46,200 RX_ECHO ignored
2026-10-09 18:40:46,200 RX_ECHO ignored
2026-10-09 18:40:46,200 RX_ECHO ignored
2026-10-09 18:40:46,200 RX_ECHO ignored
2026-10-09 18:40:46,200 RX_ECHO ignored
2026-10-09 18:40:46,200 RX_ECHO ignored
2026-10-09 18:40:46,200 RX_ECHO ignored
2026-10-09 18:40:46,200 RX_ECHO ignored
2026-10-09 18:40:46,200 RX_ECHO ignored
2026-10-09 18:40:46,200 RX_ECHO ignored
2026-10-09 18:40:46,200 RX_ECHO ignored
2026-10-09 18:40:46,200 RX_ECHO ignored
2026-10-09 18:40:46,200 RX_ECHO ignored
2026-10-09 18:40:46,200 RX_ECHO ignored
2026-10-09 18:40:46,200 RX_ECHO ignored
2026-10-09 18:40:46,200 RX_ECHO ignored
2026-10-09 18:40:46,200 RX_ECHO ignored
2026-10-09 18:40:46,200 RX_ECHO ignored
2026-10-09 18:40:46,200 RX_ECHO ignored
2026-10-09 18:40:46,200 RX_ECHO ignored
2026-10-09 18:40:46,200 RX_ECHO ignored
2026-10-09 18:40:46,200 RX_ECHO ignored
2026-10-09 18:40:46,200 RX_ECHO ignored
2026-10-09 18:40:46,200 RX_ECHO ignored
2026-10-09 18:40:46,200 RX_ECHO ignored
2026-10-09 18:40:46,200 RX_ECHO ignored
2026-10-09 18:40:46,201 RX_ECHO ignored
2026-10-09 18:40:46,201 RX_ECHO ignored
2026-10-09 18:40:46,201 RX_ECHO ignored
2026-10-09 18:40:46,201 RX_ECHO ignored
2026-10-09 18:40:46,201 RX_ECHO ignored
2026-10-09 18:40:46,201 RX_ECHO ignored
2026-10-09 18:40:46,201 RX_ECHO ignored
2026-10-09 18:40:46,201 RX_ECHO ignored
2026-10-09 18:40:46,201 RX_ECHO ignored
2026-10-09 18:40:46,201 RX_ECHO ignored
2026-10-09 18:40:46,201 RX_ECHO ignored
2026-10-09 18:40:46,201 RX_ECHO ignored
2026-10-09 18:40:46,201 RX_ECHO ignored
2026-10-09 18:40:46,201 RX_ECHO ignored
2026-10-09 18:40:46,201 RX_ECHO ignored
2026-10-09 18:40:46,201 RX_ECHO ignored
2026-10-09 18:40:46,201 RX_ECHO ignored
2026-10-09 18:40:46,201 RX_ECHO ignored
2026-10-09 18:40:46,201 RX_ECHO ignored
2026-10-09 18:40:46,201 RX_ECHO ignored
2026-10-09 18:40:46,201 RX_ECHO ignored
2026-10-09 18:40:46,201 RX_ECHO ignored
2026-10-09 18:40:46,201 RX_ECHO ignored
2026-10-09 18:40:46,201 RX_ECHO ignored
2026-10-09 18:40:46,201 RX_ECHO ignored
2026-10-09 18:40:46,201 RX_ECHO ignored
2026-10-09 18:40:46,201 RX_ECHO ignored
2026-10-09 18:40:46,201 RX_ECHO ignored
2026-10-09 18:40:46,201 RX_ECHO ignored
2026-10-09 18:40:46,201 RX_ECHO ignored
2026-10-09 18:40:46,201 RX_ECHO ignored
2026-10-09 18:40:46,201 RX_ECHO ignored
2026-10-09 18:40:46,201 RX_ECHO ignored
2026-10-09 18:40:46,201 RX_ECHO ignored
2026-10-09 18:40:46,201 RX_ECHO ignored
2026-10-09 18:40:46,201 RX_ECHO ignored
2026-10-09 18:40:46,201 RX_ECHO ignored
2026-10-09 18:40:46,201 RX_ECHO ignored
2026-10-09 18:40:46,201 RX_ECHO ignored
2026-10-09 18:40:46,201 RX_ECHO ignored
2026-10-09 18:40:46,201 RX_ECHO ignored
2026-10-09 18:40:46,201 RX_ECHO ignored
2026-10-09 18:40:46,201 RX_ECHO ignored
2026-10-09 18:40:46,201 RX_ECHO ignored
2026-10-09 18:40:46,201 RX_ECHO ignored
2026-10-09 18:40:46,201 RX_ECHO ignored
2026-10-09 18:40:46,201 RX_ECHO ignored
2026-10-09 18:40:46,201 RX_ECHO ignored
2026-10-09 18:40:46,201 RX_ECHO ignored
2026-10-09 18:40:46,201 RX_ECHO ignored
2026-10-09 18:40:46,201 RX_ECHO ignored
2026-10-09 18:40:46,201 RX_ECHO ignored
2026-10-09 18:40:46,201 RX_ECHO ignored
2026-10-09 18:40:46,201 RX_ECHO ignored
2026-10-09 18:40:46,201 RX_ECHO ignored
2026-10-09 18:40:46,201 RX_ECHO ignored
2026-10-09 18:40:46,201 RX_ECHO ignored
2026-10-09 18:40:46,202 RX_ECHO ignored
2026-10-09 18:40:46,202 RX_ECHO ignored
2026-10-09 18:40:46,202 RX_ECHO ignored
2026-10-09 18:40:46,202 RX_ECHO ignored
2026-10-09 18:40:46,202 RX_ECHO ignored
2026-10-09 18:40:46,202 RX_ECHO ignored
2026-10-09 18:40:46,202 RX_ECHO ignored
2026-10-09 18:40:46,202 RX_ECHO ignored
2026-10-09 18:40:46,202 RX_ECHO ignored
2026-10-09 18:40:46,202 RX_ECHO ignored
2026-10-09 18:40:46,202 RX_ECHO ignored
2026-10-09 18:40:46,202 RX_ECHO ignored
2026-10-09 18:40:46,202 RX_ECHO ignored
2026-10-09 18:40:46,202 RX_ECHO ignored
2026-10-09 18:40:46,202 RX_ECHO ignored
2026-10-09 18:40:46,202 RX_ECHO ignored
2026-10-09 18:40:46,202 RX_ECHO ignored
2026-10-09 18:40:46,202 RX_ECHO ignored
2026-10-09 18:40:46,202 RX_ECHO ignored
2026-10-09 18:40:46,202 RX_ECHO ignored
2026-10-09 18:40:46,202 RX_ECHO ignored
2026-10-09 18:40:46,202 RX_ECHO ignored
2026-10-09 18:40:46,202 RX_ECHO ignored
2026-10-09 18:40:46,202 RX_ECHO ignored
2026-10-09 18:40:46,202 RX_ECHO ignored
2026-10-09 18:40:46,202 RX_ECHO ignored
2026-10-09 18:40:46,202 RX_ECHO ignored
2026-10-09 18:40:46,202 RX_ECHO ignored
2026-10-09 18:40:46,202 RX_ECHO ignored
2026-10-09 18:40:46,202 RX_ECHO ignored
2026-10-09 18:40:46,202 RX_ECHO ignored
2026-10-09 18:40:46,202 RX_ECHO ignored
2026-10-09 18:40:46,202 RX_ECHO ignored
2026-10-09 18:40:46,202 RX_ECHO ignored
2026-10-09 18:40:46,202 RX_ECHO ignored
2026-10-09 18:40:46,202 RX_ECHO ignored
2026-10-09 18:40:46,202 RX_ECHO ignored
2026-10-09 18:40:46,202 RX_ECHO ignored
2026-10-09 18:40:46,202 RX_ECHO ignored
2026-10-09 18:40:46,202 RX_ECHO ignored
2026-10-09 18:40:46,202 RX_ECHO ignored
2026-10-09 18:40:46,202 RX_ECHO ignored
2026-10-09 18:40:46,202 RX_ECHO ignored
2026-10-09 18:40:46,202 RX_ECHO ignored
2026-10-09 18:40:46,202 RX_ECHO ignored
2026-10-09 18:40:46,202 RX_ECHO ignored
2026-10-09 18:40:46,202 RX_ECHO ignored
2026-10-09 18:40:46,202 RX_ECHO ignored
2026-10-09 18:40:46,202 RX_ECHO ignored
2026-10-09 18:40:46,202 RX_ECHO ignored
2026-10-09 18:40:46,202 RX_ECHO ignored
2026-10-09 18:40:46,202 RX_ECHO ignored
2026-10-09 18:40:46,202 RX_ECHO ignored
2026-10-09 18:40:46,202 RX_ECHO ignored
2026-10-09 18:40:46,202 RX_ECHO ignored
2026-10-09 18:40:46,202 RX_ECHO ignored
2026-10-09 18:40:46,202 RX_ECHO ignored
2026-10-09 18:40:46,203 RX_ECHO ignored
2026-10-09 18:40:46,203 RX_ECHO ignored
2026-10-09 18:40:46,203 RX_ECHO ignored
2026-10-09 18:40:46,203 RX_ECHO ignored
2026-10-09 18:40:46,203 RX_ECHO ignored
2026-10-09 18:40:46,203 RX_ECHO ignored
2026-10-09 18:40:46,203 RX_ECHO ignored
2026-10-09 18:40:46,203 RX_ECHO ignored
2026-10-09 18:40:46,203 RX_ECHO ignored
2026-10-09 18:40:46,203 RX_ECHO ignored
2026-10-09 18:40:46,203 RX_ECHO ignored
2026-10-09 18:40:46,203 RX_ECHO ignored
2026-10-09 18:40:46,203 RX_ECHO ignored
2026-10-09 18:40:46,203 RX_ECHO ignored
2026-10-09 18:40:46,203 RX_ECHO ignored
2026-10-09 18:40:46,203 RX_ECHO ignored
2026-10-09 18:40:46,203 RX_ECHO ignored
2026-10-09 18:40:46,203 RX_ECHO ignored
2026-10-09 18:40:46,203 RX_ECHO ignored
2026-10-09 18:40:46,203 RX_ECHO ignored
2026-10-09 18:40:46,203 RX_ECHO ignored
2026-10-09 18:40:46,203 RX_ECHO ignored
2026-10-09 18:40:46,203 RX_ECHO ignored
2026-10-09 18:40:46,203 RX_ECHO ignored
2026-10-09 18:40:46,203 RX_ECHO ignored
2026-10-09 18:40:46,203 RX_ECHO ignored
2026-10-09 18:40:46,203 RX_ECHO ignored
2026-10-09 18:40:46,203 RX_ECHO ignored
2026-10-09 18:40:46,203 RX_ECHO ignored
2026-10-09 18:40:46,203 RX_ECHO ignored
2026-10-09 18:40:46,203 RX_ECHO ignored
2026-10-09 18:40:46,203 RX_ECHO ignored
2026-10-09 18:40:46,203 RX_ECHO ignored
2026-10-09 18:40:46,203 RX_ECHO ignored
2026-10-09 18:40:46,203 RX_ECHO ignored
2026-10-09 18:40:46,203 RX_ECHO ignored
2026-10-09 18:40:46,203 RX_ECHO ignored
2026-10-09 18:40:46,203 RX_ECHO ignored
2026-10-09 18:40:46,204 RX_ECHO ignored
2026-10-09 18:40:46,204 RX_ECHO ignored
2026-10-09 18:40:46,204 RX_ECHO ignored
2026-10-09 18:40:46,204 RX_ECHO ignored
2026-10-09 18:40:46,204 RX_ECHO ignored
2026-10-09 18:40:46,204 RX_ECHO ignored
2026-10-09 18:40:46,204 RX_ECHO ignored
2026-10-09 18:40:46,204 RX_ECHO ignored
2026-10-09 18:40:46,204 RX_ECHO ignored
2026-10-09 18:40:46,204 RX_ECHO ignored
2026-10-09 18:40:46,204 RX_ECHO ignored
2026-10-09 18:40:46,204 RX_ECHO ignored
2026-10-09 18:40:46,204 RX_ECHO ignored
2026-10-09 18:40:46,204 RX_ECHO ignored
2026-10-09 18:40:46,204 RX_ECHO ignored
2026-10-09 18:40:46,204 RX_ECHO ignored
2026-10-09 18:40:46,204 RX_ECHO ignored
2026-10-09 18:40:46,204 RX_ECHO ignored
2026-10-09 18:40:46,204 RX_ECHO ignored
2026-10-09 18:40:46,204 RX_ECHO ignored
2026-10-09 18:40:46,204 RX_ECHO ignored
2026-10-09 18:40:46,204 RX_ECHO ignored
2026-10-09 18:40:46,204 RX_ECHO ignored
2026-10-09 18:40:46,204 RX_ECHO ignored
2026-10-09 18:40:46,204 RX_ECHO ignored
2026-10-09 18:40:46,204 RX_ECHO ignored
2026-10-09 18:40:46,204 RX_ECHO ignored
2026-10-09 18:40:46,204 RX_ECHO ignored
2026-10-09 18:40:46,204 RX_ECHO ignored
2026-10-09 18:40:46,205 RX_ECHO ignored
2026-10-09 18:40:46,205 RX_ECHO ignored
2026-10-09 18:40:46,205 RX_ECHO ignored
2026-10-09 18:40:46,205 RX_ECHO ignored
2026-10-09 18:40:46,205 RX_ECHO ignored
2026-10-09 18:40:46,205 RX_ECHO ignored
2026-10-09 18:40:46,205 RX_ECHO ignored
2026-10-09 18:40:46,205 RX_ECHO ignored
2026-10-09 18:40:46,205 RX_ECHO ignored
2026-10-09 18:40:46,205 RX_ECHO ignored
2026-10-09 18:40:46,205 RX_ECHO ignored
2026-10-09 18:40:46,205 RX_ECHO ignored
2026-10-09 18:40:46,205 RX_ECHO ignored
2026-10-09 18:40:46,205 RX_ECHO ignored
2026-10-09 18:40:46,205 RX_ECHO ignored
2026-10-09 18:40:46,205 RX_ECHO ignored
2026-10-09 18:40:46,205 RX_ECHO ignored
2026-10-09 18:40:46,205 RX_ECHO ignored
2026-10-09 18:40:46,205 RX_ECHO ignored
2026-10-09 18:40:46,205 RX_ECHO ignored
2026-10-09 18:40:46,205 RX_ECHO ignored
2026-10-09 18:40:46,205 RX_ECHO ignored
2026-10-09 18:40:46,205 RX_ECHO ignored
2026-10-09 18:40:46,205 RX_ECHO ignored
2026-10-09 18:40:46,205 RX_ECHO ignored
2026-10-09 18:40:46,205 RX_ECHO ignored
2026-10-09 18:40:46,205 RX_ECHO ignored
2026-10-09 18:40:46,205 RX_ECHO ignored
2026-10-09 18:40:46,205 RX_ECHO ignored
2026-10-09 18:40:46,205 RX_ECHO ignored
2026-10-09 18:40:46,205 RX_ECHO ignored
2026-10-09 18:40:46,205 RX_ECHO ignored
2026-10-09 18:40:46,205 RX_ECHO ignored
2026-10-09 18:40:46,205 RX_ECHO ignored
2026-10-09 18:40:46,205 RX_ECHO ignored
2026-10-09 18:40:46,205 RX_ECHO ignored
2026-10-09 18:40:46,205 RX_ECHO ignored
2026-10-09 18:40:46,205 RX_ECHO ignored
2026-10-09 18:40:46,205 RX_ECHO ignored
2026-10-09 18:40:46,205 RX_ECHO ignored
2026-10-09 18:40:46,205 RX_ECHO ignored
2026-10-09 18:40:46,205 RX_ECHO ignored
2026-10-09 18:40:46,205 RX_ECHO ignored
2026-10-09 18:40:46,205 RX_ECHO ignored
2026-10-09 18:40:46,205 RX_ECHO ignored
2026-10-09 18:40:46,205 RX_ECHO ignored
2026-10-09 18:40:46,205 RX_ECHO ignored
2026-10-09 18:40:46,205 RX_ECHO ignored
2026-10-09 18:40:46,205 RX_ECHO ignored
2026-10-09 18:40:46,206 RX_ECHO ignored
2026-10-09 18:40:46,206 RX_ECHO ignored
2026-10-09 18:40:46,206 RX_ECHO ignored
2026-10-09 18:40:46,206 RX_ECHO ignored
2026-10-09 18:40:46,206 RX_ECHO ignored
2026-10-09 18:40:46,206 RX_ECHO ignored
2026-10-09 18:40:46,206 RX_ECHO ignored
2026-10-09 18:40:46,206 RX_ECHO ignored
2026-10-09 18:40:46,206 RX_ECHO ignored
2026-10-09 18:40:46,206 RX_ECHO ignored
2026-10-09 18:40:46,206 RX_ECHO ignored
2026-10-09 18:40:46,206 RX_ECHO ignored
2026-10-09 18:40:46,206 RX_ECHO ignored
2026-10-09 18:40:46,206 RX_ECHO ignored
2026-10-09 18:40:46,206 RX_ECHO ignored
2026-10-09 18:40:46,206 RX_ECHO ignored
2026-10-09 18:40:46,206 RX_ECHO ignored
2026-10-09 18:40:46,206 RX_ECHO ignored
2026-10-09 18:40:46,206 RX_ECHO ignored
2026-10-09 18:40:46,206 RX_ECHO ignored
2026-10-09 18:40:46,206 RX_ECHO ignored
2026-10-09 18:40:46,206 RX_ECHO ignored
2026-10-09 18:40:46,206 RX_ECHO ignored
2026-10-09 18:40:46,206 RX_ECHO ignored
2026-10-09 18:40:46,206 RX_ECHO ignored
2026-10-09 18:40:46,206 RX_ECHO ignored
2026-10-09 18:40:46,206 RX_ECHO ignored
2026-10-09 18:40:46,206 RX_ECHO ignored
2026-10-09 18:40:46,206 RX_ECHO ignored
2026-10-09 18:40:46,206 RX_ECHO ignored
2026-10-09 18:40:46,206 RX_ECHO ignored
2026-10-09 18:40:46,206 RX_ECHO ignored
2026-10-09 18:40:46,206 RX_ECHO ignored
2026-10-09 18:40:46,206 RX_ECHO ignored
2026-10-09 18:40:46,206 RX_ECHO ignored
2026-10-09 18:40:46,206 RX_ECHO ignored
2026-10-09 18:40:46,206 RX_ECHO ignored
2026-10-09 18:40:46,206 RX_ECHO ignored
2026-10-09 18:40:46,206 RX_ECHO ignored
2026-10-09 18:40:46,206 RX_ECHO ignored
2026-10-09 18:40:46,206 RX_ECHO ignored
2026-10-09 18:40:46,206 RX_ECHO ignored
2026-10-09 18:40:46,206 RX_ECHO ignored
2026-10-09 18:40:46,206 RX_ECHO ignored
2026-10-09 18:40:46,206 RX_ECHO ignored
2026-10-09 18:40:46,206 RX_ECHO ignored
2026-10-09 18:40:46,206 RX_ECHO ignored
2026-10-09 18:40:46,206 RX_ECHO ignored
2026-10-09 18:40:46,206 RX_ECHO ignored
2026-10-09 18:40:46,206 RX_ECHO ignored
2026-10-09 18:40:46,206 RX_ECHO ignored
2026-10-09 18:40:46,206 RX_ECHO ignored
2026-10-09 18:40:46,206 RX_ECHO ignored
2026-10-09 18:40:46,206 RX_ECHO ignored
2026-10-09 18:40:46,206 RX_ECHO ignored
2026-10-09 18:40:46,206 RX_ECHO ignored
2026-10-09 18:40:46,206 RX_ECHO ignored
2026-10-09 18:40:46,206 RX_ECHO ignored
2026-10-09 18:40:46,206 RX_ECHO ignored
2026-10-09 18:40:46,207 RX_ECHO ignored
2026-10-09 18:40:46,207 RX_ECHO ignored
2026-10-09 18:40:46,207 RX_ECHO ignored
2026-10-09 18:40:46,207 RX_ECHO ignored
2026-10-09 18:40:46,207 RX_ECHO ignored
2026-10-09 18:40:46,207 RX_ECHO ignored
2026-10-09 18:40:46,207 RX_ECHO ignored
2026-10-09 18:40:46,207 RX_ECHO ignored
2026-10-09 18:40:46,207 RX_ECHO ignored
2026-10-09 18:40:46,207 RX_ECHO ignored
2026-10-09 18:40:46,207 RX_ECHO ignored
2026-10-09 18:40:46,207 RX_ECHO ignored
2026-10-09 18:40:46,207 RX_ECHO ignored
2026-10-09 18:40:46,207 RX_ECHO ignored
2026-10-09 18:40:46,207 RX_ECHO ignored
2026-10-09 18:40:46,207 RX_ECHO ignored
2026-10-09 18:40:46,207 RX_ECHO ignored
2026-10-09 18:40:46,207 RX_ECHO ignored
2026-10-09 18:40:46,207 RX_ECHO ignored
2026-10-09 18:40:46,207 RX_ECHO ignored
2026-10-09 18:40:46,207 RX_ECHO ignored
2026-10-09 18:40:46,207 RX_ECHO ignored
2026-10-09 18:40:46,207 RX_ECHO ignored
2026-10-09 18:40:46,207 RX_ECHO ignored
2026-10-09 18:40:46,207 RX_ECHO ignored
2026-10-09 18:40:46,207 RX_ECHO ignored
2026-10-09 18:40:46,207 RX_ECHO ignored
2026-10-09 18:40:46,207 RX_ECHO ignored
2026-10-09 18:40:46,207 RX_ECHO ignored
2026-10-09 18:40:46,207 RX_ECHO ignored
2026-10-09 18:40:46,207 RX_ECHO ignored
2026-10-09 18:40:46,207 RX_ECHO ignored
2026-10-09 18:40:46,207 RX_ECHO ignored
2026-10-09 18:40:46,207 RX_ECHO ignored
2026-10-09 18:40:46,207 RX_ECHO ignored
2026-10-09 18:40:46,207 RX_ECHO ignored
2026-10-09 18:40:46,207 RX_ECHO ignored
2026-10-09 18:40:46,207 RX_ECHO ignored
2026-10-09 18:40:46,207 RX_ECHO ignored
2026-10-09 18:40:46,207 RX_ECHO ignored
2026-10-09 18:40:46,207 RX_ECHO ignored
2026-10-09 18:40:46,207 RX_ECHO ignored
2026-10-09 18:40:46,207 RX_ECHO ignored
2026-10-09 18:40:46,208 RX_ECHO ignored
2026-10-09 18:40:46,208 RX_ECHO ignored
2026-10-09 18:40:46,208 RX_ECHO ignored
2026-10-09 18:40:46,208 RX_ECHO ignored
2026-10-09 18:40:46,208 RX_ECHO ignored
2026-10-09 18:40:46,208 RX_ECHO ignored
2026-10-09 18:40:46,208 RX_ECHO ignored
2026-10-09 18:40:46,208 RX_ECHO ignored
2026-10-09 18:40:46,208 RX_ECHO ignored
2026-10-09 18:40:46,208 RX_ECHO ignored
2026-10-09 18:40:46,208 RX_ECHO ignored
2026-10-09 18:40:46,208 RX_ECHO ignored
2026-10-09 18:40:46,208 RX_ECHO ignored
2026-10-09 18:40:46,208 RX_ECHO ignored
2026-10-09 18:40:46,208 RX_ECHO ignored
2026-10-09 18:40:46,208 RX_ECHO ignored
2026-10-09 18:40:46,208 RX_ECHO ignored
2026-10-09 18:40:46,208 RX_ECHO ignored
2026-10-09 18:40:46,208 RX_ECHO ignored
2026-10-09 18:40:46,208 RX_ECHO ignored
2026-10-09 18:40:46,208 RX_ECHO ignored
2026-10-09 18:40:46,208 RX_ECHO ignored
2026-10-09 18:40:46,208 RX_ECHO ignored
2026-10-09 18:40:46,208 RX_ECHO ignored
2026-10-09 18:40:46,208 RX_ECHO ignored
2026-10-09 18:40:46,208 RX_ECHO ignored
2026-10-09 18:40:46,208 RX_ECHO ignored
2026-10-09 18:40:46,208 RX_ECHO ignored
2026-10-09 18:40:46,208 RX_ECHO ignored
2026-10-09 18:40:46,208 RX_ECHO ignored
2026-10-09 18:40:46,208 RX_ECHO ignored
2026-10-09 18:40:46,208 RX_ECHO ignored
2026-10-09 18:40:46,208 RX_ECHO ignored
2026-10-09 18:40:46,208 RX_ECHO ignored
2026-10-09 18:40:46,208 RX_ECHO ignored
2026-10-09 18:40:46,208 RX_ECHO ignored
2026-10-09 18:40:46,208 RX_ECHO ignored
2026-10-09 18:40:46,209 RX_ECHO ignored
2026-10-09 18:40:46,209 RX_ECHO ignored
2026-10-09 18:40:46,209 RX_ECHO ignored
2026-10-09 18:40:46,209 RX_ECHO ignored
2026-10-09 18:40:46,209 RX_ECHO ignored
2026-10-09 18:40:46,209 RX_ECHO ignored
2026-10-09 18:40:46,209 RX_ECHO ignored
2026-10-09 18:40:46,209 RX_ECHO ignored
2026-10-09 18:40:46,209 RX_ECHO ignored
2026-10-09 18:40:46,209 RX_ECHO ignored
2026-10-09 18:40:46,209 RX_ECHO ignored
2026-10-09 18:40:46,209 RX_ECHO ignored
2026-10-09 18:40:46,209 RX_ECHO ignored
2026-10-09 18:40:46,209 RX_ECHO ignored
2026-10-09 18:40:46,209 RX_ECHO ignored
2026-10-09 18:40:46,209 RX_ECHO ignored
2026-10-09 18:40:46,209 RX_ECHO ignored
2026-10-09 18:40:46,209 RX_ECHO ignored
2026-10-09 18:40:46,209 RX_ECHO ignored
2026-10-09 18:40:46,209 RX_ECHO ignored
2026-10-09 18:40:46,209 RX_ECHO ignored
2026-10-09 18:40:46,209 RX_ECHO ignored
2026-10-09 18:40:46,210 RX_ECHO ignored
2026-10-09 18:40:46,211 RX_ECHO ignored
2026-10-09 18:40:46,212 RX_ECHO ignored
2026-10-09 18:40:46,212 RX_ECHO ignored
2026-10-09 18:40:46,212 RX_ECHO ignored
2026-10-09 18:40:46,212 RX_ECHO ignored
2026-10-09 18:40:46,212 RX_ECHO ignored
2026-10-09 18:40:46,212 RX_ECHO ignored
2026-10-09 18:40:46,212 RX_ECHO ignored
2026-10-09 18:40:46,212 RX_ECHO ignored
2026-10-09 18:40:46,212 RX_ECHO ignored
2026-10-09 18:40:46,212 RX_ECHO ignored
2026-10-09 18:40:46,212 RX_ECHO ignored
2026-10-09 18:40:46,212 RX_ECHO ignored
2026-10-09 18:40:46,212 RX_ECHO ignored
2026-10-09 18:40:46,212 RX_ECHO ignored
2026-10-09 18:40:46,212 RX_ECHO ignored
2026-10-09 18:40:46,212 RX_ECHO ignored
2026-10-09 18:40:46,212 RX_ECHO ignored
2026-10-09 18:40:46,212 RX_ECHO ignored
2026-10-09 18:40:46,212 RX_ECHO ignored
2026-10-09 18:40:46,212 RX_ECHO ignored
2026-10-09 18:40:46,212 RX_ECHO ignored
2026-10-09 18:40:46,212 RX_ECHO ignored
2026-10-09 18:40:46,212 RX_ECHO ignored
2026-10-09 18:40:46,212 RX_ECHO ignored
2026-10-09 18:40:46,212 RX_ECHO ignored
2026-10-09 18:40:46,212 RX_ECHO ignored
2026-10-09 18:40:46,212 RX_ECHO ignored
2026-10-09 18:40:46,212 RX_ECHO ignored
2026-10-09 18:40:46,212 RX_ECHO ignored
2026-10-09 18:40:46,212 RX_ECHO ignored
2026-10-09 18:40:46,212 RX_ECHO ignored
2026-10-09 18:40:46,212 RX_ECHO ignored
2026-10-09 18:40:46,212 RX_ECHO ignored
2026-10-09 18:40:46,212 RX_ECHO ignored
2026-10-09 18:40:46,212 RX_ECHO ignored
2026-10-09 18:40:46,212 RX_ECHO ignored
2026-10-09 18:40:46,212 RX_ECHO ignored
2026-10-09 18:40:46,212 RX_ECHO ignored
2026-10-09 18:40:46,212 RX_ECHO ignored
2026-10-09 18:40:46,212 RX_ECHO ignored
2026-10-09 18:40:46,212 RX_ECHO ignored
2026-10-09 18:40:46,212 RX_ECHO ignored
2026-10-09 18:40:46,212 RX_ECHO ignored
2026-10-09 18:40:46,212 RX_ECHO ignored
2026-10-09 18:40:46,212 RX_ECHO ignored
2026-10-09 18:40:46,212 RX_ECHO ignored
2026-10-09 18:40:46,212 RX_ECHO ignored
2026-10-09 18:40:46,212 RX_ECHO ignored
2026-10-09 18:40:46,212 RX_ECHO ignored
2026-10-09 18:40:46,212 RX_ECHO ignored
2026-10-09 18:40:46,212 RX_ECHO ignored
2026-10-09 18:40:46,212 RX_ECHO ignored
2026-10-09 18:40:46,212 RX_ECHO ignored
2026-10-09 18:40:46,212 RX_ECHO ignored
2026-10-09 18:40:46,212 RX_ECHO ignored
2026-10-09 18:40:46,212 RX_ECHO ignored
2026-10-09 18:40:46,212 RX_ECHO ignored
2026-10-09 18:40:46,212 RX_ECHO ignored
2026-10-09 18:40:46,212 RX_ECHO ignored
2026-10-09 18:40:46,213 RX_ECHO ignored
2026-10-09 18:40:46,213 RX_ECHO ignored
2026-10-09 18:40:46,213 RX_ECHO ignored
2026-10-09 18:40:46,213 RX_ECHO ignored
2026-10-09 18:40:46,213 RX_ECHO ignored
2026-10-09 18:40:46,213 RX_ECHO ignored
2026-10-09 18:40:46,213 RX_ECHO ignored
2026-10-09 18:40:46,213 RX_ECHO ignored
2026-10-09 18:40:46,213 RX_ECHO ignored
2026-10-09 18:40:46,213 RX_ECHO ignored
2026-10-09 18:40:46,213 RX_ECHO ignored
2026-10-09 18:40:46,213 RX_ECHO ignored
2026-10-09 18:40:46,213 RX_ECHO ignored
2026-10-09 18:40:46,213 RX_ECHO ignored
2026-10-09 18:40:46,213 RX_ECHO ignored
2026-10-09 18:40:46,213 RX_ECHO ignored
2026-10-09 18:40:46,213 RX_ECHO ignored
2026-10-09 18:40:46,213 RX_ECHO ignored
2026-10-09 18:40:46,213 RX_ECHO ignored
2026-10-09 18:40:46,213 RX_ECHO ignored
2026-10-09 18:40:46,213 RX_ECHO ignored
2026-10-09 18:40:46,213 RX_ECHO ignored
2026-10-09 18:40:46,213 RX_ECHO ignored
2026-10-09 18:40:46,213 RX_ECHO ignored
2026-10-09 18:40:46,213 RX_ECHO ignored
2026-10-09 18:40:46,213 RX_ECHO ignored
2026-10-09 18:40:46,213 RX_ECHO ignored
2026-10-09 18:40:46,213 RX_ECHO ignored
2026-10-09 18:40:46,213 RX_ECHO ignored
2026-10-09 18:40:46,213 RX_ECHO ignored
2026-10-09 18:40:46,213 RX_ECHO ignored
2026-10-09 18:40:46,213 RX_ECHO ignored
2026-10-09 18:40:46,213 RX_ECHO ignored
2026-10-09 18:40:46,213 RX_ECHO ignored
2026-10-09 18:40:46,213 RX_ECHO ignored
2026-10-09 18:40:46,213 RX_ECHO ignored
2026-10-09 18:40:46,213 RX_ECHO ignored
2026-10-09 18:40:46,213 RX_ECHO ignored
2026-10-09 18:40:46,213 RX_ECHO ignored
2026-10-09 18:40:46,213 RX_ECHO ignored
2026-10-09 18:40:46,213 RX_ECHO ignored
2026-10-09 18:40:46,213 RX_ECHO ignored
2026-10-09 18:40:46,213 RX_ECHO ignored
2026-10-09 18:40:46,213 RX_ECHO ignored
2026-10-09 18:40:46,213 RX_ECHO ignored
2026-10-09 18:40:46,213 RX_ECHO ignored
2026-10-09 18:40:46,213 RX_ECHO ignored
2026-10-09 18:40:46,213 RX_ECHO ignored
2026-10-09 18:40:46,213 RX_ECHO ignored
2026-10-09 18:40:46,213 RX_ECHO ignored
2026-10-09 18:40:46,213 RX_ECHO ignored
2026-10-09 18:40:46,213 RX_ECHO ignored
2026-10-09 18:40:46,213 RX_ECHO ignored
2026-10-09 18:40:46,213 RX_ECHO ignored
2026-10-09 18:40:46,213 RX_ECHO ignored
2026-10-09 18:40:46,213 RX_ECHO ignored
2026-10-09 18:40:46,213 RX_ECHO ignored
2026-10-09 18:40:46,213 RX_ECHO ignored
2026-10-09 18:40:46,213 RX_ECHO ignored
2026-10-09 18:40:46,213 RX_ECHO ignored
2026-10-09 18:40:46,213 RX_ECHO ignored
2026-10-09 18:40:46,214 RX_ECHO ignored
2026-10-09 18:40:46,214 RX_ECHO ignored
2026-10-09 18:40:46,214 RX_ECHO ignored
2026-10-09 18:40:46,214 RX_ECHO ignored
2026-10-09 18:40:46,214 RX_ECHO ignored
2026-10-09 18:40:46,214 RX_ECHO ignored
2026-10-09 18:40:46,214 RX_ECHO ignored
2026-10-09 18:40:46,214 RX_ECHO ignored
2026-10-09 18:40:46,214 RX_ECHO ignored
2026-10-09 18:40:46,214 RX_ECHO ignored
2026-10-09 18:40:46,214 RX_ECHO ignored
2026-10-09 18:40:46,214 RX_ECHO ignored
2026-10-09 18:40:46,214 RX_ECHO ignored
2026-10-09 18:40:46,214 RX_ECHO ignored
2026-10-09 18:40:46,214 RX_ECHO ignored
2026-10-09 18:40:46,214 RX_ECHO ignored
2026-10-09 18:40:46,214 RX_ECHO ignored
2026-10-09 18:40:46,214 RX_ECHO ignored
2026-10-09 18:40:46,214 RX_ECHO ignored
2026-10-09 18:40:46,214 RX_ECHO ignored
2026-10-09 18:40:46,214 RX_ECHO ignored
2026-10-09 18:40:46,214 RX_ECHO ignored
2026-10-09 18:40:46,214 RX_ECHO ignored
2026-10-09 18:40:46,214 RX_ECHO ignored
2026-10-09 18:40:46,214 RX_ECHO ignored
2026-10-09 18:40:46,214 RX_ECHO ignored
2026-10-09 18:40:46,214 RX_ECHO ignored
2026-10-09 18:40:46,214 RX_ECHO ignored
2026-10-09 18:40:46,214 RX_ECHO ignored
2026-10-09 18:40:46,214 RX_ECHO ignored
2026-10-09 18:40:46,214 RX_ECHO ignored
2026-10-09 18:40:46,214 RX_ECHO ignored
2026-10-09 18:40:46,214 RX_ECHO ignored
2026-10-09 18:40:46,214 RX_ECHO ignored
2026-10-09 18:40:46,214 RX_ECHO ignored
2026-10-09 18:40:46,214 RX_ECHO ignored
2026-10-09 18:40:46,214 RX_ECHO ignored
2026-10-09 18:40:46,214 RX_ECHO ignored
2026-10-09 18:40:46,214 RX_ECHO ignored
2026-10-09 18:40:46,214 RX_ECHO ignored
2026-10-09 18:40:46,214 RX_ECHO ignored
2026-10-09 18:40:46,214 RX_ECHO ignored
2026-10-09 18:40:46,214 RX_ECHO ignored
2026-10-09 18:40:46,214 RX_ECHO ignored
2026-10-09 18:40:46,214 RX_ECHO ignored
2026-10-09 18:40:46,214 RX_ECHO ignored
2026-10-09 18:40:46,214 RX_ECHO ignored
2026-10-09 18:40:46,214 RX_ECHO ignored
2026-10-09 18:40:46,214 RX_ECHO ignored
2026-10-09 18:40:46,214 RX_ECHO ignored
2026-10-09 18:40:46,214 RX_ECHO ignored
2026-10-09 18:40:46,214 RX_ECHO ignored
2026-10-09 18:40:46,214 RX_ECHO ignored
2026-10-09 18:40:46,214 RX_ECHO ignored
2026-10-09 18:40:46,214 RX_ECHO ignored
2026-10-09 18:40:46,214 RX_ECHO ignored
2026-10-09 18:40:46,214 RX_ECHO ignored
2026-10-09 18:40:46,214 RX_ECHO ignored
2026-10-09 18:40:46,214 RX_ECHO ignored
2026-10-09 18:40:46,214 RX_ECHO ignored
2026-10-09 18:40:46,214 RX_ECHO ignored
2026-10-09 18:40:46,215 RX_ECHO ignored
2026-10-09 18:40:46,215 RX_ECHO ignored
2026-10-09 18:40:46,215 RX_ECHO ignored
2026-10-09 18:40:46,215 RX_ECHO ignored
2026-10-09 18:40:46,215 RX_ECHO ignored
2026-10-09 18:40:46,215 RX_ECHO ignored
2026-10-09 18:40:46,215 RX_ECHO ignored
2026-10-09 18:40:46,215 RX_ECHO ignored
2026-10-09 18:40:46,215 RX_ECHO ignored
2026-10-09 18:40:46,215 RX_ECHO ignored
2026-10-09 18:40:46,215 RX_ECHO ignored
2026-10-09 18:40:46,215 RX_ECHO ignored
2026-10-09 18:40:46,215 RX_ECHO ignored
2026-10-09 18:40:46,215 RX_ECHO ignored
2026-10-09 18:40:46,215 RX_ECHO ignored
2026-10-09 18:40:46,215 RX_ECHO ignored
2026-10-09 18:40:46,215 RX_ECHO ignored
2026-10-09 18:40:46,215 RX_ECHO ignored
2026-10-09 18:40:46,215 RX_ECHO ignored
2026-10-09 18:40:46,215 RX_ECHO ignored
2026-10-09 18:40:46,215 RX_ECHO ignored
2026-10-09 18:40:46,215 RX_ECHO ignored
2026-10-09 18:40:46,215 RX_ECHO ignored
2026-10-09 18:40:46,215 RX_ECHO ignored
2026-10-09 18:40:46,215 RX_ECHO ignored
2026-10-09 18:40:46,215 RX_ECHO ignored
2026-10-09 18:40:46,215 RX_ECHO ignored
2026-10-09 18:40:46,215 RX_ECHO ignored
2026-10-09 18:40:46,215 RX_ECHO ignored
2026-10-09 18:40:46,215 RX_ECHO ignored
2026-10-09 18:40:46,215 RX_ECHO ignored
2026-10-09 18:40:46,215 RX_ECHO ignored
2026-10-09 18:40:46,215 RX_ECHO ignored
2026-10-09 18:40:46,215 RX_ECHO ignored
2026-10-09 18:40:46,215 RX_ECHO ignored
2026-10-09 18:40:46,215 RX_ECHO ignored
2026-10-09 18:40:46,215 RX_ECHO ignored
2026-10-09 18:40:46,215 RX_ECHO ignored
2026-10-09 18:40:46,215 RX_ECHO ignored
2026-10-09 18:40:46,215 RX_ECHO ignored
2026-10-09 18:40:46,215 RX_ECHO ignored
2026-10-09 18:40:46,215 RX_ECHO ignored
2026-10-09 18:40:46,215 RX_ECHO ignored
2026-10-09 18:40:46,215 RX_ECHO ignored
2026-10-09 18:40:46,215 RX_ECHO ignored
2026-10-09 18:40:46,215 RX_ECHO ignored
2026-10-09 18:40:46,215 RX_ECHO ignored
2026-10-09 18:40:46,215 RX_ECHO ignored
2026-10-09 18:40:46,215 RX_ECHO ignored
2026-10-09 18:40:46,215 RX_ECHO ignored
2026-10-09 18:40:46,215 RX_ECHO ignored
2026-10-09 18:40:46,215 RX_ECHO ignored
2026-10-09 18:40:46,215 RX_ECHO ignored
2026-10-09 18:40:46,215 RX_ECHO ignored
2026-10-09 18:40:46,215 RX_ECHO ignored
2026-10-09 18:40:46,215 RX_ECHO ignored
2026-10-09 18:40:46,215 RX_ECHO ignored
2026-10-09 18:40:46,215 RX_ECHO ignored
2026-10-09 18:40:46,215 RX_ECHO ignored
2026-10-09 18:40:46,216 RX_ECHO ignored
2026-10-09 18:40:46,216 RX_ECHO ignored
2026-10-09 18:40:46,216 RX_ECHO ignored
2026-10-09 18:40:46,216 RX_ECHO ignored
2026-10-09 18:40:46,216 RX_ECHO ignored
2026-10-09 18:40:46,216 RX_ECHO ignored
2026-10-09 18:40:46,216 RX_ECHO ignored
2026-10-09 18:40:46,216 RX_ECHO ignored
2026-10-09 18:40:46,216 RX_ECHO ignored
2026-10-09 18:40:46,216 RX_ECHO ignored
2026-10-09 18:40:46,216 RX_ECHO ignored
2026-10-09 18:40:46,216 RX_ECHO ignored
2026-10-09 18:40:46,216 RX_ECHO ignored
2026-10-09 18:40:46,216 RX_ECHO ignored
2026-10-09 18:40:46,216 RX_ECHO ignored
2026-10-09 18:40:46,216 RX_ECHO ignored
2026-10-09 18:40:46,216 RX_ECHO ignored
2026-10-09 18:40:46,216 RX_ECHO ignored
2026-10-09 18:40:46,216 RX_ECHO ignored
2026-10-09 18:40:46,216 RX_ECHO ignored
2026-10-09 18:40:46,216 RX_ECHO ignored
2026-10-09 18:40:46,216 RX_ECHO ignored
2026-10-09 18:40:46,216 RX_ECHO ignored
2026-10-09 18:40:46,216 RX_ECHO ignored
2026-10-09 18:40:46,216 RX_ECHO ignored
2026-10-09 18:40:46,216 RX_ECHO ignored
2026-10-09 18:40:46,216 RX_ECHO ignored
2026-10-09 18:40:46,216 RX_ECHO ignored
2026-10-09 18:40:46,216 RX_ECHO ignored
2026-10-09 18:40:46,216 RX_ECHO ignored
2026-10-09 18:40:46,216 RX_ECHO ignored
2026-10-09 18:40:46,216 RX_ECHO ignored
2026-10-09 18:40:46,216 RX_ECHO ignored
2026-10-09 18:40:46,216 RX_ECHO ignored
2026-10-09 18:40:46,216 RX_ECHO ignored
2026-10-09 18:40:46,216 RX_ECHO ignored
2026-10-09 18:40:46,216 RX_ECHO ignored
2026-10-09 18:40:46,216 RX_ECHO ignored
2026-10-09 18:40:46,216 RX_ECHO ignored
2026-10-09 18:40:46,216 RX_ECHO ignored
2026-10-09 18:40:46,216 RX_ECHO ignored
2026-10-09 18:40:46,216 RX_ECHO ignored
2026-10-09 18:40:46,216 RX_ECHO ignored
2026-10-09 18:40:46,216 RX_ECHO ignored
2026-10-09 18:40:46,216 RX_ECHO ignored
2026-10-09 18:40:46,216 RX_ECHO ignored
2026-10-09 18:40:46,216 RX_ECHO ignored
2026-10-09 18:40:46,216 RX_ECHO ignored
2026-10-09 18:40:46,216 RX_ECHO ignored
2026-10-09 18:40:46,216 RX_ECHO ignored
2026-10-09 18:40:46,216 RX_ECHO ignored
2026-10-09 18:40:46,216 RX_ECHO ignored
2026-10-09 18:40:46,216 RX_ECHO ignored
2026-10-09 18:40:46,216 RX_ECHO ignored
2026-10-09 18:40:46,216 RX_ECHO ignored
2026-10-09 18:40:46,216 RX_ECHO ignored
2026-10-09 18:40:46,216 RX_ECHO ignored
2026-10-09 18:40:46,216 RX_ECHO ignored
2026-10-09 18:40:46,216 RX_ECHO ignored
2026-10-09 18:40:46,216 RX_ECHO ignored
2026-10-09 18:40:46,216 RX_ECHO ignored
2026-10-09 18:40:46,216 RX_ECHO ignored
2026-10-09 18:40:46,217 RX_ECHO ignored
2026-10-09 18:40:46,217 RX_ECHO ignored
2026-10-09 18:40:46,217 RX_ECHO ignored
2026-10-09 18:40:46,217 RX_ECHO ignored
2026-10-09 18:40:46,217 RX_ECHO ignored
2026-10-09 18:40:46,217 RX_ECHO ignored
2026-10-09 18:40:46,217 RX_ECHO ignored
2026-10-09 18:40:46,217 RX_ECHO ignored
2026-10-09 18:40:46,217 RX_ECHO ignored
2026-10-09 18:40:46,217 RX_ECHO ignored
2026-10-09 18:40:46,217 RX_ECHO ignored
2026-10-09 18:40:46,217 RX_ECHO ignored
2026-10-09 18:40:46,217 RX_ECHO ignored
2026-10-09 18:40:46,217 RX_ECHO ignored
2026-10-09 18:40:46,217 RX_ECHO ignored
2026-10-09 18:40:46,217 RX_ECHO ignored
2026-10-09 18:40:46,217 RX_ECHO ignored
2026-10-09 18:40:46,217 RX_ECHO ignored
2026-10-09 18:40:46,217 RX_ECHO ignored
2026-10-09 18:40:46,217 RX_ECHO ignored
2026-10-09 18:40:46,217 RX_ECHO ignored
2026-10-09 18:40:46,217 RX_ECHO ignored
2026-10-09 18:40:46,217 RX_ECHO ignored
2026-10-09 18:40:46,217 RX_ECHO ignored
2026-10-09 18:40:46,217 RX_ECHO ignored
2026-10-09 18:40:46,217 RX_ECHO ignored
2026-10-09 18:40:46,217 RX_ECHO ignored
2026-10-09 18:40:46,217 RX_ECHO ignored
2026-10-09 18:40:46,217 RX_ECHO ignored
2026-10-09 18:40:46,217 RX_ECHO ignored
2026-10-09 18:40:46,217 RX_ECHO ignored
2026-10-09 18:40:46,217 RX_ECHO ignored
2026-10-09 18:40:46,217 RX_ECHO ignored
2026-10-09 18:40:46,217 RX_ECHO ignored
2026-10-09 18:40:46,217 RX_ECHO ignored
2026-10-09 18:40:46,217 RX_ECHO ignored
2026-10-09 18:40:46,217 RX_ECHO ignored
2026-10-09 18:40:46,217 RX_ECHO ignored
2026-10-09 18:40:46,217 RX_ECHO ignored
2026-10-09 18:40:46,217 RX_ECHO ignored
2026-10-09 18:40:46,217 RX_ECHO ignored
2026-10-09 18:40:46,217 RX_ECHO ignored
2026-10-09 18:40:46,217 RX_ECHO ignored
2026-10-09 18:40:46,217 RX_ECHO ignored
2026-10-09 18:40:46,217 RX_ECHO ignored
2026-10-09 18:40:46,217 RX_ECHO ignored
2026-10-09 18:40:46,217 RX_ECHO ignored
2026-10-09 18:40:46,217 RX_ECHO ignored
2026-10-09 18:40:46,217 RX_ECHO ignored
2026-10-09 18:40:46,217 RX_ECHO ignored
2026-10-09 18:40:46,217 RX_ECHO ignored
2026-10-09 18:40:46,217 RX_ECHO ignored
2026-10-09 18:40:46,217 RX_ECHO ignored
2026-10-09 18:40:46,217 RX_ECHO ignored
2026-10-09 18:40:46,217 RX_ECHO ignored
2026-10-09 18:40:46,217 RX_ECHO ignored
2026-10-09 18:40:46,217 RX_ECHO ignored
2026-10-09 18:40:46,217 RX_ECHO ignored
2026-10-09 18:40:46,217 RX_ECHO ignored
2026-10-09 18:40:46,217 RX_ECHO ignored
2026-10-09 18:40:46,217 RX_ECHO ignored
2026-10-09 18:40:46,217 RX_ECHO ignored
2026-10-09 18:40:46,217 RX_ECHO ignored
2026-10-09 18:40:46,217 RX_ECHO ignored
2026-10-09 18:40:46,217 RX_ECHO ignored
2026-10-09 18:40:46,217 RX_ECHO ignored
2026-10-09 18:40:46,217 RX_ECHO ignored
2026-10-09 18:40:46,218 RX_ECHO ignored
2026-10-09 18:40:46,218 RX_ECHO ignored
2026-10-09 18:40:46,218 RX_ECHO ignored
2026-10-09 18:40:46,218 RX_ECHO ignored
2026-10-09 18:40:46,218 RX_ECHO ignored
2026-10-09 18:40:46,218 RX_ECHO ignored
2026-10-09 18:40:46,218 RX_ECHO ignored
2026-10-09 18:40:46,218 RX_ECHO ignored
2026-10-09 18:40:46,218 RX_ECHO ignored
2026-10-09 18:40:46,218 RX_ECHO ignored
2026-10-09 18:40:46,218 RX_ECHO ignored
2026-10-09 18:40:46,218 RX_ECHO ignored
2026-10-09 18:40:46,218 RX_ECHO ignored
2026-10-09 18:40:46,218 RX_ECHO ignored
2026-10-09 18:40:46,218 RX_ECHO ignored
2026-10-09 18:40:46,218 RX_ECHO ignored
2026-10-09 18:40:46,218 RX_ECHO ignored
2026-10-09 18:40:46,218 RX_ECHO ignored
2026-10-09 18:40:46,218 RX_ECHO ignored
2026-10-09 18:40:46,218 RX_ECHO ignored
2026-10-09 18:40:46,218 RX_ECHO ignored
2026-10-09 18:40:46,218 RX_ECHO ignored
2026-10-09 18:40:46,218 RX_ECHO ignored
2026-10-09 18:40:46,218 RX_ECHO ignored
2026-10-09 18:40:46,218 RX_ECHO ignored
2026-10-09 18:40:46,218 RX_ECHO ignored
2026-10-09 18:40:46,218 RX_ECHO ignored
2026-10-09 18:40:46,218 RX_ECHO ignored
2026-10-09 18:40:46,218 RX_ECHO ignored
2026-10-09 18:40:46,218 RX_ECHO ignored
2026-10-09 18:40:46,218 RX_ECHO ignored
2026-10-09 18:40:46,218 RX_ECHO ignored
2026-10-09 18:40:46,218 RX_ECHO ignored
2026-10-09 18:40:46,218 RX_ECHO ignored
2026-10-09 18:40:46,218 RX_ECHO ignored
2026-10-09 18:40:46,218 RX_ECHO ignored
2026-10-09 18:40:46,218 RX_ECHO ignored
2026-10-09 18:40:46,218 RX_ECHO ignored
2026-10-09 18:40:46,218 RX_ECHO ignored
2026-10-09 18:40:46,218 RX_ECHO ignored
2026-10-09 18:40:46,218 RX_ECHO ignored
2026-10-09 18:40:46,218 RX_ECHO ignored
2026-10-09 18:40:46,218 RX_ECHO ignored
2026-10-09 18:40:46,218 RX_ECHO ignored
2026-10-09 18:40:46,218 RX_ECHO ignored
2026-10-09 18:40:46,218 RX_ECHO ignored
2026-10-09 18:40:46,218 RX_ECHO ignored
2026-10-09 18:40:46,218 RX_ECHO ignored
2026-10-09 18:40:46,218 RX_ECHO ignored
2026-10-09 18:40:46,218 RX_ECHO ignored
2026-10-09 18:40:46,218 RX_ECHO ignored
2026-10-09 18:40:46,218 RX_ECHO ignored
2026-10-09 18:40:46,218 RX_ECHO ignored
2026-10-09 18:40:46,218 RX_ECHO ignored
2026-10-09 18:40:46,218 RX_ECHO ignored
2026-10-09 18:40:46,218 RX_ECHO ignored
2026-10-09 18:40:46,218 RX_ECHO ignored
2026-10-09 18:40:46,218 RX_ECHO ignored
2026-10-09 18:40:46,218 RX_ECHO ignored
2026-10-09 18:40:46,218 RX_ECHO ignored
2026-10-09 18:40:46,218 RX_ECHO ignored
2026-10-09 18:40:46,218 RX_ECHO ignored
2026-10-09 18:40:46,218 RX_ECHO ignored
2026-10-09 18:40:46,218 RX_ECHO ignored
2026-10-09 18:40:46,219 RX_ECHO ignored
2026-10-09 18:40:46,219 RX_ECHO ignored
2026-10-09 18:40:46,219 RX_ECHO ignored
2026-10-09 18:40:46,219 RX_ECHO ignored
2026-10-09 18:40:46,219 RX_ECHO ignored
2026-10-09 18:40:46,219 RX_ECHO ignored
2026-10-09 18:40:46,219 RX_ECHO ignored
2026-10-09 18:40:46,219 RX_ECHO ignored
2026-10-09 18:40:46,219 RX_ECHO ignored
2026-10-09 18:40:46,219 RX_ECHO ignored
2026-10-09 18:40:46,219 RX_ECHO ignored
2026-10-09 18:40:46,219 RX_ECHO ignored
2026-10-09 18:40:46,219 RX_ECHO ignored
2026-10-09 18:40:46,219 RX_ECHO ignored
2026-10-09 18:40:46,219 RX_ECHO ignored
2026-10-09 18:40:46,219 RX_ECHO ignored
2026-10-09 18:40:46,219 RX_ECHO ignored
2026-10-09 18:40:46,219 RX_ECHO ignored
2026-10-09 18:40:46,219 RX_ECHO ignored
2026-10-09 18:40:46,219 RX_ECHO ignored
2026-10-09 18:40:46,219 RX_ECHO ignored
2026-10-09 18:40:46,219 RX_ECHO ignored
2026-10-09 18:40:46,219 RX_ECHO ignored
2026-10-09 18:40:46,219 RX_ECHO ignored
2026-10-09 18:40:46,219 RX_ECHO ignored
2026-10-09 18:40:46,219 RX_ECHO ignored
2026-10-09 18:40:46,219 RX_ECHO ignored
2026-10-09 18:40:46,219 RX_ECHO ignored
2026-10-09 18:40:46,219 RX_ECHO ignored
2026-10-09 18:40:46,219 RX_ECHO ignored
2026-10-09 18:40:46,219 RX_ECHO ignored
2026-10-09 18:40:46,219 RX_ECHO ignored
2026-10-09 18:40:46,219 RX_ECHO ignored
2026-10-09 18:40:46,219 RX_ECHO ignored
2026-10-09 18:40:46,219 RX_ECHO ignored
2026-10-09 18:40:46,219 RX_ECHO ignored
2026-10-09 18:40:46,219 RX_ECHO ignored
2026-10-09 18:40:46,219 RX_ECHO ignored
2026-10-09 18:40:46,219 RX_ECHO ignored
2026-10-09 18:40:46,219 RX_ECHO ignored
2026-10-09 18:40:46,219 RX_ECHO ignored
2026-10-09 18:40:46,219 RX_ECHO ignored
2026-10-09 18:40:46,219 RX_ECHO ignored
2026-10-09 18:40:46,219 RX_ECHO ignored
2026-10-09 18:40:46,219 RX_ECHO ignored
2026-10-09 18:40:46,219 RX_ECHO ignored
2026-10-09 18:40:46,219 RX_ECHO ignored
2026-10-09 18:40:46,219 RX_ECHO ignored
2026-10-09 18:40:46,219 RX_ECHO ignored
2026-10-09 18:40:46,219 RX_ECHO ignored
2026-10-09 18:40:46,219 RX_ECHO ignored
2026-10-09 18:40:46,219 RX_ECHO ignored
2026-10-09 18:40:46,219 RX_ECHO ignored
2026-10-09 18:40:46,219 RX_ECHO ignored
2026-10-09 18:40:46,219 RX_ECHO ignored
2026-10-09 18:40:46,219 RX_ECHO ignored
2026-10-09 18:40:46,219 RX_ECHO ignored
2026-10-09 18:40:46,219 RX_ECHO ignored
2026-10-09 18:40:46,219 RX_ECHO ignored
2026-10-09 18:40:46,219 RX_ECHO ignored
2026-10-09 18:40:46,219 RX_ECHO ignored
2026-10-09 18:40:46,219 RX_ECHO ignored
2026-10-09 18:40:46,219 RX_ECHO ignored
2026-10-09 18:40:46,219 RX_ECHO ignored
2026-10-09 18:40:46,219 RX_ECHO ignored
2026-10-09 18:40:46,219 RX_ECHO ignored
2026-10-09 18:40:46,220 RX_ECHO ignored
2026-10-09 18:40:46,220 RX_ECHO ignored
2026-10-09 18:40:46,220 RX_ECHO ignored
2026-10-09 18:40:46,220 RX_ECHO ignored
2026-10-09 18:40:46,220 RX_ECHO ignored
2026-10-09 18:40:46,220 RX_ECHO ignored
2026-10-09 18:40:46,220 RX_ECHO ignored
2026-10-09 18:40:46,220 RX_ECHO ignored
2026-10-09 18:40:46,220 RX_ECHO ignored
2026-10-09 18:40:46,220 RX_ECHO ignored
2026-10-09 18:40:46,220 RX_ECHO ignored
2026-10-09 18:40:46,220 RX_ECHO ignored
2026-10-09 18:40:46,220 RX_ECHO ignored
2026-10-09 18:40:46,220 RX_ECHO ignored
2026-10-09 18:40:46,220 RX_ECHO ignored
2026-10-09 18:40:46,220 RX_ECHO ignored
2026-10-09 18:40:46,220 RX_ECHO ignored
2026-10-09 18:40:46,220 RX_ECHO ignored
2026-10-09 18:40:46,220 RX_ECHO ignored
2026-10-09 18:40:46,220 RX_ECHO ignored
2026-10-09 18:40:46,220 RX_ECHO ignored
2026-10-09 18:40:46,220 RX_ECHO ignored
2026-10-09 18:40:46,220 RX_ECHO ignored
2026-10-09 18:40:46,220 RX_ECHO ignored
2026-10-09 18:40:46,220 RX_ECHO ignored
2026-10-09 18:40:46,220 RX_ECHO ignored
2026-10-09 18:40:46,220 RX_ECHO ignored
2026-10-09 18:40:46,220 RX_ECHO ignored
2026-10-09 18:40:46,220 RX_ECHO ignored
2026-10-09 18:40:46,220 RX_ECHO ignored
2026-10-09 18:40:46,220 RX_ECHO ignored
2026-10-09 18:40:46,220 RX_ECHO ignored
2026-10-09 18:40:46,220 RX_ECHO ignored
2026-10-09 18:40:46,220 RX_ECHO ignored
2026-10-09 18:40:46,220 RX_ECHO ignored
2026-10-09 18:40:46,220 RX_ECHO ignored
2026-10-09 18:40:46,220 RX_ECHO ignored
2026-10-09 18:40:46,221 RX_ECHO ignored
2026-10-09 18:40:46,221 RX_ECHO ignored
2026-10-09 18:40:46,221 RX_ECHO ignored
2026-10-09 18:40:46,221 RX_ECHO ignored
2026-10-09 18:40:46,221 RX_ECHO ignored
2026-10-09 18:40:46,221 RX_ECHO ignored
2026-10-09 18:40:46,221 RX_ECHO ignored
2026-10-09 18:40:46,221 RX_ECHO ignored
2026-10-09 18:40:46,221 RX_ECHO ignored
2026-10-09 18:40:46,221 RX_ECHO ignored
2026-10-09 18:40:46,221 RX_ECHO ignored
2026-10-09 18:40:46,221 RX_ECHO ignored
2026-10-09 18:40:46,221 RX_ECHO ignored
2026-10-09 18:40:46,221 RX_ECHO ignored
2026-10-09 18:40:46,221 RX_ECHO ignored
2026-10-09 18:40:46,221 RX_ECHO ignored
2026-10-09 18:40:46,221 RX_ECHO ignored
2026-10-09 18:40:46,221 RX_ECHO ignored
2026-10-09 18:40:46,221 RX_ECHO ignored
2026-10-09 18:40:46,221 RX_ECHO ignored
2026-10-09 18:40:46,221 RX_ECHO ignored
2026-10-09 18:40:46,221 RX_ECHO ignored
2026-10-09 18:40:46,221 RX_ECHO ignored
2026-10-09 18:40:46,221 RX_ECHO ignored
2026-10-09 18:40:46,221 RX_ECHO ignored
2026-10-09 18:40:46,221 RX_ECHO ignored
2026-10-09 18:40:46,221 RX_ECHO ignored
2026-10-09 18:40:46,221 RX_ECHO ignored
2026-10-09 18:40:46,221 RX_ECHO ignored
2026-10-09 18:40:46,221 RX_ECHO ignored
2026-10-09 18:40:46,221 RX_ECHO ignored
2026-10-09 18:40:46,221 RX_ECHO ignored
2026-10-09 18:40:46,221 RX_ECHO ignored
2026-10-09 18:40:46,221 RX_ECHO ignored
2026-10-09 18:40:46,221 RX_ECHO ignored
2026-10-09 18:40:46,221 RX_ECHO ignored
2026-10-09 18:40:46,221 RX_ECHO ignored
2026-10-09 18:40:46,221 RX_ECHO ignored
2026-10-09 18:40:46,221 RX_ECHO ignored
2026-10-09 18:40:46,221 RX_ECHO ignored
2026-10-09 18:40:46,221 RX_ECHO ignored
2026-10-09 18:40:46,221 RX_ECHO ignored
2026-10-09 18:40:46,221 RX_ECHO ignored
2026-10-09 18:40:46,221 RX_ECHO ignored
2026-10-09 18:40:46,221 RX_ECHO ignored
2026-10-09 18:40:46,221 RX_ECHO ignored
2026-10-09 18:40:46,222 RX_ECHO ignored
2026-10-09 18:40:46,222 RX_ECHO ignored
2026-10-09 18:40:46,222 RX_ECHO ignored
2026-10-09 18:40:46,222 RX_ECHO ignored
2026-10-09 18:40:46,222 RX_ECHO ignored
2026-10-09 18:40:46,222 RX_ECHO ignored
2026-10-09 18:40:46,222 RX_ECHO ignored
2026-10-09 18:40:46,222 RX_ECHO ignored
2026-10-09 18:40:46,222 RX_ECHO ignored
2026-10-09 18:40:46,222 RX_ECHO ignored
2026-10-09 18:40:46,222 RX_ECHO ignored
2026-10-09 18:40:46,222 RX_ECHO ignored
2026-10-09 18:40:46,222 RX_ECHO ignored
2026-10-09 18:40:46,222 RX_ECHO ignored
2026-10-09 18:40:46,222 RX_ECHO ignored
2026-10-09 18:40:46,222 RX_ECHO ignored
2026-10-09 18:40:46,222 RX_ECHO ignored
2026-10-09 18:40:46,222 RX_ECHO ignored
2026-10-09 18:40:46,222 RX_ECHO ignored
2026-10-09 18:40:46,222 RX_ECHO ignored
2026-10-09 18:40:46,222 RX_ECHO ignored
2026-10-09 18:40:46,222 RX_ECHO ignored
2026-10-09 18:40:46,222 RX_ECHO ignored
2026-10-09 18:40:46,222 RX_ECHO ignored
2026-10-09 18:40:46,222 RX_ECHO ignored
2026-10-09 18:40:46,222 RX_ECHO ignored
2026-10-09 18:40:46,222 RX_ECHO ignored
2026-10-09 18:40:46,222 RX_ECHO ignored
2026-10-09 18:40:46,222 RX_ECHO ignored
2026-10-09 18:40:46,222 RX_ECHO ignored
2026-10-09 18:40:46,222 RX_ECHO ignored
2026-10-09 18:40:46,222 RX_ECHO ignored
2026-10-09 18:40:46,222 RX_ECHO ignored
2026-10-09 18:40:46,222 RX_ECHO ignored
2026-10-09 18:40:46,222 RX_ECHO ignored
2026-10-09 18:40:46,222 RX_ECHO ignored
2026-10-09 18:40:46,222 RX_ECHO ignored
2026-10-09 18:40:46,222 RX_ECHO ignored
2026-10-09 18:40:46,222 RX_ECHO ignored
2026-10-09 18:40:46,222 RX_ECHO ignored
2026-10-09 18:40:46,222 RX_ECHO ignored
2026-10-09 18:40:46,222 RX_ECHO ignored
2026-10-09 18:40:46,222 RX_ECHO ignored
2026-10-09 18:40:46,222 RX_ECHO ignored
2026-10-09 18:40:46,222 RX_ECHO ignored
2026-10-09 18:40:46,222 RX_ECHO ignored
2026-10-09 18:40:46,222 RX_ECHO ignored
2026-10-09 18:40:46,222 RX_ECHO ignored
2026-10-09 18:40:46,222 RX_ECHO ignored
2026-10-09 18:40:46,222 RX_ECHO ignored
2026-10-09 18:40:46,222 RX_ECHO ignored
2026-10-09 18:40:46,222 RX_ECHO ignored
2026-10-09 18:40:46,222 RX_ECHO ignored
2026-10-09 18:40:46,222 RX_ECHO ignored
2026-10-09 18:40:46,222 RX_ECHO ignored
2026-10-09 18:40:46,222 RX_ECHO ignored
2026-10-09 18:40:46,222 RX_ECHO ignored
2026-10-09 18:40:46,222 RX_ECHO ignored
2026-10-09 18:40:46,222 RX_ECHO ignored
2026-10-09 18:40:46,222 RX_ECHO ignored
2026-10-09 18:40:46,222 RX_ECHO ignored
2026-10-09 18:40:46,222 RX_ECHO ignored
2026-10-09 18:40:46,222 RX_ECHO ignored
2026-10-09 18:40:46,222 RX_ECHO ignored
2026-10-09 18:40:46,222 RX_ECHO ignored
2026-10-09 18:40:46,222 RX_ECHO ignored
2026-10-09 18:40:46,223 RX_ECHO ignored
2026-10-09 18:40:46,223 RX_ECHO ignored
2026-10-09 18:40:46,223 RX_ECHO ignored
2026-10-09 18:40:46,223 RX_ECHO ignored
2026-10-09 18:40:46,223 RX_ECHO ignored
2026-10-09 18:40:46,223 RX_ECHO ignored
2026-10-09 18:40:46,223 RX_ECHO ignored
2026-10-09 18:40:46,223 RX_ECHO ignored
2026-10-09 18:40:46,223 RX_ECHO ignored
2026-10-09 18:40:46,223 RX_ECHO ignored
2026-10-09 18:40:46,223 RX_ECHO ignored
2026-10-09 18:40:46,223 RX_ECHO ignored
2026-10-09 18:40:46,223 RX_ECHO ignored
2026-10-09 18:40:46,223 RX_ECHO ignored
2026-10-09 18:40:46,223 RX_ECHO ignored
2026-10-09 18:40:46,223 RX_ECHO ignored
2026-10-09 18:40:46,223 RX_ECHO ignored
2026-10-09 18:40:46,223 RX_ECHO ignored
2026-10-09 18:40:46,223 RX_ECHO ignored
2026-10-09 18:40:46,223 RX_ECHO ignored
2026-10-09 18:40:46,223 RX_ECHO ignored
2026-10-09 18:40:46,223 RX_ECHO ignored
2026-10-09 18:40:46,223 RX_ECHO ignored
2026-10-09 18:40:46,223 RX_ECHO ignored
2026-10-09 18:40:46,223 RX_ECHO ignored
2026-10-09 18:40:46,223 RX_ECHO ignored
2026-10-09 18:40:46,223 RX_ECHO ignored
2026-10-09 18:40:46,223 RX_ECHO ignored
2026-10-09 18:40:46,223 RX_ECHO ignored
2026-10-09 18:40:46,223 RX_ECHO ignored
2026-10-09 18:40:46,223 RX_ECHO ignored
2026-10-09 18:40:46,223 RX_ECHO ignored
2026-10-09 18:40:46,223 RX_ECHO ignored
2026-10-09 18:40:46,223 RX_ECHO ignored
2026-10-09 18:40:46,223 RX_ECHO ignored
2026-10-09 18:40:46,223 RX_ECHO ignored
2026-10-09 18:40:46,223 RX_ECHO ignored
2026-10-09 18:40:46,223 RX_ECHO ignored
2026-10-09 18:40:46,223 RX_ECHO ignored
2026-10-09 18:40:46,223 RX_ECHO ignored
2026-10-09 18:40:46,223 RX_ECHO ignored
2026-10-09 18:40:46,223 RX_ECHO ignored
2026-10-09 18:40:46,223 RX_ECHO ignored
2026-10-09 18:40:46,223 RX_ECHO ignored
2026-10-09 18:40:46,223 RX_ECHO ignored
2026-10-09 18:40:46,223 RX_ECHO ignored
2026-10-09 18:40:46,223 RX_ECHO ignored
2026-10-09 18:40:46,223 RX_ECHO ignored
2026-10-09 18:40:46,223 RX_ECHO ignored
2026-10-09 18:40:46,223 RX_ECHO ignored
2026-10-09 18:40:46,223 RX_ECHO ignored
2026-10-09 18:40:46,223 RX_ECHO ignored
2026-10-09 18:40:46,223 RX_ECHO ignored
2026-10-09 18:40:46,223 RX_ECHO ignored
2026-10-09 18:40:46,223 RX_ECHO ignored
2026-10-09 18:40:46,223 RX_ECHO ignored
2026-10-09 18:40:46,223 RX_ECHO ignored
2026-10-09 18:40:46,223 RX_ECHO ignored
2026-10-09 18:40:46,223 RX_ECHO ignored
2026-10-09 18:40:46,223 RX_ECHO ignored
2026-10-09 18:40:46,223 RX_ECHO ignored
2026-10-09 18:40:46,223 RX_ECHO ignored
2026-10-09 18:40:46,223 RX_ECHO ignored
2026-10-09 18:40:46,223 RX_ECHO ignored
2026-10-09 18:40:46,223 RX_ECHO ignored
2026-10-09 18:40:46,223 RX_ECHO ignored
2026-10-09 18:40:46,224 RX_ECHO ignored
2026-10-09 18:40:46,224 RX_ECHO ignored
2026-10-09 18:40:46,224 RX_ECHO ignored
2026-10-09 18:40:46,224 RX_ECHO ignored
2026-10-09 18:40:46,224 RX_ECHO ignored
2026-10-09 18:40:46,224 RX_ECHO ignored
2026-10-09 18:40:46,224 RX_ECHO ignored
2026-10-09 18:40:46,224 RX_ECHO ignored
2026-10-09 18:40:46,224 RX_ECHO ignored
2026-10-09 18:40:46,224 RX_ECHO ignored
2026-10-09 18:40:46,224 RX_ECHO ignored
2026-10-09 18:40:46,224 RX_ECHO ignored
2026-10-09 18:40:46,224 RX_ECHO ignored
2026-10-09 18:40:46,224 RX_ECHO ignored
2026-10-09 18:40:46,224 RX_ECHO ignored
2026-10-09 18:40:46,224 RX_ECHO ignored
2026-10-09 18:40:46,224 RX_ECHO ignored
2026-10-09 18:40:46,224 RX_ECHO ignored
2026-10-09 18:40:46,224 RX_ECHO ignored
2026-10-09 18:40:46,224 RX_ECHO ignored
2026-10-09 18:40:46,224 RX_ECHO ignored
2026-10-09 18:40:46,224 RX_ECHO ignored
2026-10-09 18:40:46,224 RX_ECHO ignored
2026-10-09 18:40:46,224 RX_ECHO ignored
2026-10-09 18:40:46,224 RX_ECHO ignored
2026-10-09 18:40:46,224 RX_ECHO ignored
2026-10-09 18:40:46,224 RX_ECHO ignored
2026-10-09 18:40:46,224 RX_ECHO ignored
2026-10-09 18:40:46,224 RX_ECHO ignored
2026-10-09 18:40:46,224 RX_ECHO ignored
2026-10-09 18:40:46,224 RX_ECHO ignored
2026-10-09 18:40:46,224 RX_ECHO ignored
2026-10-09 18:40:46,224 RX_ECHO ignored
2026-10-09 18:40:46,224 RX_ECHO ignored
2026-10-09 18:40:46,224 RX_ECHO ignored
2026-10-09 18:40:46,224 RX_ECHO ignored
2026-10-09 18:40:46,224 RX_ECHO ignored
2026-10-09 18:40:46,224 RX_ECHO ignored
2026-10-09 18:40:46,224 RX_ECHO ignored
2026-10-09 18:40:46,224 RX_ECHO ignored
2026-10-09 18:40:46,224 RX_ECHO ignored
2026-10-09 18:40:46,224 RX_ECHO ignored
2026-10-09 18:40:46,224 RX_ECHO ignored
2026-10-09 18:40:46,224 RX_ECHO ignored
2026-10-09 18:40:46,224 RX_ECHO ignored
2026-10-09 18:40:46,224 RX_ECHO ignored
2026-10-09 18:40:46,224 RX_ECHO ignored
2026-10-09 18:40:46,224 RX_ECHO ignored
2026-10-09 18:40:46,224 RX_ECHO ignored
2026-10-09 18:40:46,224 RX_ECHO ignored
2026-10-09 18:40:46,224 RX_ECHO ignored
2026-10-09 18:40:46,224 RX_ECHO ignored
2026-10-09 18:40:46,224 RX_ECHO ignored
2026-10-09 18:40:46,224 RX_ECHO ignored
2026-10-09 18:40:46,224 RX_ECHO ignored
2026-10-09 18:40:46,224 RX_ECHO ignored
2026-10-09 18:40:46,224 RX_ECHO ignored
2026-10-09 18:40:46,224 RX_ECHO ignored
2026-10-09 18:40:46,224 RX_ECHO ignored
2026-10-09 18:40:46,224 RX_ECHO ignored
2026-10-09 18:40:46,224 RX_ECHO ignored
2026-10-09 18:40:46,224 RX_ECHO ignored
2026-10-09 18:40:46,224 RX_ECHO ignored
2026-10-09 18:40:46,224 RX_ECHO ignored
2026-10-09 18:40:46,224 RX_ECHO ignored
2026-10-09 18:40:46,224 RX_ECHO ignored
2026-10-09 18:40:46,224 RX_ECHO ignored
2026-10-09 18:40:46,225 RX_ECHO ignored
2026-10-09 18:40:46,225 RX_ECHO ignored
2026-10-09 18:40:46,225 RX_ECHO ignored
2026-10-09 18:40:46,225 RX_ECHO ignored
2026-10-09 18:40:46,225 RX_ECHO ignored
2026-10-09 18:40:46,225 RX_ECHO ignored
2026-10-09 18:40:46,225 RX_ECHO ignored
2026-10-09 18:40:46,225 RX_ECHO ignored
2026-10-09 18:40:46,225 RX_ECHO ignored
2026-10-09 18:40:46,225 RX_ECHO ignored
2026-10-09 18:40:46,225 RX_ECHO ignored
2026-10-09 18:40:46,225 RX_ECHO ignored
2026-10-09 18:40:46,225 RX_ECHO ignored
2026-10-09 18:40:46,225 RX_ECHO ignored
2026-10-09 18:40:46,225 RX_ECHO ignored
2026-10-09 18:40:46,225 RX_ECHO ignored
2026-10-09 18:40:46,225 RX_ECHO ignored
2026-10-09 18:40:46,225 RX_ECHO ignored
2026-10-09 18:40:46,225 RX_ECHO ignored
2026-10-09 18:40:46,225 RX_ECHO ignored
2026-10-09 18:40:46,225 RX_ECHO ignored
2026-10-09 18:40:46,225 RX_ECHO ignored
2026-10-09 18:40:46,225 RX_ECHO ignored
2026-10-09 18:40:46,225 RX_ECHO ignored
2026-10-09 18:40:46,225 RX_ECHO ignored
2026-10-09 18:40:46,225 RX_ECHO ignored
2026-10-09 18:40:46,225 RX_ECHO ignored
2026-10-09 18:40:46,225 RX_ECHO ignored
2026-10-09 18:40:46,225 RX_ECHO ignored
2026-10-09 18:40:46,225 RX_ECHO ignored
2026-10-09 18:40:46,225 RX_ECHO ignored
2026-10-09 18:40:46,225 RX_ECHO ignored
2026-10-09 18:40:46,225 RX_ECHO ignored
2026-10-09 18:40:46,225 RX_ECHO ignored
2026-10-09 18:40:46,225 RX_ECHO ignored
2026-10-09 18:40:46,225 RX_ECHO ignored
2026-10-09 18:40:46,225 RX_ECHO ignored
2026-10-09 18:40:46,225 RX_ECHO ignored
2026-10-09 18:40:46,225 RX_ECHO ignored
2026-10-09 18:40:46,225 RX_ECHO ignored
2026-10-09 18:40:46,225 RX_ECHO ignored
2026-10-09 18:40:46,225 RX_ECHO ignored
2026-10-09 18:40:46,225 RX_ECHO ignored
2026-10-09 18:40:46,225 RX_ECHO ignored
2026-10-09 18:40:46,225 RX_ECHO ignored
2026-10-09 18:40:46,225 RX_ECHO ignored
2026-10-09 18:40:46,225 RX_ECHO ignored
2026-10-09 18:40:46,225 RX_ECHO ignored
2026-10-09 18:40:46,225 RX_ECHO ignored
2026-10-09 18:40:46,225 RX_ECHO ignored
2026-10-09 18:40:46,225 RX_ECHO ignored
2026-10-09 18:40:46,225 RX_ECHO ignored
2026-10-09 18:40:46,225 RX_ECHO ignored
2026-10-09 18:40:46,225 RX_ECHO ignored
2026-10-09 18:40:46,225 RX_ECHO ignored
2026-10-09 18:40:46,225 RX_ECHO ignored
2026-10-09 18:40:46,225 RX_ECHO ignored
2026-10-09 18:40:46,225 RX_ECHO ignored
2026-10-09 18:40:46,225 RX_ECHO ignored
2026-10-09 18:40:46,225 RX_ECHO ignored
2026-10-09 18:40:46,225 RX_ECHO ignored
2026-10-09 18:40:46,225 RX_ECHO ignored
2026-10-09 18:40:46,225 RX_ECHO ignored
2026-10-09 18:40:46,225 RX_ECHO ignored
2026-10-09 18:40:46,225 RX_ECHO ignored
2026-10-09 18:40:46,225 RX_ECHO ignored
2026-10-09 18:40:46,225 RX_ECHO ignored
2026-10-09 18:40:46,226 RX_ECHO ignored
2026-10-09 18:40:46,226 RX_ECHO ignored
2026-10-09 18:40:46,226 RX_ECHO ignored
2026-10-09 18:40:46,226 RX_ECHO ignored
2026-10-09 18:40:46,226 RX_ECHO ignored
2026-10-09 18:40:46,226 RX_ECHO ignored
2026-10-09 18:40:46,226 RX_ECHO ignored
2026-10-09 18:40:46,226 RX_ECHO ignored
2026-10-09 18:40:46,226 RX_ECHO ignored
2026-10-09 18:40:46,226 RX_ECHO ignored
2026-10-09 18:40:46,226 RX_ECHO ignored
2026-10-09 18:40:46,226 RX_ECHO ignored
2026-10-09 18:40:46,226 RX_ECHO ignored
2026-10-09 18:40:46,226 RX_ECHO ignored
2026-10-09 18:40:46,226 RX_ECHO ignored
2026-10-09 18:40:46,226 RX_ECHO ignored
2026-10-09 18:40:46,226 RX_ECHO ignored
2026-10-09 18:40:46,226 RX_ECHO ignored
2026-10-09 18:40:46,226 RX_ECHO ignored
2026-10-09 18:40:46,226 RX_ECHO ignored
2026-10-09 18:40:46,226 RX_ECHO ignored
2026-10-09 18:40:46,226 RX_ECHO ignored
2026-10-09 18:40:46,226 RX_ECHO ignored
2026-10-09 18:40:46,226 RX_ECHO ignored
2026-10-09 18:40:46,226 RX_ECHO ignored
2026-10-09 18:40:46,226 RX_ECHO ignored
2026-10-09 18:40:46,226 RX_ECHO ignored
2026-10-09 18:40:46,226 RX_ECHO ignored
2026-10-09 18:40:46,226 RX_ECHO ignored
2026-10-09 18:40:46,226 RX_ECHO ignored
2026-10-09 18:40:46,226 RX_ECHO ignored
2026-10-09 18:40:46,226 RX_ECHO ignored
2026-10-09 18:40:46,226 RX_ECHO ignored
2026-10-09 18:40:46,226 RX_ECHO ignored
2026-10-09 18:40:46,226 RX_ECHO ignored
2026-10-09 18:40:46,226 RX_ECHO ignored
2026-10-09 18:40:46,226 RX_ECHO ignored
2026-10-09 18:40:46,226 RX_ECHO ignored
2026-10-09 18:40:46,226 RX_ECHO ignored
2026-10-09 18:40:46,226 RX_ECHO ignored
2026-10-09 18:40:46,226 RX_ECHO ignored
2026-10-09 18:40:46,226 RX_ECHO ignored
2026-10-09 18:40:46,226 RX_ECHO ignored
2026-10-09 18:40:46,226 RX_ECHO ignored
2026-10-09 18:40:46,226 RX_ECHO ignored
2026-10-09 18:40:46,226 RX_ECHO ignored
2026-10-09 18:40:46,226 RX_ECHO ignored
2026-10-09 18:40:46,226 RX_ECHO ignored
2026-10-09 18:40:46,226 RX_ECHO ignored
2026-10-09 18:40:46,226 RX_ECHO ignored
2026-10-09 18:40:46,226 RX_ECHO ignored
2026-10-09 18:40:46,226 RX_ECHO ignored
2026-10-09 18:40:46,226 RX_ECHO ignored
2026-10-09 18:40:46,226 RX_ECHO ignored
2026-10-09 18:40:46,226 RX_ECHO ignored
2026-10-09 18:40:46,226 RX_ECHO ignored
2026-10-09 18:40:46,226 RX_ECHO ignored
2026-10-09 18:40:46,226 RX_ECHO ignored
2026-10-09 18:40:46,226 RX_ECHO ignored
2026-10-09 18:40:46,226 RX_ECHO ignored
2026-10-09 18:40:46,226 RX_ECHO ignored
2026-10-09 18:40:46,226 RX_ECHO ignored
2026-10-09 18:40:46,226 RX_ECHO ignored
2026-10-09 18:40:46,226 RX_ECHO ignored
2026-10-09 18:40:46,226 RX_ECHO ignored
2026-10-09 18:40:46,226 RX_ECHO ignored
2026-10-09 18:40:46,226 RX_ECHO ignored
2026-10-09 18:40:46,227 RX_ECHO ignored
2026-10-09 18:40:46,227 RX_ECHO ignored
2026-10-09 18:40:46,227 RX_ECHO ignored
2026-10-09 18:40:46,227 RX_ECHO ignored
2026-10-09 18:40:46,227 RX_ECHO ignored
2026-10-09 18:40:46,227 RX_ECHO ignored
2026-10-09 18:40:46,227 RX_ECHO ignored
2026-10-09 18:40:46,227 RX_ECHO ignored
2026-10-09 18:40:46,227 RX_ECHO ignored
2026-10-09 18:40:46,227 RX_ECHO ignored
2026-10-09 18:40:46,227 RX_ECHO ignored
2026-10-09 18:40:46,227 RX_ECHO ignored
2026-10-09 18:40:46,227 RX_ECHO ignored
2026-10-09 18:40:46,227 RX_ECHO ignored
2026-10-09 18:40:46,227 RX_ECHO ignored
2026-10-09 18:40:46,227 RX_ECHO ignored
2026-10-09 18:40:46,227 RX_ECHO ignored
2026-10-09 18:40:46,227 RX_ECHO ignored
2026-10-09 18:40:46,227 RX_ECHO ignored
2026-10-09 18:40:46,227 RX_ECHO ignored
2026-10-09 18:40:46,227 RX_ECHO ignored
2026-10-09 18:40:46,227 RX_ECHO ignored
2026-10-09 18:40:46,227 RX_ECHO ignored
2026-10-09 18:40:46,227 RX_ECHO ignored
2026-10-09 18:40:46,227 RX_ECHO ignored
2026-10-09 18:40:46,227 RX_ECHO ignored
2026-10-09 18:40:46,227 RX_ECHO ignored
2026-10-09 18:40:46,227 RX_ECHO ignored
2026-10-09 18:40:46,227 RX_ECHO ignored
2026-10-09 18:40:46,227 RX_ECHO ignored
2026-10-09 18:40:46,227 RX_ECHO ignored
2026-10-09 18:40:46,227 RX_ECHO ignored
2026-10-09 18:40:46,227 RX_ECHO ignored
2026-10-09 18:40:46,227 RX_ECHO ignored
2026-10-09 18:40:46,227 RX_ECHO ignored
2026-10-09 18:40:46,227 RX_ECHO ignored
2026-10-09 18:40:46,227 RX_ECHO ignored
2026-10-09 18:40:46,227 RX_ECHO ignored
2026-10-09 18:40:46,227 RX_ECHO ignored
2026-10-09 18:40:46,227 RX_ECHO ignored
2026-10-09 18:40:46,227 RX_ECHO ignored
2026-10-09 18:40:46,227 RX_ECHO ignored
2026-10-09 18:40:46,227 RX_ECHO ignored
2026-10-09 18:40:46,227 RX_ECHO ignored
2026-10-09 18:40:46,227 RX_ECHO ignored
2026-10-09 18:40:46,227 RX_ECHO ignored
2026-10-09 18:40:46,227 RX_ECHO ignored
2026-10-09 18:40:46,227 RX_ECHO ignored
2026-10-09 18:40:46,227 RX_ECHO ignored
2026-10-09 18:40:46,227 RX_ECHO ignored
2026-10-09 18:40:46,227 RX_ECHO ignored
2026-10-09 18:40:46,227 RX_ECHO ignored
2026-10-09 18:40:46,227 RX_ECHO ignored
2026-10-09 18:40:46,227 RX_ECHO ignored
2026-10-09 18:40:46,227 RX_ECHO ignored
2026-10-09 18:40:46,227 RX_ECHO ignored
2026-10-09 18:40:46,227 RX_ECHO ignored
2026-10-09 18:40:46,227 RX_ECHO ignored
2026-10-09 18:40:46,227 RX_ECHO ignored
2026-10-09 18:40:46,227 RX_ECHO ignored
2026-10-09 18:40:46,227 RX_ECHO ignored
2026-10-09 18:40:46,227 RX_ECHO ignored
2026-10-09 18:40:46,227 RX_ECHO ignored
2026-10-09 18:40:46,227 RX_ECHO ignored
2026-10-09 18:40:46,227 RX_ECHO ignored
2026-10-09 18:40:46,227 RX_ECHO ignored
2026-10-09 18:40:46,227 RX_ECHO ignored
2026-10-09 18:40:46,228 RX_ECHO ignored
2026-10-09 18:40:46,228 RX_ECHO ignored
2026-10-09 18:40:46,228 RX_ECHO ignored
2026-10-09 18:40:46,228 RX_ECHO ignored
2026-10-09 18:40:46,228 RX_ECHO ignored
2026-10-09 18:40:46,228 RX_ECHO ignored
2026-10-09 18:40:46,228 RX_ECHO ignored
2026-10-09 18:40:46,228 RX_ECHO ignored
2026-10-09 18:40:46,228 RX_ECHO ignored
2026-10-09 18:40:46,228 RX_ECHO ignored
2026-10-09 18:40:46,228 RX_ECHO ignored
2026-10-09 18:40:46,228 RX_ECHO ignored
2026-10-09 18:40:46,228 RX_ECHO ignored
2026-10-09 18:40:46,228 RX_ECHO ignored
2026-10-09 18:40:46,228 RX_ECHO ignored
2026-10-09 18:40:46,228 RX_ECHO ignored
2026-10-09 18:40:46,228 RX_ECHO ignored
2026-10-09 18:40:46,228 RX_ECHO ignored
2026-10-09 18:40:46,228 RX_ECHO ignored
2026-10-09 18:40:46,228 RX_ECHO ignored
2026-10-09 18:40:46,228 RX_ECHO ignored
2026-10-09 18:40:46,228 RX_ECHO ignored
2026-10-09 18:40:46,228 RX_ECHO ignored
2026-10-09 18:40:46,228 RX_ECHO ignored
2026-10-09 18:40:46,228 RX_ECHO ignored
2026-10-09 18:40:46,228 RX_ECHO ignored
2026-10-09 18:40:46,228 RX_ECHO ignored
2026-10-09 18:40:46,228 RX_ECHO ignored
2026-10-09 18:40:46,228 RX_ECHO ignored
2026-10-09 18:40:46,228 RX_ECHO ignored
2026-10-09 18:40:46,228 RX_ECHO ignored
2026-10-09 18:40:46,240 RX_ECHO ignored
2026-10-09 18:40:46,241 RX_ECHO ignored
2026-10-09 18:40:46,241 RX_ECHO ignored
2026-10-09 18:40:46,241 RX_ECHO ignored
2026-10-09 18:40:46,241 RX_ECHO ignored
2026-10-09 18:40:46,241 RX_ECHO ignored
2026-10-09 18:40:46,241 RX_ECHO ignored
2026-10-09 18:40:46,241 RX_ECHO ignored
2026-10-09 18:40:47,159 RX_TIMEOUT service=81 partial=
2026-10-09 18:40:47,160 INIT attempt: no valid C1 with two key bytes
2026-10-09 18:40:47,160 INIT attempt 3/5
2026-10-09 18:40:47,515 INIT host low=26.105 ms high=25.004 ms (not wire measurements)
2026-10-09 18:40:47,515 TX 81 B1 F1 81 A4
2026-10-09 18:40:47,526 RX_ECHO ignored
2026-10-09 18:40:48,518 RX_TIMEOUT service=81 partial=
2026-10-09 18:40:48,519 INIT attempt: no valid C1 with two key bytes
2026-10-09 18:40:48,519 INIT attempt 4/5
2026-10-09 18:40:48,874 INIT host low=26.117 ms high=25.005 ms (not wire measurements)
2026-10-09 18:40:48,874 TX 81 B1 F1 81 A4
2026-10-09 18:40:48,884 RX_ECHO ignored
2026-10-09 18:40:49,884 RX_TIMEOUT service=81 partial=
2026-10-09 18:40:49,884 INIT attempt: no valid C1 with two key bytes
2026-10-09 18:40:49,884 INIT attempt 5/5
2026-10-09 18:40:50,239 INIT host low=25.931 ms high=25.005 ms (not wire measurements)
2026-10-09 18:40:50,239 TX 81 B1 F1 81 A4
2026-10-09 18:40:50,250 RX_ECHO ignored
