2026-10-09 18:39:05,723 LOG_FILE /Users/alex/IdeaProjects/ELM327wifi/captures/elm-20261009-183905-722709.log
2026-10-09 18:39:05,768 INIT begin target=B1 tester=F1 attempts=5
2026-10-09 18:39:05,769 INIT attempt 1/5
2026-10-09 18:39:06,129 INIT host low=28.692 ms high=25.009 ms (not wire measurements)
2026-10-09 18:39:06,130 TX 81 B1 F1 81 A4
2026-10-09 18:39:06,130 RX_BYTE 8B
2026-10-09 18:39:06,130 RX_BYTE F1
2026-10-09 18:39:06,130 RX_BYTE B1
2026-10-09 18:39:06,130 RX_BYTE 61
2026-10-09 18:39:06,130 RX_BYTE 01
2026-10-09 18:39:06,130 RX_BYTE 90
2026-10-09 18:39:06,130 RX_BYTE D2
2026-10-09 18:39:06,130 RX_BYTE A6
2026-10-09 18:39:06,130 RX_BYTE 93
2026-10-09 18:39:06,130 RX_BYTE 94
2026-10-09 18:39:06,130 RX_BYTE B0
2026-10-09 18:39:06,130 RX_BYTE FB
2026-10-09 18:39:06,130 RX_BYTE 04
2026-10-09 18:39:06,130 RX_BYTE 00
2026-10-09 18:39:06,130 RX_BYTE 6D
2026-10-09 18:39:06,130 RX 8B F1 B1 61 01 90 D2 A6 93 94 B0 FB 04 00 6D
2026-10-09 18:39:06,130 RX_BYTE 8B
2026-10-09 18:39:06,130 RX_BYTE F1
2026-10-09 18:39:06,130 RX_BYTE B1
2026-10-09 18:39:06,130 RX_BYTE 61
2026-10-09 18:39:06,130 RX_BYTE 01
2026-10-09 18:39:06,130 RX_BYTE 90
2026-10-09 18:39:06,131 RX_BYTE D2
2026-10-09 18:39:06,131 RX_BYTE A6
2026-10-09 18:39:06,131 RX_BYTE 93
2026-10-09 18:39:06,131 RX_BYTE 94
2026-10-09 18:39:06,131 RX_BYTE B0
2026-10-09 18:39:06,131 RX_BYTE FB
2026-10-09 18:39:06,131 RX_BYTE 04
2026-10-09 18:39:06,131 RX_BYTE 00
2026-10-09 18:39:06,131 RX_BYTE 6D
2026-10-09 18:39:06,131 RX 8B F1 B1 61 01 90 D2 A6 93 94 B0 FB 04 00 6D
2026-10-09 18:39:06,131 RX_BYTE 8B
2026-10-09 18:39:06,131 RX_BYTE F1
2026-10-09 18:39:06,131 RX_BYTE B1
2026-10-09 18:39:06,131 RX_BYTE 61
2026-10-09 18:39:06,131 RX_BYTE 01
2026-10-09 18:39:06,131 RX_BYTE 90
2026-10-09 18:39:06,131 RX_BYTE D2
2026-10-09 18:39:06,131 RX_BYTE A6
2026-10-09 18:39:06,131 RX_BYTE 93
2026-10-09 18:39:06,131 RX_BYTE 94
2026-10-09 18:39:06,131 RX_BYTE B0
2026-10-09 18:39:06,131 RX_BYTE FB
2026-10-09 18:39:06,131 RX_BYTE 04
2026-10-09 18:39:06,131 RX_BYTE 00
2026-10-09 18:39:06,131 RX_BYTE 6D
2026-10-09 18:39:06,131 RX 8B F1 B1 61 01 90 D2 A6 93 94 B0 FB 04 00 6D
2026-10-09 18:39:06,131 RX_BYTE 8B
2026-10-09 18:39:06,131 RX_BYTE F1
2026-10-09 18:39:06,131 RX_BYTE B1
2026-10-09 18:39:06,131 RX_BYTE 61
2026-10-09 18:39:06,131 RX_BYTE 01
2026-10-09 18:39:06,131 RX_BYTE 90
2026-10-09 18:39:06,132 RX_BYTE D2
2026-10-09 18:39:06,132 RX_BYTE A6
2026-10-09 18:39:06,132 RX_BYTE 93
2026-10-09 18:39:06,132 RX_BYTE 94
2026-10-09 18:39:06,132 RX_BYTE B0
2026-10-09 18:39:06,132 RX_BYTE FB
2026-10-09 18:39:06,132 RX_BYTE 04
2026-10-09 18:39:06,132 RX_BYTE 00
2026-10-09 18:39:06,132 RX_BYTE 6D
2026-10-09 18:39:06,132 RX 8B F1 B1 61 01 90 D2 A6 93 94 B0 FB 04 00 6D
2026-10-09 18:39:06,132 RX_BYTE 8B
2026-10-09 18:39:06,132 RX_BYTE F1
2026-10-09 18:39:06,132 RX_BYTE B1
2026-10-09 18:39:06,132 RX_BYTE 61
2026-10-09 18:39:06,132 RX_BYTE 01
2026-10-09 18:39:06,132 RX_BYTE 90
2026-10-09 18:39:06,132 RX_BYTE D2
2026-10-09 18:39:06,132 RX_BYTE A6
2026-10-09 18:39:06,132 RX_BYTE 93
2026-10-09 18:39:06,132 RX_BYTE 94
2026-10-09 18:39:06,132 RX_BYTE B0
2026-10-09 18:39:06,132 RX_BYTE FB
2026-10-09 18:39:06,132 RX_BYTE 04
2026-10-09 18:39:06,132 RX_BYTE 00
2026-10-09 18:39:06,132 RX_BYTE 6D
2026-10-09 18:39:06,132 RX 8B F1 B1 61 01 90 D2 A6 93 94 B0 FB 04 00 6D
2026-10-09 18:39:06,132 RX_BYTE 8B
2026-10-09 18:39:06,132 RX_BYTE F1
2026-10-09 18:39:06,132 RX_BYTE B1
2026-10-09 18:39:06,132 RX_BYTE 61
2026-10-09 18:39:06,132 RX_BYTE 01
2026-10-09 18:39:06,132 RX_BYTE 90
2026-10-09 18:39:06,132 RX_BYTE D2
2026-10-09 18:39:06,133 RX_BYTE A6
2026-10-09 18:39:06,133 RX_BYTE 93
2026-10-09 18:39:06,133 RX_BYTE 94
2026-10-09 18:39:06,133 RX_BYTE B0
2026-10-09 18:39:06,133 RX_BYTE FB
2026-10-09 18:39:06,133 RX_BYTE 04
2026-10-09 18:39:06,133 RX_BYTE 00
2026-10-09 18:39:06,133 RX_BYTE 6D
2026-10-09 18:39:06,133 RX 8B F1 B1 61 01 90 D2 A6 93 94 B0 FB 04 00 6D
2026-10-09 18:39:06,133 RX_BYTE 8B
2026-10-09 18:39:06,133 RX_BYTE F1
2026-10-09 18:39:06,133 RX_BYTE B1
2026-10-09 18:39:06,133 RX_BYTE 61
2026-10-09 18:39:06,133 RX_BYTE 01
2026-10-09 18:39:06,133 RX_BYTE 90
2026-10-09 18:39:06,133 RX_BYTE D2
2026-10-09 18:39:06,133 RX_BYTE A6
2026-10-09 18:39:06,133 RX_BYTE 93
2026-10-09 18:39:06,133 RX_BYTE 94
2026-10-09 18:39:06,133 RX_BYTE B0
2026-10-09 18:39:06,133 RX_BYTE FB
2026-10-09 18:39:06,133 RX_BYTE 04
2026-10-09 18:39:06,133 RX_BYTE 00
2026-10-09 18:39:06,133 RX_BYTE 6D
2026-10-09 18:39:06,133 RX 8B F1 B1 61 01 90 D2 A6 93 94 B0 FB 04 00 6D
2026-10-09 18:39:06,133 RX_BYTE 8B
2026-10-09 18:39:06,133 RX_BYTE F1
2026-10-09 18:39:06,133 RX_BYTE B1
2026-10-09 18:39:06,133 RX_BYTE 61
2026-10-09 18:39:06,133 RX_BYTE 01
2026-10-09 18:39:06,133 RX_BYTE 90
2026-10-09 18:39:06,133 RX_BYTE D2
2026-10-09 18:39:06,133 RX_BYTE A6
2026-10-09 18:39:06,134 RX_BYTE 93
2026-10-09 18:39:06,134 RX_BYTE 94
2026-10-09 18:39:06,134 RX_BYTE B0
2026-10-09 18:39:06,134 RX_BYTE FB
2026-10-09 18:39:06,134 RX_BYTE 04
2026-10-09 18:39:06,134 RX_BYTE 00
2026-10-09 18:39:06,134 RX_BYTE 6D
2026-10-09 18:39:06,134 RX 8B F1 B1 61 01 90 D2 A6 93 94 B0 FB 04 00 6D
2026-10-09 18:39:06,134 RX_BYTE 8B
2026-10-09 18:39:06,134 RX_BYTE F1
2026-10-09 18:39:06,134 RX_BYTE B1
2026-10-09 18:39:06,134 RX_BYTE 61
2026-10-09 18:39:06,134 RX_BYTE 01
2026-10-09 18:39:06,134 RX_BYTE 90
2026-10-09 18:39:06,134 RX_BYTE D2
2026-10-09 18:39:06,134 RX_BYTE A6
2026-10-09 18:39:06,134 RX_BYTE 93
2026-10-09 18:39:06,134 RX_BYTE 94
2026-10-09 18:39:06,134 RX_BYTE B0
2026-10-09 18:39:06,134 RX_BYTE FB
2026-10-09 18:39:06,134 RX_BYTE 04
2026-10-09 18:39:06,134 RX_BYTE 00
2026-10-09 18:39:06,134 RX_BYTE 6D
2026-10-09 18:39:06,135 RX 8B F1 B1 61 01 90 D2 A6 93 94 B0 FB 04 00 6D
2026-10-09 18:39:06,135 RX_BYTE 8B
2026-10-09 18:39:06,135 RX_BYTE F1
2026-10-09 18:39:06,135 RX_BYTE B1
2026-10-09 18:39:06,135 RX_BYTE 61
2026-10-09 18:39:06,135 RX_BYTE 01
2026-10-09 18:39:06,135 RX_BYTE 90
2026-10-09 18:39:06,135 RX_BYTE D2
2026-10-09 18:39:06,135 RX_BYTE A6
2026-10-09 18:39:06,135 RX_BYTE 93
2026-10-09 18:39:06,135 RX_BYTE 94
2026-10-09 18:39:06,135 RX_BYTE B0
2026-10-09 18:39:06,135 RX_BYTE FB
2026-10-09 18:39:06,135 RX_BYTE 04
2026-10-09 18:39:06,135 RX_BYTE 00
2026-10-09 18:39:06,135 RX_BYTE 6D
2026-10-09 18:39:06,135 RX 8B F1 B1 61 01 90 D2 A6 93 94 B0 FB 04 00 6D
2026-10-09 18:39:06,135 RX_BYTE 8B
2026-10-09 18:39:06,135 RX_BYTE F1
2026-10-09 18:39:06,135 RX_BYTE B1
2026-10-09 18:39:06,135 RX_BYTE 61
2026-10-09 18:39:06,135 RX_BYTE 01
2026-10-09 18:39:06,135 RX_BYTE 90
2026-10-09 18:39:06,135 RX_BYTE D2
2026-10-09 18:39:06,135 RX_BYTE A6
2026-10-09 18:39:06,135 RX_BYTE 93
2026-10-09 18:39:06,135 RX_BYTE 94
2026-10-09 18:39:06,135 RX_BYTE B0
2026-10-09 18:39:06,135 RX_BYTE FB
2026-10-09 18:39:06,135 RX_BYTE 04
2026-10-09 18:39:06,135 RX_BYTE 00
2026-10-09 18:39:06,135 RX_BYTE 6D
2026-10-09 18:39:06,136 RX 8B F1 B1 61 01 90 D2 A6 93 94 B0 FB 04 00 6D
2026-10-09 18:39:06,136 RX_BYTE 8B
2026-10-09 18:39:06,136 RX_BYTE F1
2026-10-09 18:39:06,136 RX_BYTE B1
2026-10-09 18:39:06,136 RX_BYTE 61
2026-10-09 18:39:06,136 RX_BYTE 01
2026-10-09 18:39:06,136 RX_BYTE 90
2026-10-09 18:39:06,136 RX_BYTE D2
2026-10-09 18:39:06,136 RX_BYTE A6
2026-10-09 18:39:06,136 RX_BYTE 93
2026-10-09 18:39:06,136 RX_BYTE 94
2026-10-09 18:39:06,136 RX_BYTE B0
2026-10-09 18:39:06,136 RX_BYTE FB
2026-10-09 18:39:06,136 RX_BYTE 04
2026-10-09 18:39:06,136 RX_BYTE 00
2026-10-09 18:39:06,136 RX_BYTE 6D
2026-10-09 18:39:06,136 RX 8B F1 B1 61 01 90 D2 A6 93 94 B0 FB 04 00 6D
2026-10-09 18:39:06,136 RX_BYTE 8B
2026-10-09 18:39:06,136 RX_BYTE F1
2026-10-09 18:39:06,136 RX_BYTE B1
2026-10-09 18:39:06,136 RX_BYTE 61
2026-10-09 18:39:06,136 RX_BYTE 01
2026-10-09 18:39:06,136 RX_BYTE 90
2026-10-09 18:39:06,136 RX_BYTE D2
2026-10-09 18:39:06,136 RX_BYTE A6
2026-10-09 18:39:06,136 RX_BYTE 93
2026-10-09 18:39:06,136 RX_BYTE 94
2026-10-09 18:39:06,136 RX_BYTE B0
2026-10-09 18:39:06,136 RX_BYTE FB
2026-10-09 18:39:06,136 RX_BYTE 04
2026-10-09 18:39:06,136 RX_BYTE 00
2026-10-09 18:39:06,136 RX_BYTE 6D
2026-10-09 18:39:06,136 RX 8B F1 B1 61 01 90 D2 A6 93 94 B0 FB 04 00 6D
2026-10-09 18:39:06,137 RX_BYTE 8B
2026-10-09 18:39:06,137 RX_BYTE F1
2026-10-09 18:39:06,137 RX_BYTE B1
2026-10-09 18:39:06,137 RX_BYTE 61
2026-10-09 18:39:06,137 RX_BYTE 01
2026-10-09 18:39:06,137 RX_BYTE 90
2026-10-09 18:39:06,137 RX_BYTE D2
2026-10-09 18:39:06,137 RX_BYTE A6
2026-10-09 18:39:06,137 RX_BYTE 93
2026-10-09 18:39:06,137 RX_BYTE 94
2026-10-09 18:39:06,137 RX_BYTE B0
2026-10-09 18:39:06,137 RX_BYTE FB
2026-10-09 18:39:06,137 RX_BYTE 04
2026-10-09 18:39:06,137 RX_BYTE 00
2026-10-09 18:39:06,137 RX_BYTE 6D
2026-10-09 18:39:06,137 RX 8B F1 B1 61 01 90 D2 A6 93 94 B0 FB 04 00 6D
2026-10-09 18:39:06,137 RX_BYTE 8B
2026-10-09 18:39:06,137 RX_BYTE F1
2026-10-09 18:39:06,137 RX_BYTE B1
2026-10-09 18:39:06,137 RX_BYTE 61
2026-10-09 18:39:06,137 RX_BYTE 01
2026-10-09 18:39:06,137 RX_BYTE 90
2026-10-09 18:39:06,137 RX_BYTE D2
2026-10-09 18:39:06,137 RX_BYTE A6
2026-10-09 18:39:06,137 RX_BYTE 93
2026-10-09 18:39:06,137 RX_BYTE 94
2026-10-09 18:39:06,137 RX_BYTE B0
2026-10-09 18:39:06,137 RX_BYTE FB
2026-10-09 18:39:06,137 RX_BYTE 04
2026-10-09 18:39:06,137 RX_BYTE 00
2026-10-09 18:39:06,137 RX_BYTE 6D
2026-10-09 18:39:06,137 RX 8B F1 B1 61 01 90 D2 A6 93 94 B0 FB 04 00 6D
2026-10-09 18:39:06,137 RX_BYTE 8B
2026-10-09 18:39:06,137 RX_BYTE F1
2026-10-09 18:39:06,138 RX_BYTE B1
2026-10-09 18:39:06,138 RX_BYTE 61
2026-10-09 18:39:06,138 RX_BYTE 01
2026-10-09 18:39:06,138 RX_BYTE 90
2026-10-09 18:39:06,138 RX_BYTE D2
2026-10-09 18:39:06,138 RX_BYTE A6
2026-10-09 18:39:06,138 RX_BYTE 93
2026-10-09 18:39:06,138 RX_BYTE 94
2026-10-09 18:39:06,138 RX_BYTE B0
2026-10-09 18:39:06,138 RX_BYTE FB
2026-10-09 18:39:06,138 RX_BYTE 04
2026-10-09 18:39:06,138 RX_BYTE 00
2026-10-09 18:39:06,138 RX_BYTE 6D
2026-10-09 18:39:06,138 RX 8B F1 B1 61 01 90 D2 A6 93 94 B0 FB 04 00 6D
2026-10-09 18:39:06,138 RX_BYTE 8B
2026-10-09 18:39:06,138 RX_BYTE F1
2026-10-09 18:39:06,138 RX_BYTE B1
2026-10-09 18:39:06,138 RX_BYTE 61
2026-10-09 18:39:06,138 RX_BYTE 01
2026-10-09 18:39:06,138 RX_BYTE 90
2026-10-09 18:39:06,138 RX_BYTE D2
2026-10-09 18:39:06,138 RX_BYTE A6
2026-10-09 18:39:06,138 RX_BYTE 93
2026-10-09 18:39:06,138 RX_BYTE 94
2026-10-09 18:39:06,138 RX_BYTE B0
2026-10-09 18:39:06,139 RX_BYTE FB
2026-10-09 18:39:06,139 RX_BYTE 04
2026-10-09 18:39:06,139 RX_BYTE 00
2026-10-09 18:39:06,139 RX_BYTE 6D
2026-10-09 18:39:06,139 RX 8B F1 B1 61 01 90 D2 A6 93 94 B0 FB 04 00 6D
2026-10-09 18:39:06,139 RX_BYTE 8B
2026-10-09 18:39:06,139 RX_BYTE F1
2026-10-09 18:39:06,139 RX_BYTE B1
2026-10-09 18:39:06,139 RX_BYTE 61
2026-10-09 18:39:06,139 RX_BYTE 01
2026-10-09 18:39:06,139 RX_BYTE 90
2026-10-09 18:39:06,139 RX_BYTE D2
2026-10-09 18:39:06,139 RX_BYTE A6
2026-10-09 18:39:06,139 RX_BYTE 93
2026-10-09 18:39:06,140 RX_BYTE 94
2026-10-09 18:39:06,140 RX_BYTE B0
2026-10-09 18:39:06,140 RX_BYTE FB
2026-10-09 18:39:06,140 RX_BYTE 04
2026-10-09 18:39:06,140 RX_BYTE 00
2026-10-09 18:39:06,140 RX_BYTE 6D
2026-10-09 18:39:06,140 RX 8B F1 B1 61 01 90 D2 A6 93 94 B0 FB 04 00 6D
2026-10-09 18:39:06,140 RX_BYTE 8B
2026-10-09 18:39:06,140 RX_BYTE F1
2026-10-09 18:39:06,140 RX_BYTE B1
2026-10-09 18:39:06,140 RX_BYTE 61
2026-10-09 18:39:06,140 RX_BYTE 01
2026-10-09 18:39:06,140 RX_BYTE 90
2026-10-09 18:39:06,140 RX_BYTE D2
2026-10-09 18:39:06,140 RX_BYTE A6
2026-10-09 18:39:06,140 RX_BYTE 93
2026-10-09 18:39:06,140 RX_BYTE 94
2026-10-09 18:39:06,141 RX_BYTE B0
2026-10-09 18:39:06,141 RX_BYTE FB
2026-10-09 18:39:06,141 RX_BYTE 04
2026-10-09 18:39:06,141 RX_BYTE 00
2026-10-09 18:39:06,141 RX_BYTE 6D
2026-10-09 18:39:06,141 RX 8B F1 B1 61 01 90 D2 A6 93 94 B0 FB 04 00 6D
2026-10-09 18:39:06,141 RX_BYTE 8B
2026-10-09 18:39:06,141 RX_BYTE F1
2026-10-09 18:39:06,141 RX_BYTE B1
2026-10-09 18:39:06,141 RX_BYTE 61
2026-10-09 18:39:06,141 RX_BYTE 01
2026-10-09 18:39:06,141 RX_BYTE 90
2026-10-09 18:39:06,141 RX_BYTE D2
2026-10-09 18:39:06,141 RX_BYTE A6
2026-10-09 18:39:06,141 RX_BYTE 93
2026-10-09 18:39:06,141 RX_BYTE 94
2026-10-09 18:39:06,141 RX_BYTE B0
2026-10-09 18:39:06,141 RX_BYTE FB
2026-10-09 18:39:06,141 RX_BYTE 04
2026-10-09 18:39:06,141 RX_BYTE 00
2026-10-09 18:39:06,141 RX_BYTE 6D
2026-10-09 18:39:06,141 RX 8B F1 B1 61 01 90 D2 A6 93 94 B0 FB 04 00 6D
2026-10-09 18:39:06,141 RX_BYTE 8B
2026-10-09 18:39:06,141 RX_BYTE F1
2026-10-09 18:39:06,141 RX_BYTE B1
2026-10-09 18:39:06,141 RX_BYTE 61
2026-10-09 18:39:06,141 RX_BYTE 01
2026-10-09 18:39:06,141 RX_BYTE 90
2026-10-09 18:39:06,141 RX_BYTE D2
2026-10-09 18:39:06,141 RX_BYTE A6
2026-10-09 18:39:06,141 RX_BYTE 93
2026-10-09 18:39:06,141 RX_BYTE 94
2026-10-09 18:39:06,142 RX_BYTE B0
2026-10-09 18:39:06,142 RX_BYTE FB
2026-10-09 18:39:06,142 RX_BYTE 04
2026-10-09 18:39:06,142 RX_BYTE 00
2026-10-09 18:39:06,142 RX_BYTE 6D
2026-10-09 18:39:06,142 RX 8B F1 B1 61 01 90 D2 A6 93 94 B0 FB 04 00 6D
2026-10-09 18:39:06,142 RX_BYTE 8B
2026-10-09 18:39:06,142 RX_BYTE F1
2026-10-09 18:39:06,142 RX_BYTE B1
2026-10-09 18:39:06,142 RX_BYTE 61
2026-10-09 18:39:06,142 RX_BYTE 01
2026-10-09 18:39:06,142 RX_BYTE 90
2026-10-09 18:39:06,142 RX_BYTE D2
2026-10-09 18:39:06,142 RX_BYTE A6
2026-10-09 18:39:06,142 RX_BYTE 93
2026-10-09 18:39:06,142 RX_BYTE 94
2026-10-09 18:39:06,142 RX_BYTE B0
2026-10-09 18:39:06,142 RX_BYTE FB
2026-10-09 18:39:06,142 RX_BYTE 04
2026-10-09 18:39:06,142 RX_BYTE 00
2026-10-09 18:39:06,142 RX_BYTE 6D
2026-10-09 18:39:06,142 RX 8B F1 B1 61 01 90 D2 A6 93 94 B0 FB 04 00 6D
2026-10-09 18:39:06,142 RX_BYTE 8B
2026-10-09 18:39:06,142 RX_BYTE F1
2026-10-09 18:39:06,142 RX_BYTE B1
2026-10-09 18:39:06,142 RX_BYTE 61
2026-10-09 18:39:06,142 RX_BYTE 01
2026-10-09 18:39:06,142 RX_BYTE 90
2026-10-09 18:39:06,142 RX_BYTE D2
2026-10-09 18:39:06,142 RX_BYTE A6
2026-10-09 18:39:06,142 RX_BYTE 93
2026-10-09 18:39:06,142 RX_BYTE 94
2026-10-09 18:39:06,142 RX_BYTE B0
2026-10-09 18:39:06,142 RX_BYTE FB
2026-10-09 18:39:06,143 RX_BYTE 04
2026-10-09 18:39:06,143 RX_BYTE 00
2026-10-09 18:39:06,143 RX_BYTE 6D
2026-10-09 18:39:06,143 RX 8B F1 B1 61 01 90 D2 A6 93 94 B0 FB 04 00 6D
2026-10-09 18:39:06,143 RX_BYTE 8B
2026-10-09 18:39:06,143 RX_BYTE F1
2026-10-09 18:39:06,143 RX_BYTE B1
2026-10-09 18:39:06,143 RX_BYTE 61
2026-10-09 18:39:06,143 RX_BYTE 01
2026-10-09 18:39:06,143 RX_BYTE 90
2026-10-09 18:39:06,143 RX_BYTE D2
2026-10-09 18:39:06,143 RX_BYTE A6
2026-10-09 18:39:06,143 RX_BYTE 93
2026-10-09 18:39:06,143 RX_BYTE 94
2026-10-09 18:39:06,143 RX_BYTE B0
2026-10-09 18:39:06,143 RX_BYTE FB
2026-10-09 18:39:06,143 RX_BYTE 04
2026-10-09 18:39:06,143 RX_BYTE 00
2026-10-09 18:39:06,143 RX_BYTE 6D
2026-10-09 18:39:06,143 RX 8B F1 B1 61 01 90 D2 A6 93 94 B0 FB 04 00 6D
2026-10-09 18:39:06,143 RX_BYTE 8B
2026-10-09 18:39:06,143 RX_BYTE F1
2026-10-09 18:39:06,143 RX_BYTE B1
2026-10-09 18:39:06,143 RX_BYTE 61
2026-10-09 18:39:06,143 RX_BYTE 01
2026-10-09 18:39:06,143 RX_BYTE 90
2026-10-09 18:39:06,143 RX_BYTE D2
2026-10-09 18:39:06,143 RX_BYTE A6
2026-10-09 18:39:06,143 RX_BYTE 93
2026-10-09 18:39:06,143 RX_BYTE 94
2026-10-09 18:39:06,143 RX_BYTE B0
2026-10-09 18:39:06,143 RX_BYTE FB
2026-10-09 18:39:06,143 RX_BYTE 04
2026-10-09 18:39:06,143 RX_BYTE 00
2026-10-09 18:39:06,144 RX_BYTE 6D
2026-10-09 18:39:06,144 RX 8B F1 B1 61 01 90 D2 A6 93 94 B0 FB 04 00 6D
2026-10-09 18:39:06,144 RX_BYTE 8B
2026-10-09 18:39:06,144 RX_BYTE F1
2026-10-09 18:39:06,144 RX_BYTE B1
2026-10-09 18:39:06,144 RX_BYTE 61
2026-10-09 18:39:06,144 RX_BYTE 01
2026-10-09 18:39:06,144 RX_BYTE 90
2026-10-09 18:39:06,144 RX_BYTE D2
2026-10-09 18:39:06,144 RX_BYTE A6
2026-10-09 18:39:06,144 RX_BYTE 93
2026-10-09 18:39:06,144 RX_BYTE 94
2026-10-09 18:39:06,144 RX_BYTE B0
2026-10-09 18:39:06,144 RX_BYTE FB
2026-10-09 18:39:06,144 RX_BYTE 04
2026-10-09 18:39:06,144 RX_BYTE 00
2026-10-09 18:39:06,144 RX_BYTE 6D
2026-10-09 18:39:06,144 RX 8B F1 B1 61 01 90 D2 A6 93 94 B0 FB 04 00 6D
2026-10-09 18:39:06,144 RX_BYTE 8B
2026-10-09 18:39:06,144 RX_BYTE F1
2026-10-09 18:39:06,144 RX_BYTE B1
2026-10-09 18:39:06,144 RX_BYTE 61
2026-10-09 18:39:06,144 RX_BYTE 01
2026-10-09 18:39:06,144 RX_BYTE 90
2026-10-09 18:39:06,144 RX_BYTE D2
2026-10-09 18:39:06,144 RX_BYTE A6
2026-10-09 18:39:06,144 RX_BYTE 93
2026-10-09 18:39:06,144 RX_BYTE 94
2026-10-09 18:39:06,144 RX_BYTE B0
2026-10-09 18:39:06,144 RX_BYTE FB
2026-10-09 18:39:06,144 RX_BYTE 04
2026-10-09 18:39:06,144 RX_BYTE 00
2026-10-09 18:39:06,144 RX_BYTE 6D
2026-10-09 18:39:06,144 RX 8B F1 B1 61 01 90 D2 A6 93 94 B0 FB 04 00 6D
2026-10-09 18:39:06,145 RX_BYTE 8B
2026-10-09 18:39:06,145 RX_BYTE F1
2026-10-09 18:39:06,145 RX_BYTE B1
2026-10-09 18:39:06,145 RX_BYTE 61
2026-10-09 18:39:06,145 RX_BYTE 01
2026-10-09 18:39:06,145 RX_BYTE 90
2026-10-09 18:39:06,145 RX_BYTE D2
2026-10-09 18:39:06,145 RX_BYTE A6
2026-10-09 18:39:06,145 RX_BYTE 93
2026-10-09 18:39:06,145 RX_BYTE 94
2026-10-09 18:39:06,145 RX_BYTE B0
2026-10-09 18:39:06,145 RX_BYTE FB
2026-10-09 18:39:06,145 RX_BYTE 04
2026-10-09 18:39:06,145 RX_BYTE 00
2026-10-09 18:39:06,145 RX_BYTE 6D
2026-10-09 18:39:06,145 RX 8B F1 B1 61 01 90 D2 A6 93 94 B0 FB 04 00 6D
2026-10-09 18:39:06,145 RX_BYTE 8B
2026-10-09 18:39:06,145 RX_BYTE F1
2026-10-09 18:39:06,145 RX_BYTE B1
2026-10-09 18:39:06,145 RX_BYTE 61
2026-10-09 18:39:06,145 RX_BYTE 01
2026-10-09 18:39:06,145 RX_BYTE 90
2026-10-09 18:39:06,145 RX_BYTE D2
2026-10-09 18:39:06,145 RX_BYTE A6
2026-10-09 18:39:06,145 RX_BYTE 93
2026-10-09 18:39:06,145 RX_BYTE 94
2026-10-09 18:39:06,145 RX_BYTE B0
2026-10-09 18:39:06,145 RX_BYTE FB
2026-10-09 18:39:06,145 RX_BYTE 04
2026-10-09 18:39:06,145 RX_BYTE 00
2026-10-09 18:39:06,145 RX_BYTE 6D
2026-10-09 18:39:06,145 RX 8B F1 B1 61 01 90 D2 A6 93 94 B0 FB 04 00 6D
2026-10-09 18:39:06,145 RX_BYTE 8B
2026-10-09 18:39:06,145 RX_BYTE F1
2026-10-09 18:39:06,145 RX_BYTE B1
2026-10-09 18:39:06,146 RX_BYTE 61
2026-10-09 18:39:06,146 RX_BYTE 01
2026-10-09 18:39:06,146 RX_BYTE 90
2026-10-09 18:39:06,146 RX_BYTE D2
2026-10-09 18:39:06,146 RX_BYTE A6
2026-10-09 18:39:06,146 RX_BYTE 93
2026-10-09 18:39:06,146 RX_BYTE 94
2026-10-09 18:39:06,146 RX_BYTE B0
2026-10-09 18:39:06,146 RX_BYTE FB
2026-10-09 18:39:06,146 RX_BYTE 04
2026-10-09 18:39:06,146 RX_BYTE 00
2026-10-09 18:39:06,146 RX_BYTE 6D
2026-10-09 18:39:06,146 RX 8B F1 B1 61 01 90 D2 A6 93 94 B0 FB 04 00 6D
2026-10-09 18:39:06,146 RX_BYTE 8B
2026-10-09 18:39:06,146 RX_BYTE F1
2026-10-09 18:39:06,146 RX_BYTE B1
2026-10-09 18:39:06,146 RX_BYTE 61
2026-10-09 18:39:06,146 RX_BYTE 01
2026-10-09 18:39:06,146 RX_BYTE 90
2026-10-09 18:39:06,146 RX_BYTE D2
2026-10-09 18:39:06,146 RX_BYTE A6
2026-10-09 18:39:06,146 RX_BYTE 93
2026-10-09 18:39:06,146 RX_BYTE 94
2026-10-09 18:39:06,146 RX_BYTE B0
2026-10-09 18:39:06,146 RX_BYTE FB
2026-10-09 18:39:06,146 RX_BYTE 04
2026-10-09 18:39:06,146 RX_BYTE 00
2026-10-09 18:39:06,146 RX_BYTE 6D
2026-10-09 18:39:06,146 RX 8B F1 B1 61 01 90 D2 A6 93 94 B0 FB 04 00 6D
2026-10-09 18:39:06,146 RX_BYTE 8B
2026-10-09 18:39:06,146 RX_BYTE F1
2026-10-09 18:39:06,146 RX_BYTE B1
2026-10-09 18:39:06,146 RX_BYTE 61
2026-10-09 18:39:06,146 RX_BYTE 01
2026-10-09 18:39:06,147 RX_BYTE 90
2026-10-09 18:39:06,147 RX_BYTE D2
2026-10-09 18:39:06,147 RX_BYTE A6
2026-10-09 18:39:06,147 RX_BYTE 93
2026-10-09 18:39:06,147 RX_BYTE 94
2026-10-09 18:39:06,147 RX_BYTE B0
2026-10-09 18:39:06,147 RX_BYTE FB
2026-10-09 18:39:06,147 RX_BYTE 04
2026-10-09 18:39:06,147 RX_BYTE 00
2026-10-09 18:39:06,147 RX_BYTE 6D
2026-10-09 18:39:06,147 RX 8B F1 B1 61 01 90 D2 A6 93 94 B0 FB 04 00 6D
2026-10-09 18:39:06,147 RX_BYTE 8B
2026-10-09 18:39:06,147 RX_BYTE F1
2026-10-09 18:39:06,147 RX_BYTE B1
2026-10-09 18:39:06,147 RX_BYTE 61
2026-10-09 18:39:06,147 RX_BYTE 01
2026-10-09 18:39:06,147 RX_BYTE 90
2026-10-09 18:39:06,147 RX_BYTE D2
2026-10-09 18:39:06,147 RX_BYTE A6
2026-10-09 18:39:06,147 RX_BYTE 93
2026-10-09 18:39:06,147 RX_BYTE 94
2026-10-09 18:39:06,147 RX_BYTE B0
2026-10-09 18:39:06,147 RX_BYTE FB
2026-10-09 18:39:06,147 RX_BYTE 04
2026-10-09 18:39:06,147 RX_BYTE 00
2026-10-09 18:39:06,147 RX_BYTE 6D
2026-10-09 18:39:06,147 RX 8B F1 B1 61 01 90 D2 A6 93 94 B0 FB 04 00 6D
2026-10-09 18:39:06,147 RX_BYTE 8B
2026-10-09 18:39:06,147 RX_BYTE F1
2026-10-09 18:39:06,147 RX_BYTE B1
2026-10-09 18:39:06,147 RX_BYTE 61
2026-10-09 18:39:06,147 RX_BYTE 01
2026-10-09 18:39:06,147 RX_BYTE 90
2026-10-09 18:39:06,147 RX_BYTE D2
2026-10-09 18:39:06,148 RX_BYTE A6
2026-10-09 18:39:06,148 RX_BYTE 93
2026-10-09 18:39:06,148 RX_BYTE 94
2026-10-09 18:39:06,148 RX_BYTE B0
2026-10-09 18:39:06,148 RX_BYTE FB
2026-10-09 18:39:06,148 RX_BYTE 04
2026-10-09 18:39:06,148 RX_BYTE 00
2026-10-09 18:39:06,148 RX_BYTE 6D
2026-10-09 18:39:06,148 RX 8B F1 B1 61 01 90 D2 A6 93 94 B0 FB 04 00 6D
2026-10-09 18:39:06,148 RX_BYTE 8B
2026-10-09 18:39:06,148 RX_BYTE F1
2026-10-09 18:39:06,148 RX_BYTE B1
2026-10-09 18:39:06,148 RX_BYTE 61
2026-10-09 18:39:06,148 RX_BYTE 01
2026-10-09 18:39:06,148 RX_BYTE 90
2026-10-09 18:39:06,148 RX_BYTE D2
2026-10-09 18:39:06,148 RX_BYTE A6
2026-10-09 18:39:06,148 RX_BYTE 93
2026-10-09 18:39:06,148 RX_BYTE 94
2026-10-09 18:39:06,148 RX_BYTE B0
2026-10-09 18:39:06,148 RX_BYTE FB
2026-10-09 18:39:06,148 RX_BYTE 04
2026-10-09 18:39:06,148 RX_BYTE 00
2026-10-09 18:39:06,148 RX_BYTE 6D
2026-10-09 18:39:06,148 RX 8B F1 B1 61 01 90 D2 A6 93 94 B0 FB 04 00 6D
2026-10-09 18:39:06,148 RX_BYTE 8B
2026-10-09 18:39:06,148 RX_BYTE F1
2026-10-09 18:39:06,148 RX_BYTE B1
2026-10-09 18:39:06,148 RX_BYTE 61
2026-10-09 18:39:06,148 RX_BYTE 01
2026-10-09 18:39:06,148 RX_BYTE 90
2026-10-09 18:39:06,148 RX_BYTE D2
2026-10-09 18:39:06,148 RX_BYTE A6
2026-10-09 18:39:06,148 RX_BYTE 93
2026-10-09 18:39:06,148 RX_BYTE 94
2026-10-09 18:39:06,149 RX_BYTE B0
2026-10-09 18:39:06,149 RX_BYTE FB
2026-10-09 18:39:06,149 RX_BYTE 04
2026-10-09 18:39:06,149 RX_BYTE 00
2026-10-09 18:39:06,149 RX_BYTE 6D
2026-10-09 18:39:06,149 RX 8B F1 B1 61 01 90 D2 A6 93 94 B0 FB 04 00 6D
2026-10-09 18:39:06,149 RX_BYTE 8B
2026-10-09 18:39:06,149 RX_BYTE F1
2026-10-09 18:39:06,149 RX_BYTE B1
2026-10-09 18:39:06,149 RX_BYTE 61
2026-10-09 18:39:06,149 RX_BYTE 01
2026-10-09 18:39:06,149 RX_BYTE 90
2026-10-09 18:39:06,149 RX_BYTE D2
2026-10-09 18:39:06,149 RX_BYTE A6
2026-10-09 18:39:06,149 RX_BYTE 93
2026-10-09 18:39:06,149 RX_BYTE 94
2026-10-09 18:39:06,149 RX_BYTE B0
2026-10-09 18:39:06,149 RX_BYTE FB
2026-10-09 18:39:06,149 RX_BYTE 04
2026-10-09 18:39:06,149 RX_BYTE 00
2026-10-09 18:39:06,149 RX_BYTE 6D
2026-10-09 18:39:06,149 RX 8B F1 B1 61 01 90 D2 A6 93 94 B0 FB 04 00 6D
2026-10-09 18:39:06,149 RX_BYTE 8B
2026-10-09 18:39:06,149 RX_BYTE F1
2026-10-09 18:39:06,149 RX_BYTE B1
2026-10-09 18:39:06,149 RX_BYTE 61
2026-10-09 18:39:06,149 RX_BYTE 01
2026-10-09 18:39:06,149 RX_BYTE 90
2026-10-09 18:39:06,149 RX_BYTE D2
2026-10-09 18:39:06,149 RX_BYTE A6
2026-10-09 18:39:06,149 RX_BYTE 93
2026-10-09 18:39:06,149 RX_BYTE 94
2026-10-09 18:39:06,149 RX_BYTE B0
2026-10-09 18:39:06,149 RX_BYTE FB
2026-10-09 18:39:06,150 RX_BYTE 04
2026-10-09 18:39:06,150 RX_BYTE 00
2026-10-09 18:39:06,150 RX_BYTE 6D
2026-10-09 18:39:06,150 RX 8B F1 B1 61 01 90 D2 A6 93 94 B0 FB 04 00 6D
2026-10-09 18:39:06,150 RX_BYTE 8B
2026-10-09 18:39:06,150 RX_BYTE F1
2026-10-09 18:39:06,150 RX_BYTE B1
2026-10-09 18:39:06,150 RX_BYTE 61
2026-10-09 18:39:06,150 RX_BYTE 01
2026-10-09 18:39:06,150 RX_BYTE 90
2026-10-09 18:39:06,150 RX_BYTE D2
2026-10-09 18:39:06,150 RX_BYTE A6
2026-10-09 18:39:06,150 RX_BYTE 93
2026-10-09 18:39:06,150 RX_BYTE 94
2026-10-09 18:39:06,150 RX_BYTE B0
2026-10-09 18:39:06,150 RX_BYTE FB
2026-10-09 18:39:06,150 RX_BYTE 04
2026-10-09 18:39:06,150 RX_BYTE 00
2026-10-09 18:39:06,150 RX_BYTE 6D
2026-10-09 18:39:06,150 RX 8B F1 B1 61 01 90 D2 A6 93 94 B0 FB 04 00 6D
2026-10-09 18:39:06,150 RX_BYTE 8B
2026-10-09 18:39:06,150 RX_BYTE F1
2026-10-09 18:39:06,150 RX_BYTE B1
2026-10-09 18:39:06,150 RX_BYTE 61
2026-10-09 18:39:06,150 RX_BYTE 01
2026-10-09 18:39:06,150 RX_BYTE 90
2026-10-09 18:39:06,150 RX_BYTE D2
2026-10-09 18:39:06,150 RX_BYTE A6
2026-10-09 18:39:06,150 RX_BYTE 93
2026-10-09 18:39:06,150 RX_BYTE 94
2026-10-09 18:39:06,150 RX_BYTE B0
2026-10-09 18:39:06,150 RX_BYTE FB
2026-10-09 18:39:06,151 RX_BYTE 04
2026-10-09 18:39:06,151 RX_BYTE 00
2026-10-09 18:39:06,151 RX_BYTE 6D
2026-10-09 18:39:06,151 RX 8B F1 B1 61 01 90 D2 A6 93 94 B0 FB 04 00 6D
2026-10-09 18:39:06,151 RX_BYTE 8B
2026-10-09 18:39:06,151 RX_BYTE F1
2026-10-09 18:39:06,151 RX_BYTE B1
2026-10-09 18:39:06,151 RX_BYTE 61
2026-10-09 18:39:06,151 RX_BYTE 01
2026-10-09 18:39:06,151 RX_BYTE 90
2026-10-09 18:39:06,151 RX_BYTE D2
2026-10-09 18:39:06,151 RX_BYTE A6
2026-10-09 18:39:06,151 RX_BYTE 93
2026-10-09 18:39:06,151 RX_BYTE 94
2026-10-09 18:39:06,151 RX_BYTE B0
2026-10-09 18:39:06,151 RX_BYTE FB
2026-10-09 18:39:06,151 RX_BYTE 04
2026-10-09 18:39:06,151 RX_BYTE 00
2026-10-09 18:39:06,151 RX_BYTE 6D
2026-10-09 18:39:06,151 RX 8B F1 B1 61 01 90 D2 A6 93 94 B0 FB 04 00 6D
2026-10-09 18:39:06,151 RX_BYTE 8B
2026-10-09 18:39:06,151 RX_BYTE F1
2026-10-09 18:39:06,151 RX_BYTE B1
2026-10-09 18:39:06,151 RX_BYTE 61
2026-10-09 18:39:06,151 RX_BYTE 01
2026-10-09 18:39:06,151 RX_BYTE 90
2026-10-09 18:39:06,151 RX_BYTE D2
2026-10-09 18:39:06,151 RX_BYTE A6
2026-10-09 18:39:06,151 RX_BYTE 93
2026-10-09 18:39:06,151 RX_BYTE 94
2026-10-09 18:39:06,151 RX_BYTE B0
2026-10-09 18:39:06,151 RX_BYTE FB
2026-10-09 18:39:06,151 RX_BYTE 04
2026-10-09 18:39:06,151 RX_BYTE 00
2026-10-09 18:39:06,152 RX_BYTE 6D
2026-10-09 18:39:06,152 RX 8B F1 B1 61 01 90 D2 A6 93 94 B0 FB 04 00 6D
2026-10-09 18:39:06,152 RX_BYTE 8B
2026-10-09 18:39:06,152 RX_BYTE F1
2026-10-09 18:39:06,152 RX_BYTE B1
2026-10-09 18:39:06,152 RX_BYTE 61
2026-10-09 18:39:06,152 RX_BYTE 01
2026-10-09 18:39:06,152 RX_BYTE 90
2026-10-09 18:39:06,152 RX_BYTE D2
2026-10-09 18:39:06,152 RX_BYTE A6
2026-10-09 18:39:06,152 RX_BYTE 93
2026-10-09 18:39:06,152 RX_BYTE 94
2026-10-09 18:39:06,152 RX_BYTE B0
2026-10-09 18:39:06,152 RX_BYTE FB
2026-10-09 18:39:06,152 RX_BYTE 04
2026-10-09 18:39:06,152 RX_BYTE 00
2026-10-09 18:39:06,152 RX_BYTE 6D
2026-10-09 18:39:06,152 RX 8B F1 B1 61 01 90 D2 A6 93 94 B0 FB 04 00 6D
2026-10-09 18:39:06,152 RX_BYTE 8B
2026-10-09 18:39:06,152 RX_BYTE F1
2026-10-09 18:39:06,152 RX_BYTE B1
2026-10-09 18:39:06,152 RX_BYTE 61
2026-10-09 18:39:06,152 RX_BYTE 01
2026-10-09 18:39:06,152 RX_BYTE 90
2026-10-09 18:39:06,152 RX_BYTE D2
2026-10-09 18:39:06,152 RX_BYTE A6
2026-10-09 18:39:06,152 RX_BYTE 93
2026-10-09 18:39:06,152 RX_BYTE 94
2026-10-09 18:39:06,152 RX_BYTE B0
2026-10-09 18:39:06,152 RX_BYTE FB
2026-10-09 18:39:06,152 RX_BYTE 04
2026-10-09 18:39:06,152 RX_BYTE 00
2026-10-09 18:39:06,152 RX_BYTE 6D
2026-10-09 18:39:06,152 RX 8B F1 B1 61 01 90 D2 A6 93 94 B0 FB 04 00 6D
2026-10-09 18:39:06,153 RX_BYTE 8B
2026-10-09 18:39:06,153 RX_BYTE F1
2026-10-09 18:39:06,153 RX_BYTE B1
2026-10-09 18:39:06,153 RX_BYTE 61
2026-10-09 18:39:06,153 RX_BYTE 01
2026-10-09 18:39:06,153 RX_BYTE 90
2026-10-09 18:39:06,153 RX_BYTE D2
2026-10-09 18:39:06,153 RX_BYTE A6
2026-10-09 18:39:06,153 RX_BYTE 93
2026-10-09 18:39:06,153 RX_BYTE 94
2026-10-09 18:39:06,153 RX_BYTE B0
2026-10-09 18:39:06,153 RX_BYTE FB
2026-10-09 18:39:06,153 RX_BYTE 04
2026-10-09 18:39:06,153 RX_BYTE 00
2026-10-09 18:39:06,153 RX_BYTE 6D
2026-10-09 18:39:06,153 RX 8B F1 B1 61 01 90 D2 A6 93 94 B0 FB 04 00 6D
2026-10-09 18:39:06,153 RX_BYTE 8B
2026-10-09 18:39:06,153 RX_BYTE F1
2026-10-09 18:39:06,153 RX_BYTE B1
2026-10-09 18:39:06,153 RX_BYTE 61
2026-10-09 18:39:06,153 RX_BYTE 01
2026-10-09 18:39:06,153 RX_BYTE 90
2026-10-09 18:39:06,153 RX_BYTE D2
2026-10-09 18:39:06,153 RX_BYTE A6
2026-10-09 18:39:06,153 RX_BYTE 93
2026-10-09 18:39:06,153 RX_BYTE 94
2026-10-09 18:39:06,153 RX_BYTE B0
2026-10-09 18:39:06,153 RX_BYTE FB
2026-10-09 18:39:06,153 RX_BYTE 04
2026-10-09 18:39:06,153 RX_BYTE 00
2026-10-09 18:39:06,153 RX_BYTE 6D
2026-10-09 18:39:06,153 RX 8B F1 B1 61 01 90 D2 A6 93 94 B0 FB 04 00 6D
2026-10-09 18:39:06,154 RX_BYTE 8B
2026-10-09 18:39:06,154 RX_BYTE F1
2026-10-09 18:39:06,154 RX_BYTE B1
2026-10-09 18:39:06,154 RX_BYTE 61
2026-10-09 18:39:06,154 RX_BYTE 01
2026-10-09 18:39:06,154 RX_BYTE 90
2026-10-09 18:39:06,154 RX_BYTE D2
2026-10-09 18:39:06,154 RX_BYTE A6
2026-10-09 18:39:06,154 RX_BYTE 93
2026-10-09 18:39:06,154 RX_BYTE 94
2026-10-09 18:39:06,154 RX_BYTE B0
2026-10-09 18:39:06,154 RX_BYTE FB
2026-10-09 18:39:06,154 RX_BYTE 04
2026-10-09 18:39:06,154 RX_BYTE 00
2026-10-09 18:39:06,154 RX_BYTE 6D
2026-10-09 18:39:06,154 RX 8B F1 B1 61 01 90 D2 A6 93 94 B0 FB 04 00 6D
2026-10-09 18:39:06,154 RX_BYTE 8B
2026-10-09 18:39:06,154 RX_BYTE F1
2026-10-09 18:39:06,154 RX_BYTE B1
2026-10-09 18:39:06,154 RX_BYTE 61
2026-10-09 18:39:06,154 RX_BYTE 01
2026-10-09 18:39:06,154 RX_BYTE 90
2026-10-09 18:39:06,154 RX_BYTE D2
2026-10-09 18:39:06,154 RX_BYTE A6
2026-10-09 18:39:06,154 RX_BYTE 93
2026-10-09 18:39:06,154 RX_BYTE 94
2026-10-09 18:39:06,154 RX_BYTE B0
2026-10-09 18:39:06,154 RX_BYTE FB
2026-10-09 18:39:06,154 RX_BYTE 04
2026-10-09 18:39:06,155 RX_BYTE 00
2026-10-09 18:39:06,155 RX_BYTE 6D
2026-10-09 18:39:06,155 RX 8B F1 B1 61 01 90 D2 A6 93 94 B0 FB 04 00 6D
2026-10-09 18:39:06,155 RX_BYTE 8B
2026-10-09 18:39:06,155 RX_BYTE F1
2026-10-09 18:39:06,155 RX_BYTE B1
2026-10-09 18:39:06,155 RX_BYTE 61
2026-10-09 18:39:06,155 RX_BYTE 01
2026-10-09 18:39:06,155 RX_BYTE 90
2026-10-09 18:39:06,155 RX_BYTE D2
2026-10-09 18:39:06,155 RX_BYTE A6
2026-10-09 18:39:06,155 RX_BYTE 93
2026-10-09 18:39:06,155 RX_BYTE 94
2026-10-09 18:39:06,155 RX_BYTE B0
2026-10-09 18:39:06,155 RX_BYTE FB
2026-10-09 18:39:06,155 RX_BYTE 04
2026-10-09 18:39:06,156 RX_BYTE 00
2026-10-09 18:39:06,156 RX_BYTE 6D
2026-10-09 18:39:06,156 RX 8B F1 B1 61 01 90 D2 A6 93 94 B0 FB 04 00 6D
2026-10-09 18:39:06,156 RX_BYTE 8B
2026-10-09 18:39:06,156 RX_BYTE F1
2026-10-09 18:39:06,156 RX_BYTE B1
2026-10-09 18:39:06,156 RX_BYTE 61
2026-10-09 18:39:06,156 RX_BYTE 01
2026-10-09 18:39:06,156 RX_BYTE 90
2026-10-09 18:39:06,156 RX_BYTE D2
2026-10-09 18:39:06,156 RX_BYTE A6
2026-10-09 18:39:06,156 RX_BYTE 93
2026-10-09 18:39:06,156 RX_BYTE 94
2026-10-09 18:39:06,157 RX_BYTE B0
2026-10-09 18:39:06,157 RX_BYTE FB
2026-10-09 18:39:06,157 RX_BYTE 04
2026-10-09 18:39:06,157 RX_BYTE 00
2026-10-09 18:39:06,157 RX_BYTE 6D
2026-10-09 18:39:06,157 RX 8B F1 B1 61 01 90 D2 A6 93 94 B0 FB 04 00 6D
2026-10-09 18:39:06,157 RX_BYTE 8B
2026-10-09 18:39:06,157 RX_BYTE F1
2026-10-09 18:39:06,157 RX_BYTE B1
2026-10-09 18:39:06,157 RX_BYTE 61
2026-10-09 18:39:06,157 RX_BYTE 01
2026-10-09 18:39:06,157 RX_BYTE 90
2026-10-09 18:39:06,157 RX_BYTE D2
2026-10-09 18:39:06,157 RX_BYTE A6
2026-10-09 18:39:06,157 RX_BYTE 93
2026-10-09 18:39:06,157 RX_BYTE 94
2026-10-09 18:39:06,157 RX_BYTE B0
2026-10-09 18:39:06,157 RX_BYTE FB
2026-10-09 18:39:06,157 RX_BYTE 04
2026-10-09 18:39:06,157 RX_BYTE 00
2026-10-09 18:39:06,158 RX_BYTE 6D
2026-10-09 18:39:06,158 RX 8B F1 B1 61 01 90 D2 A6 93 94 B0 FB 04 00 6D
2026-10-09 18:39:06,158 RX_BYTE 8B
2026-10-09 18:39:06,158 RX_BYTE F1
2026-10-09 18:39:06,158 RX_BYTE B1
2026-10-09 18:39:06,158 RX_BYTE 61
2026-10-09 18:39:06,158 RX_BYTE 01
2026-10-09 18:39:06,158 RX_BYTE 90
2026-10-09 18:39:06,158 RX_BYTE D2
2026-10-09 18:39:06,158 RX_BYTE A6
2026-10-09 18:39:06,158 RX_BYTE 93
2026-10-09 18:39:06,158 RX_BYTE 94
2026-10-09 18:39:06,158 RX_BYTE B0
2026-10-09 18:39:06,158 RX_BYTE FB
2026-10-09 18:39:06,158 RX_BYTE 04
2026-10-09 18:39:06,158 RX_BYTE 00
2026-10-09 18:39:06,158 RX_BYTE 6D
2026-10-09 18:39:06,158 RX 8B F1 B1 61 01 90 D2 A6 93 94 B0 FB 04 00 6D
2026-10-09 18:39:06,158 RX_BYTE 8B
2026-10-09 18:39:06,158 RX_BYTE F1
2026-10-09 18:39:06,158 RX_BYTE B1
2026-10-09 18:39:06,158 RX_BYTE 61
2026-10-09 18:39:06,158 RX_BYTE 01
2026-10-09 18:39:06,158 RX_BYTE 90
2026-10-09 18:39:06,158 RX_BYTE D2
2026-10-09 18:39:06,158 RX_BYTE A6
2026-10-09 18:39:06,158 RX_BYTE 93
2026-10-09 18:39:06,158 RX_BYTE 94
2026-10-09 18:39:06,158 RX_BYTE B0
2026-10-09 18:39:06,158 RX_BYTE FB
2026-10-09 18:39:06,158 RX_BYTE 04
2026-10-09 18:39:06,158 RX_BYTE 00
2026-10-09 18:39:06,158 RX_BYTE 6D
2026-10-09 18:39:06,159 RX 8B F1 B1 61 01 90 D2 A6 93 94 B0 FB 04 00 6D
2026-10-09 18:39:06,159 RX_BYTE 8B
2026-10-09 18:39:06,159 RX_BYTE F1
2026-10-09 18:39:06,159 RX_BYTE B1
2026-10-09 18:39:06,159 RX_BYTE 61
2026-10-09 18:39:06,159 RX_BYTE 01
2026-10-09 18:39:06,159 RX_BYTE 90
2026-10-09 18:39:06,159 RX_BYTE D2
2026-10-09 18:39:06,159 RX_BYTE A6
2026-10-09 18:39:06,159 RX_BYTE 93
2026-10-09 18:39:06,159 RX_BYTE 94
2026-10-09 18:39:06,159 RX_BYTE B0
2026-10-09 18:39:06,159 RX_BYTE FB
2026-10-09 18:39:06,159 RX_BYTE 04
2026-10-09 18:39:06,159 RX_BYTE 00
2026-10-09 18:39:06,159 RX_BYTE 6D
2026-10-09 18:39:06,159 RX 8B F1 B1 61 01 90 D2 A6 93 94 B0 FB 04 00 6D
2026-10-09 18:39:06,159 RX_BYTE 8B
2026-10-09 18:39:06,159 RX_BYTE F1
2026-10-09 18:39:06,159 RX_BYTE B1
2026-10-09 18:39:06,159 RX_BYTE 61
2026-10-09 18:39:06,159 RX_BYTE 01
2026-10-09 18:39:06,159 RX_BYTE 90
2026-10-09 18:39:06,159 RX_BYTE D2
2026-10-09 18:39:06,159 RX_BYTE A6
2026-10-09 18:39:06,159 RX_BYTE 93
2026-10-09 18:39:06,159 RX_BYTE 94
2026-10-09 18:39:06,159 RX_BYTE B0
2026-10-09 18:39:06,159 RX_BYTE FB
2026-10-09 18:39:06,159 RX_BYTE 04
2026-10-09 18:39:06,159 RX_BYTE 00
2026-10-09 18:39:06,159 RX_BYTE 6D
2026-10-09 18:39:06,159 RX 8B F1 B1 61 01 90 D2 A6 93 94 B0 FB 04 00 6D
2026-10-09 18:39:06,160 RX_BYTE 8B
2026-10-09 18:39:06,160 RX_BYTE F1
2026-10-09 18:39:06,160 RX_BYTE B1
2026-10-09 18:39:06,160 RX_BYTE 61
2026-10-09 18:39:06,160 RX_BYTE 01
2026-10-09 18:39:06,160 RX_BYTE 90
2026-10-09 18:39:06,160 RX_BYTE D2
2026-10-09 18:39:06,160 RX_BYTE A6
2026-10-09 18:39:06,160 RX_BYTE 93
2026-10-09 18:39:06,160 RX_BYTE 94
2026-10-09 18:39:06,160 RX_BYTE B0
2026-10-09 18:39:06,160 RX_BYTE FB
2026-10-09 18:39:06,160 RX_BYTE 04
2026-10-09 18:39:06,160 RX_BYTE 00
2026-10-09 18:39:06,160 RX_BYTE 6D
2026-10-09 18:39:06,160 RX 8B F1 B1 61 01 90 D2 A6 93 94 B0 FB 04 00 6D
2026-10-09 18:39:06,160 RX_BYTE 8B
2026-10-09 18:39:06,160 RX_BYTE F1
2026-10-09 18:39:06,160 RX_BYTE B1
2026-10-09 18:39:06,160 RX_BYTE 61
2026-10-09 18:39:06,160 RX_BYTE 01
2026-10-09 18:39:06,160 RX_BYTE 90
2026-10-09 18:39:06,160 RX_BYTE D2
2026-10-09 18:39:06,160 RX_BYTE A6
2026-10-09 18:39:06,160 RX_BYTE 93
2026-10-09 18:39:06,160 RX_BYTE 94
2026-10-09 18:39:06,160 RX_BYTE B0
2026-10-09 18:39:06,160 RX_BYTE FB
2026-10-09 18:39:06,160 RX_BYTE 04
2026-10-09 18:39:06,160 RX_BYTE 00
2026-10-09 18:39:06,160 RX_BYTE 6D
2026-10-09 18:39:06,160 RX 8B F1 B1 61 01 90 D2 A6 93 94 B0 FB 04 00 6D
2026-10-09 18:39:06,160 RX_BYTE 8B
2026-10-09 18:39:06,160 RX_BYTE F1
2026-10-09 18:39:06,161 RX_BYTE B1
2026-10-09 18:39:06,161 RX_BYTE 61
2026-10-09 18:39:06,161 RX_BYTE 01
2026-10-09 18:39:06,161 RX_BYTE 90
2026-10-09 18:39:06,161 RX_BYTE D2
2026-10-09 18:39:06,161 RX_BYTE A6
2026-10-09 18:39:06,161 RX_BYTE 93
2026-10-09 18:39:06,161 RX_BYTE 94
2026-10-09 18:39:06,161 RX_BYTE B0
2026-10-09 18:39:06,161 RX_BYTE FB
2026-10-09 18:39:06,161 RX_BYTE 04
2026-10-09 18:39:06,161 RX_BYTE 00
2026-10-09 18:39:06,161 RX_BYTE 6D
2026-10-09 18:39:06,161 RX 8B F1 B1 61 01 90 D2 A6 93 94 B0 FB 04 00 6D
2026-10-09 18:39:06,161 RX_BYTE 8B
2026-10-09 18:39:06,161 RX_BYTE F1
2026-10-09 18:39:06,161 RX_BYTE B1
2026-10-09 18:39:06,161 RX_BYTE 61
2026-10-09 18:39:06,161 RX_BYTE 01
2026-10-09 18:39:06,161 RX_BYTE 90
2026-10-09 18:39:06,161 RX_BYTE D2
2026-10-09 18:39:06,161 RX_BYTE A6
2026-10-09 18:39:06,161 RX_BYTE 93
2026-10-09 18:39:06,161 RX_BYTE 94
2026-10-09 18:39:06,161 RX_BYTE B0
2026-10-09 18:39:06,161 RX_BYTE FB
2026-10-09 18:39:06,161 RX_BYTE 04
2026-10-09 18:39:06,161 RX_BYTE 00
2026-10-09 18:39:06,161 RX_BYTE 6D
2026-10-09 18:39:06,162 RX 8B F1 B1 61 01 90 D2 A6 93 94 B0 FB 04 00 6D
2026-10-09 18:39:06,162 RX_BYTE 8B
2026-10-09 18:39:06,162 RX_BYTE F1
2026-10-09 18:39:06,162 RX_BYTE B1
2026-10-09 18:39:06,162 RX_BYTE 61
2026-10-09 18:39:06,162 RX_BYTE 01
2026-10-09 18:39:06,162 RX_BYTE 90
2026-10-09 18:39:06,162 RX_BYTE D2
2026-10-09 18:39:06,162 RX_BYTE A6
2026-10-09 18:39:06,162 RX_BYTE 93
2026-10-09 18:39:06,162 RX_BYTE 94
2026-10-09 18:39:06,162 RX_BYTE B0
2026-10-09 18:39:06,162 RX_BYTE FB
2026-10-09 18:39:06,162 RX_BYTE 04
2026-10-09 18:39:06,162 RX_BYTE 00
2026-10-09 18:39:06,162 RX_BYTE 6D
2026-10-09 18:39:06,162 RX 8B F1 B1 61 01 90 D2 A6 93 94 B0 FB 04 00 6D
2026-10-09 18:39:06,162 RX_BYTE 8B
2026-10-09 18:39:06,162 RX_BYTE F1
2026-10-09 18:39:06,162 RX_BYTE B1
2026-10-09 18:39:06,162 RX_BYTE 61
2026-10-09 18:39:06,162 RX_BYTE 01
2026-10-09 18:39:06,162 RX_BYTE 90
2026-10-09 18:39:06,162 RX_BYTE D2
2026-10-09 18:39:06,162 RX_BYTE A6
2026-10-09 18:39:06,162 RX_BYTE 93
2026-10-09 18:39:06,162 RX_BYTE 94
2026-10-09 18:39:06,162 RX_BYTE B0
2026-10-09 18:39:06,162 RX_BYTE FB
2026-10-09 18:39:06,162 RX_BYTE 04
2026-10-09 18:39:06,162 RX_BYTE 00
2026-10-09 18:39:06,162 RX_BYTE 6D
2026-10-09 18:39:06,162 RX 8B F1 B1 61 01 90 D2 A6 93 94 B0 FB 04 00 6D
2026-10-09 18:39:06,163 RX_BYTE 8B
2026-10-09 18:39:06,163 RX_BYTE F1
2026-10-09 18:39:06,163 RX_BYTE B1
2026-10-09 18:39:06,163 RX_BYTE 61
2026-10-09 18:39:06,163 RX_BYTE 01
2026-10-09 18:39:06,163 RX_BYTE 90
2026-10-09 18:39:06,163 RX_BYTE D2
2026-10-09 18:39:06,163 RX_BYTE A6
2026-10-09 18:39:06,163 RX_BYTE 93
2026-10-09 18:39:06,163 RX_BYTE 94
2026-10-09 18:39:06,163 RX_BYTE B0
2026-10-09 18:39:06,163 RX_BYTE FB
2026-10-09 18:39:06,163 RX_BYTE 04
2026-10-09 18:39:06,163 RX_BYTE 00
2026-10-09 18:39:06,163 RX_BYTE 6D
2026-10-09 18:39:06,163 RX 8B F1 B1 61 01 90 D2 A6 93 94 B0 FB 04 00 6D
2026-10-09 18:39:06,163 RX_BYTE 8B
2026-10-09 18:39:06,163 RX_BYTE F1
2026-10-09 18:39:06,163 RX_BYTE B1
2026-10-09 18:39:06,163 RX_BYTE 61
2026-10-09 18:39:06,163 RX_BYTE 01
2026-10-09 18:39:06,163 RX_BYTE 90
2026-10-09 18:39:06,163 RX_BYTE D2
2026-10-09 18:39:06,163 RX_BYTE A6
2026-10-09 18:39:06,163 RX_BYTE 93
2026-10-09 18:39:06,163 RX_BYTE 94
2026-10-09 18:39:06,163 RX_BYTE B0
2026-10-09 18:39:06,163 RX_BYTE FB
2026-10-09 18:39:06,163 RX_BYTE 04
2026-10-09 18:39:06,163 RX_BYTE 00
2026-10-09 18:39:06,163 RX_BYTE 6D
2026-10-09 18:39:06,163 RX 8B F1 B1 61 01 90 D2 A6 93 94 B0 FB 04 00 6D
2026-10-09 18:39:06,163 RX_BYTE 8B
2026-10-09 18:39:06,163 RX_BYTE F1
2026-10-09 18:39:06,164 RX_BYTE B1
2026-10-09 18:39:06,164 RX_BYTE 61
2026-10-09 18:39:06,164 RX_BYTE 01
2026-10-09 18:39:06,164 RX_BYTE 90
2026-10-09 18:39:06,164 RX_BYTE D2
2026-10-09 18:39:06,164 RX_BYTE A6
2026-10-09 18:39:06,164 RX_BYTE 93
2026-10-09 18:39:06,164 RX_BYTE 94
2026-10-09 18:39:06,164 RX_BYTE B0
2026-10-09 18:39:06,164 RX_BYTE FB
2026-10-09 18:39:06,164 RX_BYTE 04
2026-10-09 18:39:06,164 RX_BYTE 00
2026-10-09 18:39:06,164 RX_BYTE 6D
2026-10-09 18:39:06,164 RX 8B F1 B1 61 01 90 D2 A6 93 94 B0 FB 04 00 6D
2026-10-09 18:39:06,164 RX_BYTE 8B
2026-10-09 18:39:06,164 RX_BYTE F1
2026-10-09 18:39:06,164 RX_BYTE B1
2026-10-09 18:39:06,164 RX_BYTE 61
2026-10-09 18:39:06,164 RX_BYTE 01
2026-10-09 18:39:06,164 RX_BYTE 90
2026-10-09 18:39:06,164 RX_BYTE D2
2026-10-09 18:39:06,164 RX_BYTE A6
2026-10-09 18:39:06,164 RX_BYTE 93
2026-10-09 18:39:06,164 RX_BYTE 94
2026-10-09 18:39:06,164 RX_BYTE B0
2026-10-09 18:39:06,164 RX_BYTE FB
2026-10-09 18:39:06,164 RX_BYTE 04
2026-10-09 18:39:06,164 RX_BYTE 00
2026-10-09 18:39:06,164 RX_BYTE 6D
2026-10-09 18:39:06,164 RX 8B F1 B1 61 01 90 D2 A6 93 94 B0 FB 04 00 6D
2026-10-09 18:39:06,164 RX_BYTE 8B
2026-10-09 18:39:06,164 RX_BYTE F1
2026-10-09 18:39:06,164 RX_BYTE B1
2026-10-09 18:39:06,164 RX_BYTE 61
2026-10-09 18:39:06,165 RX_BYTE 01
2026-10-09 18:39:06,165 RX_BYTE 90
2026-10-09 18:39:06,165 RX_BYTE D2
2026-10-09 18:39:06,165 RX_BYTE A6
2026-10-09 18:39:06,165 RX_BYTE 93
2026-10-09 18:39:06,165 RX_BYTE 94
2026-10-09 18:39:06,165 RX_BYTE B0
2026-10-09 18:39:06,165 RX_BYTE FB
2026-10-09 18:39:06,165 RX_BYTE 04
2026-10-09 18:39:06,165 RX_BYTE 00
2026-10-09 18:39:06,165 RX_BYTE 6D
2026-10-09 18:39:06,165 RX 8B F1 B1 61 01 90 D2 A6 93 94 B0 FB 04 00 6D
2026-10-09 18:39:06,165 RX_BYTE 8B
2026-10-09 18:39:06,165 RX_BYTE F1
2026-10-09 18:39:06,165 RX_BYTE B1
2026-10-09 18:39:06,165 RX_BYTE 61
2026-10-09 18:39:06,165 RX_BYTE 01
2026-10-09 18:39:06,165 RX_BYTE 90
2026-10-09 18:39:06,165 RX_BYTE D2
2026-10-09 18:39:06,165 RX_BYTE A6
2026-10-09 18:39:06,165 RX_BYTE 93
2026-10-09 18:39:06,165 RX_BYTE 94
2026-10-09 18:39:06,165 RX_BYTE B0
2026-10-09 18:39:06,165 RX_BYTE FB
2026-10-09 18:39:06,165 RX_BYTE 04
2026-10-09 18:39:06,165 RX_BYTE 00
2026-10-09 18:39:06,165 RX_BYTE 6D
2026-10-09 18:39:06,165 RX 8B F1 B1 61 01 90 D2 A6 93 94 B0 FB 04 00 6D
2026-10-09 18:39:06,165 RX_BYTE 8B
2026-10-09 18:39:06,165 RX_BYTE F1
2026-10-09 18:39:06,165 RX_BYTE B1
2026-10-09 18:39:06,165 RX_BYTE 61
2026-10-09 18:39:06,165 RX_BYTE 01
2026-10-09 18:39:06,165 RX_BYTE 90
2026-10-09 18:39:06,165 RX_BYTE D2
2026-10-09 18:39:06,165 RX_BYTE A6
2026-10-09 18:39:06,166 RX_BYTE 93
2026-10-09 18:39:06,166 RX_BYTE 94
2026-10-09 18:39:06,166 RX_BYTE B0
2026-10-09 18:39:06,166 RX_BYTE FB
2026-10-09 18:39:06,166 RX_BYTE 04
2026-10-09 18:39:06,166 RX_BYTE 00
2026-10-09 18:39:06,166 RX_BYTE 6D
2026-10-09 18:39:06,166 RX 8B F1 B1 61 01 90 D2 A6 93 94 B0 FB 04 00 6D
2026-10-09 18:39:06,166 RX_BYTE 8B
2026-10-09 18:39:06,166 RX_BYTE F1
2026-10-09 18:39:06,166 RX_BYTE B1
2026-10-09 18:39:06,166 RX_BYTE 61
2026-10-09 18:39:06,166 RX_BYTE 01
2026-10-09 18:39:06,166 RX_BYTE 90
2026-10-09 18:39:06,166 RX_BYTE D2
2026-10-09 18:39:06,166 RX_BYTE A6
2026-10-09 18:39:06,166 RX_BYTE 93
2026-10-09 18:39:06,166 RX_BYTE 94
2026-10-09 18:39:06,166 RX_BYTE B0
2026-10-09 18:39:06,166 RX_BYTE FB
2026-10-09 18:39:06,166 RX_BYTE 04
2026-10-09 18:39:06,166 RX_BYTE 00
2026-10-09 18:39:06,166 RX_BYTE 6D
2026-10-09 18:39:06,166 RX 8B F1 B1 61 01 90 D2 A6 93 94 B0 FB 04 00 6D
2026-10-09 18:39:06,166 RX_BYTE 8B
2026-10-09 18:39:06,166 RX_BYTE F1
2026-10-09 18:39:06,166 RX_BYTE B1
2026-10-09 18:39:06,166 RX_BYTE 61
2026-10-09 18:39:06,166 RX_BYTE 01
2026-10-09 18:39:06,166 RX_BYTE 90
2026-10-09 18:39:06,166 RX_BYTE D2
2026-10-09 18:39:06,166 RX_BYTE A6
2026-10-09 18:39:06,166 RX_BYTE 93
2026-10-09 18:39:06,166 RX_BYTE 94
2026-10-09 18:39:06,166 RX_BYTE B0
2026-10-09 18:39:06,166 RX_BYTE FB
2026-10-09 18:39:06,166 RX_BYTE 04
2026-10-09 18:39:06,166 RX_BYTE 00
2026-10-09 18:39:06,167 RX_BYTE 6D
2026-10-09 18:39:06,167 RX 8B F1 B1 61 01 90 D2 A6 93 94 B0 FB 04 00 6D
2026-10-09 18:39:06,167 RX_BYTE 8B
2026-10-09 18:39:06,167 RX_BYTE F1
2026-10-09 18:39:06,167 RX_BYTE B1
2026-10-09 18:39:06,167 RX_BYTE 61
2026-10-09 18:39:06,167 RX_BYTE 01
2026-10-09 18:39:06,167 RX_BYTE 90
2026-10-09 18:39:06,167 RX_BYTE D2
2026-10-09 18:39:06,167 RX_BYTE A6
2026-10-09 18:39:06,167 RX_BYTE 93
2026-10-09 18:39:06,167 RX_BYTE 94
2026-10-09 18:39:06,167 RX_BYTE B0
2026-10-09 18:39:06,167 RX_BYTE FB
2026-10-09 18:39:06,167 RX_BYTE 04
2026-10-09 18:39:06,167 RX_BYTE 00
2026-10-09 18:39:06,167 RX_BYTE 6D
2026-10-09 18:39:06,167 RX 8B F1 B1 61 01 90 D2 A6 93 94 B0 FB 04 00 6D
2026-10-09 18:39:06,167 RX_BYTE 8B
2026-10-09 18:39:06,167 RX_BYTE F1
2026-10-09 18:39:06,167 RX_BYTE B1
2026-10-09 18:39:06,167 RX_BYTE 61
2026-10-09 18:39:06,167 RX_BYTE 01
2026-10-09 18:39:06,167 RX_BYTE 90
2026-10-09 18:39:06,167 RX_BYTE D2
2026-10-09 18:39:06,167 RX_BYTE A6
2026-10-09 18:39:06,167 RX_BYTE 93
2026-10-09 18:39:06,167 RX_BYTE 94
2026-10-09 18:39:06,167 RX_BYTE B0
2026-10-09 18:39:06,167 RX_BYTE FB
2026-10-09 18:39:06,167 RX_BYTE 04
2026-10-09 18:39:06,167 RX_BYTE 00
2026-10-09 18:39:06,167 RX_BYTE 6D
2026-10-09 18:39:06,167 RX 8B F1 B1 61 01 90 D2 A6 93 94 B0 FB 04 00 6D
2026-10-09 18:39:06,167 RX_BYTE 8B
2026-10-09 18:39:06,167 RX_BYTE F1
2026-10-09 18:39:06,167 RX_BYTE B1
2026-10-09 18:39:06,167 RX_BYTE 61
2026-10-09 18:39:06,167 RX_BYTE 01
2026-10-09 18:39:06,168 RX_BYTE 90
2026-10-09 18:39:06,168 RX_BYTE D2
2026-10-09 18:39:06,168 RX_BYTE A6
2026-10-09 18:39:06,168 RX_BYTE 93
2026-10-09 18:39:06,168 RX_BYTE 94
2026-10-09 18:39:06,168 RX_BYTE B0
2026-10-09 18:39:06,168 RX_BYTE FB
2026-10-09 18:39:06,168 RX_BYTE 04
2026-10-09 18:39:06,168 RX_BYTE 00
2026-10-09 18:39:06,168 RX_BYTE 6D
2026-10-09 18:39:06,168 RX 8B F1 B1 61 01 90 D2 A6 93 94 B0 FB 04 00 6D
2026-10-09 18:39:06,168 RX_BYTE 8B
2026-10-09 18:39:06,168 RX_BYTE F1
2026-10-09 18:39:06,168 RX_BYTE B1
2026-10-09 18:39:06,168 RX_BYTE 61
2026-10-09 18:39:06,168 RX_BYTE 01
2026-10-09 18:39:06,168 RX_BYTE 90
2026-10-09 18:39:06,168 RX_BYTE D2
2026-10-09 18:39:06,168 RX_BYTE A6
2026-10-09 18:39:06,168 RX_BYTE 93
2026-10-09 18:39:06,168 RX_BYTE 94
2026-10-09 18:39:06,168 RX_BYTE B0
2026-10-09 18:39:06,168 RX_BYTE FB
2026-10-09 18:39:06,168 RX_BYTE 04
2026-10-09 18:39:06,168 RX_BYTE 00
2026-10-09 18:39:06,168 RX_BYTE 6D
2026-10-09 18:39:06,168 RX 8B F1 B1 61 01 90 D2 A6 93 94 B0 FB 04 00 6D
2026-10-09 18:39:06,168 RX_BYTE 8B
2026-10-09 18:39:06,168 RX_BYTE F1
2026-10-09 18:39:06,168 RX_BYTE B1
2026-10-09 18:39:06,168 RX_BYTE 61
2026-10-09 18:39:06,168 RX_BYTE 01
2026-10-09 18:39:06,168 RX_BYTE 90
2026-10-09 18:39:06,168 RX_BYTE D2
2026-10-09 18:39:06,168 RX_BYTE A6
2026-10-09 18:39:06,168 RX_BYTE 93
2026-10-09 18:39:06,168 RX_BYTE 94
2026-10-09 18:39:06,168 RX_BYTE B0
2026-10-09 18:39:06,168 RX_BYTE FB
2026-10-09 18:39:06,169 RX_BYTE 04
2026-10-09 18:39:06,169 RX_BYTE 00
2026-10-09 18:39:06,169 RX_BYTE 6D
2026-10-09 18:39:06,169 RX 8B F1 B1 61 01 90 D2 A6 93 94 B0 FB 04 00 6D
2026-10-09 18:39:06,169 RX_BYTE 8B
2026-10-09 18:39:06,169 RX_BYTE F1
2026-10-09 18:39:06,169 RX_BYTE B1
2026-10-09 18:39:06,169 RX_BYTE 61
2026-10-09 18:39:06,169 RX_BYTE 01
2026-10-09 18:39:06,169 RX_BYTE 90
2026-10-09 18:39:06,169 RX_BYTE D2
2026-10-09 18:39:06,169 RX_BYTE A6
2026-10-09 18:39:06,169 RX_BYTE 93
2026-10-09 18:39:06,169 RX_BYTE 94
2026-10-09 18:39:06,169 RX_BYTE B0
2026-10-09 18:39:06,169 RX_BYTE FB
2026-10-09 18:39:06,169 RX_BYTE 04
2026-10-09 18:39:06,169 RX_BYTE 00
2026-10-09 18:39:06,169 RX_BYTE 6D
2026-10-09 18:39:06,169 RX 8B F1 B1 61 01 90 D2 A6 93 94 B0 FB 04 00 6D
2026-10-09 18:39:06,169 RX_BYTE 8B
2026-10-09 18:39:06,169 RX_BYTE F1
2026-10-09 18:39:06,169 RX_BYTE B1
2026-10-09 18:39:06,169 RX_BYTE 61
2026-10-09 18:39:06,169 RX_BYTE 01
2026-10-09 18:39:06,169 RX_BYTE 90
2026-10-09 18:39:06,169 RX_BYTE D2
2026-10-09 18:39:06,169 RX_BYTE A6
2026-10-09 18:39:06,169 RX_BYTE 93
2026-10-09 18:39:06,169 RX_BYTE 94
2026-10-09 18:39:06,169 RX_BYTE B0
2026-10-09 18:39:06,169 RX_BYTE FB
2026-10-09 18:39:06,169 RX_BYTE 04
2026-10-09 18:39:06,169 RX_BYTE 00
2026-10-09 18:39:06,169 RX_BYTE 6D
2026-10-09 18:39:06,169 RX 8B F1 B1 61 01 90 D2 A6 93 94 B0 FB 04 00 6D
2026-10-09 18:39:06,169 RX_BYTE 8B
2026-10-09 18:39:06,169 RX_BYTE F1
2026-10-09 18:39:06,169 RX_BYTE B1
2026-10-09 18:39:06,170 RX_BYTE 61
2026-10-09 18:39:06,170 RX_BYTE 01
2026-10-09 18:39:06,170 RX_BYTE 90
2026-10-09 18:39:06,170 RX_BYTE D2
2026-10-09 18:39:06,170 RX_BYTE A6
2026-10-09 18:39:06,170 RX_BYTE 93
2026-10-09 18:39:06,170 RX_BYTE 94
2026-10-09 18:39:06,170 RX_BYTE B0
2026-10-09 18:39:06,170 RX_BYTE FB
2026-10-09 18:39:06,170 RX_BYTE 04
2026-10-09 18:39:06,170 RX_BYTE 00
2026-10-09 18:39:06,170 RX_BYTE 6D
2026-10-09 18:39:06,170 RX 8B F1 B1 61 01 90 D2 A6 93 94 B0 FB 04 00 6D
2026-10-09 18:39:06,170 RX_BYTE 8B
2026-10-09 18:39:06,170 RX_BYTE F1
2026-10-09 18:39:06,170 RX_BYTE B1
2026-10-09 18:39:06,170 RX_BYTE 61
2026-10-09 18:39:06,170 RX_BYTE 01
2026-10-09 18:39:06,170 RX_BYTE 90
2026-10-09 18:39:06,170 RX_BYTE D2
2026-10-09 18:39:06,170 RX_BYTE A6
2026-10-09 18:39:06,170 RX_BYTE 93
2026-10-09 18:39:06,170 RX_BYTE 94
2026-10-09 18:39:06,170 RX_BYTE B0
2026-10-09 18:39:06,170 RX_BYTE FB
2026-10-09 18:39:06,170 RX_BYTE 04
2026-10-09 18:39:06,170 RX_BYTE 00
2026-10-09 18:39:06,170 RX_BYTE 6D
2026-10-09 18:39:06,170 RX 8B F1 B1 61 01 90 D2 A6 93 94 B0 FB 04 00 6D
2026-10-09 18:39:06,170 RX_BYTE 8B
2026-10-09 18:39:06,170 RX_BYTE F1
2026-10-09 18:39:06,170 RX_BYTE B1
2026-10-09 18:39:06,170 RX_BYTE 61
2026-10-09 18:39:06,170 RX_BYTE 01
2026-10-09 18:39:06,170 RX_BYTE 90
2026-10-09 18:39:06,170 RX_BYTE D2
2026-10-09 18:39:06,170 RX_BYTE A6
2026-10-09 18:39:06,170 RX_BYTE 93
2026-10-09 18:39:06,171 RX_BYTE 94
2026-10-09 18:39:06,171 RX_BYTE B0
2026-10-09 18:39:06,171 RX_BYTE FB
2026-10-09 18:39:06,171 RX_BYTE 04
2026-10-09 18:39:06,171 RX_BYTE 00
2026-10-09 18:39:06,171 RX_BYTE 6D
2026-10-09 18:39:06,171 RX 8B F1 B1 61 01 90 D2 A6 93 94 B0 FB 04 00 6D
2026-10-09 18:39:06,171 RX_BYTE 8B
2026-10-09 18:39:06,171 RX_BYTE F1
2026-10-09 18:39:06,171 RX_BYTE B1
2026-10-09 18:39:06,171 RX_BYTE 61
2026-10-09 18:39:06,171 RX_BYTE 01
2026-10-09 18:39:06,171 RX_BYTE 90
2026-10-09 18:39:06,171 RX_BYTE D2
2026-10-09 18:39:06,171 RX_BYTE A6
2026-10-09 18:39:06,171 RX_BYTE 93
2026-10-09 18:39:06,171 RX_BYTE 94
2026-10-09 18:39:06,171 RX_BYTE B0
2026-10-09 18:39:06,171 RX_BYTE FB
2026-10-09 18:39:06,171 RX_BYTE 04
2026-10-09 18:39:06,171 RX_BYTE 00
2026-10-09 18:39:06,171 RX_BYTE 6D
2026-10-09 18:39:06,171 RX 8B F1 B1 61 01 90 D2 A6 93 94 B0 FB 04 00 6D
2026-10-09 18:39:06,171 RX_BYTE 8B
2026-10-09 18:39:06,171 RX_BYTE F1
2026-10-09 18:39:06,171 RX_BYTE B1
2026-10-09 18:39:06,171 RX_BYTE 61
2026-10-09 18:39:06,171 RX_BYTE 01
2026-10-09 18:39:06,171 RX_BYTE 90
2026-10-09 18:39:06,171 RX_BYTE D2
2026-10-09 18:39:06,171 RX_BYTE A6
2026-10-09 18:39:06,171 RX_BYTE 93
2026-10-09 18:39:06,171 RX_BYTE 94
2026-10-09 18:39:06,171 RX_BYTE B0
2026-10-09 18:39:06,171 RX_BYTE FB
2026-10-09 18:39:06,171 RX_BYTE 04
2026-10-09 18:39:06,171 RX_BYTE 00
2026-10-09 18:39:06,171 RX_BYTE 6D
2026-10-09 18:39:06,171 RX 8B F1 B1 61 01 90 D2 A6 93 94 B0 FB 04 00 6D
2026-10-09 18:39:06,172 RX_BYTE 8B
2026-10-09 18:39:06,172 RX_BYTE F1
2026-10-09 18:39:06,172 RX_BYTE B1
2026-10-09 18:39:06,172 RX_BYTE 61
2026-10-09 18:39:06,172 RX_BYTE 01
2026-10-09 18:39:06,172 RX_BYTE 90
2026-10-09 18:39:06,172 RX_BYTE D2
2026-10-09 18:39:06,172 RX_BYTE A6
2026-10-09 18:39:06,172 RX_BYTE 93
2026-10-09 18:39:06,172 RX_BYTE 94
2026-10-09 18:39:06,172 RX_BYTE B0
2026-10-09 18:39:06,172 RX_BYTE FB
2026-10-09 18:39:06,172 RX_BYTE 04
2026-10-09 18:39:06,173 RX_BYTE 00
2026-10-09 18:39:06,173 RX_BYTE 6D
2026-10-09 18:39:06,173 RX 8B F1 B1 61 01 90 D2 A6 93 94 B0 FB 04 00 6D
2026-10-09 18:39:06,173 RX_BYTE 8B
2026-10-09 18:39:06,173 RX_BYTE F1
2026-10-09 18:39:06,173 RX_BYTE B1
2026-10-09 18:39:06,173 RX_BYTE 61
2026-10-09 18:39:06,173 RX_BYTE 01
2026-10-09 18:39:06,173 RX_BYTE 90
2026-10-09 18:39:06,173 RX_BYTE D2
2026-10-09 18:39:06,173 RX_BYTE A6
2026-10-09 18:39:06,173 RX_BYTE 93
2026-10-09 18:39:06,173 RX_BYTE 94
2026-10-09 18:39:06,173 RX_BYTE B0
2026-10-09 18:39:06,173 RX_BYTE FB
2026-10-09 18:39:06,173 RX_BYTE 04
2026-10-09 18:39:06,173 RX_BYTE 00
2026-10-09 18:39:06,173 RX_BYTE 6D
2026-10-09 18:39:06,173 RX 8B F1 B1 61 01 90 D2 A6 93 94 B0 FB 04 00 6D
2026-10-09 18:39:06,173 RX_BYTE 8B
2026-10-09 18:39:06,173 RX_BYTE F1
2026-10-09 18:39:06,173 RX_BYTE B1
2026-10-09 18:39:06,173 RX_BYTE 61
2026-10-09 18:39:06,173 RX_BYTE 01
2026-10-09 18:39:06,173 RX_BYTE 90
2026-10-09 18:39:06,173 RX_BYTE D2
2026-10-09 18:39:06,173 RX_BYTE A6
2026-10-09 18:39:06,174 RX_BYTE 93
2026-10-09 18:39:06,174 RX_BYTE 94
2026-10-09 18:39:06,174 RX_BYTE B0
2026-10-09 18:39:06,174 RX_BYTE FB
2026-10-09 18:39:06,174 RX_BYTE 04
2026-10-09 18:39:06,174 RX_BYTE 00
2026-10-09 18:39:06,174 RX_BYTE 6D
2026-10-09 18:39:06,174 RX 8B F1 B1 61 01 90 D2 A6 93 94 B0 FB 04 00 6D
2026-10-09 18:39:06,174 RX_BYTE 8B
2026-10-09 18:39:06,174 RX_BYTE F1
2026-10-09 18:39:06,174 RX_BYTE B1
2026-10-09 18:39:06,174 RX_BYTE 61
2026-10-09 18:39:06,174 RX_BYTE 01
2026-10-09 18:39:06,174 RX_BYTE 90
2026-10-09 18:39:06,174 RX_BYTE D2
2026-10-09 18:39:06,174 RX_BYTE A6
2026-10-09 18:39:06,174 RX_BYTE 93
2026-10-09 18:39:06,174 RX_BYTE 94
2026-10-09 18:39:06,174 RX_BYTE B0
2026-10-09 18:39:06,174 RX_BYTE FB
2026-10-09 18:39:06,174 RX_BYTE 04
2026-10-09 18:39:06,174 RX_BYTE 00
2026-10-09 18:39:06,174 RX_BYTE 6D
2026-10-09 18:39:06,174 RX 8B F1 B1 61 01 90 D2 A6 93 94 B0 FB 04 00 6D
2026-10-09 18:39:06,174 RX_BYTE 8B
2026-10-09 18:39:06,174 RX_BYTE F1
2026-10-09 18:39:06,174 RX_BYTE B1
2026-10-09 18:39:06,174 RX_BYTE 61
2026-10-09 18:39:06,174 RX_BYTE 01
2026-10-09 18:39:06,174 RX_BYTE 90
2026-10-09 18:39:06,174 RX_BYTE D2
2026-10-09 18:39:06,174 RX_BYTE A6
2026-10-09 18:39:06,174 RX_BYTE 93
2026-10-09 18:39:06,174 RX_BYTE 94
2026-10-09 18:39:06,174 RX_BYTE B0
2026-10-09 18:39:06,174 RX_BYTE FB
2026-10-09 18:39:06,174 RX_BYTE 04
2026-10-09 18:39:06,174 RX_BYTE 00
2026-10-09 18:39:06,174 RX_BYTE 6D
2026-10-09 18:39:06,174 RX 8B F1 B1 61 01 90 D2 A6 93 94 B0 FB 04 00 6D
2026-10-09 18:39:06,174 RX_BYTE 8B
2026-10-09 18:39:06,174 RX_BYTE F1
2026-10-09 18:39:06,175 RX_BYTE B1
2026-10-09 18:39:06,175 RX_BYTE 61
2026-10-09 18:39:06,175 RX_BYTE 01
2026-10-09 18:39:06,175 RX_BYTE 90
2026-10-09 18:39:06,175 RX_BYTE D2
2026-10-09 18:39:06,175 RX_BYTE A6
2026-10-09 18:39:06,175 RX_BYTE 93
2026-10-09 18:39:06,175 RX_BYTE 94
2026-10-09 18:39:06,175 RX_BYTE B0
2026-10-09 18:39:06,175 RX_BYTE FB
2026-10-09 18:39:06,175 RX_BYTE 04
2026-10-09 18:39:06,175 RX_BYTE 00
2026-10-09 18:39:06,175 RX_BYTE 6D
2026-10-09 18:39:06,175 RX 8B F1 B1 61 01 90 D2 A6 93 94 B0 FB 04 00 6D
2026-10-09 18:39:06,175 RX_BYTE 8B
2026-10-09 18:39:06,175 RX_BYTE F1
2026-10-09 18:39:06,175 RX_BYTE B1
2026-10-09 18:39:06,175 RX_BYTE 61
2026-10-09 18:39:06,175 RX_BYTE 01
2026-10-09 18:39:06,175 RX_BYTE 90
2026-10-09 18:39:06,175 RX_BYTE D2
2026-10-09 18:39:06,175 RX_BYTE A6
2026-10-09 18:39:06,175 RX_BYTE 93
2026-10-09 18:39:06,175 RX_BYTE 94
2026-10-09 18:39:06,175 RX_BYTE B0
2026-10-09 18:39:06,175 RX_BYTE FB
2026-10-09 18:39:06,175 RX_BYTE 04
2026-10-09 18:39:06,175 RX_BYTE 00
2026-10-09 18:39:06,175 RX_BYTE 6D
2026-10-09 18:39:06,175 RX 8B F1 B1 61 01 90 D2 A6 93 94 B0 FB 04 00 6D
2026-10-09 18:39:06,175 RX_BYTE 8B
2026-10-09 18:39:06,175 RX_BYTE F1
2026-10-09 18:39:06,175 RX_BYTE B1
2026-10-09 18:39:06,175 RX_BYTE 61
2026-10-09 18:39:06,175 RX_BYTE 01
2026-10-09 18:39:06,175 RX_BYTE 90
2026-10-09 18:39:06,175 RX_BYTE D2
2026-10-09 18:39:06,175 RX_BYTE A6
2026-10-09 18:39:06,175 RX_BYTE 93
2026-10-09 18:39:06,175 RX_BYTE 94
2026-10-09 18:39:06,175 RX_BYTE B0
2026-10-09 18:39:06,175 RX_BYTE FB
2026-10-09 18:39:06,176 RX_BYTE 04
2026-10-09 18:39:06,176 RX_BYTE 00
2026-10-09 18:39:06,176 RX_BYTE 6D
2026-10-09 18:39:06,176 RX 8B F1 B1 61 01 90 D2 A6 93 94 B0 FB 04 00 6D
2026-10-09 18:39:06,176 RX_BYTE 8B
2026-10-09 18:39:06,176 RX_BYTE F1
2026-10-09 18:39:06,176 RX_BYTE B1
2026-10-09 18:39:06,176 RX_BYTE 61
2026-10-09 18:39:06,176 RX_BYTE 01
2026-10-09 18:39:06,176 RX_BYTE 90
2026-10-09 18:39:06,176 RX_BYTE D2
2026-10-09 18:39:06,176 RX_BYTE A6
2026-10-09 18:39:06,176 RX_BYTE 93
2026-10-09 18:39:06,176 RX_BYTE 94
2026-10-09 18:39:06,176 RX_BYTE B0
2026-10-09 18:39:06,176 RX_BYTE FB
2026-10-09 18:39:06,176 RX_BYTE 04
2026-10-09 18:39:06,176 RX_BYTE 00
2026-10-09 18:39:06,176 RX_BYTE 6D
2026-10-09 18:39:06,176 RX 8B F1 B1 61 01 90 D2 A6 93 94 B0 FB 04 00 6D
2026-10-09 18:39:06,176 RX_BYTE 8B
2026-10-09 18:39:06,176 RX_BYTE F1
2026-10-09 18:39:06,176 RX_BYTE B1
2026-10-09 18:39:06,176 RX_BYTE 61
2026-10-09 18:39:06,176 RX_BYTE 01
2026-10-09 18:39:06,176 RX_BYTE 90
2026-10-09 18:39:06,176 RX_BYTE D2
2026-10-09 18:39:06,176 RX_BYTE A6
2026-10-09 18:39:06,176 RX_BYTE 93
2026-10-09 18:39:06,176 RX_BYTE 94
2026-10-09 18:39:06,176 RX_BYTE B0
2026-10-09 18:39:06,176 RX_BYTE FB
2026-10-09 18:39:06,176 RX_BYTE 04
2026-10-09 18:39:06,176 RX_BYTE 00
2026-10-09 18:39:06,176 RX_BYTE 6D
2026-10-09 18:39:06,176 RX 8B F1 B1 61 01 90 D2 A6 93 94 B0 FB 04 00 6D
2026-10-09 18:39:06,176 RX_BYTE 8B
2026-10-09 18:39:06,176 RX_BYTE F1
2026-10-09 18:39:06,176 RX_BYTE B1
2026-10-09 18:39:06,176 RX_BYTE 61
2026-10-09 18:39:06,176 RX_BYTE 01
2026-10-09 18:39:06,176 RX_BYTE 90
2026-10-09 18:39:06,176 RX_BYTE D2
2026-10-09 18:39:06,176 RX_BYTE A6
2026-10-09 18:39:06,177 RX_BYTE 93
2026-10-09 18:39:06,177 RX_BYTE 94
2026-10-09 18:39:06,177 RX_BYTE B0
2026-10-09 18:39:06,177 RX_BYTE FB
2026-10-09 18:39:06,177 RX_BYTE 04
2026-10-09 18:39:06,177 RX_BYTE 00
2026-10-09 18:39:06,177 RX_BYTE 6D
2026-10-09 18:39:06,177 RX 8B F1 B1 61 01 90 D2 A6 93 94 B0 FB 04 00 6D
2026-10-09 18:39:06,177 RX_BYTE 8B
2026-10-09 18:39:06,177 RX_BYTE F1
2026-10-09 18:39:06,177 RX_BYTE B1
2026-10-09 18:39:06,177 RX_BYTE 61
2026-10-09 18:39:06,177 RX_BYTE 01
2026-10-09 18:39:06,177 RX_BYTE 90
2026-10-09 18:39:06,177 RX_BYTE D2
2026-10-09 18:39:06,177 RX_BYTE A6
2026-10-09 18:39:06,177 RX_BYTE 93
2026-10-09 18:39:06,177 RX_BYTE 94
2026-10-09 18:39:06,177 RX_BYTE B0
2026-10-09 18:39:06,177 RX_BYTE FB
2026-10-09 18:39:06,177 RX_BYTE 04
2026-10-09 18:39:06,177 RX_BYTE 00
2026-10-09 18:39:06,177 RX_BYTE 6D
2026-10-09 18:39:06,177 RX 8B F1 B1 61 01 90 D2 A6 93 94 B0 FB 04 00 6D
2026-10-09 18:39:06,177 RX_BYTE 8B
2026-10-09 18:39:06,177 RX_BYTE F1
2026-10-09 18:39:06,177 RX_BYTE B1
2026-10-09 18:39:06,177 RX_BYTE 61
2026-10-09 18:39:06,177 RX_BYTE 01
2026-10-09 18:39:06,177 RX_BYTE 90
2026-10-09 18:39:06,177 RX_BYTE D2
2026-10-09 18:39:06,177 RX_BYTE A6
2026-10-09 18:39:06,177 RX_BYTE 93
2026-10-09 18:39:06,177 RX_BYTE 94
2026-10-09 18:39:06,177 RX_BYTE B0
2026-10-09 18:39:06,177 RX_BYTE FB
2026-10-09 18:39:06,177 RX_BYTE 04
2026-10-09 18:39:06,177 RX_BYTE 00
2026-10-09 18:39:06,177 RX_BYTE 6D
2026-10-09 18:39:06,178 RX 8B F1 B1 61 01 90 D2 A6 93 94 B0 FB 04 00 6D
2026-10-09 18:39:06,178 RX_BYTE 8B
2026-10-09 18:39:06,178 RX_BYTE F1
2026-10-09 18:39:06,178 RX_BYTE B1
2026-10-09 18:39:06,178 RX_BYTE 61
2026-10-09 18:39:06,178 RX_BYTE 01
2026-10-09 18:39:06,178 RX_BYTE 90
2026-10-09 18:39:06,178 RX_BYTE D2
2026-10-09 18:39:06,178 RX_BYTE A6
2026-10-09 18:39:06,178 RX_BYTE 93
2026-10-09 18:39:06,178 RX_BYTE 94
2026-10-09 18:39:06,178 RX_BYTE B0
2026-10-09 18:39:06,178 RX_BYTE FB
2026-10-09 18:39:06,178 RX_BYTE 04
2026-10-09 18:39:06,178 RX_BYTE 00
2026-10-09 18:39:06,178 RX_BYTE 6D
2026-10-09 18:39:06,178 RX 8B F1 B1 61 01 90 D2 A6 93 94 B0 FB 04 00 6D
2026-10-09 18:39:06,178 RX_BYTE 8B
2026-10-09 18:39:06,178 RX_BYTE F1
2026-10-09 18:39:06,178 RX_BYTE B1
2026-10-09 18:39:06,178 RX_BYTE 61
2026-10-09 18:39:06,178 RX_BYTE 01
2026-10-09 18:39:06,178 RX_BYTE 90
2026-10-09 18:39:06,178 RX_BYTE D2
2026-10-09 18:39:06,178 RX_BYTE A6
2026-10-09 18:39:06,178 RX_BYTE 93
2026-10-09 18:39:06,178 RX_BYTE 94
2026-10-09 18:39:06,178 RX_BYTE B0
2026-10-09 18:39:06,178 RX_BYTE FB
2026-10-09 18:39:06,178 RX_BYTE 04
2026-10-09 18:39:06,178 RX_BYTE 00
2026-10-09 18:39:06,178 RX_BYTE 6D
2026-10-09 18:39:06,178 RX 8B F1 B1 61 01 90 D2 A6 93 94 B0 FB 04 00 6D
2026-10-09 18:39:06,178 RX_BYTE 8B
2026-10-09 18:39:06,178 RX_BYTE F1
2026-10-09 18:39:06,178 RX_BYTE B1
2026-10-09 18:39:06,178 RX_BYTE 61
2026-10-09 18:39:06,178 RX_BYTE 01
2026-10-09 18:39:06,178 RX_BYTE 90
2026-10-09 18:39:06,178 RX_BYTE D2
2026-10-09 18:39:06,178 RX_BYTE A6
2026-10-09 18:39:06,178 RX_BYTE 93
2026-10-09 18:39:06,179 RX_BYTE 94
2026-10-09 18:39:06,179 RX_BYTE B0
2026-10-09 18:39:06,179 RX_BYTE FB
2026-10-09 18:39:06,179 RX_BYTE 04
2026-10-09 18:39:06,179 RX_BYTE 00
2026-10-09 18:39:06,179 RX_BYTE 6D
2026-10-09 18:39:06,179 RX 8B F1 B1 61 01 90 D2 A6 93 94 B0 FB 04 00 6D
2026-10-09 18:39:06,179 RX_BYTE 8B
2026-10-09 18:39:06,179 RX_BYTE F1
2026-10-09 18:39:06,179 RX_BYTE B1
2026-10-09 18:39:06,179 RX_BYTE 61
2026-10-09 18:39:06,179 RX_BYTE 01
2026-10-09 18:39:06,179 RX_BYTE 90
2026-10-09 18:39:06,179 RX_BYTE D2
2026-10-09 18:39:06,179 RX_BYTE A6
2026-10-09 18:39:06,179 RX_BYTE 93
2026-10-09 18:39:06,179 RX_BYTE 94
2026-10-09 18:39:06,179 RX_BYTE B0
2026-10-09 18:39:06,179 RX_BYTE FB
2026-10-09 18:39:06,179 RX_BYTE 04
2026-10-09 18:39:06,179 RX_BYTE 00
2026-10-09 18:39:06,179 RX_BYTE 6D
2026-10-09 18:39:06,179 RX 8B F1 B1 61 01 90 D2 A6 93 94 B0 FB 04 00 6D
2026-10-09 18:39:06,179 RX_BYTE 8B
2026-10-09 18:39:06,179 RX_BYTE F1
2026-10-09 18:39:06,179 RX_BYTE B1
2026-10-09 18:39:06,179 RX_BYTE 61
2026-10-09 18:39:06,179 RX_BYTE 01
2026-10-09 18:39:06,179 RX_BYTE 90
2026-10-09 18:39:06,179 RX_BYTE D2
2026-10-09 18:39:06,179 RX_BYTE A6
2026-10-09 18:39:06,179 RX_BYTE 93
2026-10-09 18:39:06,179 RX_BYTE 94
2026-10-09 18:39:06,179 RX_BYTE B0
2026-10-09 18:39:06,179 RX_BYTE FB
2026-10-09 18:39:06,179 RX_BYTE 04
2026-10-09 18:39:06,179 RX_BYTE 00
2026-10-09 18:39:06,179 RX_BYTE 6D
2026-10-09 18:39:06,179 RX 8B F1 B1 61 01 90 D2 A6 93 94 B0 FB 04 00 6D
2026-10-09 18:39:06,179 RX_BYTE 8B
2026-10-09 18:39:06,179 RX_BYTE F1
2026-10-09 18:39:06,179 RX_BYTE B1
2026-10-09 18:39:06,179 RX_BYTE 61
2026-10-09 18:39:06,180 RX_BYTE 01
2026-10-09 18:39:06,180 RX_BYTE 90
2026-10-09 18:39:06,180 RX_BYTE D2
2026-10-09 18:39:06,180 RX_BYTE A6
2026-10-09 18:39:06,180 RX_BYTE 93
2026-10-09 18:39:06,180 RX_BYTE 94
2026-10-09 18:39:06,180 RX_BYTE B0
2026-10-09 18:39:06,180 RX_BYTE FB
2026-10-09 18:39:06,180 RX_BYTE 04
2026-10-09 18:39:06,180 RX_BYTE 00
2026-10-09 18:39:06,180 RX_BYTE 6D
2026-10-09 18:39:06,180 RX 8B F1 B1 61 01 90 D2 A6 93 94 B0 FB 04 00 6D
2026-10-09 18:39:06,180 RX_BYTE 8B
2026-10-09 18:39:06,180 RX_BYTE F1
2026-10-09 18:39:06,180 RX_BYTE B1
2026-10-09 18:39:06,180 RX_BYTE 61
2026-10-09 18:39:06,180 RX_BYTE 01
2026-10-09 18:39:06,180 RX_BYTE 90
2026-10-09 18:39:06,180 RX_BYTE D2
2026-10-09 18:39:06,180 RX_BYTE A6
2026-10-09 18:39:06,180 RX_BYTE 93
2026-10-09 18:39:06,180 RX_BYTE 94
2026-10-09 18:39:06,180 RX_BYTE B0
2026-10-09 18:39:06,180 RX_BYTE FB
2026-10-09 18:39:06,180 RX_BYTE 04
2026-10-09 18:39:06,180 RX_BYTE 00
2026-10-09 18:39:06,180 RX_BYTE 6D
2026-10-09 18:39:06,180 RX 8B F1 B1 61 01 90 D2 A6 93 94 B0 FB 04 00 6D
2026-10-09 18:39:06,180 RX_BYTE 8B
2026-10-09 18:39:06,180 RX_BYTE F1
2026-10-09 18:39:06,180 RX_BYTE B1
2026-10-09 18:39:06,180 RX_BYTE 61
2026-10-09 18:39:06,180 RX_BYTE 01
2026-10-09 18:39:06,180 RX_BYTE 90
2026-10-09 18:39:06,180 RX_BYTE D2
2026-10-09 18:39:06,180 RX_BYTE A6
2026-10-09 18:39:06,180 RX_BYTE 93
2026-10-09 18:39:06,180 RX_BYTE 94
2026-10-09 18:39:06,180 RX_BYTE B0
2026-10-09 18:39:06,180 RX_BYTE FB
2026-10-09 18:39:06,180 RX_BYTE 04
2026-10-09 18:39:06,180 RX_BYTE 00
2026-10-09 18:39:06,181 RX_BYTE 6D
2026-10-09 18:39:06,181 RX 8B F1 B1 61 01 90 D2 A6 93 94 B0 FB 04 00 6D
2026-10-09 18:39:06,181 RX_BYTE 8B
2026-10-09 18:39:06,181 RX_BYTE F1
2026-10-09 18:39:06,181 RX_BYTE B1
2026-10-09 18:39:06,181 RX_BYTE 61
2026-10-09 18:39:06,181 RX_BYTE 01
2026-10-09 18:39:06,181 RX_BYTE 90
2026-10-09 18:39:06,181 RX_BYTE D2
2026-10-09 18:39:06,181 RX_BYTE A6
2026-10-09 18:39:06,181 RX_BYTE 93
2026-10-09 18:39:06,181 RX_BYTE 94
2026-10-09 18:39:06,181 RX_BYTE B0
2026-10-09 18:39:06,181 RX_BYTE FB
2026-10-09 18:39:06,181 RX_BYTE 04
2026-10-09 18:39:06,181 RX_BYTE 00
2026-10-09 18:39:06,181 RX_BYTE 6D
2026-10-09 18:39:06,181 RX 8B F1 B1 61 01 90 D2 A6 93 94 B0 FB 04 00 6D
2026-10-09 18:39:06,181 RX_BYTE 8B
2026-10-09 18:39:06,181 RX_BYTE F1
2026-10-09 18:39:06,181 RX_BYTE B1
2026-10-09 18:39:06,181 RX_BYTE 61
2026-10-09 18:39:06,181 RX_BYTE 01
2026-10-09 18:39:06,181 RX_BYTE 90
2026-10-09 18:39:06,181 RX_BYTE D2
2026-10-09 18:39:06,181 RX_BYTE A6
2026-10-09 18:39:06,181 RX_BYTE 93
2026-10-09 18:39:06,181 RX_BYTE 94
2026-10-09 18:39:06,181 RX_BYTE B0
2026-10-09 18:39:06,181 RX_BYTE FB
2026-10-09 18:39:06,181 RX_BYTE 04
2026-10-09 18:39:06,181 RX_BYTE 00
2026-10-09 18:39:06,181 RX_BYTE 6D
2026-10-09 18:39:06,181 RX 8B F1 B1 61 01 90 D2 A6 93 94 B0 FB 04 00 6D
2026-10-09 18:39:06,181 RX_BYTE 8B
2026-10-09 18:39:06,181 RX_BYTE F1
2026-10-09 18:39:06,181 RX_BYTE B1
2026-10-09 18:39:06,181 RX_BYTE 61
2026-10-09 18:39:06,181 RX_BYTE 01
2026-10-09 18:39:06,181 RX_BYTE 90
2026-10-09 18:39:06,181 RX_BYTE D2
2026-10-09 18:39:06,181 RX_BYTE A6
2026-10-09 18:39:06,181 RX_BYTE 93
2026-10-09 18:39:06,181 RX_BYTE 94
2026-10-09 18:39:06,182 RX_BYTE B0
2026-10-09 18:39:06,182 RX_BYTE FB
2026-10-09 18:39:06,182 RX_BYTE 04
2026-10-09 18:39:06,182 RX_BYTE 00
2026-10-09 18:39:06,182 RX_BYTE 6D
2026-10-09 18:39:06,182 RX 8B F1 B1 61 01 90 D2 A6 93 94 B0 FB 04 00 6D
2026-10-09 18:39:06,182 RX_BYTE 8B
2026-10-09 18:39:06,182 RX_BYTE F1
2026-10-09 18:39:06,182 RX_BYTE B1
2026-10-09 18:39:06,182 RX_BYTE 61
2026-10-09 18:39:06,182 RX_BYTE 01
2026-10-09 18:39:06,182 RX_BYTE 90
2026-10-09 18:39:06,182 RX_BYTE D2
2026-10-09 18:39:06,182 RX_BYTE A6
2026-10-09 18:39:06,182 RX_BYTE 93
2026-10-09 18:39:06,182 RX_BYTE 94
2026-10-09 18:39:06,182 RX_BYTE B0
2026-10-09 18:39:06,182 RX_BYTE FB
2026-10-09 18:39:06,182 RX_BYTE 04
2026-10-09 18:39:06,182 RX_BYTE 00
2026-10-09 18:39:06,182 RX_BYTE 6D
2026-10-09 18:39:06,182 RX 8B F1 B1 61 01 90 D2 A6 93 94 B0 FB 04 00 6D
2026-10-09 18:39:06,182 RX_BYTE 8B
2026-10-09 18:39:06,182 RX_BYTE F1
2026-10-09 18:39:06,182 RX_BYTE B1
2026-10-09 18:39:06,182 RX_BYTE 61
2026-10-09 18:39:06,182 RX_BYTE 01
2026-10-09 18:39:06,182 RX_BYTE 90
2026-10-09 18:39:06,182 RX_BYTE D2
2026-10-09 18:39:06,182 RX_BYTE A6
2026-10-09 18:39:06,182 RX_BYTE 93
2026-10-09 18:39:06,182 RX_BYTE 94
2026-10-09 18:39:06,182 RX_BYTE B0
2026-10-09 18:39:06,182 RX_BYTE FB
2026-10-09 18:39:06,182 RX_BYTE 04
2026-10-09 18:39:06,182 RX_BYTE 00
2026-10-09 18:39:06,182 RX_BYTE 6D
2026-10-09 18:39:06,182 RX 8B F1 B1 61 01 90 D2 A6 93 94 B0 FB 04 00 6D
2026-10-09 18:39:06,182 RX_BYTE 8B
2026-10-09 18:39:06,182 RX_BYTE F1
2026-10-09 18:39:06,182 RX_BYTE B1
2026-10-09 18:39:06,182 RX_BYTE 61
2026-10-09 18:39:06,182 RX_BYTE 01
2026-10-09 18:39:06,182 RX_BYTE 90
2026-10-09 18:39:06,183 RX_BYTE D2
2026-10-09 18:39:06,183 RX_BYTE A6
2026-10-09 18:39:06,183 RX_BYTE 93
2026-10-09 18:39:06,183 RX_BYTE 94
2026-10-09 18:39:06,183 RX_BYTE B0
2026-10-09 18:39:06,183 RX_BYTE FB
2026-10-09 18:39:06,183 RX_BYTE 04
2026-10-09 18:39:06,183 RX_BYTE 00
2026-10-09 18:39:06,183 RX_BYTE 6D
2026-10-09 18:39:06,183 RX 8B F1 B1 61 01 90 D2 A6 93 94 B0 FB 04 00 6D
2026-10-09 18:39:06,183 RX_BYTE 8B
2026-10-09 18:39:06,183 RX_BYTE F1
2026-10-09 18:39:06,183 RX_BYTE B1
2026-10-09 18:39:06,183 RX_BYTE 61
2026-10-09 18:39:06,183 RX_BYTE 01
2026-10-09 18:39:06,183 RX_BYTE 90
2026-10-09 18:39:06,183 RX_BYTE D2
2026-10-09 18:39:06,183 RX_BYTE A6
2026-10-09 18:39:06,183 RX_BYTE 93
2026-10-09 18:39:06,183 RX_BYTE 94
2026-10-09 18:39:06,183 RX_BYTE B0
2026-10-09 18:39:06,183 RX_BYTE FB
2026-10-09 18:39:06,183 RX_BYTE 04
2026-10-09 18:39:06,183 RX_BYTE 00
2026-10-09 18:39:06,183 RX_BYTE 6D
2026-10-09 18:39:06,183 RX 8B F1 B1 61 01 90 D2 A6 93 94 B0 FB 04 00 6D
2026-10-09 18:39:06,183 RX_BYTE 8B
2026-10-09 18:39:06,183 RX_BYTE F1
2026-10-09 18:39:06,183 RX_BYTE B1
2026-10-09 18:39:06,183 RX_BYTE 61
2026-10-09 18:39:06,183 RX_BYTE 01
2026-10-09 18:39:06,183 RX_BYTE 90
2026-10-09 18:39:06,183 RX_BYTE D2
2026-10-09 18:39:06,183 RX_BYTE A6
2026-10-09 18:39:06,183 RX_BYTE 93
2026-10-09 18:39:06,183 RX_BYTE 94
2026-10-09 18:39:06,183 RX_BYTE B0
2026-10-09 18:39:06,183 RX_BYTE FB
2026-10-09 18:39:06,183 RX_BYTE 04
2026-10-09 18:39:06,183 RX_BYTE 00
2026-10-09 18:39:06,183 RX_BYTE 6D
2026-10-09 18:39:06,183 RX 8B F1 B1 61 01 90 D2 A6 93 94 B0 FB 04 00 6D
2026-10-09 18:39:06,183 RX_BYTE 8B
2026-10-09 18:39:06,183 RX_BYTE F1
2026-10-09 18:39:06,183 RX_BYTE B1
2026-10-09 18:39:06,183 RX_BYTE 61
2026-10-09 18:39:06,184 RX_BYTE 01
2026-10-09 18:39:06,184 RX_BYTE 90
2026-10-09 18:39:06,184 RX_BYTE D2
2026-10-09 18:39:06,184 RX_BYTE A6
2026-10-09 18:39:06,184 RX_BYTE 93
2026-10-09 18:39:06,184 RX_BYTE 94
2026-10-09 18:39:06,184 RX_BYTE B0
2026-10-09 18:39:06,184 RX_BYTE FB
2026-10-09 18:39:06,184 RX_BYTE 04
2026-10-09 18:39:06,184 RX_BYTE 00
2026-10-09 18:39:06,184 RX_BYTE 6D
2026-10-09 18:39:06,184 RX 8B F1 B1 61 01 90 D2 A6 93 94 B0 FB 04 00 6D
2026-10-09 18:39:06,184 RX_BYTE 8B
2026-10-09 18:39:06,184 RX_BYTE F1
2026-10-09 18:39:06,184 RX_BYTE B1
2026-10-09 18:39:06,184 RX_BYTE 61
2026-10-09 18:39:06,184 RX_BYTE 01
2026-10-09 18:39:06,184 RX_BYTE 90
2026-10-09 18:39:06,184 RX_BYTE D2
2026-10-09 18:39:06,184 RX_BYTE A6
2026-10-09 18:39:06,184 RX_BYTE 93
2026-10-09 18:39:06,184 RX_BYTE 94
2026-10-09 18:39:06,184 RX_BYTE B0
2026-10-09 18:39:06,184 RX_BYTE FB
2026-10-09 18:39:06,184 RX_BYTE 04
2026-10-09 18:39:06,184 RX_BYTE 00
2026-10-09 18:39:06,184 RX_BYTE 6D
2026-10-09 18:39:06,184 RX 8B F1 B1 61 01 90 D2 A6 93 94 B0 FB 04 00 6D
2026-10-09 18:39:06,184 RX_BYTE 8B
2026-10-09 18:39:06,184 RX_BYTE F1
2026-10-09 18:39:06,184 RX_BYTE B1
2026-10-09 18:39:06,184 RX_BYTE 61
2026-10-09 18:39:06,184 RX_BYTE 01
2026-10-09 18:39:06,184 RX_BYTE 90
2026-10-09 18:39:06,184 RX_BYTE D2
2026-10-09 18:39:06,184 RX_BYTE A6
2026-10-09 18:39:06,184 RX_BYTE 93
2026-10-09 18:39:06,184 RX_BYTE 94
2026-10-09 18:39:06,184 RX_BYTE B0
2026-10-09 18:39:06,184 RX_BYTE FB
2026-10-09 18:39:06,184 RX_BYTE 04
2026-10-09 18:39:06,184 RX_BYTE 00
2026-10-09 18:39:06,184 RX_BYTE 6D
2026-10-09 18:39:06,184 RX 8B F1 B1 61 01 90 D2 A6 93 94 B0 FB 04 00 6D
2026-10-09 18:39:06,184 RX_BYTE 8B
2026-10-09 18:39:06,184 RX_BYTE F1
2026-10-09 18:39:06,184 RX_BYTE B1
2026-10-09 18:39:06,184 RX_BYTE 61
2026-10-09 18:39:06,185 RX_BYTE 01
2026-10-09 18:39:06,185 RX_BYTE 90
2026-10-09 18:39:06,185 RX_BYTE D2
2026-10-09 18:39:06,185 RX_BYTE A6
2026-10-09 18:39:06,185 RX_BYTE 93
2026-10-09 18:39:06,185 RX_BYTE 94
2026-10-09 18:39:06,185 RX_BYTE B0
2026-10-09 18:39:06,185 RX_BYTE FB
2026-10-09 18:39:06,185 RX_BYTE 04
2026-10-09 18:39:06,185 RX_BYTE 00
2026-10-09 18:39:06,185 RX_BYTE 6D
2026-10-09 18:39:06,185 RX 8B F1 B1 61 01 90 D2 A6 93 94 B0 FB 04 00 6D
2026-10-09 18:39:06,185 RX_BYTE 8B
2026-10-09 18:39:06,185 RX_BYTE F1
2026-10-09 18:39:06,185 RX_BYTE B1
2026-10-09 18:39:06,185 RX_BYTE 61
2026-10-09 18:39:06,185 RX_BYTE 01
2026-10-09 18:39:06,185 RX_BYTE 90
2026-10-09 18:39:06,185 RX_BYTE D2
2026-10-09 18:39:06,185 RX_BYTE A6
2026-10-09 18:39:06,185 RX_BYTE 93
2026-10-09 18:39:06,185 RX_BYTE 94
2026-10-09 18:39:06,185 RX_BYTE B0
2026-10-09 18:39:06,185 RX_BYTE FB
2026-10-09 18:39:06,185 RX_BYTE 04
2026-10-09 18:39:06,185 RX_BYTE 00
2026-10-09 18:39:06,185 RX_BYTE 6D
2026-10-09 18:39:06,185 RX 8B F1 B1 61 01 90 D2 A6 93 94 B0 FB 04 00 6D
2026-10-09 18:39:06,185 RX_BYTE 8B
2026-10-09 18:39:06,185 RX_BYTE F1
2026-10-09 18:39:06,185 RX_BYTE B1
2026-10-09 18:39:06,185 RX_BYTE 61
2026-10-09 18:39:06,185 RX_BYTE 01
2026-10-09 18:39:06,185 RX_BYTE 90
2026-10-09 18:39:06,185 RX_BYTE D2
2026-10-09 18:39:06,185 RX_BYTE A6
2026-10-09 18:39:06,185 RX_BYTE 93
2026-10-09 18:39:06,185 RX_BYTE 94
2026-10-09 18:39:06,185 RX_BYTE B0
2026-10-09 18:39:06,185 RX_BYTE FB
2026-10-09 18:39:06,185 RX_BYTE 04
2026-10-09 18:39:06,185 RX_BYTE 00
2026-10-09 18:39:06,185 RX_BYTE 6D
2026-10-09 18:39:06,185 RX 8B F1 B1 61 01 90 D2 A6 93 94 B0 FB 04 00 6D
2026-10-09 18:39:06,185 RX_BYTE 8B
2026-10-09 18:39:06,185 RX_BYTE F1
2026-10-09 18:39:06,185 RX_BYTE B1
2026-10-09 18:39:06,185 RX_BYTE 61
2026-10-09 18:39:06,186 RX_BYTE 01
2026-10-09 18:39:06,186 RX_BYTE 90
2026-10-09 18:39:06,186 RX_BYTE D2
2026-10-09 18:39:06,186 RX_BYTE A6
2026-10-09 18:39:06,186 RX_BYTE 93
2026-10-09 18:39:06,186 RX_BYTE 94
2026-10-09 18:39:06,186 RX_BYTE B0
2026-10-09 18:39:06,186 RX_BYTE FB
2026-10-09 18:39:06,186 RX_BYTE 04
2026-10-09 18:39:06,186 RX_BYTE 00
2026-10-09 18:39:06,186 RX_BYTE 6D
2026-10-09 18:39:06,186 RX 8B F1 B1 61 01 90 D2 A6 93 94 B0 FB 04 00 6D
2026-10-09 18:39:06,186 RX_BYTE 8B
2026-10-09 18:39:06,186 RX_BYTE F1
2026-10-09 18:39:06,186 RX_BYTE B1
2026-10-09 18:39:06,186 RX_BYTE 61
2026-10-09 18:39:06,186 RX_BYTE 01
2026-10-09 18:39:06,186 RX_BYTE 90
2026-10-09 18:39:06,186 RX_BYTE D2
2026-10-09 18:39:06,186 RX_BYTE A6
2026-10-09 18:39:06,186 RX_BYTE 93
2026-10-09 18:39:06,186 RX_BYTE 94
2026-10-09 18:39:06,186 RX_BYTE B0
2026-10-09 18:39:06,186 RX_BYTE FB
2026-10-09 18:39:06,186 RX_BYTE 04
2026-10-09 18:39:06,186 RX_BYTE 00
2026-10-09 18:39:06,186 RX_BYTE 6D
2026-10-09 18:39:06,186 RX 8B F1 B1 61 01 90 D2 A6 93 94 B0 FB 04 00 6D
2026-10-09 18:39:06,186 RX_BYTE 8B
2026-10-09 18:39:06,186 RX_BYTE F1
2026-10-09 18:39:06,186 RX_BYTE B1
2026-10-09 18:39:06,186 RX_BYTE 61
2026-10-09 18:39:06,186 RX_BYTE 01
2026-10-09 18:39:06,186 RX_BYTE 90
2026-10-09 18:39:06,186 RX_BYTE D2
2026-10-09 18:39:06,186 RX_BYTE A6
2026-10-09 18:39:06,186 RX_BYTE 93
2026-10-09 18:39:06,186 RX_BYTE 94
2026-10-09 18:39:06,186 RX_BYTE B0
2026-10-09 18:39:06,186 RX_BYTE FB
2026-10-09 18:39:06,186 RX_BYTE 04
2026-10-09 18:39:06,186 RX_BYTE 00
2026-10-09 18:39:06,186 RX_BYTE 6D
2026-10-09 18:39:06,186 RX 8B F1 B1 61 01 90 D2 A6 93 94 B0 FB 04 00 6D
2026-10-09 18:39:06,186 RX_BYTE 8B
2026-10-09 18:39:06,186 RX_BYTE F1
2026-10-09 18:39:06,186 RX_BYTE B1
2026-10-09 18:39:06,186 RX_BYTE 61
2026-10-09 18:39:06,187 RX_BYTE 01
2026-10-09 18:39:06,187 RX_BYTE 90
2026-10-09 18:39:06,187 RX_BYTE D2
2026-10-09 18:39:06,187 RX_BYTE A6
2026-10-09 18:39:06,187 RX_BYTE 93
2026-10-09 18:39:06,187 RX_BYTE 94
2026-10-09 18:39:06,187 RX_BYTE B0
2026-10-09 18:39:06,187 RX_BYTE FB
2026-10-09 18:39:06,187 RX_BYTE 04
2026-10-09 18:39:06,187 RX_BYTE 00
2026-10-09 18:39:06,187 RX_BYTE 6D
2026-10-09 18:39:06,187 RX 8B F1 B1 61 01 90 D2 A6 93 94 B0 FB 04 00 6D
2026-10-09 18:39:06,187 RX_BYTE 8B
2026-10-09 18:39:06,187 RX_BYTE F1
2026-10-09 18:39:06,187 RX_BYTE B1
2026-10-09 18:39:06,187 RX_BYTE 61
2026-10-09 18:39:06,187 RX_BYTE 01
2026-10-09 18:39:06,187 RX_BYTE 90
2026-10-09 18:39:06,187 RX_BYTE D2
2026-10-09 18:39:06,187 RX_BYTE A6
2026-10-09 18:39:06,187 RX_BYTE 93
2026-10-09 18:39:06,187 RX_BYTE 94
2026-10-09 18:39:06,187 RX_BYTE B0
2026-10-09 18:39:06,187 RX_BYTE FB
2026-10-09 18:39:06,187 RX_BYTE 04
2026-10-09 18:39:06,187 RX_BYTE 00
2026-10-09 18:39:06,187 RX_BYTE 6D
2026-10-09 18:39:06,187 RX 8B F1 B1 61 01 90 D2 A6 93 94 B0 FB 04 00 6D
2026-10-09 18:39:06,187 RX_BYTE 8B
2026-10-09 18:39:06,187 RX_BYTE F1
2026-10-09 18:39:06,187 RX_BYTE B1
2026-10-09 18:39:06,187 RX_BYTE 61
2026-10-09 18:39:06,187 RX_BYTE 01
2026-10-09 18:39:06,187 RX_BYTE 90
2026-10-09 18:39:06,187 RX_BYTE D2
2026-10-09 18:39:06,187 RX_BYTE A6
2026-10-09 18:39:06,187 RX_BYTE 93
2026-10-09 18:39:06,187 RX_BYTE 94
2026-10-09 18:39:06,187 RX_BYTE B0
2026-10-09 18:39:06,187 RX_BYTE FB
2026-10-09 18:39:06,187 RX_BYTE 04
2026-10-09 18:39:06,187 RX_BYTE 00
2026-10-09 18:39:06,187 RX_BYTE 6D
2026-10-09 18:39:06,187 RX 8B F1 B1 61 01 90 D2 A6 93 94 B0 FB 04 00 6D
2026-10-09 18:39:06,187 RX_BYTE 8B
2026-10-09 18:39:06,187 RX_BYTE F1
2026-10-09 18:39:06,187 RX_BYTE B1
2026-10-09 18:39:06,188 RX_BYTE 61
2026-10-09 18:39:06,188 RX_BYTE 01
2026-10-09 18:39:06,188 RX_BYTE 90
2026-10-09 18:39:06,188 RX_BYTE D2
2026-10-09 18:39:06,188 RX_BYTE A6
2026-10-09 18:39:06,188 RX_BYTE 93
2026-10-09 18:39:06,188 RX_BYTE 94
2026-10-09 18:39:06,188 RX_BYTE B0
2026-10-09 18:39:06,188 RX_BYTE FB
2026-10-09 18:39:06,188 RX_BYTE 04
2026-10-09 18:39:06,188 RX_BYTE 00
2026-10-09 18:39:06,188 RX_BYTE 6D
2026-10-09 18:39:06,188 RX 8B F1 B1 61 01 90 D2 A6 93 94 B0 FB 04 00 6D
2026-10-09 18:39:06,188 RX_BYTE 8B
2026-10-09 18:39:06,188 RX_BYTE F1
2026-10-09 18:39:06,188 RX_BYTE B1
2026-10-09 18:39:06,188 RX_BYTE 61
2026-10-09 18:39:06,188 RX_BYTE 01
2026-10-09 18:39:06,188 RX_BYTE 90
2026-10-09 18:39:06,188 RX_BYTE D2
2026-10-09 18:39:06,188 RX_BYTE A6
2026-10-09 18:39:06,188 RX_BYTE 93
2026-10-09 18:39:06,188 RX_BYTE 94
2026-10-09 18:39:06,188 RX_BYTE B0
2026-10-09 18:39:06,188 RX_BYTE FB
2026-10-09 18:39:06,188 RX_BYTE 04
2026-10-09 18:39:06,188 RX_BYTE 00
2026-10-09 18:39:06,188 RX_BYTE 6D
2026-10-09 18:39:06,188 RX 8B F1 B1 61 01 90 D2 A6 93 94 B0 FB 04 00 6D
2026-10-09 18:39:06,188 RX_BYTE 8B
2026-10-09 18:39:06,188 RX_BYTE F1
2026-10-09 18:39:06,188 RX_BYTE B1
2026-10-09 18:39:06,188 RX_BYTE 61
2026-10-09 18:39:06,188 RX_BYTE 01
2026-10-09 18:39:06,189 RX_BYTE 90
2026-10-09 18:39:06,189 RX_BYTE D2
2026-10-09 18:39:06,189 RX_BYTE A6
2026-10-09 18:39:06,189 RX_BYTE 93
2026-10-09 18:39:06,189 RX_BYTE 94
2026-10-09 18:39:06,189 RX_BYTE B0
2026-10-09 18:39:06,189 RX_BYTE FB
2026-10-09 18:39:06,189 RX_BYTE 04
2026-10-09 18:39:06,189 RX_BYTE 00
2026-10-09 18:39:06,189 RX_BYTE 6D
2026-10-09 18:39:06,189 RX 8B F1 B1 61 01 90 D2 A6 93 94 B0 FB 04 00 6D
2026-10-09 18:39:06,189 RX_BYTE 8B
2026-10-09 18:39:06,189 RX_BYTE F1
2026-10-09 18:39:06,189 RX_BYTE B1
2026-10-09 18:39:06,189 RX_BYTE 61
2026-10-09 18:39:06,189 RX_BYTE 01
2026-10-09 18:39:06,189 RX_BYTE 90
2026-10-09 18:39:06,189 RX_BYTE D2
2026-10-09 18:39:06,189 RX_BYTE A6
2026-10-09 18:39:06,189 RX_BYTE 93
2026-10-09 18:39:06,189 RX_BYTE 94
2026-10-09 18:39:06,189 RX_BYTE B0
2026-10-09 18:39:06,190 RX_BYTE FB
2026-10-09 18:39:06,190 RX_BYTE 04
2026-10-09 18:39:06,190 RX_BYTE 00
2026-10-09 18:39:06,190 RX_BYTE 6D
2026-10-09 18:39:06,190 RX 8B F1 B1 61 01 90 D2 A6 93 94 B0 FB 04 00 6D
2026-10-09 18:39:06,190 RX_BYTE 8B
2026-10-09 18:39:06,190 RX_BYTE F1
2026-10-09 18:39:06,190 RX_BYTE B1
2026-10-09 18:39:06,190 RX_BYTE 61
2026-10-09 18:39:06,190 RX_BYTE 01
2026-10-09 18:39:06,190 RX_BYTE 90
2026-10-09 18:39:06,190 RX_BYTE D2
2026-10-09 18:39:06,190 RX_BYTE A6
2026-10-09 18:39:06,190 RX_BYTE 93
2026-10-09 18:39:06,190 RX_BYTE 94
2026-10-09 18:39:06,190 RX_BYTE B0
2026-10-09 18:39:06,190 RX_BYTE FB
2026-10-09 18:39:06,190 RX_BYTE 04
2026-10-09 18:39:06,190 RX_BYTE 00
2026-10-09 18:39:06,190 RX_BYTE 6D
2026-10-09 18:39:06,190 RX 8B F1 B1 61 01 90 D2 A6 93 94 B0 FB 04 00 6D
2026-10-09 18:39:06,190 RX_BYTE 8B
2026-10-09 18:39:06,190 RX_BYTE F1
2026-10-09 18:39:06,190 RX_BYTE B1
2026-10-09 18:39:06,190 RX_BYTE 61
2026-10-09 18:39:06,190 RX_BYTE 01
2026-10-09 18:39:06,190 RX_BYTE 90
2026-10-09 18:39:06,190 RX_BYTE D2
2026-10-09 18:39:06,190 RX_BYTE A6
2026-10-09 18:39:06,190 RX_BYTE 93
2026-10-09 18:39:06,190 RX_BYTE 94
2026-10-09 18:39:06,190 RX_BYTE B0
2026-10-09 18:39:06,190 RX_BYTE FB
2026-10-09 18:39:06,190 RX_BYTE 04
2026-10-09 18:39:06,190 RX_BYTE 00
2026-10-09 18:39:06,190 RX_BYTE 6D
2026-10-09 18:39:06,191 RX 8B F1 B1 61 01 90 D2 A6 93 94 B0 FB 04 00 6D
2026-10-09 18:39:06,191 RX_BYTE 8B
2026-10-09 18:39:06,191 RX_BYTE F1
2026-10-09 18:39:06,191 RX_BYTE B1
2026-10-09 18:39:06,191 RX_BYTE 61
2026-10-09 18:39:06,191 RX_BYTE 01
2026-10-09 18:39:06,191 RX_BYTE 90
2026-10-09 18:39:06,191 RX_BYTE D2
2026-10-09 18:39:06,191 RX_BYTE A6
2026-10-09 18:39:06,191 RX_BYTE 93
2026-10-09 18:39:06,191 RX_BYTE 94
2026-10-09 18:39:06,191 RX_BYTE B0
2026-10-09 18:39:06,191 RX_BYTE FB
2026-10-09 18:39:06,191 RX_BYTE 04
2026-10-09 18:39:06,191 RX_BYTE 00
2026-10-09 18:39:06,191 RX_BYTE 6D
2026-10-09 18:39:06,191 RX 8B F1 B1 61 01 90 D2 A6 93 94 B0 FB 04 00 6D
2026-10-09 18:39:06,191 RX_BYTE 8B
2026-10-09 18:39:06,191 RX_BYTE F1
2026-10-09 18:39:06,191 RX_BYTE B1
2026-10-09 18:39:06,191 RX_BYTE 61
2026-10-09 18:39:06,191 RX_BYTE 01
2026-10-09 18:39:06,191 RX_BYTE 90
2026-10-09 18:39:06,191 RX_BYTE D2
2026-10-09 18:39:06,191 RX_BYTE A6
2026-10-09 18:39:06,191 RX_BYTE 93
2026-10-09 18:39:06,191 RX_BYTE 94
2026-10-09 18:39:06,191 RX_BYTE B0
2026-10-09 18:39:06,191 RX_BYTE FB
2026-10-09 18:39:06,191 RX_BYTE 04
2026-10-09 18:39:06,191 RX_BYTE 00
2026-10-09 18:39:06,191 RX_BYTE 6D
2026-10-09 18:39:06,191 RX 8B F1 B1 61 01 90 D2 A6 93 94 B0 FB 04 00 6D
2026-10-09 18:39:06,191 RX_BYTE 8B
2026-10-09 18:39:06,191 RX_BYTE F1
2026-10-09 18:39:06,191 RX_BYTE B1
2026-10-09 18:39:06,191 RX_BYTE 61
2026-10-09 18:39:06,191 RX_BYTE 01
2026-10-09 18:39:06,191 RX_BYTE 90
2026-10-09 18:39:06,191 RX_BYTE D2
2026-10-09 18:39:06,191 RX_BYTE A6
2026-10-09 18:39:06,191 RX_BYTE 93
2026-10-09 18:39:06,191 RX_BYTE 94
2026-10-09 18:39:06,191 RX_BYTE B0
2026-10-09 18:39:06,191 RX_BYTE FB
2026-10-09 18:39:06,191 RX_BYTE 04
2026-10-09 18:39:06,191 RX_BYTE 00
2026-10-09 18:39:06,191 RX_BYTE 6D
2026-10-09 18:39:06,191 RX 8B F1 B1 61 01 90 D2 A6 93 94 B0 FB 04 00 6D
2026-10-09 18:39:06,191 RX_BYTE 8B
2026-10-09 18:39:06,191 RX_BYTE F1
2026-10-09 18:39:06,192 RX_BYTE B1
2026-10-09 18:39:06,192 RX_BYTE 61
2026-10-09 18:39:06,192 RX_BYTE 01
2026-10-09 18:39:06,192 RX_BYTE 90
2026-10-09 18:39:06,192 RX_BYTE D2
2026-10-09 18:39:06,192 RX_BYTE A6
2026-10-09 18:39:06,192 RX_BYTE 93
2026-10-09 18:39:06,192 RX_BYTE 94
2026-10-09 18:39:06,192 RX_BYTE B0
2026-10-09 18:39:06,192 RX_BYTE FB
2026-10-09 18:39:06,192 RX_BYTE 04
2026-10-09 18:39:06,192 RX_BYTE 00
2026-10-09 18:39:06,192 RX_BYTE 6D
2026-10-09 18:39:06,192 RX 8B F1 B1 61 01 90 D2 A6 93 94 B0 FB 04 00 6D
2026-10-09 18:39:06,192 RX_BYTE 8B
2026-10-09 18:39:06,192 RX_BYTE F1
2026-10-09 18:39:06,192 RX_BYTE B1
2026-10-09 18:39:06,192 RX_BYTE 61
2026-10-09 18:39:06,192 RX_BYTE 01
2026-10-09 18:39:06,192 RX_BYTE 90
2026-10-09 18:39:06,192 RX_BYTE D2
2026-10-09 18:39:06,192 RX_BYTE A6
2026-10-09 18:39:06,192 RX_BYTE 93
2026-10-09 18:39:06,192 RX_BYTE 94
2026-10-09 18:39:06,192 RX_BYTE B0
2026-10-09 18:39:06,192 RX_BYTE FB
2026-10-09 18:39:06,192 RX_BYTE 04
2026-10-09 18:39:06,192 RX_BYTE 00
2026-10-09 18:39:06,192 RX_BYTE 6D
2026-10-09 18:39:06,192 RX 8B F1 B1 61 01 90 D2 A6 93 94 B0 FB 04 00 6D
2026-10-09 18:39:06,192 RX_BYTE 8B
2026-10-09 18:39:06,192 RX_BYTE F1
2026-10-09 18:39:06,192 RX_BYTE B1
2026-10-09 18:39:06,192 RX_BYTE 61
2026-10-09 18:39:06,192 RX_BYTE 01
2026-10-09 18:39:06,192 RX_BYTE 90
2026-10-09 18:39:06,192 RX_BYTE D2
2026-10-09 18:39:06,192 RX_BYTE A6
2026-10-09 18:39:06,192 RX_BYTE 93
2026-10-09 18:39:06,192 RX_BYTE 94
2026-10-09 18:39:06,192 RX_BYTE B0
2026-10-09 18:39:06,192 RX_BYTE FB
2026-10-09 18:39:06,192 RX_BYTE 04
2026-10-09 18:39:06,192 RX_BYTE 00
2026-10-09 18:39:06,192 RX_BYTE 6D
2026-10-09 18:39:06,192 RX 8B F1 B1 61 01 90 D2 A6 93 94 B0 FB 04 00 6D
2026-10-09 18:39:06,192 RX_BYTE 8B
2026-10-09 18:39:06,192 RX_BYTE F1
2026-10-09 18:39:06,192 RX_BYTE B1
2026-10-09 18:39:06,192 RX_BYTE 61
2026-10-09 18:39:06,192 RX_BYTE 01
2026-10-09 18:39:06,192 RX_BYTE 90
2026-10-09 18:39:06,193 RX_BYTE D2
2026-10-09 18:39:06,193 RX_BYTE A6
2026-10-09 18:39:06,193 RX_BYTE 93
2026-10-09 18:39:06,193 RX_BYTE 94
2026-10-09 18:39:06,193 RX_BYTE B0
2026-10-09 18:39:06,193 RX_BYTE FB
2026-10-09 18:39:06,193 RX_BYTE 04
2026-10-09 18:39:06,193 RX_BYTE 00
2026-10-09 18:39:06,193 RX_BYTE 6D
2026-10-09 18:39:06,193 RX 8B F1 B1 61 01 90 D2 A6 93 94 B0 FB 04 00 6D
2026-10-09 18:39:06,193 RX_BYTE 8B
2026-10-09 18:39:06,193 RX_BYTE F1
2026-10-09 18:39:06,193 RX_BYTE B1
2026-10-09 18:39:06,193 RX_BYTE 61
2026-10-09 18:39:06,193 RX_BYTE 01
2026-10-09 18:39:06,193 RX_BYTE 90
2026-10-09 18:39:06,193 RX_BYTE D2
2026-10-09 18:39:06,193 RX_BYTE A6
2026-10-09 18:39:06,193 RX_BYTE 93
2026-10-09 18:39:06,193 RX_BYTE 94
2026-10-09 18:39:06,193 RX_BYTE B0
2026-10-09 18:39:06,193 RX_BYTE FB
2026-10-09 18:39:06,193 RX_BYTE 04
2026-10-09 18:39:06,193 RX_BYTE 00
2026-10-09 18:39:06,193 RX_BYTE 6D
2026-10-09 18:39:06,193 RX 8B F1 B1 61 01 90 D2 A6 93 94 B0 FB 04 00 6D
2026-10-09 18:39:06,193 RX_BYTE 8B
2026-10-09 18:39:06,193 RX_BYTE F1
2026-10-09 18:39:06,193 RX_BYTE B1
2026-10-09 18:39:06,193 RX_BYTE 61
2026-10-09 18:39:06,193 RX_BYTE 01
2026-10-09 18:39:06,193 RX_BYTE 90
2026-10-09 18:39:06,193 RX_BYTE D2
2026-10-09 18:39:06,193 RX_BYTE A6
2026-10-09 18:39:06,193 RX_BYTE 93
2026-10-09 18:39:06,193 RX_BYTE 94
2026-10-09 18:39:06,193 RX_BYTE B0
2026-10-09 18:39:06,193 RX_BYTE FB
2026-10-09 18:39:06,193 RX_BYTE 04
2026-10-09 18:39:06,193 RX_BYTE 00
2026-10-09 18:39:06,193 RX_BYTE 6D
2026-10-09 18:39:06,193 RX 8B F1 B1 61 01 90 D2 A6 93 94 B0 FB 04 00 6D
2026-10-09 18:39:06,193 RX_BYTE 8B
2026-10-09 18:39:06,193 RX_BYTE F1
2026-10-09 18:39:06,193 RX_BYTE B1
2026-10-09 18:39:06,193 RX_BYTE 61
2026-10-09 18:39:06,193 RX_BYTE 01
2026-10-09 18:39:06,193 RX_BYTE 90
2026-10-09 18:39:06,193 RX_BYTE D2
2026-10-09 18:39:06,193 RX_BYTE A6
2026-10-09 18:39:06,193 RX_BYTE 93
2026-10-09 18:39:06,194 RX_BYTE 94
2026-10-09 18:39:06,194 RX_BYTE B0
2026-10-09 18:39:06,194 RX_BYTE FB
2026-10-09 18:39:06,194 RX_BYTE 04
2026-10-09 18:39:06,194 RX_BYTE 00
2026-10-09 18:39:06,194 RX_BYTE 6D
2026-10-09 18:39:06,194 RX 8B F1 B1 61 01 90 D2 A6 93 94 B0 FB 04 00 6D
2026-10-09 18:39:06,194 RX_BYTE 8B
2026-10-09 18:39:06,194 RX_BYTE F1
2026-10-09 18:39:06,194 RX_BYTE B1
2026-10-09 18:39:06,194 RX_BYTE 61
2026-10-09 18:39:06,194 RX_BYTE 01
2026-10-09 18:39:06,194 RX_BYTE 90
2026-10-09 18:39:06,194 RX_BYTE D2
2026-10-09 18:39:06,194 RX_BYTE A6
2026-10-09 18:39:06,194 RX_BYTE 93
2026-10-09 18:39:06,194 RX_BYTE 94
2026-10-09 18:39:06,194 RX_BYTE B0
2026-10-09 18:39:06,194 RX_BYTE FB
2026-10-09 18:39:06,194 RX_BYTE 04
2026-10-09 18:39:06,194 RX_BYTE 00
2026-10-09 18:39:06,194 RX_BYTE 6D
2026-10-09 18:39:06,194 RX 8B F1 B1 61 01 90 D2 A6 93 94 B0 FB 04 00 6D
2026-10-09 18:39:06,194 RX_BYTE 8B
2026-10-09 18:39:06,194 RX_BYTE F1
2026-10-09 18:39:06,194 RX_BYTE B1
2026-10-09 18:39:06,194 RX_BYTE 61
2026-10-09 18:39:06,194 RX_BYTE 01
2026-10-09 18:39:06,194 RX_BYTE 90
2026-10-09 18:39:06,194 RX_BYTE D2
2026-10-09 18:39:06,194 RX_BYTE A6
2026-10-09 18:39:06,194 RX_BYTE 93
2026-10-09 18:39:06,194 RX_BYTE 94
2026-10-09 18:39:06,194 RX_BYTE B0
2026-10-09 18:39:06,194 RX_BYTE FB
2026-10-09 18:39:06,194 RX_BYTE 04
2026-10-09 18:39:06,194 RX_BYTE 00
2026-10-09 18:39:06,194 RX_BYTE 6D
2026-10-09 18:39:06,194 RX 8B F1 B1 61 01 90 D2 A6 93 94 B0 FB 04 00 6D
2026-10-09 18:39:06,194 RX_BYTE 8B
2026-10-09 18:39:06,194 RX_BYTE F1
2026-10-09 18:39:06,194 RX_BYTE B1
2026-10-09 18:39:06,194 RX_BYTE 61
2026-10-09 18:39:06,194 RX_BYTE 01
2026-10-09 18:39:06,194 RX_BYTE 90
2026-10-09 18:39:06,194 RX_BYTE D2
2026-10-09 18:39:06,194 RX_BYTE A6
2026-10-09 18:39:06,194 RX_BYTE 93
2026-10-09 18:39:06,194 RX_BYTE 94
2026-10-09 18:39:06,194 RX_BYTE B0
2026-10-09 18:39:06,194 RX_BYTE FB
2026-10-09 18:39:06,194 RX_BYTE 04
2026-10-09 18:39:06,194 RX_BYTE 00
2026-10-09 18:39:06,195 RX_BYTE 6D
2026-10-09 18:39:06,195 RX 8B F1 B1 61 01 90 D2 A6 93 94 B0 FB 04 00 6D
2026-10-09 18:39:06,195 RX_BYTE 8B
2026-10-09 18:39:06,195 RX_BYTE F1
2026-10-09 18:39:06,195 RX_BYTE B1
2026-10-09 18:39:06,195 RX_BYTE 61
2026-10-09 18:39:06,195 RX_BYTE 01
2026-10-09 18:39:06,195 RX_BYTE 90
2026-10-09 18:39:06,195 RX_BYTE D2
2026-10-09 18:39:06,195 RX_BYTE A6
2026-10-09 18:39:06,195 RX_BYTE 93
2026-10-09 18:39:06,195 RX_BYTE 94
2026-10-09 18:39:06,195 RX_BYTE B0
2026-10-09 18:39:06,195 RX_BYTE FB
2026-10-09 18:39:06,195 RX_BYTE 04
2026-10-09 18:39:06,195 RX_BYTE 00
2026-10-09 18:39:06,195 RX_BYTE 6D
2026-10-09 18:39:06,195 RX 8B F1 B1 61 01 90 D2 A6 93 94 B0 FB 04 00 6D
2026-10-09 18:39:06,195 RX_BYTE 8B
2026-10-09 18:39:06,195 RX_BYTE F1
2026-10-09 18:39:06,195 RX_BYTE B1
2026-10-09 18:39:06,195 RX_BYTE 61
2026-10-09 18:39:06,195 RX_BYTE 01
2026-10-09 18:39:06,195 RX_BYTE 90
2026-10-09 18:39:06,195 RX_BYTE D2
2026-10-09 18:39:06,195 RX_BYTE A6
2026-10-09 18:39:06,195 RX_BYTE 93
2026-10-09 18:39:06,195 RX_BYTE 94
2026-10-09 18:39:06,195 RX_BYTE B0
2026-10-09 18:39:06,195 RX_BYTE FB
2026-10-09 18:39:06,195 RX_BYTE 04
2026-10-09 18:39:06,195 RX_BYTE 00
2026-10-09 18:39:06,195 RX_BYTE 6D
2026-10-09 18:39:06,195 RX 8B F1 B1 61 01 90 D2 A6 93 94 B0 FB 04 00 6D
2026-10-09 18:39:06,195 RX_BYTE 8B
2026-10-09 18:39:06,195 RX_BYTE F1
2026-10-09 18:39:06,195 RX_BYTE B1
2026-10-09 18:39:06,195 RX_BYTE 61
2026-10-09 18:39:06,195 RX_BYTE 01
2026-10-09 18:39:06,195 RX_BYTE 90
2026-10-09 18:39:06,195 RX_BYTE D2
2026-10-09 18:39:06,195 RX_BYTE A6
2026-10-09 18:39:06,195 RX_BYTE 93
2026-10-09 18:39:06,195 RX_BYTE 94
2026-10-09 18:39:06,195 RX_BYTE B0
2026-10-09 18:39:06,195 RX_BYTE FB
2026-10-09 18:39:06,195 RX_BYTE 04
2026-10-09 18:39:06,195 RX_BYTE 00
2026-10-09 18:39:06,195 RX_BYTE 6D
2026-10-09 18:39:06,195 RX 8B F1 B1 61 01 90 D2 A6 93 94 B0 FB 04 00 6D
2026-10-09 18:39:06,195 RX_BYTE 8B
2026-10-09 18:39:06,195 RX_BYTE F1
2026-10-09 18:39:06,196 RX_BYTE B1
2026-10-09 18:39:06,196 RX_BYTE 61
2026-10-09 18:39:06,196 RX_BYTE 01
2026-10-09 18:39:06,196 RX_BYTE 90
2026-10-09 18:39:06,196 RX_BYTE D2
2026-10-09 18:39:06,196 RX_BYTE A6
2026-10-09 18:39:06,196 RX_BYTE 93
2026-10-09 18:39:06,196 RX_BYTE 94
2026-10-09 18:39:06,196 RX_BYTE B0
2026-10-09 18:39:06,196 RX_BYTE FB
2026-10-09 18:39:06,196 RX_BYTE 04
2026-10-09 18:39:06,196 RX_BYTE 00
2026-10-09 18:39:06,196 RX_BYTE 6D
2026-10-09 18:39:06,196 RX 8B F1 B1 61 01 90 D2 A6 93 94 B0 FB 04 00 6D
2026-10-09 18:39:06,196 RX_BYTE 8B
2026-10-09 18:39:06,196 RX_BYTE F1
2026-10-09 18:39:06,196 RX_BYTE B1
2026-10-09 18:39:06,196 RX_BYTE 61
2026-10-09 18:39:06,196 RX_BYTE 01
2026-10-09 18:39:06,196 RX_BYTE 90
2026-10-09 18:39:06,196 RX_BYTE D2
2026-10-09 18:39:06,196 RX_BYTE A6
2026-10-09 18:39:06,196 RX_BYTE 93
2026-10-09 18:39:06,196 RX_BYTE 94
2026-10-09 18:39:06,196 RX_BYTE B0
2026-10-09 18:39:06,196 RX_BYTE FB
2026-10-09 18:39:06,196 RX_BYTE 04
2026-10-09 18:39:06,196 RX_BYTE 00
2026-10-09 18:39:06,196 RX_BYTE 6D
2026-10-09 18:39:06,196 RX 8B F1 B1 61 01 90 D2 A6 93 94 B0 FB 04 00 6D
2026-10-09 18:39:06,196 RX_BYTE 8B
2026-10-09 18:39:06,196 RX_BYTE F1
2026-10-09 18:39:06,196 RX_BYTE B1
2026-10-09 18:39:06,196 RX_BYTE 61
2026-10-09 18:39:06,196 RX_BYTE 01
2026-10-09 18:39:06,196 RX_BYTE 90
2026-10-09 18:39:06,196 RX_BYTE D2
2026-10-09 18:39:06,196 RX_BYTE A6
2026-10-09 18:39:06,196 RX_BYTE 93
2026-10-09 18:39:06,196 RX_BYTE 94
2026-10-09 18:39:06,196 RX_BYTE B0
2026-10-09 18:39:06,196 RX_BYTE FB
2026-10-09 18:39:06,196 RX_BYTE 04
2026-10-09 18:39:06,196 RX_BYTE 00
2026-10-09 18:39:06,196 RX_BYTE 6D
2026-10-09 18:39:06,196 RX 8B F1 B1 61 01 90 D2 A6 93 94 B0 FB 04 00 6D
2026-10-09 18:39:06,196 RX_BYTE 8B
2026-10-09 18:39:06,196 RX_BYTE F1
2026-10-09 18:39:06,196 RX_BYTE B1
2026-10-09 18:39:06,196 RX_BYTE 61
2026-10-09 18:39:06,196 RX_BYTE 01
2026-10-09 18:39:06,196 RX_BYTE 90
2026-10-09 18:39:06,197 RX_BYTE D2
2026-10-09 18:39:06,197 RX_BYTE A6
2026-10-09 18:39:06,197 RX_BYTE 93
2026-10-09 18:39:06,197 RX_BYTE 94
2026-10-09 18:39:06,197 RX_BYTE B0
2026-10-09 18:39:06,197 RX_BYTE FB
2026-10-09 18:39:06,197 RX_BYTE 04
2026-10-09 18:39:06,197 RX_BYTE 00
2026-10-09 18:39:06,197 RX_BYTE 6D
2026-10-09 18:39:06,197 RX 8B F1 B1 61 01 90 D2 A6 93 94 B0 FB 04 00 6D
2026-10-09 18:39:06,197 RX_BYTE 8B
2026-10-09 18:39:06,197 RX_BYTE F1
2026-10-09 18:39:06,197 RX_BYTE B1
2026-10-09 18:39:06,197 RX_BYTE 61
2026-10-09 18:39:06,197 RX_BYTE 01
2026-10-09 18:39:06,197 RX_BYTE 90
2026-10-09 18:39:06,197 RX_BYTE D2
2026-10-09 18:39:06,197 RX_BYTE A6
2026-10-09 18:39:06,197 RX_BYTE 93
2026-10-09 18:39:06,197 RX_BYTE 94
2026-10-09 18:39:06,197 RX_BYTE B0
2026-10-09 18:39:06,197 RX_BYTE FB
2026-10-09 18:39:06,197 RX_BYTE 04
2026-10-09 18:39:06,197 RX_BYTE 00
2026-10-09 18:39:06,197 RX_BYTE 6D
2026-10-09 18:39:06,197 RX 8B F1 B1 61 01 90 D2 A6 93 94 B0 FB 04 00 6D
2026-10-09 18:39:06,197 RX_BYTE 8B
2026-10-09 18:39:06,197 RX_BYTE F1
2026-10-09 18:39:06,197 RX_BYTE B1
2026-10-09 18:39:06,197 RX_BYTE 61
2026-10-09 18:39:06,197 RX_BYTE 01
2026-10-09 18:39:06,197 RX_BYTE 90
2026-10-09 18:39:06,197 RX_BYTE D2
2026-10-09 18:39:06,197 RX_BYTE A6
2026-10-09 18:39:06,197 RX_BYTE 93
2026-10-09 18:39:06,197 RX_BYTE 94
2026-10-09 18:39:06,197 RX_BYTE B0
2026-10-09 18:39:06,197 RX_BYTE FB
2026-10-09 18:39:06,197 RX_BYTE 04
2026-10-09 18:39:06,197 RX_BYTE 00
2026-10-09 18:39:06,197 RX_BYTE 6D
2026-10-09 18:39:06,197 RX 8B F1 B1 61 01 90 D2 A6 93 94 B0 FB 04 00 6D
2026-10-09 18:39:06,197 RX_BYTE 8B
2026-10-09 18:39:06,197 RX_BYTE F1
2026-10-09 18:39:06,197 RX_BYTE B1
2026-10-09 18:39:06,197 RX_BYTE 61
2026-10-09 18:39:06,197 RX_BYTE 01
2026-10-09 18:39:06,197 RX_BYTE 90
2026-10-09 18:39:06,197 RX_BYTE D2
2026-10-09 18:39:06,197 RX_BYTE A6
2026-10-09 18:39:06,197 RX_BYTE 93
2026-10-09 18:39:06,197 RX_BYTE 94
2026-10-09 18:39:06,197 RX_BYTE B0
2026-10-09 18:39:06,197 RX_BYTE FB
2026-10-09 18:39:06,197 RX_BYTE 04
2026-10-09 18:39:06,197 RX_BYTE 00
2026-10-09 18:39:06,198 RX_BYTE 6D
2026-10-09 18:39:06,198 RX 8B F1 B1 61 01 90 D2 A6 93 94 B0 FB 04 00 6D
2026-10-09 18:39:06,198 RX_BYTE 8B
2026-10-09 18:39:06,198 RX_BYTE F1
2026-10-09 18:39:06,198 RX_BYTE B1
2026-10-09 18:39:06,198 RX_BYTE 61
2026-10-09 18:39:06,198 RX_BYTE 01
2026-10-09 18:39:06,198 RX_BYTE 90
2026-10-09 18:39:06,198 RX_BYTE D2
2026-10-09 18:39:06,198 RX_BYTE A6
2026-10-09 18:39:06,198 RX_BYTE 93
2026-10-09 18:39:06,198 RX_BYTE 94
2026-10-09 18:39:06,198 RX_BYTE B0
2026-10-09 18:39:06,198 RX_BYTE FB
2026-10-09 18:39:06,198 RX_BYTE 04
2026-10-09 18:39:06,198 RX_BYTE 00
2026-10-09 18:39:06,198 RX_BYTE 6D
2026-10-09 18:39:06,198 RX 8B F1 B1 61 01 90 D2 A6 93 94 B0 FB 04 00 6D
2026-10-09 18:39:06,198 RX_BYTE 8B
2026-10-09 18:39:06,198 RX_BYTE F1
2026-10-09 18:39:06,198 RX_BYTE B1
2026-10-09 18:39:06,198 RX_BYTE 61
2026-10-09 18:39:06,198 RX_BYTE 01
2026-10-09 18:39:06,198 RX_BYTE 90
2026-10-09 18:39:06,198 RX_BYTE D2
2026-10-09 18:39:06,198 RX_BYTE A6
2026-10-09 18:39:06,198 RX_BYTE 93
2026-10-09 18:39:06,198 RX_BYTE 94
2026-10-09 18:39:06,198 RX_BYTE B0
2026-10-09 18:39:06,198 RX_BYTE FB
2026-10-09 18:39:06,198 RX_BYTE 04
2026-10-09 18:39:06,198 RX_BYTE 00
2026-10-09 18:39:06,198 RX_BYTE 6D
2026-10-09 18:39:06,198 RX 8B F1 B1 61 01 90 D2 A6 93 94 B0 FB 04 00 6D
2026-10-09 18:39:06,198 RX_BYTE 8B
2026-10-09 18:39:06,198 RX_BYTE F1
2026-10-09 18:39:06,198 RX_BYTE B1
2026-10-09 18:39:06,198 RX_BYTE 61
2026-10-09 18:39:06,198 RX_BYTE 01
2026-10-09 18:39:06,198 RX_BYTE 90
2026-10-09 18:39:06,198 RX_BYTE D2
2026-10-09 18:39:06,198 RX_BYTE A6
2026-10-09 18:39:06,198 RX_BYTE 93
2026-10-09 18:39:06,198 RX_BYTE 94
2026-10-09 18:39:06,198 RX_BYTE B0
2026-10-09 18:39:06,198 RX_BYTE FB
2026-10-09 18:39:06,198 RX_BYTE 04
2026-10-09 18:39:06,198 RX_BYTE 00
2026-10-09 18:39:06,198 RX_BYTE 6D
2026-10-09 18:39:06,198 RX 8B F1 B1 61 01 90 D2 A6 93 94 B0 FB 04 00 6D
2026-10-09 18:39:06,198 RX_BYTE 8B
2026-10-09 18:39:06,198 RX_BYTE F1
2026-10-09 18:39:06,198 RX_BYTE B1
2026-10-09 18:39:06,198 RX_BYTE 61
2026-10-09 18:39:06,198 RX_BYTE 01
2026-10-09 18:39:06,198 RX_BYTE 90
2026-10-09 18:39:06,198 RX_BYTE D2
2026-10-09 18:39:06,199 RX_BYTE A6
2026-10-09 18:39:06,199 RX_BYTE 93
2026-10-09 18:39:06,199 RX_BYTE 94
2026-10-09 18:39:06,199 RX_BYTE B0
2026-10-09 18:39:06,199 RX_BYTE FB
2026-10-09 18:39:06,199 RX_BYTE 04
2026-10-09 18:39:06,199 RX_BYTE 00
2026-10-09 18:39:06,199 RX_BYTE 6D
2026-10-09 18:39:06,199 RX 8B F1 B1 61 01 90 D2 A6 93 94 B0 FB 04 00 6D
2026-10-09 18:39:06,199 RX_BYTE 8B
2026-10-09 18:39:06,199 RX_BYTE F1
2026-10-09 18:39:06,199 RX_BYTE B1
2026-10-09 18:39:06,199 RX_BYTE 61
2026-10-09 18:39:06,199 RX_BYTE 01
2026-10-09 18:39:06,199 RX_BYTE 90
2026-10-09 18:39:06,199 RX_BYTE D2
2026-10-09 18:39:06,199 RX_BYTE A6
2026-10-09 18:39:06,199 RX_BYTE 93
2026-10-09 18:39:06,199 RX_BYTE 94
2026-10-09 18:39:06,199 RX_BYTE B0
2026-10-09 18:39:06,199 RX_BYTE FB
2026-10-09 18:39:06,199 RX_BYTE 04
2026-10-09 18:39:06,199 RX_BYTE 00
2026-10-09 18:39:06,199 RX_BYTE 6D
2026-10-09 18:39:06,199 RX 8B F1 B1 61 01 90 D2 A6 93 94 B0 FB 04 00 6D
2026-10-09 18:39:06,199 RX_BYTE 8B
2026-10-09 18:39:06,199 RX_BYTE F1
2026-10-09 18:39:06,199 RX_BYTE B1
2026-10-09 18:39:06,199 RX_BYTE 61
2026-10-09 18:39:06,199 RX_BYTE 01
2026-10-09 18:39:06,199 RX_BYTE 90
2026-10-09 18:39:06,199 RX_BYTE D2
2026-10-09 18:39:06,199 RX_BYTE A6
2026-10-09 18:39:06,199 RX_BYTE 93
2026-10-09 18:39:06,199 RX_BYTE 94
2026-10-09 18:39:06,199 RX_BYTE B0
2026-10-09 18:39:06,199 RX_BYTE FB
2026-10-09 18:39:06,199 RX_BYTE 04
2026-10-09 18:39:06,199 RX_BYTE 00
2026-10-09 18:39:06,199 RX_BYTE 6D
2026-10-09 18:39:06,199 RX 8B F1 B1 61 01 90 D2 A6 93 94 B0 FB 04 00 6D
2026-10-09 18:39:06,199 RX_BYTE 8B
2026-10-09 18:39:06,199 RX_BYTE F1
2026-10-09 18:39:06,199 RX_BYTE B1
2026-10-09 18:39:06,199 RX_BYTE 61
2026-10-09 18:39:06,199 RX_BYTE 01
2026-10-09 18:39:06,199 RX_BYTE 90
2026-10-09 18:39:06,199 RX_BYTE D2
2026-10-09 18:39:06,199 RX_BYTE A6
2026-10-09 18:39:06,199 RX_BYTE 93
2026-10-09 18:39:06,199 RX_BYTE 94
2026-10-09 18:39:06,199 RX_BYTE B0
2026-10-09 18:39:06,199 RX_BYTE FB
2026-10-09 18:39:06,199 RX_BYTE 04
2026-10-09 18:39:06,199 RX_BYTE 00
2026-10-09 18:39:06,199 RX_BYTE 6D
2026-10-09 18:39:06,199 RX 8B F1 B1 61 01 90 D2 A6 93 94 B0 FB 04 00 6D
2026-10-09 18:39:06,200 RX_BYTE 8B
2026-10-09 18:39:06,200 RX_BYTE F1
2026-10-09 18:39:06,200 RX_BYTE B1
2026-10-09 18:39:06,200 RX_BYTE 61
2026-10-09 18:39:06,200 RX_BYTE 01
2026-10-09 18:39:06,200 RX_BYTE 90
2026-10-09 18:39:06,200 RX_BYTE D2
2026-10-09 18:39:06,200 RX_BYTE A6
2026-10-09 18:39:06,200 RX_BYTE 93
2026-10-09 18:39:06,200 RX_BYTE 94
2026-10-09 18:39:06,200 RX_BYTE B0
2026-10-09 18:39:06,200 RX_BYTE FB
2026-10-09 18:39:06,200 RX_BYTE 04
2026-10-09 18:39:06,200 RX_BYTE 00
2026-10-09 18:39:06,200 RX_BYTE 6D
2026-10-09 18:39:06,200 RX 8B F1 B1 61 01 90 D2 A6 93 94 B0 FB 04 00 6D
2026-10-09 18:39:06,200 RX_BYTE 8B
2026-10-09 18:39:06,200 RX_BYTE F1
2026-10-09 18:39:06,200 RX_BYTE B1
2026-10-09 18:39:06,200 RX_BYTE 61
2026-10-09 18:39:06,200 RX_BYTE 01
2026-10-09 18:39:06,200 RX_BYTE 90
2026-10-09 18:39:06,200 RX_BYTE D2
2026-10-09 18:39:06,200 RX_BYTE A6
2026-10-09 18:39:06,200 RX_BYTE 93
2026-10-09 18:39:06,200 RX_BYTE 94
2026-10-09 18:39:06,200 RX_BYTE B0
2026-10-09 18:39:06,200 RX_BYTE FB
2026-10-09 18:39:06,200 RX_BYTE 04
2026-10-09 18:39:06,200 RX_BYTE 00
2026-10-09 18:39:06,200 RX_BYTE 6D
2026-10-09 18:39:06,200 RX 8B F1 B1 61 01 90 D2 A6 93 94 B0 FB 04 00 6D
2026-10-09 18:39:06,200 RX_BYTE 8B
2026-10-09 18:39:06,200 RX_BYTE F1
2026-10-09 18:39:06,200 RX_BYTE B1
2026-10-09 18:39:06,200 RX_BYTE 61
2026-10-09 18:39:06,200 RX_BYTE 01
2026-10-09 18:39:06,200 RX_BYTE 90
2026-10-09 18:39:06,200 RX_BYTE D2
2026-10-09 18:39:06,200 RX_BYTE A6
2026-10-09 18:39:06,200 RX_BYTE 93
2026-10-09 18:39:06,200 RX_BYTE 94
2026-10-09 18:39:06,200 RX_BYTE B0
2026-10-09 18:39:06,200 RX_BYTE FB
2026-10-09 18:39:06,200 RX_BYTE 04
2026-10-09 18:39:06,200 RX_BYTE 00
2026-10-09 18:39:06,200 RX_BYTE 6D
2026-10-09 18:39:06,200 RX 8B F1 B1 61 01 90 D2 A6 93 94 B0 FB 04 00 6D
2026-10-09 18:39:06,200 RX_BYTE 8B
2026-10-09 18:39:06,200 RX_BYTE F1
2026-10-09 18:39:06,200 RX_BYTE B1
2026-10-09 18:39:06,200 RX_BYTE 61
2026-10-09 18:39:06,200 RX_BYTE 01
2026-10-09 18:39:06,200 RX_BYTE 90
2026-10-09 18:39:06,200 RX_BYTE D2
2026-10-09 18:39:06,200 RX_BYTE A6
2026-10-09 18:39:06,200 RX_BYTE 93
2026-10-09 18:39:06,201 RX_BYTE 94
2026-10-09 18:39:06,201 RX_BYTE B0
2026-10-09 18:39:06,201 RX_BYTE FB
2026-10-09 18:39:06,201 RX_BYTE 04
2026-10-09 18:39:06,201 RX_BYTE 00
2026-10-09 18:39:06,201 RX_BYTE 6D
2026-10-09 18:39:06,201 RX 8B F1 B1 61 01 90 D2 A6 93 94 B0 FB 04 00 6D
2026-10-09 18:39:06,201 RX_BYTE 8B
2026-10-09 18:39:06,201 RX_BYTE F1
2026-10-09 18:39:06,201 RX_BYTE B1
2026-10-09 18:39:06,201 RX_BYTE 61
2026-10-09 18:39:06,201 RX_BYTE 01
2026-10-09 18:39:06,201 RX_BYTE 90
2026-10-09 18:39:06,201 RX_BYTE D2
2026-10-09 18:39:06,201 RX_BYTE A6
2026-10-09 18:39:06,201 RX_BYTE 93
2026-10-09 18:39:06,201 RX_BYTE 94
2026-10-09 18:39:06,201 RX_BYTE B0
2026-10-09 18:39:06,201 RX_BYTE FB
2026-10-09 18:39:06,201 RX_BYTE 04
2026-10-09 18:39:06,201 RX_BYTE 00
2026-10-09 18:39:06,201 RX_BYTE 6D
2026-10-09 18:39:06,201 RX 8B F1 B1 61 01 90 D2 A6 93 94 B0 FB 04 00 6D
2026-10-09 18:39:06,201 RX_BYTE 8B
2026-10-09 18:39:06,201 RX_BYTE F1
2026-10-09 18:39:06,201 RX_BYTE B1
2026-10-09 18:39:06,201 RX_BYTE 61
2026-10-09 18:39:06,201 RX_BYTE 01
2026-10-09 18:39:06,201 RX_BYTE 90
2026-10-09 18:39:06,201 RX_BYTE D2
2026-10-09 18:39:06,201 RX_BYTE A6
2026-10-09 18:39:06,201 RX_BYTE 93
2026-10-09 18:39:06,201 RX_BYTE 94
2026-10-09 18:39:06,201 RX_BYTE B0
2026-10-09 18:39:06,201 RX_BYTE FB
2026-10-09 18:39:06,201 RX_BYTE 04
2026-10-09 18:39:06,201 RX_BYTE 00
2026-10-09 18:39:06,201 RX_BYTE 6D
2026-10-09 18:39:06,201 RX 8B F1 B1 61 01 90 D2 A6 93 94 B0 FB 04 00 6D
2026-10-09 18:39:06,201 RX_BYTE 8B
2026-10-09 18:39:06,201 RX_BYTE F1
2026-10-09 18:39:06,201 RX_BYTE B1
2026-10-09 18:39:06,201 RX_BYTE 61
2026-10-09 18:39:06,201 RX_BYTE 01
2026-10-09 18:39:06,201 RX_BYTE 90
2026-10-09 18:39:06,201 RX_BYTE D2
2026-10-09 18:39:06,201 RX_BYTE A6
2026-10-09 18:39:06,201 RX_BYTE 93
2026-10-09 18:39:06,201 RX_BYTE 94
2026-10-09 18:39:06,201 RX_BYTE B0
2026-10-09 18:39:06,201 RX_BYTE FB
2026-10-09 18:39:06,201 RX_BYTE 04
2026-10-09 18:39:06,201 RX_BYTE 00
2026-10-09 18:39:06,201 RX_BYTE 6D
2026-10-09 18:39:06,201 RX 8B F1 B1 61 01 90 D2 A6 93 94 B0 FB 04 00 6D
2026-10-09 18:39:06,201 RX_BYTE 8B
2026-10-09 18:39:06,201 RX_BYTE F1
2026-10-09 18:39:06,202 RX_BYTE B1
2026-10-09 18:39:06,202 RX_BYTE 61
2026-10-09 18:39:06,202 RX_BYTE 01
2026-10-09 18:39:06,202 RX_BYTE 90
2026-10-09 18:39:06,202 RX_BYTE D2
2026-10-09 18:39:06,202 RX_BYTE A6
2026-10-09 18:39:06,202 RX_BYTE 93
2026-10-09 18:39:06,202 RX_BYTE 94
2026-10-09 18:39:06,202 RX_BYTE B0
2026-10-09 18:39:06,202 RX_BYTE FB
2026-10-09 18:39:06,202 RX_BYTE 04
2026-10-09 18:39:06,202 RX_BYTE 00
2026-10-09 18:39:06,202 RX_BYTE 6D
2026-10-09 18:39:06,202 RX 8B F1 B1 61 01 90 D2 A6 93 94 B0 FB 04 00 6D
2026-10-09 18:39:06,202 RX_BYTE 8B
2026-10-09 18:39:06,202 RX_BYTE F1
2026-10-09 18:39:06,202 RX_BYTE B1
2026-10-09 18:39:06,202 RX_BYTE 61
2026-10-09 18:39:06,202 RX_BYTE 01
2026-10-09 18:39:06,202 RX_BYTE 90
2026-10-09 18:39:06,202 RX_BYTE D2
2026-10-09 18:39:06,202 RX_BYTE A6
2026-10-09 18:39:06,202 RX_BYTE 93
2026-10-09 18:39:06,202 RX_BYTE 94
2026-10-09 18:39:06,202 RX_BYTE B0
2026-10-09 18:39:06,202 RX_BYTE FB
2026-10-09 18:39:06,202 RX_BYTE 04
2026-10-09 18:39:06,202 RX_BYTE 00
2026-10-09 18:39:06,202 RX_BYTE 6D
2026-10-09 18:39:06,202 RX 8B F1 B1 61 01 90 D2 A6 93 94 B0 FB 04 00 6D
2026-10-09 18:39:06,202 RX_BYTE 8B
2026-10-09 18:39:06,202 RX_BYTE F1
2026-10-09 18:39:06,202 RX_BYTE B1
2026-10-09 18:39:06,202 RX_BYTE 61
2026-10-09 18:39:06,202 RX_BYTE 01
2026-10-09 18:39:06,202 RX_BYTE 90
2026-10-09 18:39:06,202 RX_BYTE D2
2026-10-09 18:39:06,202 RX_BYTE A6
2026-10-09 18:39:06,202 RX_BYTE 93
2026-10-09 18:39:06,202 RX_BYTE 94
2026-10-09 18:39:06,202 RX_BYTE B0
2026-10-09 18:39:06,202 RX_BYTE FB
2026-10-09 18:39:06,202 RX_BYTE 04
2026-10-09 18:39:06,202 RX_BYTE 00
2026-10-09 18:39:06,202 RX_BYTE 6D
2026-10-09 18:39:06,202 RX 8B F1 B1 61 01 90 D2 A6 93 94 B0 FB 04 00 6D
2026-10-09 18:39:06,202 RX_BYTE 8B
2026-10-09 18:39:06,202 RX_BYTE F1
2026-10-09 18:39:06,202 RX_BYTE B1
2026-10-09 18:39:06,202 RX_BYTE 61
2026-10-09 18:39:06,202 RX_BYTE 01
2026-10-09 18:39:06,202 RX_BYTE 90
2026-10-09 18:39:06,202 RX_BYTE D2
2026-10-09 18:39:06,202 RX_BYTE A6
2026-10-09 18:39:06,202 RX_BYTE 93
2026-10-09 18:39:06,202 RX_BYTE 94
2026-10-09 18:39:06,202 RX_BYTE B0
2026-10-09 18:39:06,203 RX_BYTE FB
2026-10-09 18:39:06,203 RX_BYTE 04
2026-10-09 18:39:06,203 RX_BYTE 00
2026-10-09 18:39:06,203 RX_BYTE 6D
2026-10-09 18:39:06,203 RX 8B F1 B1 61 01 90 D2 A6 93 94 B0 FB 04 00 6D
2026-10-09 18:39:06,203 RX_BYTE 8B
2026-10-09 18:39:06,203 RX_BYTE F1
2026-10-09 18:39:06,203 RX_BYTE B1
2026-10-09 18:39:06,203 RX_BYTE 61
2026-10-09 18:39:06,203 RX_BYTE 01
2026-10-09 18:39:06,203 RX_BYTE 90
2026-10-09 18:39:06,203 RX_BYTE D2
2026-10-09 18:39:06,203 RX_BYTE A6
2026-10-09 18:39:06,203 RX_BYTE 93
2026-10-09 18:39:06,203 RX_BYTE 94
2026-10-09 18:39:06,203 RX_BYTE B0
2026-10-09 18:39:06,203 RX_BYTE FB
2026-10-09 18:39:06,203 RX_BYTE 04
2026-10-09 18:39:06,203 RX_BYTE 00
2026-10-09 18:39:06,203 RX_BYTE 6D
2026-10-09 18:39:06,203 RX 8B F1 B1 61 01 90 D2 A6 93 94 B0 FB 04 00 6D
2026-10-09 18:39:06,203 RX_BYTE 8B
2026-10-09 18:39:06,203 RX_BYTE F1
2026-10-09 18:39:06,203 RX_BYTE B1
2026-10-09 18:39:06,203 RX_BYTE 61
2026-10-09 18:39:06,203 RX_BYTE 01
2026-10-09 18:39:06,203 RX_BYTE 90
2026-10-09 18:39:06,203 RX_BYTE D2
2026-10-09 18:39:06,203 RX_BYTE A6
2026-10-09 18:39:06,203 RX_BYTE 93
2026-10-09 18:39:06,203 RX_BYTE 94
2026-10-09 18:39:06,203 RX_BYTE B0
2026-10-09 18:39:06,203 RX_BYTE FB
2026-10-09 18:39:06,203 RX_BYTE 04
2026-10-09 18:39:06,203 RX_BYTE 00
2026-10-09 18:39:06,203 RX_BYTE 6D
2026-10-09 18:39:06,203 RX 8B F1 B1 61 01 90 D2 A6 93 94 B0 FB 04 00 6D
2026-10-09 18:39:06,203 RX_BYTE 8B
2026-10-09 18:39:06,203 RX_BYTE F1
2026-10-09 18:39:06,203 RX_BYTE B1
2026-10-09 18:39:06,203 RX_BYTE 61
2026-10-09 18:39:06,203 RX_BYTE 01
2026-10-09 18:39:06,203 RX_BYTE 90
2026-10-09 18:39:06,203 RX_BYTE D2
2026-10-09 18:39:06,203 RX_BYTE A6
2026-10-09 18:39:06,203 RX_BYTE 93
2026-10-09 18:39:06,203 RX_BYTE 94
2026-10-09 18:39:06,203 RX_BYTE B0
2026-10-09 18:39:06,203 RX_BYTE FB
2026-10-09 18:39:06,203 RX_BYTE 04
2026-10-09 18:39:06,203 RX_BYTE 00
2026-10-09 18:39:06,203 RX_BYTE 6D
2026-10-09 18:39:06,203 RX 8B F1 B1 61 01 90 D2 A6 93 94 B0 FB 04 00 6D
2026-10-09 18:39:06,203 RX_BYTE 8B
2026-10-09 18:39:06,203 RX_BYTE F1
2026-10-09 18:39:06,203 RX_BYTE B1
2026-10-09 18:39:06,203 RX_BYTE 61
2026-10-09 18:39:06,204 RX_BYTE 01
2026-10-09 18:39:06,204 RX_BYTE 90
2026-10-09 18:39:06,204 RX_BYTE D2
2026-10-09 18:39:06,204 RX_BYTE A6
2026-10-09 18:39:06,204 RX_BYTE 93
2026-10-09 18:39:06,204 RX_BYTE 94
2026-10-09 18:39:06,204 RX_BYTE B0
2026-10-09 18:39:06,204 RX_BYTE FB
2026-10-09 18:39:06,204 RX_BYTE 04
2026-10-09 18:39:06,204 RX_BYTE 00
2026-10-09 18:39:06,204 RX_BYTE 6D
2026-10-09 18:39:06,204 RX 8B F1 B1 61 01 90 D2 A6 93 94 B0 FB 04 00 6D
2026-10-09 18:39:06,204 RX_BYTE 8B
2026-10-09 18:39:06,204 RX_BYTE F1
2026-10-09 18:39:06,204 RX_BYTE B1
2026-10-09 18:39:06,204 RX_BYTE 61
2026-10-09 18:39:06,204 RX_BYTE 01
2026-10-09 18:39:06,204 RX_BYTE 90
2026-10-09 18:39:06,204 RX_BYTE D2
2026-10-09 18:39:06,204 RX_BYTE A6
2026-10-09 18:39:06,204 RX_BYTE 93
2026-10-09 18:39:06,204 RX_BYTE 94
2026-10-09 18:39:06,204 RX_BYTE B0
2026-10-09 18:39:06,204 RX_BYTE FB
2026-10-09 18:39:06,204 RX_BYTE 04
2026-10-09 18:39:06,204 RX_BYTE 00
2026-10-09 18:39:06,204 RX_BYTE 6D
2026-10-09 18:39:06,204 RX 8B F1 B1 61 01 90 D2 A6 93 94 B0 FB 04 00 6D
2026-10-09 18:39:06,204 RX_BYTE 8B
2026-10-09 18:39:06,204 RX_BYTE F1
2026-10-09 18:39:06,204 RX_BYTE B1
2026-10-09 18:39:06,204 RX_BYTE 61
2026-10-09 18:39:06,204 RX_BYTE 01
2026-10-09 18:39:06,204 RX_BYTE 90
2026-10-09 18:39:06,204 RX_BYTE D2
2026-10-09 18:39:06,204 RX_BYTE A6
2026-10-09 18:39:06,204 RX_BYTE 93
2026-10-09 18:39:06,204 RX_BYTE 94
2026-10-09 18:39:06,204 RX_BYTE B0
2026-10-09 18:39:06,204 RX_BYTE FB
2026-10-09 18:39:06,204 RX_BYTE 04
2026-10-09 18:39:06,204 RX_BYTE 00
2026-10-09 18:39:06,204 RX_BYTE 6D
2026-10-09 18:39:06,204 RX 8B F1 B1 61 01 90 D2 A6 93 94 B0 FB 04 00 6D
2026-10-09 18:39:06,204 RX_BYTE 8B
2026-10-09 18:39:06,204 RX_BYTE F1
2026-10-09 18:39:06,204 RX_BYTE B1
2026-10-09 18:39:06,204 RX_BYTE 61
2026-10-09 18:39:06,204 RX_BYTE 01
2026-10-09 18:39:06,204 RX_BYTE 90
2026-10-09 18:39:06,204 RX_BYTE D2
2026-10-09 18:39:06,204 RX_BYTE A6
2026-10-09 18:39:06,204 RX_BYTE 93
2026-10-09 18:39:06,204 RX_BYTE 94
2026-10-09 18:39:06,204 RX_BYTE B0
2026-10-09 18:39:06,204 RX_BYTE FB
2026-10-09 18:39:06,204 RX_BYTE 04
2026-10-09 18:39:06,205 RX_BYTE 00
2026-10-09 18:39:06,205 RX_BYTE 6D
2026-10-09 18:39:06,205 RX 8B F1 B1 61 01 90 D2 A6 93 94 B0 FB 04 00 6D
2026-10-09 18:39:06,205 RX_BYTE 8B
2026-10-09 18:39:06,205 RX_BYTE F1
2026-10-09 18:39:06,205 RX_BYTE B1
2026-10-09 18:39:06,205 RX_BYTE 61
2026-10-09 18:39:06,205 RX_BYTE 01
2026-10-09 18:39:06,205 RX_BYTE 90
2026-10-09 18:39:06,205 RX_BYTE D2
2026-10-09 18:39:06,205 RX_BYTE A6
2026-10-09 18:39:06,205 RX_BYTE 93
2026-10-09 18:39:06,205 RX_BYTE 94
2026-10-09 18:39:06,205 RX_BYTE B0
2026-10-09 18:39:06,205 RX_BYTE FB
2026-10-09 18:39:06,205 RX_BYTE 04
2026-10-09 18:39:06,205 RX_BYTE 00
2026-10-09 18:39:06,205 RX_BYTE 6D
2026-10-09 18:39:06,205 RX 8B F1 B1 61 01 90 D2 A6 93 94 B0 FB 04 00 6D
2026-10-09 18:39:06,205 RX_BYTE 8B
2026-10-09 18:39:06,205 RX_BYTE F1
2026-10-09 18:39:06,205 RX_BYTE B1
2026-10-09 18:39:06,205 RX_BYTE 61
2026-10-09 18:39:06,205 RX_BYTE 01
2026-10-09 18:39:06,205 RX_BYTE 90
2026-10-09 18:39:06,205 RX_BYTE D2
2026-10-09 18:39:06,205 RX_BYTE A6
2026-10-09 18:39:06,206 RX_BYTE 93
2026-10-09 18:39:06,206 RX_BYTE 94
2026-10-09 18:39:06,206 RX_BYTE B0
2026-10-09 18:39:06,206 RX_BYTE FB
2026-10-09 18:39:06,206 RX_BYTE 04
2026-10-09 18:39:06,206 RX_BYTE 00
2026-10-09 18:39:06,206 RX_BYTE 6D
2026-10-09 18:39:06,206 RX 8B F1 B1 61 01 90 D2 A6 93 94 B0 FB 04 00 6D
2026-10-09 18:39:06,206 RX_BYTE 8B
2026-10-09 18:39:06,206 RX_BYTE F1
2026-10-09 18:39:06,206 RX_BYTE B1
2026-10-09 18:39:06,206 RX_BYTE 61
2026-10-09 18:39:06,206 RX_BYTE 01
2026-10-09 18:39:06,206 RX_BYTE 90
2026-10-09 18:39:06,206 RX_BYTE D2
2026-10-09 18:39:06,206 RX_BYTE A6
2026-10-09 18:39:06,206 RX_BYTE 93
2026-10-09 18:39:06,206 RX_BYTE 94
2026-10-09 18:39:06,206 RX_BYTE B0
2026-10-09 18:39:06,206 RX_BYTE FB
2026-10-09 18:39:06,206 RX_BYTE 04
2026-10-09 18:39:06,206 RX_BYTE 00
2026-10-09 18:39:06,206 RX_BYTE 6D
2026-10-09 18:39:06,206 RX 8B F1 B1 61 01 90 D2 A6 93 94 B0 FB 04 00 6D
2026-10-09 18:39:06,206 RX_BYTE 8B
2026-10-09 18:39:06,206 RX_BYTE F1
2026-10-09 18:39:06,206 RX_BYTE B1
2026-10-09 18:39:06,206 RX_BYTE 61
2026-10-09 18:39:06,206 RX_BYTE 01
2026-10-09 18:39:06,206 RX_BYTE 90
2026-10-09 18:39:06,206 RX_BYTE D2
2026-10-09 18:39:06,206 RX_BYTE A6
2026-10-09 18:39:06,206 RX_BYTE 93
2026-10-09 18:39:06,206 RX_BYTE 94
2026-10-09 18:39:06,206 RX_BYTE B0
2026-10-09 18:39:06,206 RX_BYTE FB
2026-10-09 18:39:06,206 RX_BYTE 04
2026-10-09 18:39:06,206 RX_BYTE 00
2026-10-09 18:39:06,206 RX_BYTE 6D
2026-10-09 18:39:06,207 RX 8B F1 B1 61 01 90 D2 A6 93 94 B0 FB 04 00 6D
2026-10-09 18:39:06,207 RX_BYTE 8B
2026-10-09 18:39:06,207 RX_BYTE F1
2026-10-09 18:39:06,207 RX_BYTE B1
2026-10-09 18:39:06,207 RX_BYTE 61
2026-10-09 18:39:06,207 RX_BYTE 01
2026-10-09 18:39:06,207 RX_BYTE 90
2026-10-09 18:39:06,207 RX_BYTE D2
2026-10-09 18:39:06,207 RX_BYTE A6
2026-10-09 18:39:06,207 RX_BYTE 93
2026-10-09 18:39:06,207 RX_BYTE 94
2026-10-09 18:39:06,207 RX_BYTE B0
2026-10-09 18:39:06,207 RX_BYTE FB
2026-10-09 18:39:06,207 RX_BYTE 04
2026-10-09 18:39:06,207 RX_BYTE 00
2026-10-09 18:39:06,207 RX_BYTE 6D
2026-10-09 18:39:06,207 RX 8B F1 B1 61 01 90 D2 A6 93 94 B0 FB 04 00 6D
2026-10-09 18:39:06,207 RX_BYTE 8B
2026-10-09 18:39:06,207 RX_BYTE F1
2026-10-09 18:39:06,207 RX_BYTE B1
2026-10-09 18:39:06,207 RX_BYTE 61
2026-10-09 18:39:06,207 RX_BYTE 01
2026-10-09 18:39:06,207 RX_BYTE 90
2026-10-09 18:39:06,207 RX_BYTE D2
2026-10-09 18:39:06,207 RX_BYTE A6
2026-10-09 18:39:06,207 RX_BYTE 93
2026-10-09 18:39:06,207 RX_BYTE 94
2026-10-09 18:39:06,207 RX_BYTE B0
2026-10-09 18:39:06,207 RX_BYTE FB
2026-10-09 18:39:06,207 RX_BYTE 04
2026-10-09 18:39:06,207 RX_BYTE 00
2026-10-09 18:39:06,207 RX_BYTE 6D
2026-10-09 18:39:06,207 RX 8B F1 B1 61 01 90 D2 A6 93 94 B0 FB 04 00 6D
2026-10-09 18:39:06,207 RX_BYTE 8B
2026-10-09 18:39:06,207 RX_BYTE F1
2026-10-09 18:39:06,207 RX_BYTE B1
2026-10-09 18:39:06,207 RX_BYTE 61
2026-10-09 18:39:06,207 RX_BYTE 01
2026-10-09 18:39:06,207 RX_BYTE 90
2026-10-09 18:39:06,207 RX_BYTE D2
2026-10-09 18:39:06,207 RX_BYTE A6
2026-10-09 18:39:06,207 RX_BYTE 93
2026-10-09 18:39:06,207 RX_BYTE 94
2026-10-09 18:39:06,207 RX_BYTE B0
2026-10-09 18:39:06,207 RX_BYTE FB
2026-10-09 18:39:06,207 RX_BYTE 04
2026-10-09 18:39:06,207 RX_BYTE 00
2026-10-09 18:39:06,207 RX_BYTE 6D
2026-10-09 18:39:06,207 RX 8B F1 B1 61 01 90 D2 A6 93 94 B0 FB 04 00 6D
2026-10-09 18:39:06,207 RX_BYTE 8B
2026-10-09 18:39:06,207 RX_BYTE F1
2026-10-09 18:39:06,208 RX_BYTE B1
2026-10-09 18:39:06,208 RX_BYTE 61
2026-10-09 18:39:06,208 RX_BYTE 01
2026-10-09 18:39:06,208 RX_BYTE 90
2026-10-09 18:39:06,208 RX_BYTE D2
2026-10-09 18:39:06,208 RX_BYTE A6
2026-10-09 18:39:06,208 RX_BYTE 93
2026-10-09 18:39:06,208 RX_BYTE 94
2026-10-09 18:39:06,208 RX_BYTE B0
2026-10-09 18:39:06,208 RX_BYTE FB
2026-10-09 18:39:06,208 RX_BYTE 04
2026-10-09 18:39:06,208 RX_BYTE 00
2026-10-09 18:39:06,208 RX_BYTE 6D
2026-10-09 18:39:06,208 RX 8B F1 B1 61 01 90 D2 A6 93 94 B0 FB 04 00 6D
2026-10-09 18:39:06,208 RX_BYTE 8B
2026-10-09 18:39:06,208 RX_BYTE F1
2026-10-09 18:39:06,208 RX_BYTE B1
2026-10-09 18:39:06,208 RX_BYTE 61
2026-10-09 18:39:06,208 RX_BYTE 01
2026-10-09 18:39:06,208 RX_BYTE 90
2026-10-09 18:39:06,208 RX_BYTE D2
2026-10-09 18:39:06,208 RX_BYTE A6
2026-10-09 18:39:06,208 RX_BYTE 93
2026-10-09 18:39:06,208 RX_BYTE 94
2026-10-09 18:39:06,208 RX_BYTE B0
2026-10-09 18:39:06,208 RX_BYTE FB
2026-10-09 18:39:06,208 RX_BYTE 04
2026-10-09 18:39:06,208 RX_BYTE 00
2026-10-09 18:39:06,208 RX_BYTE 6D
2026-10-09 18:39:06,208 RX 8B F1 B1 61 01 90 D2 A6 93 94 B0 FB 04 00 6D
2026-10-09 18:39:06,208 RX_BYTE 8B
2026-10-09 18:39:06,208 RX_BYTE F1
2026-10-09 18:39:06,208 RX_BYTE B1
2026-10-09 18:39:06,208 RX_BYTE 61
2026-10-09 18:39:06,208 RX_BYTE 01
2026-10-09 18:39:06,208 RX_BYTE 90
2026-10-09 18:39:06,208 RX_BYTE D2
2026-10-09 18:39:06,208 RX_BYTE A6
2026-10-09 18:39:06,208 RX_BYTE 93
2026-10-09 18:39:06,208 RX_BYTE 94
2026-10-09 18:39:06,208 RX_BYTE B0
2026-10-09 18:39:06,208 RX_BYTE FB
2026-10-09 18:39:06,208 RX_BYTE 04
2026-10-09 18:39:06,208 RX_BYTE 00
2026-10-09 18:39:06,208 RX_BYTE 6D
2026-10-09 18:39:06,208 RX 8B F1 B1 61 01 90 D2 A6 93 94 B0 FB 04 00 6D
2026-10-09 18:39:06,208 RX_BYTE 8B
2026-10-09 18:39:06,208 RX_BYTE F1
2026-10-09 18:39:06,208 RX_BYTE B1
2026-10-09 18:39:06,208 RX_BYTE 61
2026-10-09 18:39:06,208 RX_BYTE 01
2026-10-09 18:39:06,208 RX_BYTE 90
2026-10-09 18:39:06,208 RX_BYTE D2
2026-10-09 18:39:06,208 RX_BYTE A6
2026-10-09 18:39:06,208 RX_BYTE 93
2026-10-09 18:39:06,208 RX_BYTE 94
2026-10-09 18:39:06,209 RX_BYTE B0
2026-10-09 18:39:06,209 RX_BYTE FB
2026-10-09 18:39:06,209 RX_BYTE 04
2026-10-09 18:39:06,209 RX_BYTE 00
2026-10-09 18:39:06,209 RX_BYTE 6D
2026-10-09 18:39:06,209 RX 8B F1 B1 61 01 90 D2 A6 93 94 B0 FB 04 00 6D
2026-10-09 18:39:06,209 RX_BYTE 8B
2026-10-09 18:39:06,209 RX_BYTE F1
2026-10-09 18:39:06,209 RX_BYTE B1
2026-10-09 18:39:06,209 RX_BYTE 61
2026-10-09 18:39:06,209 RX_BYTE 01
2026-10-09 18:39:06,209 RX_BYTE 90
2026-10-09 18:39:06,209 RX_BYTE D2
2026-10-09 18:39:06,209 RX_BYTE A6
2026-10-09 18:39:06,209 RX_BYTE 93
2026-10-09 18:39:06,209 RX_BYTE 94
2026-10-09 18:39:06,209 RX_BYTE B0
2026-10-09 18:39:06,209 RX_BYTE FB
2026-10-09 18:39:06,209 RX_BYTE 04
2026-10-09 18:39:06,209 RX_BYTE 00
2026-10-09 18:39:06,209 RX_BYTE 6D
2026-10-09 18:39:06,209 RX 8B F1 B1 61 01 90 D2 A6 93 94 B0 FB 04 00 6D
2026-10-09 18:39:06,209 RX_BYTE 8B
2026-10-09 18:39:06,209 RX_BYTE F1
2026-10-09 18:39:06,209 RX_BYTE B1
2026-10-09 18:39:06,209 RX_BYTE 61
2026-10-09 18:39:06,209 RX_BYTE 01
2026-10-09 18:39:06,209 RX_BYTE 90
2026-10-09 18:39:06,209 RX_BYTE D2
2026-10-09 18:39:06,209 RX_BYTE A6
2026-10-09 18:39:06,209 RX_BYTE 93
2026-10-09 18:39:06,209 RX_BYTE 94
2026-10-09 18:39:06,209 RX_BYTE B0
2026-10-09 18:39:06,209 RX_BYTE FB
2026-10-09 18:39:06,209 RX_BYTE 04
2026-10-09 18:39:06,209 RX_BYTE 00
2026-10-09 18:39:06,209 RX_BYTE 6D
2026-10-09 18:39:06,209 RX 8B F1 B1 61 01 90 D2 A6 93 94 B0 FB 04 00 6D
2026-10-09 18:39:06,209 RX_BYTE 8B
2026-10-09 18:39:06,209 RX_BYTE F1
2026-10-09 18:39:06,209 RX_BYTE B1
2026-10-09 18:39:06,209 RX_BYTE 61
2026-10-09 18:39:06,209 RX_BYTE 01
2026-10-09 18:39:06,209 RX_BYTE 90
2026-10-09 18:39:06,209 RX_BYTE D2
2026-10-09 18:39:06,209 RX_BYTE A6
2026-10-09 18:39:06,209 RX_BYTE 93
2026-10-09 18:39:06,209 RX_BYTE 94
2026-10-09 18:39:06,209 RX_BYTE B0
2026-10-09 18:39:06,209 RX_BYTE FB
2026-10-09 18:39:06,209 RX_BYTE 04
2026-10-09 18:39:06,209 RX_BYTE 00
2026-10-09 18:39:06,209 RX_BYTE 6D
2026-10-09 18:39:06,209 RX 8B F1 B1 61 01 90 D2 A6 93 94 B0 FB 04 00 6D
2026-10-09 18:39:06,209 RX_BYTE 8B
2026-10-09 18:39:06,209 RX_BYTE F1
2026-10-09 18:39:06,209 RX_BYTE B1
2026-10-09 18:39:06,209 RX_BYTE 61
2026-10-09 18:39:06,209 RX_BYTE 01
2026-10-09 18:39:06,209 RX_BYTE 90
2026-10-09 18:39:06,210 RX_BYTE D2
2026-10-09 18:39:06,210 RX_BYTE A6
2026-10-09 18:39:06,210 RX_BYTE 93
2026-10-09 18:39:06,210 RX_BYTE 94
2026-10-09 18:39:06,210 RX_BYTE B0
2026-10-09 18:39:06,210 RX_BYTE FB
2026-10-09 18:39:06,210 RX_BYTE 04
2026-10-09 18:39:06,210 RX_BYTE 00
2026-10-09 18:39:06,210 RX_BYTE 6D
2026-10-09 18:39:06,210 RX 8B F1 B1 61 01 90 D2 A6 93 94 B0 FB 04 00 6D
2026-10-09 18:39:06,210 RX_BYTE 8B
2026-10-09 18:39:06,210 RX_BYTE F1
2026-10-09 18:39:06,210 RX_BYTE B1
2026-10-09 18:39:06,210 RX_BYTE 61
2026-10-09 18:39:06,210 RX_BYTE 01
2026-10-09 18:39:06,210 RX_BYTE 90
2026-10-09 18:39:06,210 RX_BYTE D2
2026-10-09 18:39:06,210 RX_BYTE A6
2026-10-09 18:39:06,210 RX_BYTE 93
2026-10-09 18:39:06,210 RX_BYTE 94
2026-10-09 18:39:06,210 RX_BYTE B0
2026-10-09 18:39:06,210 RX_BYTE FB
2026-10-09 18:39:06,210 RX_BYTE 04
2026-10-09 18:39:06,210 RX_BYTE 00
2026-10-09 18:39:06,210 RX_BYTE 6D
2026-10-09 18:39:06,210 RX 8B F1 B1 61 01 90 D2 A6 93 94 B0 FB 04 00 6D
2026-10-09 18:39:06,210 RX_BYTE 8B
2026-10-09 18:39:06,210 RX_BYTE F1
2026-10-09 18:39:06,210 RX_BYTE B1
2026-10-09 18:39:06,210 RX_BYTE 61
2026-10-09 18:39:06,210 RX_BYTE 01
2026-10-09 18:39:06,210 RX_BYTE 90
2026-10-09 18:39:06,210 RX_BYTE D2
2026-10-09 18:39:06,210 RX_BYTE A6
2026-10-09 18:39:06,210 RX_BYTE 93
2026-10-09 18:39:06,210 RX_BYTE 94
2026-10-09 18:39:06,210 RX_BYTE B0
2026-10-09 18:39:06,210 RX_BYTE FB
2026-10-09 18:39:06,210 RX_BYTE 04
2026-10-09 18:39:06,210 RX_BYTE 00
2026-10-09 18:39:06,210 RX_BYTE 6D
2026-10-09 18:39:06,210 RX 8B F1 B1 61 01 90 D2 A6 93 94 B0 FB 04 00 6D
2026-10-09 18:39:06,210 RX_BYTE 8B
2026-10-09 18:39:06,210 RX_BYTE F1
2026-10-09 18:39:06,210 RX_BYTE B1
2026-10-09 18:39:06,210 RX_BYTE 61
2026-10-09 18:39:06,210 RX_BYTE 01
2026-10-09 18:39:06,210 RX_BYTE 90
2026-10-09 18:39:06,210 RX_BYTE D2
2026-10-09 18:39:06,210 RX_BYTE A6
2026-10-09 18:39:06,210 RX_BYTE 93
2026-10-09 18:39:06,210 RX_BYTE 94
2026-10-09 18:39:06,210 RX_BYTE B0
2026-10-09 18:39:06,210 RX_BYTE FB
2026-10-09 18:39:06,210 RX_BYTE 04
2026-10-09 18:39:06,210 RX_BYTE 00
2026-10-09 18:39:06,210 RX_BYTE 6D
2026-10-09 18:39:06,210 RX 8B F1 B1 61 01 90 D2 A6 93 94 B0 FB 04 00 6D
2026-10-09 18:39:06,210 RX_BYTE 8B
2026-10-09 18:39:06,210 RX_BYTE F1
2026-10-09 18:39:06,210 RX_BYTE B1
2026-10-09 18:39:06,211 RX_BYTE 61
2026-10-09 18:39:06,211 RX_BYTE 01
2026-10-09 18:39:06,211 RX_BYTE 90
2026-10-09 18:39:06,211 RX_BYTE D2
2026-10-09 18:39:06,211 RX_BYTE A6
2026-10-09 18:39:06,211 RX_BYTE 93
2026-10-09 18:39:06,211 RX_BYTE 94
2026-10-09 18:39:06,211 RX_BYTE B0
2026-10-09 18:39:06,211 RX_BYTE FB
2026-10-09 18:39:06,211 RX_BYTE 04
2026-10-09 18:39:06,211 RX_BYTE 00
2026-10-09 18:39:06,211 RX_BYTE 6D
2026-10-09 18:39:06,211 RX 8B F1 B1 61 01 90 D2 A6 93 94 B0 FB 04 00 6D
2026-10-09 18:39:06,211 RX_BYTE 8B
2026-10-09 18:39:06,211 RX_BYTE F1
2026-10-09 18:39:06,211 RX_BYTE B1
2026-10-09 18:39:06,211 RX_BYTE 61
2026-10-09 18:39:06,211 RX_BYTE 01
2026-10-09 18:39:06,211 RX_BYTE 90
2026-10-09 18:39:06,211 RX_BYTE D2
2026-10-09 18:39:06,211 RX_BYTE A6
2026-10-09 18:39:06,211 RX_BYTE 93
2026-10-09 18:39:06,211 RX_BYTE 94
2026-10-09 18:39:06,211 RX_BYTE B0
2026-10-09 18:39:06,211 RX_BYTE FB
2026-10-09 18:39:06,211 RX_BYTE 04
2026-10-09 18:39:06,211 RX_BYTE 00
2026-10-09 18:39:06,211 RX_BYTE 6D
2026-10-09 18:39:06,211 RX 8B F1 B1 61 01 90 D2 A6 93 94 B0 FB 04 00 6D
2026-10-09 18:39:06,211 RX_BYTE 8B
2026-10-09 18:39:06,211 RX_BYTE F1
2026-10-09 18:39:06,211 RX_BYTE B1
2026-10-09 18:39:06,211 RX_BYTE 61
2026-10-09 18:39:06,211 RX_BYTE 01
2026-10-09 18:39:06,211 RX_BYTE 90
2026-10-09 18:39:06,211 RX_BYTE D2
2026-10-09 18:39:06,211 RX_BYTE A6
2026-10-09 18:39:06,211 RX_BYTE 93
2026-10-09 18:39:06,211 RX_BYTE 94
2026-10-09 18:39:06,211 RX_BYTE B0
2026-10-09 18:39:06,211 RX_BYTE FB
2026-10-09 18:39:06,211 RX_BYTE 04
2026-10-09 18:39:06,211 RX_BYTE 00
2026-10-09 18:39:06,211 RX_BYTE 6D
2026-10-09 18:39:06,211 RX 8B F1 B1 61 01 90 D2 A6 93 94 B0 FB 04 00 6D
2026-10-09 18:39:06,211 RX_BYTE 8B
2026-10-09 18:39:06,211 RX_BYTE F1
2026-10-09 18:39:06,211 RX_BYTE B1
2026-10-09 18:39:06,211 RX_BYTE 61
2026-10-09 18:39:06,211 RX_BYTE 01
2026-10-09 18:39:06,211 RX_BYTE 90
2026-10-09 18:39:06,211 RX_BYTE D2
2026-10-09 18:39:06,211 RX_BYTE A6
2026-10-09 18:39:06,211 RX_BYTE 93
2026-10-09 18:39:06,211 RX_BYTE 94
2026-10-09 18:39:06,211 RX_BYTE B0
2026-10-09 18:39:06,211 RX_BYTE FB
2026-10-09 18:39:06,211 RX_BYTE 04
2026-10-09 18:39:06,211 RX_BYTE 00
2026-10-09 18:39:06,211 RX_BYTE 6D
2026-10-09 18:39:06,211 RX 8B F1 B1 61 01 90 D2 A6 93 94 B0 FB 04 00 6D
2026-10-09 18:39:06,212 RX_BYTE 8B
2026-10-09 18:39:06,212 RX_BYTE F1
2026-10-09 18:39:06,212 RX_BYTE B1
2026-10-09 18:39:06,212 RX_BYTE 61
2026-10-09 18:39:06,212 RX_BYTE 01
2026-10-09 18:39:06,212 RX_BYTE 90
2026-10-09 18:39:06,212 RX_BYTE D2
2026-10-09 18:39:06,212 RX_BYTE A6
2026-10-09 18:39:06,212 RX_BYTE 93
2026-10-09 18:39:06,212 RX_BYTE 94
2026-10-09 18:39:06,212 RX_BYTE B0
2026-10-09 18:39:06,212 RX_BYTE FB
2026-10-09 18:39:06,212 RX_BYTE 04
2026-10-09 18:39:06,212 RX_BYTE 00
2026-10-09 18:39:06,212 RX_BYTE 6D
2026-10-09 18:39:06,212 RX 8B F1 B1 61 01 90 D2 A6 93 94 B0 FB 04 00 6D
2026-10-09 18:39:06,212 RX_BYTE 8B
2026-10-09 18:39:06,212 RX_BYTE F1
2026-10-09 18:39:06,212 RX_BYTE B1
2026-10-09 18:39:06,212 RX_BYTE 61
2026-10-09 18:39:06,212 RX_BYTE 01
2026-10-09 18:39:06,212 RX_BYTE 90
2026-10-09 18:39:06,212 RX_BYTE D2
2026-10-09 18:39:06,212 RX_BYTE A6
2026-10-09 18:39:06,212 RX_BYTE 93
2026-10-09 18:39:06,212 RX_BYTE 94
2026-10-09 18:39:06,212 RX_BYTE B0
2026-10-09 18:39:06,212 RX_BYTE FB
2026-10-09 18:39:06,212 RX_BYTE 04
2026-10-09 18:39:06,212 RX_BYTE 00
2026-10-09 18:39:06,212 RX_BYTE 6D
2026-10-09 18:39:06,212 RX 8B F1 B1 61 01 90 D2 A6 93 94 B0 FB 04 00 6D
2026-10-09 18:39:06,212 RX_BYTE 8B
2026-10-09 18:39:06,212 RX_BYTE F1
2026-10-09 18:39:06,212 RX_BYTE B1
2026-10-09 18:39:06,212 RX_BYTE 61
2026-10-09 18:39:06,212 RX_BYTE 01
2026-10-09 18:39:06,212 RX_BYTE 90
2026-10-09 18:39:06,212 RX_BYTE D2
2026-10-09 18:39:06,212 RX_BYTE A6
2026-10-09 18:39:06,212 RX_BYTE 93
2026-10-09 18:39:06,212 RX_BYTE 94
2026-10-09 18:39:06,212 RX_BYTE B0
2026-10-09 18:39:06,212 RX_BYTE FB
2026-10-09 18:39:06,212 RX_BYTE 04
2026-10-09 18:39:06,212 RX_BYTE 00
2026-10-09 18:39:06,212 RX_BYTE 6D
2026-10-09 18:39:06,212 RX 8B F1 B1 61 01 90 D2 A6 93 94 B0 FB 04 00 6D
2026-10-09 18:39:06,212 RX_BYTE 8B
2026-10-09 18:39:06,212 RX_BYTE F1
2026-10-09 18:39:06,212 RX_BYTE B1
2026-10-09 18:39:06,212 RX_BYTE 61
2026-10-09 18:39:06,212 RX_BYTE 01
2026-10-09 18:39:06,212 RX_BYTE 90
2026-10-09 18:39:06,212 RX_BYTE D2
2026-10-09 18:39:06,212 RX_BYTE A6
2026-10-09 18:39:06,212 RX_BYTE 93
2026-10-09 18:39:06,212 RX_BYTE 94
2026-10-09 18:39:06,213 RX_BYTE B0
2026-10-09 18:39:06,213 RX_BYTE FB
2026-10-09 18:39:06,213 RX_BYTE 04
2026-10-09 18:39:06,213 RX_BYTE 00
2026-10-09 18:39:06,213 RX_BYTE 6D
2026-10-09 18:39:06,213 RX 8B F1 B1 61 01 90 D2 A6 93 94 B0 FB 04 00 6D
2026-10-09 18:39:06,213 RX_BYTE 8B
2026-10-09 18:39:06,213 RX_BYTE F1
2026-10-09 18:39:06,213 RX_BYTE B1
2026-10-09 18:39:06,213 RX_BYTE 61
2026-10-09 18:39:06,213 RX_BYTE 01
2026-10-09 18:39:06,213 RX_BYTE 90
2026-10-09 18:39:06,213 RX_BYTE D2
2026-10-09 18:39:06,213 RX_BYTE A6
2026-10-09 18:39:06,213 RX_BYTE 93
2026-10-09 18:39:06,213 RX_BYTE 94
2026-10-09 18:39:06,213 RX_BYTE B0
2026-10-09 18:39:06,213 RX_BYTE FB
2026-10-09 18:39:06,213 RX_BYTE 04
2026-10-09 18:39:06,213 RX_BYTE 00
2026-10-09 18:39:06,213 RX_BYTE 6D
2026-10-09 18:39:06,213 RX 8B F1 B1 61 01 90 D2 A6 93 94 B0 FB 04 00 6D
2026-10-09 18:39:06,213 RX_BYTE 8B
2026-10-09 18:39:06,213 RX_BYTE F1
2026-10-09 18:39:06,213 RX_BYTE B1
2026-10-09 18:39:06,213 RX_BYTE 61
2026-10-09 18:39:06,213 RX_BYTE 01
2026-10-09 18:39:06,213 RX_BYTE 90
2026-10-09 18:39:06,213 RX_BYTE D2
2026-10-09 18:39:06,213 RX_BYTE A6
2026-10-09 18:39:06,213 RX_BYTE 93
2026-10-09 18:39:06,213 RX_BYTE 94
2026-10-09 18:39:06,213 RX_BYTE B0
2026-10-09 18:39:06,213 RX_BYTE FB
2026-10-09 18:39:06,213 RX_BYTE 04
2026-10-09 18:39:06,213 RX_BYTE 00
2026-10-09 18:39:06,213 RX_BYTE 6D
2026-10-09 18:39:06,213 RX 8B F1 B1 61 01 90 D2 A6 93 94 B0 FB 04 00 6D
2026-10-09 18:39:06,213 RX_BYTE 8B
2026-10-09 18:39:06,213 RX_BYTE F1
2026-10-09 18:39:06,213 RX_BYTE B1
2026-10-09 18:39:06,213 RX_BYTE 61
2026-10-09 18:39:06,213 RX_BYTE 01
2026-10-09 18:39:06,213 RX_BYTE 90
2026-10-09 18:39:06,213 RX_BYTE D2
2026-10-09 18:39:06,213 RX_BYTE A6
2026-10-09 18:39:06,213 RX_BYTE 93
2026-10-09 18:39:06,213 RX_BYTE 94
2026-10-09 18:39:06,213 RX_BYTE B0
2026-10-09 18:39:06,213 RX_BYTE FB
2026-10-09 18:39:06,213 RX_BYTE 04
2026-10-09 18:39:06,213 RX_BYTE 00
2026-10-09 18:39:06,213 RX_BYTE 6D
2026-10-09 18:39:06,213 RX 8B F1 B1 61 01 90 D2 A6 93 94 B0 FB 04 00 6D
2026-10-09 18:39:06,213 RX_BYTE 8B
2026-10-09 18:39:06,213 RX_BYTE F1
2026-10-09 18:39:06,213 RX_BYTE B1
2026-10-09 18:39:06,213 RX_BYTE 61
2026-10-09 18:39:06,213 RX_BYTE 01
2026-10-09 18:39:06,213 RX_BYTE 90
2026-10-09 18:39:06,214 RX_BYTE D2
2026-10-09 18:39:06,214 RX_BYTE A6
2026-10-09 18:39:06,214 RX_BYTE 93
2026-10-09 18:39:06,214 RX_BYTE 94
2026-10-09 18:39:06,214 RX_BYTE B0
2026-10-09 18:39:06,214 RX_BYTE FB
2026-10-09 18:39:06,214 RX_BYTE 04
2026-10-09 18:39:06,214 RX_BYTE 00
2026-10-09 18:39:06,214 RX_BYTE 6D
2026-10-09 18:39:06,214 RX 8B F1 B1 61 01 90 D2 A6 93 94 B0 FB 04 00 6D
2026-10-09 18:39:06,214 RX_BYTE 8B
2026-10-09 18:39:06,214 RX_BYTE F1
2026-10-09 18:39:06,214 RX_BYTE B1
2026-10-09 18:39:06,214 RX_BYTE 61
2026-10-09 18:39:06,214 RX_BYTE 01
2026-10-09 18:39:06,214 RX_BYTE 90
2026-10-09 18:39:06,214 RX_BYTE D2
2026-10-09 18:39:06,214 RX_BYTE A6
2026-10-09 18:39:06,214 RX_BYTE 93
2026-10-09 18:39:06,214 RX_BYTE 94
2026-10-09 18:39:06,214 RX_BYTE B0
2026-10-09 18:39:06,214 RX_BYTE FB
2026-10-09 18:39:06,214 RX_BYTE 04
2026-10-09 18:39:06,214 RX_BYTE 00
2026-10-09 18:39:06,214 RX_BYTE 6D
2026-10-09 18:39:06,214 RX 8B F1 B1 61 01 90 D2 A6 93 94 B0 FB 04 00 6D
2026-10-09 18:39:06,214 RX_BYTE 8B
2026-10-09 18:39:06,214 RX_BYTE F1
2026-10-09 18:39:06,214 RX_BYTE B1
2026-10-09 18:39:06,214 RX_BYTE 61
2026-10-09 18:39:06,214 RX_BYTE 01
2026-10-09 18:39:06,214 RX_BYTE 90
2026-10-09 18:39:06,214 RX_BYTE D2
2026-10-09 18:39:06,214 RX_BYTE A6
2026-10-09 18:39:06,214 RX_BYTE 93
2026-10-09 18:39:06,214 RX_BYTE 94
2026-10-09 18:39:06,214 RX_BYTE B0
2026-10-09 18:39:06,214 RX_BYTE FB
2026-10-09 18:39:06,214 RX_BYTE 04
2026-10-09 18:39:06,214 RX_BYTE 00
2026-10-09 18:39:06,214 RX_BYTE 6D
2026-10-09 18:39:06,214 RX 8B F1 B1 61 01 90 D2 A6 93 94 B0 FB 04 00 6D
2026-10-09 18:39:06,214 RX_BYTE 8B
2026-10-09 18:39:06,214 RX_BYTE F1
2026-10-09 18:39:06,214 RX_BYTE B1
2026-10-09 18:39:06,214 RX_BYTE 61
2026-10-09 18:39:06,214 RX_BYTE 01
2026-10-09 18:39:06,214 RX_BYTE 90
2026-10-09 18:39:06,214 RX_BYTE D2
2026-10-09 18:39:06,214 RX_BYTE A6
2026-10-09 18:39:06,214 RX_BYTE 93
2026-10-09 18:39:06,214 RX_BYTE 94
2026-10-09 18:39:06,214 RX_BYTE B0
2026-10-09 18:39:06,214 RX_BYTE FB
2026-10-09 18:39:06,214 RX_BYTE 04
2026-10-09 18:39:06,214 RX_BYTE 00
2026-10-09 18:39:06,214 RX_BYTE 6D
2026-10-09 18:39:06,214 RX 8B F1 B1 61 01 90 D2 A6 93 94 B0 FB 04 00 6D
2026-10-09 18:39:06,214 RX_BYTE 8B
2026-10-09 18:39:06,215 RX_BYTE F1
2026-10-09 18:39:06,215 RX_BYTE B1
2026-10-09 18:39:06,215 RX_BYTE 61
2026-10-09 18:39:06,215 RX_BYTE 01
2026-10-09 18:39:06,215 RX_BYTE 90
2026-10-09 18:39:06,215 RX_BYTE D2
2026-10-09 18:39:06,215 RX_BYTE A6
2026-10-09 18:39:06,215 RX_BYTE 93
2026-10-09 18:39:06,215 RX_BYTE 94
2026-10-09 18:39:06,215 RX_BYTE B0
2026-10-09 18:39:06,215 RX_BYTE FB
2026-10-09 18:39:06,215 RX_BYTE 04
2026-10-09 18:39:06,215 RX_BYTE 00
2026-10-09 18:39:06,215 RX_BYTE 6D
2026-10-09 18:39:06,215 RX 8B F1 B1 61 01 90 D2 A6 93 94 B0 FB 04 00 6D
2026-10-09 18:39:06,215 RX_BYTE 8B
2026-10-09 18:39:06,215 RX_BYTE F1
2026-10-09 18:39:06,215 RX_BYTE B1
2026-10-09 18:39:06,215 RX_BYTE 61
2026-10-09 18:39:06,215 RX_BYTE 01
2026-10-09 18:39:06,215 RX_BYTE 90
2026-10-09 18:39:06,215 RX_BYTE D2
2026-10-09 18:39:06,215 RX_BYTE A6
2026-10-09 18:39:06,215 RX_BYTE 93
2026-10-09 18:39:06,215 RX_BYTE 94
2026-10-09 18:39:06,215 RX_BYTE B0
2026-10-09 18:39:06,215 RX_BYTE FB
2026-10-09 18:39:06,215 RX_BYTE 04
2026-10-09 18:39:06,215 RX_BYTE 00
2026-10-09 18:39:06,215 RX_BYTE 6D
2026-10-09 18:39:06,215 RX 8B F1 B1 61 01 90 D2 A6 93 94 B0 FB 04 00 6D
2026-10-09 18:39:06,215 RX_BYTE 8B
2026-10-09 18:39:06,215 RX_BYTE F1
2026-10-09 18:39:06,215 RX_BYTE B1
2026-10-09 18:39:06,215 RX_BYTE 61
2026-10-09 18:39:06,215 RX_BYTE 01
2026-10-09 18:39:06,215 RX_BYTE 90
2026-10-09 18:39:06,215 RX_BYTE D2
2026-10-09 18:39:06,215 RX_BYTE A6
2026-10-09 18:39:06,215 RX_BYTE 93
2026-10-09 18:39:06,215 RX_BYTE 94
2026-10-09 18:39:06,215 RX_BYTE B0
2026-10-09 18:39:06,215 RX_BYTE FB
2026-10-09 18:39:06,215 RX_BYTE 04
2026-10-09 18:39:06,215 RX_BYTE 00
2026-10-09 18:39:06,215 RX_BYTE 6D
2026-10-09 18:39:06,215 RX 8B F1 B1 61 01 90 D2 A6 93 94 B0 FB 04 00 6D
2026-10-09 18:39:06,215 RX_BYTE 8B
2026-10-09 18:39:06,215 RX_BYTE F1
2026-10-09 18:39:06,215 RX_BYTE B1
2026-10-09 18:39:06,215 RX_BYTE 61
2026-10-09 18:39:06,215 RX_BYTE 01
2026-10-09 18:39:06,215 RX_BYTE 90
2026-10-09 18:39:06,215 RX_BYTE D2
2026-10-09 18:39:06,215 RX_BYTE A6
2026-10-09 18:39:06,215 RX_BYTE 93
2026-10-09 18:39:06,215 RX_BYTE 94
2026-10-09 18:39:06,215 RX_BYTE B0
2026-10-09 18:39:06,215 RX_BYTE FB
2026-10-09 18:39:06,215 RX_BYTE 04
2026-10-09 18:39:06,215 RX_BYTE 00
2026-10-09 18:39:06,216 RX_BYTE 6D
2026-10-09 18:39:06,216 RX 8B F1 B1 61 01 90 D2 A6 93 94 B0 FB 04 00 6D
2026-10-09 18:39:06,216 RX_BYTE 8B
2026-10-09 18:39:06,216 RX_BYTE F1
2026-10-09 18:39:06,216 RX_BYTE B1
2026-10-09 18:39:06,216 RX_BYTE 61
2026-10-09 18:39:06,216 RX_BYTE 01
2026-10-09 18:39:06,216 RX_BYTE 90
2026-10-09 18:39:06,216 RX_BYTE D2
2026-10-09 18:39:06,216 RX_BYTE A6
2026-10-09 18:39:06,216 RX_BYTE 93
2026-10-09 18:39:06,216 RX_BYTE 94
2026-10-09 18:39:06,216 RX_BYTE B0
2026-10-09 18:39:06,216 RX_BYTE FB
2026-10-09 18:39:06,216 RX_BYTE 04
2026-10-09 18:39:06,216 RX_BYTE 00
2026-10-09 18:39:06,216 RX_BYTE 6D
2026-10-09 18:39:06,216 RX 8B F1 B1 61 01 90 D2 A6 93 94 B0 FB 04 00 6D
2026-10-09 18:39:06,216 RX_BYTE 8B
2026-10-09 18:39:06,216 RX_BYTE F1
2026-10-09 18:39:06,216 RX_BYTE B1
2026-10-09 18:39:06,216 RX_BYTE 61
2026-10-09 18:39:06,216 RX_BYTE 01
2026-10-09 18:39:06,216 RX_BYTE 90
2026-10-09 18:39:06,216 RX_BYTE D2
2026-10-09 18:39:06,216 RX_BYTE A6
2026-10-09 18:39:06,216 RX_BYTE 93
2026-10-09 18:39:06,216 RX_BYTE 94
2026-10-09 18:39:06,216 RX_BYTE B0
2026-10-09 18:39:06,216 RX_BYTE FB
2026-10-09 18:39:06,216 RX_BYTE 04
2026-10-09 18:39:06,216 RX_BYTE 00
2026-10-09 18:39:06,216 RX_BYTE 6D
2026-10-09 18:39:06,216 RX 8B F1 B1 61 01 90 D2 A6 93 94 B0 FB 04 00 6D
2026-10-09 18:39:06,216 RX_BYTE 8B
2026-10-09 18:39:06,216 RX_BYTE F1
2026-10-09 18:39:06,216 RX_BYTE B1
2026-10-09 18:39:06,216 RX_BYTE 61
2026-10-09 18:39:06,216 RX_BYTE 01
2026-10-09 18:39:06,216 RX_BYTE 90
2026-10-09 18:39:06,216 RX_BYTE D2
2026-10-09 18:39:06,216 RX_BYTE A6
2026-10-09 18:39:06,216 RX_BYTE 93
2026-10-09 18:39:06,216 RX_BYTE 94
2026-10-09 18:39:06,216 RX_BYTE B0
2026-10-09 18:39:06,216 RX_BYTE FB
2026-10-09 18:39:06,216 RX_BYTE 04
2026-10-09 18:39:06,216 RX_BYTE 00
2026-10-09 18:39:06,216 RX_BYTE 6D
2026-10-09 18:39:06,216 RX 8B F1 B1 61 01 90 D2 A6 93 94 B0 FB 04 00 6D
2026-10-09 18:39:06,216 RX_BYTE 8B
2026-10-09 18:39:06,216 RX_BYTE F1
2026-10-09 18:39:06,216 RX_BYTE B1
2026-10-09 18:39:06,216 RX_BYTE 61
2026-10-09 18:39:06,216 RX_BYTE 01
2026-10-09 18:39:06,216 RX_BYTE 90
2026-10-09 18:39:06,216 RX_BYTE D2
2026-10-09 18:39:06,216 RX_BYTE A6
2026-10-09 18:39:06,216 RX_BYTE 93
2026-10-09 18:39:06,216 RX_BYTE 94
2026-10-09 18:39:06,216 RX_BYTE B0
2026-10-09 18:39:06,217 RX_BYTE FB
2026-10-09 18:39:06,217 RX_BYTE 04
2026-10-09 18:39:06,217 RX_BYTE 00
2026-10-09 18:39:06,217 RX_BYTE 6D
2026-10-09 18:39:06,217 RX 8B F1 B1 61 01 90 D2 A6 93 94 B0 FB 04 00 6D
2026-10-09 18:39:06,217 RX_BYTE 8B
2026-10-09 18:39:06,217 RX_BYTE F1
2026-10-09 18:39:06,217 RX_BYTE B1
2026-10-09 18:39:06,217 RX_BYTE 61
2026-10-09 18:39:06,217 RX_BYTE 01
2026-10-09 18:39:06,217 RX_BYTE 90
2026-10-09 18:39:06,217 RX_BYTE D2
2026-10-09 18:39:06,217 RX_BYTE A6
2026-10-09 18:39:06,217 RX_BYTE 93
2026-10-09 18:39:06,217 RX_BYTE 94
2026-10-09 18:39:06,217 RX_BYTE B0
2026-10-09 18:39:06,217 RX_BYTE FB
2026-10-09 18:39:06,217 RX_BYTE 04
2026-10-09 18:39:06,217 RX_BYTE 00
2026-10-09 18:39:06,217 RX_BYTE 6D
2026-10-09 18:39:06,217 RX 8B F1 B1 61 01 90 D2 A6 93 94 B0 FB 04 00 6D
2026-10-09 18:39:06,217 RX_BYTE 8B
2026-10-09 18:39:06,217 RX_BYTE F1
2026-10-09 18:39:06,217 RX_BYTE B1
2026-10-09 18:39:06,217 RX_BYTE 61
2026-10-09 18:39:06,217 RX_BYTE 01
2026-10-09 18:39:06,217 RX_BYTE 90
2026-10-09 18:39:06,217 RX_BYTE D2
2026-10-09 18:39:06,217 RX_BYTE A6
2026-10-09 18:39:06,217 RX_BYTE 93
2026-10-09 18:39:06,217 RX_BYTE 94
2026-10-09 18:39:06,217 RX_BYTE B0
2026-10-09 18:39:06,217 RX_BYTE FB
2026-10-09 18:39:06,217 RX_BYTE 04
2026-10-09 18:39:06,217 RX_BYTE 00
2026-10-09 18:39:06,217 RX_BYTE 6D
2026-10-09 18:39:06,217 RX 8B F1 B1 61 01 90 D2 A6 93 94 B0 FB 04 00 6D
2026-10-09 18:39:06,217 RX_BYTE 8B
2026-10-09 18:39:06,217 RX_BYTE F1
2026-10-09 18:39:06,217 RX_BYTE B1
2026-10-09 18:39:06,217 RX_BYTE 61
2026-10-09 18:39:06,217 RX_BYTE 01
2026-10-09 18:39:06,217 RX_BYTE 90
2026-10-09 18:39:06,217 RX_BYTE D2
2026-10-09 18:39:06,217 RX_BYTE A6
2026-10-09 18:39:06,217 RX_BYTE 93
2026-10-09 18:39:06,217 RX_BYTE 94
2026-10-09 18:39:06,217 RX_BYTE B0
2026-10-09 18:39:06,217 RX_BYTE FB
2026-10-09 18:39:06,217 RX_BYTE 04
2026-10-09 18:39:06,217 RX_BYTE 00
2026-10-09 18:39:06,217 RX_BYTE 6D
2026-10-09 18:39:06,217 RX 8B F1 B1 61 01 90 D2 A6 93 94 B0 FB 04 00 6D
2026-10-09 18:39:06,217 RX_BYTE 8B
2026-10-09 18:39:06,217 RX_BYTE F1
2026-10-09 18:39:06,217 RX_BYTE B1
2026-10-09 18:39:06,217 RX_BYTE 61
2026-10-09 18:39:06,217 RX_BYTE 01
2026-10-09 18:39:06,217 RX_BYTE 90
2026-10-09 18:39:06,217 RX_BYTE D2
2026-10-09 18:39:06,217 RX_BYTE A6
2026-10-09 18:39:06,218 RX_BYTE 93
2026-10-09 18:39:06,218 RX_BYTE 94
2026-10-09 18:39:06,218 RX_BYTE B0
2026-10-09 18:39:06,218 RX_BYTE FB
2026-10-09 18:39:06,218 RX_BYTE 04
2026-10-09 18:39:06,218 RX_BYTE 00
2026-10-09 18:39:06,218 RX_BYTE 6D
2026-10-09 18:39:06,218 RX 8B F1 B1 61 01 90 D2 A6 93 94 B0 FB 04 00 6D
2026-10-09 18:39:06,218 RX_BYTE 8B
2026-10-09 18:39:06,218 RX_BYTE F1
2026-10-09 18:39:06,218 RX_BYTE B1
2026-10-09 18:39:06,218 RX_BYTE 61
2026-10-09 18:39:06,218 RX_BYTE 01
2026-10-09 18:39:06,218 RX_BYTE 90
2026-10-09 18:39:06,218 RX_BYTE D2
2026-10-09 18:39:06,218 RX_BYTE A6
2026-10-09 18:39:06,218 RX_BYTE 93
2026-10-09 18:39:06,218 RX_BYTE 94
2026-10-09 18:39:06,218 RX_BYTE B0
2026-10-09 18:39:06,218 RX_BYTE FB
2026-10-09 18:39:06,218 RX_BYTE 04
2026-10-09 18:39:06,218 RX_BYTE 00
2026-10-09 18:39:06,218 RX_BYTE 6D
2026-10-09 18:39:06,218 RX 8B F1 B1 61 01 90 D2 A6 93 94 B0 FB 04 00 6D
2026-10-09 18:39:06,218 RX_BYTE 8B
2026-10-09 18:39:06,218 RX_BYTE F1
2026-10-09 18:39:06,218 RX_BYTE B1
2026-10-09 18:39:06,218 RX_BYTE 61
2026-10-09 18:39:06,218 RX_BYTE 01
2026-10-09 18:39:06,218 RX_BYTE 90
2026-10-09 18:39:06,218 RX_BYTE D2
2026-10-09 18:39:06,218 RX_BYTE A6
2026-10-09 18:39:06,218 RX_BYTE 93
2026-10-09 18:39:06,218 RX_BYTE 94
2026-10-09 18:39:06,218 RX_BYTE B0
2026-10-09 18:39:06,218 RX_BYTE FB
2026-10-09 18:39:06,218 RX_BYTE 04
2026-10-09 18:39:06,218 RX_BYTE 00
2026-10-09 18:39:06,218 RX_BYTE 6D
2026-10-09 18:39:06,218 RX 8B F1 B1 61 01 90 D2 A6 93 94 B0 FB 04 00 6D
2026-10-09 18:39:06,218 RX_BYTE 8B
2026-10-09 18:39:06,218 RX_BYTE F1
2026-10-09 18:39:06,218 RX_BYTE B1
2026-10-09 18:39:06,218 RX_BYTE 61
2026-10-09 18:39:06,218 RX_BYTE 01
2026-10-09 18:39:06,218 RX_BYTE 90
2026-10-09 18:39:06,218 RX_BYTE D2
2026-10-09 18:39:06,218 RX_BYTE A6
2026-10-09 18:39:06,218 RX_BYTE 93
2026-10-09 18:39:06,218 RX_BYTE 94
2026-10-09 18:39:06,218 RX_BYTE B0
2026-10-09 18:39:06,218 RX_BYTE FB
2026-10-09 18:39:06,218 RX_BYTE 04
2026-10-09 18:39:06,218 RX_BYTE 00
2026-10-09 18:39:06,218 RX_BYTE 6D
2026-10-09 18:39:06,218 RX 8B F1 B1 61 01 90 D2 A6 93 94 B0 FB 04 00 6D
2026-10-09 18:39:06,218 RX_BYTE 8B
2026-10-09 18:39:06,218 RX_BYTE F1
2026-10-09 18:39:06,218 RX_BYTE B1
2026-10-09 18:39:06,218 RX_BYTE 61
2026-10-09 18:39:06,219 RX_BYTE 01
2026-10-09 18:39:06,219 RX_BYTE 90
2026-10-09 18:39:06,219 RX_BYTE D2
2026-10-09 18:39:06,219 RX_BYTE A6
2026-10-09 18:39:06,219 RX_BYTE 93
2026-10-09 18:39:06,219 RX_BYTE 94
2026-10-09 18:39:06,219 RX_BYTE B0
2026-10-09 18:39:06,219 RX_BYTE FB
2026-10-09 18:39:06,219 RX_BYTE 04
2026-10-09 18:39:06,219 RX_BYTE 00
2026-10-09 18:39:06,219 RX_BYTE 6D
2026-10-09 18:39:06,219 RX 8B F1 B1 61 01 90 D2 A6 93 94 B0 FB 04 00 6D
2026-10-09 18:39:06,219 RX_BYTE 8B
2026-10-09 18:39:06,219 RX_BYTE F1
2026-10-09 18:39:06,219 RX_BYTE B1
2026-10-09 18:39:06,219 RX_BYTE 61
2026-10-09 18:39:06,219 RX_BYTE 01
2026-10-09 18:39:06,219 RX_BYTE 90
2026-10-09 18:39:06,219 RX_BYTE D2
2026-10-09 18:39:06,219 RX_BYTE A6
2026-10-09 18:39:06,219 RX_BYTE 93
2026-10-09 18:39:06,219 RX_BYTE 94
2026-10-09 18:39:06,219 RX_BYTE B0
2026-10-09 18:39:06,219 RX_BYTE FB
2026-10-09 18:39:06,219 RX_BYTE 04
2026-10-09 18:39:06,219 RX_BYTE 00
2026-10-09 18:39:06,219 RX_BYTE 6D
2026-10-09 18:39:06,219 RX 8B F1 B1 61 01 90 D2 A6 93 94 B0 FB 04 00 6D
2026-10-09 18:39:06,219 RX_BYTE 8B
2026-10-09 18:39:06,219 RX_BYTE F1
2026-10-09 18:39:06,219 RX_BYTE B1
2026-10-09 18:39:06,219 RX_BYTE 61
2026-10-09 18:39:06,219 RX_BYTE 01
2026-10-09 18:39:06,219 RX_BYTE 90
2026-10-09 18:39:06,219 RX_BYTE D2
2026-10-09 18:39:06,219 RX_BYTE A6
2026-10-09 18:39:06,219 RX_BYTE 93
2026-10-09 18:39:06,219 RX_BYTE 94
2026-10-09 18:39:06,219 RX_BYTE B0
2026-10-09 18:39:06,219 RX_BYTE FB
2026-10-09 18:39:06,219 RX_BYTE 04
2026-10-09 18:39:06,219 RX_BYTE 00
2026-10-09 18:39:06,219 RX_BYTE 6D
2026-10-09 18:39:06,219 RX 8B F1 B1 61 01 90 D2 A6 93 94 B0 FB 04 00 6D
2026-10-09 18:39:06,219 RX_BYTE 8B
2026-10-09 18:39:06,219 RX_BYTE F1
2026-10-09 18:39:06,219 RX_BYTE B1
2026-10-09 18:39:06,219 RX_BYTE 61
2026-10-09 18:39:06,219 RX_BYTE 01
2026-10-09 18:39:06,219 RX_BYTE 90
2026-10-09 18:39:06,219 RX_BYTE D2
2026-10-09 18:39:06,219 RX_BYTE A6
2026-10-09 18:39:06,219 RX_BYTE 93
2026-10-09 18:39:06,219 RX_BYTE 94
2026-10-09 18:39:06,219 RX_BYTE B0
2026-10-09 18:39:06,219 RX_BYTE FB
2026-10-09 18:39:06,219 RX_BYTE 04
2026-10-09 18:39:06,219 RX_BYTE 00
2026-10-09 18:39:06,219 RX_BYTE 6D
2026-10-09 18:39:06,219 RX 8B F1 B1 61 01 90 D2 A6 93 94 B0 FB 04 00 6D
2026-10-09 18:39:06,219 RX_BYTE 8B
2026-10-09 18:39:06,220 RX_BYTE F1
2026-10-09 18:39:06,220 RX_BYTE B1
2026-10-09 18:39:06,220 RX_BYTE 61
2026-10-09 18:39:06,220 RX_BYTE 01
2026-10-09 18:39:06,220 RX_BYTE 90
2026-10-09 18:39:06,220 RX_BYTE D2
2026-10-09 18:39:06,220 RX_BYTE A6
2026-10-09 18:39:06,220 RX_BYTE 93
2026-10-09 18:39:06,220 RX_BYTE 94
2026-10-09 18:39:06,220 RX_BYTE B0
2026-10-09 18:39:06,220 RX_BYTE FB
2026-10-09 18:39:06,220 RX_BYTE 04
2026-10-09 18:39:06,220 RX_BYTE 00
2026-10-09 18:39:06,220 RX_BYTE 6D
2026-10-09 18:39:06,220 RX 8B F1 B1 61 01 90 D2 A6 93 94 B0 FB 04 00 6D
2026-10-09 18:39:06,220 RX_BYTE 8B
2026-10-09 18:39:06,220 RX_BYTE F1
2026-10-09 18:39:06,220 RX_BYTE B1
2026-10-09 18:39:06,220 RX_BYTE 61
2026-10-09 18:39:06,220 RX_BYTE 01
2026-10-09 18:39:06,220 RX_BYTE 90
2026-10-09 18:39:06,220 RX_BYTE D2
2026-10-09 18:39:06,220 RX_BYTE A6
2026-10-09 18:39:06,220 RX_BYTE 93
2026-10-09 18:39:06,220 RX_BYTE 94
2026-10-09 18:39:06,220 RX_BYTE B0
2026-10-09 18:39:06,220 RX_BYTE FB
2026-10-09 18:39:06,220 RX_BYTE 04
2026-10-09 18:39:06,220 RX_BYTE 00
2026-10-09 18:39:06,220 RX_BYTE 6D
2026-10-09 18:39:06,220 RX 8B F1 B1 61 01 90 D2 A6 93 94 B0 FB 04 00 6D
2026-10-09 18:39:06,220 RX_BYTE 8B
2026-10-09 18:39:06,220 RX_BYTE F1
2026-10-09 18:39:06,220 RX_BYTE B1
2026-10-09 18:39:06,220 RX_BYTE 61
2026-10-09 18:39:06,220 RX_BYTE 01
2026-10-09 18:39:06,220 RX_BYTE 90
2026-10-09 18:39:06,220 RX_BYTE D2
2026-10-09 18:39:06,220 RX_BYTE A6
2026-10-09 18:39:06,220 RX_BYTE 93
2026-10-09 18:39:06,220 RX_BYTE 94
2026-10-09 18:39:06,220 RX_BYTE B0
2026-10-09 18:39:06,220 RX_BYTE FB
2026-10-09 18:39:06,220 RX_BYTE 04
2026-10-09 18:39:06,220 RX_BYTE 00
2026-10-09 18:39:06,220 RX_BYTE 6D
2026-10-09 18:39:06,220 RX 8B F1 B1 61 01 90 D2 A6 93 94 B0 FB 04 00 6D
2026-10-09 18:39:06,220 RX_BYTE 8B
2026-10-09 18:39:06,220 RX_BYTE F1
2026-10-09 18:39:06,220 RX_BYTE B1
2026-10-09 18:39:06,220 RX_BYTE 61
2026-10-09 18:39:06,220 RX_BYTE 01
2026-10-09 18:39:06,220 RX_BYTE 90
2026-10-09 18:39:06,220 RX_BYTE D2
2026-10-09 18:39:06,220 RX_BYTE A6
2026-10-09 18:39:06,220 RX_BYTE 93
2026-10-09 18:39:06,220 RX_BYTE 94
2026-10-09 18:39:06,220 RX_BYTE B0
2026-10-09 18:39:06,220 RX_BYTE FB
2026-10-09 18:39:06,220 RX_BYTE 04
2026-10-09 18:39:06,221 RX_BYTE 00
2026-10-09 18:39:06,221 RX_BYTE 6D
2026-10-09 18:39:06,221 RX 8B F1 B1 61 01 90 D2 A6 93 94 B0 FB 04 00 6D
2026-10-09 18:39:06,221 RX_BYTE 8B
2026-10-09 18:39:06,221 RX_BYTE F1
2026-10-09 18:39:06,221 RX_BYTE B1
2026-10-09 18:39:06,221 RX_BYTE 61
2026-10-09 18:39:06,221 RX_BYTE 01
2026-10-09 18:39:06,221 RX_BYTE 90
2026-10-09 18:39:06,221 RX_BYTE D2
2026-10-09 18:39:06,221 RX_BYTE A6
2026-10-09 18:39:06,221 RX_BYTE 93
2026-10-09 18:39:06,221 RX_BYTE 94
2026-10-09 18:39:06,221 RX_BYTE B0
2026-10-09 18:39:06,221 RX_BYTE FB
2026-10-09 18:39:06,221 RX_BYTE 04
2026-10-09 18:39:06,221 RX_BYTE 00
2026-10-09 18:39:06,221 RX_BYTE 6D
2026-10-09 18:39:06,221 RX 8B F1 B1 61 01 90 D2 A6 93 94 B0 FB 04 00 6D
2026-10-09 18:39:06,221 RX_BYTE 8B
2026-10-09 18:39:06,221 RX_BYTE F1
2026-10-09 18:39:06,221 RX_BYTE B1
2026-10-09 18:39:06,221 RX_BYTE 61
2026-10-09 18:39:06,221 RX_BYTE 01
2026-10-09 18:39:06,221 RX_BYTE 90
2026-10-09 18:39:06,221 RX_BYTE D2
2026-10-09 18:39:06,221 RX_BYTE A6
2026-10-09 18:39:06,221 RX_BYTE 93
2026-10-09 18:39:06,221 RX_BYTE 94
2026-10-09 18:39:06,221 RX_BYTE B0
2026-10-09 18:39:06,221 RX_BYTE FB
2026-10-09 18:39:06,221 RX_BYTE 04
2026-10-09 18:39:06,221 RX_BYTE 00
2026-10-09 18:39:06,221 RX_BYTE 6D
2026-10-09 18:39:06,221 RX 8B F1 B1 61 01 90 D2 A6 93 94 B0 FB 04 00 6D
2026-10-09 18:39:06,221 RX_BYTE 8B
2026-10-09 18:39:06,221 RX_BYTE F1
2026-10-09 18:39:06,221 RX_BYTE B1
2026-10-09 18:39:06,221 RX_BYTE 61
2026-10-09 18:39:06,221 RX_BYTE 01
2026-10-09 18:39:06,221 RX_BYTE 90
2026-10-09 18:39:06,221 RX_BYTE D2
2026-10-09 18:39:06,221 RX_BYTE A6
2026-10-09 18:39:06,221 RX_BYTE 93
2026-10-09 18:39:06,221 RX_BYTE 94
2026-10-09 18:39:06,221 RX_BYTE B0
2026-10-09 18:39:06,221 RX_BYTE FB
2026-10-09 18:39:06,221 RX_BYTE 04
2026-10-09 18:39:06,221 RX_BYTE 00
2026-10-09 18:39:06,221 RX_BYTE 6D
2026-10-09 18:39:06,221 RX 8B F1 B1 61 01 90 D2 A6 93 94 B0 FB 04 00 6D
2026-10-09 18:39:06,221 RX_BYTE 8B
2026-10-09 18:39:06,221 RX_BYTE F1
2026-10-09 18:39:06,221 RX_BYTE B1
2026-10-09 18:39:06,221 RX_BYTE 61
2026-10-09 18:39:06,221 RX_BYTE 01
2026-10-09 18:39:06,221 RX_BYTE 90
2026-10-09 18:39:06,221 RX_BYTE D2
2026-10-09 18:39:06,221 RX_BYTE A6
2026-10-09 18:39:06,221 RX_BYTE 93
2026-10-09 18:39:06,222 RX_BYTE 94
2026-10-09 18:39:06,222 RX_BYTE B0
2026-10-09 18:39:06,222 RX_BYTE FB
2026-10-09 18:39:06,222 RX_BYTE 04
2026-10-09 18:39:06,222 RX_BYTE 00
2026-10-09 18:39:06,222 RX_BYTE 6D
2026-10-09 18:39:06,222 RX 8B F1 B1 61 01 90 D2 A6 93 94 B0 FB 04 00 6D
2026-10-09 18:39:06,222 RX_BYTE 8B
2026-10-09 18:39:06,222 RX_BYTE F1
2026-10-09 18:39:06,222 RX_BYTE B1
2026-10-09 18:39:06,222 RX_BYTE 61
2026-10-09 18:39:06,222 RX_BYTE 01
2026-10-09 18:39:06,222 RX_BYTE 90
2026-10-09 18:39:06,222 RX_BYTE D2
2026-10-09 18:39:06,222 RX_BYTE A6
2026-10-09 18:39:06,222 RX_BYTE 93
2026-10-09 18:39:06,222 RX_BYTE 94
2026-10-09 18:39:06,222 RX_BYTE B0
2026-10-09 18:39:06,222 RX_BYTE FB
2026-10-09 18:39:06,222 RX_BYTE 04
2026-10-09 18:39:06,222 RX_BYTE 00
2026-10-09 18:39:06,222 RX_BYTE 6D
2026-10-09 18:39:06,222 RX 8B F1 B1 61 01 90 D2 A6 93 94 B0 FB 04 00 6D
2026-10-09 18:39:06,222 RX_BYTE 8B
2026-10-09 18:39:06,222 RX_BYTE F1
2026-10-09 18:39:06,223 RX_BYTE B1
2026-10-09 18:39:06,223 RX_BYTE 61
2026-10-09 18:39:06,223 RX_BYTE 01
2026-10-09 18:39:06,223 RX_BYTE 90
2026-10-09 18:39:06,223 RX_BYTE D2
2026-10-09 18:39:06,223 RX_BYTE A6
2026-10-09 18:39:06,223 RX_BYTE 93
2026-10-09 18:39:06,223 RX_BYTE 94
2026-10-09 18:39:06,223 RX_BYTE B0
2026-10-09 18:39:06,223 RX_BYTE FB
2026-10-09 18:39:06,223 RX_BYTE 04
2026-10-09 18:39:06,223 RX_BYTE 00
2026-10-09 18:39:06,223 RX_BYTE 6D
2026-10-09 18:39:06,223 RX 8B F1 B1 61 01 90 D2 A6 93 94 B0 FB 04 00 6D
2026-10-09 18:39:06,223 RX_BYTE 8B
2026-10-09 18:39:06,223 RX_BYTE F1
2026-10-09 18:39:06,223 RX_BYTE B1
2026-10-09 18:39:06,223 RX_BYTE 61
2026-10-09 18:39:06,223 RX_BYTE 01
2026-10-09 18:39:06,223 RX_BYTE 90
2026-10-09 18:39:06,223 RX_BYTE D2
2026-10-09 18:39:06,223 RX_BYTE A6
2026-10-09 18:39:06,223 RX_BYTE 93
2026-10-09 18:39:06,223 RX_BYTE 94
2026-10-09 18:39:06,223 RX_BYTE B0
2026-10-09 18:39:06,223 RX_BYTE FB
2026-10-09 18:39:06,223 RX_BYTE 04
2026-10-09 18:39:06,223 RX_BYTE 00
2026-10-09 18:39:06,223 RX_BYTE 6D
2026-10-09 18:39:06,223 RX 8B F1 B1 61 01 90 D2 A6 93 94 B0 FB 04 00 6D
2026-10-09 18:39:06,223 RX_BYTE 8B
2026-10-09 18:39:06,223 RX_BYTE F1
2026-10-09 18:39:06,223 RX_BYTE B1
2026-10-09 18:39:06,223 RX_BYTE 61
2026-10-09 18:39:06,223 RX_BYTE 01
2026-10-09 18:39:06,223 RX_BYTE 90
2026-10-09 18:39:06,223 RX_BYTE D2
2026-10-09 18:39:06,223 RX_BYTE A6
2026-10-09 18:39:06,223 RX_BYTE 93
2026-10-09 18:39:06,223 RX_BYTE 94
2026-10-09 18:39:06,223 RX_BYTE B0
2026-10-09 18:39:06,223 RX_BYTE FB
2026-10-09 18:39:06,223 RX_BYTE 04
2026-10-09 18:39:06,223 RX_BYTE 00
2026-10-09 18:39:06,223 RX_BYTE 6D
2026-10-09 18:39:06,223 RX 8B F1 B1 61 01 90 D2 A6 93 94 B0 FB 04 00 6D
2026-10-09 18:39:06,224 RX_BYTE 8B
2026-10-09 18:39:06,224 RX_BYTE F1
2026-10-09 18:39:06,224 RX_BYTE B1
2026-10-09 18:39:06,224 RX_BYTE 61
2026-10-09 18:39:06,224 RX_BYTE 01
2026-10-09 18:39:06,224 RX_BYTE 90
2026-10-09 18:39:06,224 RX_BYTE D2
2026-10-09 18:39:06,224 RX_BYTE A6
2026-10-09 18:39:06,224 RX_BYTE 93
2026-10-09 18:39:06,224 RX_BYTE 94
2026-10-09 18:39:06,224 RX_BYTE B0
2026-10-09 18:39:06,224 RX_BYTE FB
2026-10-09 18:39:06,224 RX_BYTE 04
2026-10-09 18:39:06,224 RX_BYTE 00
2026-10-09 18:39:06,224 RX_BYTE 6D
2026-10-09 18:39:06,224 RX 8B F1 B1 61 01 90 D2 A6 93 94 B0 FB 04 00 6D
2026-10-09 18:39:06,224 RX_BYTE 8B
2026-10-09 18:39:06,224 RX_BYTE F1
2026-10-09 18:39:06,224 RX_BYTE B1
2026-10-09 18:39:06,224 RX_BYTE 61
2026-10-09 18:39:06,224 RX_BYTE 01
2026-10-09 18:39:06,224 RX_BYTE 90
2026-10-09 18:39:06,224 RX_BYTE D2
2026-10-09 18:39:06,224 RX_BYTE A6
2026-10-09 18:39:06,224 RX_BYTE 93
2026-10-09 18:39:06,224 RX_BYTE 94
2026-10-09 18:39:06,224 RX_BYTE B0
2026-10-09 18:39:06,224 RX_BYTE FB
2026-10-09 18:39:06,224 RX_BYTE 04
2026-10-09 18:39:06,224 RX_BYTE 00
2026-10-09 18:39:06,224 RX_BYTE 6D
2026-10-09 18:39:06,224 RX 8B F1 B1 61 01 90 D2 A6 93 94 B0 FB 04 00 6D
2026-10-09 18:39:06,224 RX_BYTE 8B
2026-10-09 18:39:06,224 RX_BYTE F1
2026-10-09 18:39:06,224 RX_BYTE B1
2026-10-09 18:39:06,224 RX_BYTE 61
2026-10-09 18:39:06,224 RX_BYTE 01
2026-10-09 18:39:06,224 RX_BYTE 90
2026-10-09 18:39:06,224 RX_BYTE D2
2026-10-09 18:39:06,224 RX_BYTE A6
2026-10-09 18:39:06,224 RX_BYTE 93
2026-10-09 18:39:06,224 RX_BYTE 94
2026-10-09 18:39:06,224 RX_BYTE B0
2026-10-09 18:39:06,224 RX_BYTE FB
2026-10-09 18:39:06,224 RX_BYTE 04
2026-10-09 18:39:06,224 RX_BYTE 00
2026-10-09 18:39:06,224 RX_BYTE 6D
2026-10-09 18:39:06,224 RX 8B F1 B1 61 01 90 D2 A6 93 94 B0 FB 04 00 6D
2026-10-09 18:39:06,224 RX_BYTE 8B
2026-10-09 18:39:06,224 RX_BYTE F1
2026-10-09 18:39:06,224 RX_BYTE B1
2026-10-09 18:39:06,224 RX_BYTE 61
2026-10-09 18:39:06,224 RX_BYTE 01
2026-10-09 18:39:06,224 RX_BYTE 90
2026-10-09 18:39:06,224 RX_BYTE D2
2026-10-09 18:39:06,224 RX_BYTE A6
2026-10-09 18:39:06,224 RX_BYTE 93
2026-10-09 18:39:06,224 RX_BYTE 94
2026-10-09 18:39:06,224 RX_BYTE B0
2026-10-09 18:39:06,224 RX_BYTE FB
2026-10-09 18:39:06,224 RX_BYTE 04
2026-10-09 18:39:06,225 RX_BYTE 00
2026-10-09 18:39:06,225 RX_BYTE 6D
2026-10-09 18:39:06,225 RX 8B F1 B1 61 01 90 D2 A6 93 94 B0 FB 04 00 6D
2026-10-09 18:39:06,225 RX_BYTE 8B
2026-10-09 18:39:06,225 RX_BYTE F1
2026-10-09 18:39:06,225 RX_BYTE B1
2026-10-09 18:39:06,225 RX_BYTE 61
2026-10-09 18:39:06,225 RX_BYTE 01
2026-10-09 18:39:06,225 RX_BYTE 90
2026-10-09 18:39:06,225 RX_BYTE D2
2026-10-09 18:39:06,225 RX_BYTE A6
2026-10-09 18:39:06,225 RX_BYTE 93
2026-10-09 18:39:06,225 RX_BYTE 94
2026-10-09 18:39:06,225 RX_BYTE B0
2026-10-09 18:39:06,225 RX_BYTE FB
2026-10-09 18:39:06,225 RX_BYTE 04
2026-10-09 18:39:06,225 RX_BYTE 00
2026-10-09 18:39:06,225 RX_BYTE 6D
2026-10-09 18:39:06,225 RX 8B F1 B1 61 01 90 D2 A6 93 94 B0 FB 04 00 6D
2026-10-09 18:39:06,225 RX_BYTE 8B
2026-10-09 18:39:06,225 RX_BYTE F1
2026-10-09 18:39:06,225 RX_BYTE B1
2026-10-09 18:39:06,225 RX_BYTE 61
2026-10-09 18:39:06,225 RX_BYTE 01
2026-10-09 18:39:06,225 RX_BYTE 90
2026-10-09 18:39:06,225 RX_BYTE D2
2026-10-09 18:39:06,225 RX_BYTE A6
2026-10-09 18:39:06,225 RX_BYTE 93
2026-10-09 18:39:06,225 RX_BYTE 94
2026-10-09 18:39:06,225 RX_BYTE B0
2026-10-09 18:39:06,225 RX_BYTE FB
2026-10-09 18:39:06,225 RX_BYTE 04
2026-10-09 18:39:06,225 RX_BYTE 00
2026-10-09 18:39:06,225 RX_BYTE 6D
2026-10-09 18:39:06,225 RX 8B F1 B1 61 01 90 D2 A6 93 94 B0 FB 04 00 6D
2026-10-09 18:39:06,225 RX_BYTE 8B
2026-10-09 18:39:06,225 RX_BYTE F1
2026-10-09 18:39:06,225 RX_BYTE B1
2026-10-09 18:39:06,225 RX_BYTE 61
2026-10-09 18:39:06,225 RX_BYTE 01
2026-10-09 18:39:06,225 RX_BYTE 90
2026-10-09 18:39:06,225 RX_BYTE D2
2026-10-09 18:39:06,225 RX_BYTE A6
2026-10-09 18:39:06,225 RX_BYTE 93
2026-10-09 18:39:06,225 RX_BYTE 94
2026-10-09 18:39:06,225 RX_BYTE B0
2026-10-09 18:39:06,225 RX_BYTE FB
2026-10-09 18:39:06,225 RX_BYTE 04
2026-10-09 18:39:06,225 RX_BYTE 00
2026-10-09 18:39:06,225 RX_BYTE 6D
2026-10-09 18:39:06,225 RX 8B F1 B1 61 01 90 D2 A6 93 94 B0 FB 04 00 6D
2026-10-09 18:39:06,225 RX_BYTE 8B
2026-10-09 18:39:06,225 RX_BYTE F1
2026-10-09 18:39:06,225 RX_BYTE B1
2026-10-09 18:39:06,225 RX_BYTE 61
2026-10-09 18:39:06,226 RX_BYTE 01
2026-10-09 18:39:06,226 RX_BYTE 90
2026-10-09 18:39:06,226 RX_BYTE D2
2026-10-09 18:39:06,226 RX_BYTE A6
2026-10-09 18:39:06,226 RX_BYTE 93
2026-10-09 18:39:06,226 RX_BYTE 94
2026-10-09 18:39:06,226 RX_BYTE B0
2026-10-09 18:39:06,226 RX_BYTE FB
2026-10-09 18:39:06,226 RX_BYTE 04
2026-10-09 18:39:06,226 RX_BYTE 00
2026-10-09 18:39:06,226 RX_BYTE 6D
2026-10-09 18:39:06,226 RX 8B F1 B1 61 01 90 D2 A6 93 94 B0 FB 04 00 6D
2026-10-09 18:39:06,226 RX_BYTE 8B
2026-10-09 18:39:06,226 RX_BYTE F1
2026-10-09 18:39:06,226 RX_BYTE B1
2026-10-09 18:39:06,226 RX_BYTE 61
2026-10-09 18:39:06,226 RX_BYTE 01
2026-10-09 18:39:06,226 RX_BYTE 90
2026-10-09 18:39:06,226 RX_BYTE D2
2026-10-09 18:39:06,226 RX_BYTE A6
2026-10-09 18:39:06,226 RX_BYTE 93
2026-10-09 18:39:06,226 RX_BYTE 94
2026-10-09 18:39:06,226 RX_BYTE B0
2026-10-09 18:39:06,226 RX_BYTE FB
2026-10-09 18:39:06,226 RX_BYTE 04
2026-10-09 18:39:06,226 RX_BYTE 00
2026-10-09 18:39:06,226 RX_BYTE 6D
2026-10-09 18:39:06,226 RX 8B F1 B1 61 01 90 D2 A6 93 94 B0 FB 04 00 6D
2026-10-09 18:39:06,226 RX_BYTE 8B
2026-10-09 18:39:06,226 RX_BYTE F1
2026-10-09 18:39:06,226 RX_BYTE B1
2026-10-09 18:39:06,226 RX_BYTE 61
2026-10-09 18:39:06,226 RX_BYTE 01
2026-10-09 18:39:06,226 RX_BYTE 90
2026-10-09 18:39:06,226 RX_BYTE D2
2026-10-09 18:39:06,226 RX_BYTE A6
2026-10-09 18:39:06,226 RX_BYTE 93
2026-10-09 18:39:06,226 RX_BYTE 94
2026-10-09 18:39:06,226 RX_BYTE B0
2026-10-09 18:39:06,226 RX_BYTE FB
2026-10-09 18:39:06,226 RX_BYTE 04
2026-10-09 18:39:06,226 RX_BYTE 00
2026-10-09 18:39:06,226 RX_BYTE 6D
2026-10-09 18:39:06,226 RX 8B F1 B1 61 01 90 D2 A6 93 94 B0 FB 04 00 6D
2026-10-09 18:39:06,226 RX_BYTE 8B
2026-10-09 18:39:06,226 RX_BYTE F1
2026-10-09 18:39:06,226 RX_BYTE B1
2026-10-09 18:39:06,226 RX_BYTE 61
2026-10-09 18:39:06,226 RX_BYTE 01
2026-10-09 18:39:06,226 RX_BYTE 90
2026-10-09 18:39:06,226 RX_BYTE D2
2026-10-09 18:39:06,226 RX_BYTE A6
2026-10-09 18:39:06,226 RX_BYTE 93
2026-10-09 18:39:06,226 RX_BYTE 94
2026-10-09 18:39:06,226 RX_BYTE B0
2026-10-09 18:39:06,226 RX_BYTE FB
2026-10-09 18:39:06,226 RX_BYTE 04
2026-10-09 18:39:06,226 RX_BYTE 00
2026-10-09 18:39:06,226 RX_BYTE 6D
2026-10-09 18:39:06,226 RX 8B F1 B1 61 01 90 D2 A6 93 94 B0 FB 04 00 6D
2026-10-09 18:39:06,227 RX_BYTE 8B
2026-10-09 18:39:06,227 RX_BYTE F1
2026-10-09 18:39:06,227 RX_BYTE B1
2026-10-09 18:39:06,227 RX_BYTE 61
2026-10-09 18:39:06,227 RX_BYTE 01
2026-10-09 18:39:06,227 RX_BYTE 90
2026-10-09 18:39:06,227 RX_BYTE D2
2026-10-09 18:39:06,227 RX_BYTE A6
2026-10-09 18:39:06,227 RX_BYTE 93
2026-10-09 18:39:06,227 RX_BYTE 94
2026-10-09 18:39:06,227 RX_BYTE B0
2026-10-09 18:39:06,227 RX_BYTE FB
2026-10-09 18:39:06,227 RX_BYTE 04
2026-10-09 18:39:06,227 RX_BYTE 00
2026-10-09 18:39:06,227 RX_BYTE 6D
2026-10-09 18:39:06,227 RX 8B F1 B1 61 01 90 D2 A6 93 94 B0 FB 04 00 6D
2026-10-09 18:39:06,227 RX_BYTE 8B
2026-10-09 18:39:06,227 RX_BYTE F1
2026-10-09 18:39:06,227 RX_BYTE B1
2026-10-09 18:39:06,227 RX_BYTE 61
2026-10-09 18:39:06,227 RX_BYTE 01
2026-10-09 18:39:06,227 RX_BYTE 90
2026-10-09 18:39:06,227 RX_BYTE D2
2026-10-09 18:39:06,227 RX_BYTE A6
2026-10-09 18:39:06,227 RX_BYTE 93
2026-10-09 18:39:06,227 RX_BYTE 94
2026-10-09 18:39:06,227 RX_BYTE B0
2026-10-09 18:39:06,227 RX_BYTE FB
2026-10-09 18:39:06,227 RX_BYTE 04
2026-10-09 18:39:06,227 RX_BYTE 00
2026-10-09 18:39:06,227 RX_BYTE 6D
2026-10-09 18:39:06,227 RX 8B F1 B1 61 01 90 D2 A6 93 94 B0 FB 04 00 6D
2026-10-09 18:39:06,227 RX_BYTE 8B
2026-10-09 18:39:06,227 RX_BYTE F1
2026-10-09 18:39:06,227 RX_BYTE B1
2026-10-09 18:39:06,227 RX_BYTE 61
2026-10-09 18:39:06,227 RX_BYTE 01
2026-10-09 18:39:06,227 RX_BYTE 90
2026-10-09 18:39:06,227 RX_BYTE D2
2026-10-09 18:39:06,227 RX_BYTE A6
2026-10-09 18:39:06,227 RX_BYTE 93
2026-10-09 18:39:06,227 RX_BYTE 94
2026-10-09 18:39:06,227 RX_BYTE B0
2026-10-09 18:39:06,227 RX_BYTE FB
2026-10-09 18:39:06,227 RX_BYTE 04
2026-10-09 18:39:06,227 RX_BYTE 00
2026-10-09 18:39:06,227 RX_BYTE 6D
2026-10-09 18:39:06,227 RX 8B F1 B1 61 01 90 D2 A6 93 94 B0 FB 04 00 6D
2026-10-09 18:39:06,227 RX_BYTE 8B
2026-10-09 18:39:06,227 RX_BYTE F1
2026-10-09 18:39:06,227 RX_BYTE B1
2026-10-09 18:39:06,227 RX_BYTE 61
2026-10-09 18:39:06,227 RX_BYTE 01
2026-10-09 18:39:06,227 RX_BYTE 90
2026-10-09 18:39:06,227 RX_BYTE D2
2026-10-09 18:39:06,227 RX_BYTE A6
2026-10-09 18:39:06,227 RX_BYTE 93
2026-10-09 18:39:06,227 RX_BYTE 94
2026-10-09 18:39:06,227 RX_BYTE B0
2026-10-09 18:39:06,228 RX_BYTE FB
2026-10-09 18:39:06,228 RX_BYTE 04
2026-10-09 18:39:06,228 RX_BYTE 00
2026-10-09 18:39:06,228 RX_BYTE 6D
2026-10-09 18:39:06,228 RX 8B F1 B1 61 01 90 D2 A6 93 94 B0 FB 04 00 6D
2026-10-09 18:39:06,228 RX_BYTE 8B
2026-10-09 18:39:06,228 RX_BYTE F1
2026-10-09 18:39:06,228 RX_BYTE B1
2026-10-09 18:39:06,228 RX_BYTE 61
2026-10-09 18:39:06,228 RX_BYTE 01
2026-10-09 18:39:06,228 RX_BYTE 90
2026-10-09 18:39:06,228 RX_BYTE D2
2026-10-09 18:39:06,228 RX_BYTE A6
2026-10-09 18:39:06,228 RX_BYTE 93
2026-10-09 18:39:06,228 RX_BYTE 94
2026-10-09 18:39:06,228 RX_BYTE B0
2026-10-09 18:39:06,228 RX_BYTE FB
2026-10-09 18:39:06,228 RX_BYTE 04
2026-10-09 18:39:06,228 RX_BYTE 00
2026-10-09 18:39:06,228 RX_BYTE 6D
2026-10-09 18:39:06,228 RX 8B F1 B1 61 01 90 D2 A6 93 94 B0 FB 04 00 6D
2026-10-09 18:39:06,228 RX_BYTE 8B
2026-10-09 18:39:06,228 RX_BYTE F1
2026-10-09 18:39:06,228 RX_BYTE B1
2026-10-09 18:39:06,228 RX_BYTE 61
2026-10-09 18:39:06,228 RX_BYTE 01
2026-10-09 18:39:06,228 RX_BYTE 90
2026-10-09 18:39:06,228 RX_BYTE D2
2026-10-09 18:39:06,228 RX_BYTE A6
2026-10-09 18:39:06,228 RX_BYTE 93
2026-10-09 18:39:06,228 RX_BYTE 94
2026-10-09 18:39:06,228 RX_BYTE B0
2026-10-09 18:39:06,228 RX_BYTE FB
2026-10-09 18:39:06,228 RX_BYTE 04
2026-10-09 18:39:06,228 RX_BYTE 00
2026-10-09 18:39:06,228 RX_BYTE 6D
2026-10-09 18:39:06,228 RX 8B F1 B1 61 01 90 D2 A6 93 94 B0 FB 04 00 6D
2026-10-09 18:39:06,228 RX_BYTE 8B
2026-10-09 18:39:06,228 RX_BYTE F1
2026-10-09 18:39:06,228 RX_BYTE B1
2026-10-09 18:39:06,228 RX_BYTE 61
2026-10-09 18:39:06,228 RX_BYTE 01
2026-10-09 18:39:06,228 RX_BYTE 90
2026-10-09 18:39:06,228 RX_BYTE D2
2026-10-09 18:39:06,228 RX_BYTE A6
2026-10-09 18:39:06,228 RX_BYTE 93
2026-10-09 18:39:06,228 RX_BYTE 94
2026-10-09 18:39:06,228 RX_BYTE B0
2026-10-09 18:39:06,228 RX_BYTE FB
2026-10-09 18:39:06,228 RX_BYTE 04
2026-10-09 18:39:06,228 RX_BYTE 00
2026-10-09 18:39:06,228 RX_BYTE 6D
2026-10-09 18:39:06,228 RX 8B F1 B1 61 01 90 D2 A6 93 94 B0 FB 04 00 6D
2026-10-09 18:39:06,228 RX_BYTE 8B
2026-10-09 18:39:06,228 RX_BYTE F1
2026-10-09 18:39:06,228 RX_BYTE B1
2026-10-09 18:39:06,228 RX_BYTE 61
2026-10-09 18:39:06,228 RX_BYTE 01
2026-10-09 18:39:06,228 RX_BYTE 90
2026-10-09 18:39:06,228 RX_BYTE D2
2026-10-09 18:39:06,228 RX_BYTE A6
2026-10-09 18:39:06,229 RX_BYTE 93
2026-10-09 18:39:06,229 RX_BYTE 94
2026-10-09 18:39:06,229 RX_BYTE B0
2026-10-09 18:39:06,229 RX_BYTE FB
2026-10-09 18:39:06,229 RX_BYTE 04
2026-10-09 18:39:06,229 RX_BYTE 00
2026-10-09 18:39:06,229 RX_BYTE 6D
2026-10-09 18:39:06,229 RX 8B F1 B1 61 01 90 D2 A6 93 94 B0 FB 04 00 6D
2026-10-09 18:39:06,229 RX_BYTE 8B
2026-10-09 18:39:06,229 RX_BYTE F1
2026-10-09 18:39:06,229 RX_BYTE B1
2026-10-09 18:39:06,229 RX_BYTE 61
2026-10-09 18:39:06,229 RX_BYTE 01
2026-10-09 18:39:06,229 RX_BYTE 90
2026-10-09 18:39:06,229 RX_BYTE D2
2026-10-09 18:39:06,229 RX_BYTE A6
2026-10-09 18:39:06,229 RX_BYTE 93
2026-10-09 18:39:06,229 RX_BYTE 94
2026-10-09 18:39:06,229 RX_BYTE B0
2026-10-09 18:39:06,229 RX_BYTE FB
2026-10-09 18:39:06,229 RX_BYTE 04
2026-10-09 18:39:06,229 RX_BYTE 00
2026-10-09 18:39:06,229 RX_BYTE 6D
2026-10-09 18:39:06,229 RX 8B F1 B1 61 01 90 D2 A6 93 94 B0 FB 04 00 6D
2026-10-09 18:39:06,229 RX_BYTE 8B
2026-10-09 18:39:06,229 RX_BYTE F1
2026-10-09 18:39:06,229 RX_BYTE B1
2026-10-09 18:39:06,229 RX_BYTE 61
2026-10-09 18:39:06,229 RX_BYTE 01
2026-10-09 18:39:06,229 RX_BYTE 90
2026-10-09 18:39:06,229 RX_BYTE D2
2026-10-09 18:39:06,229 RX_BYTE A6
2026-10-09 18:39:06,229 RX_BYTE 93
2026-10-09 18:39:06,229 RX_BYTE 94
2026-10-09 18:39:06,229 RX_BYTE B0
2026-10-09 18:39:06,229 RX_BYTE FB
2026-10-09 18:39:06,229 RX_BYTE 04
2026-10-09 18:39:06,229 RX_BYTE 00
2026-10-09 18:39:06,229 RX_BYTE 6D
2026-10-09 18:39:06,229 RX 8B F1 B1 61 01 90 D2 A6 93 94 B0 FB 04 00 6D
2026-10-09 18:39:06,229 RX_BYTE 8B
2026-10-09 18:39:06,229 RX_BYTE F1
2026-10-09 18:39:06,229 RX_BYTE B1
2026-10-09 18:39:06,229 RX_BYTE 61
2026-10-09 18:39:06,229 RX_BYTE 01
2026-10-09 18:39:06,229 RX_BYTE 90
2026-10-09 18:39:06,229 RX_BYTE D2
2026-10-09 18:39:06,229 RX_BYTE A6
2026-10-09 18:39:06,229 RX_BYTE 93
2026-10-09 18:39:06,229 RX_BYTE 94
2026-10-09 18:39:06,229 RX_BYTE B0
2026-10-09 18:39:06,229 RX_BYTE FB
2026-10-09 18:39:06,229 RX_BYTE 04
2026-10-09 18:39:06,229 RX_BYTE 00
2026-10-09 18:39:06,229 RX_BYTE 6D
2026-10-09 18:39:06,229 RX 8B F1 B1 61 01 90 D2 A6 93 94 B0 FB 04 00 6D
2026-10-09 18:39:06,229 RX_BYTE 8B
2026-10-09 18:39:06,229 RX_BYTE F1
2026-10-09 18:39:06,229 RX_BYTE B1
2026-10-09 18:39:06,230 RX_BYTE 61
2026-10-09 18:39:06,230 RX_BYTE 01
2026-10-09 18:39:06,230 RX_BYTE 90
2026-10-09 18:39:06,230 RX_BYTE D2
2026-10-09 18:39:06,230 RX_BYTE A6
2026-10-09 18:39:06,230 RX_BYTE 93
2026-10-09 18:39:06,230 RX_BYTE 94
2026-10-09 18:39:06,230 RX_BYTE B0
2026-10-09 18:39:06,230 RX_BYTE FB
2026-10-09 18:39:06,230 RX_BYTE 04
2026-10-09 18:39:06,230 RX_BYTE 00
2026-10-09 18:39:06,230 RX_BYTE 6D
2026-10-09 18:39:06,230 RX 8B F1 B1 61 01 90 D2 A6 93 94 B0 FB 04 00 6D
2026-10-09 18:39:06,230 RX_BYTE 8B
2026-10-09 18:39:06,230 RX_BYTE F1
2026-10-09 18:39:06,230 RX_BYTE B1
2026-10-09 18:39:06,230 RX_BYTE 61
2026-10-09 18:39:06,230 RX_BYTE 01
2026-10-09 18:39:06,230 RX_BYTE 90
2026-10-09 18:39:06,230 RX_BYTE D2
2026-10-09 18:39:06,230 RX_BYTE A6
2026-10-09 18:39:06,230 RX_BYTE 93
2026-10-09 18:39:06,230 RX_BYTE 94
2026-10-09 18:39:06,230 RX_BYTE B0
2026-10-09 18:39:06,230 RX_BYTE FB
2026-10-09 18:39:06,230 RX_BYTE 04
2026-10-09 18:39:06,230 RX_BYTE 00
2026-10-09 18:39:06,230 RX_BYTE 6D
2026-10-09 18:39:06,230 RX 8B F1 B1 61 01 90 D2 A6 93 94 B0 FB 04 00 6D
2026-10-09 18:39:06,230 RX_BYTE 8B
2026-10-09 18:39:06,230 RX_BYTE F1
2026-10-09 18:39:06,230 RX_BYTE B1
2026-10-09 18:39:06,230 RX_BYTE 61
2026-10-09 18:39:06,230 RX_BYTE 01
2026-10-09 18:39:06,230 RX_BYTE 90
2026-10-09 18:39:06,230 RX_BYTE D2
2026-10-09 18:39:06,230 RX_BYTE A6
2026-10-09 18:39:06,230 RX_BYTE 93
2026-10-09 18:39:06,230 RX_BYTE 94
2026-10-09 18:39:06,230 RX_BYTE B0
2026-10-09 18:39:06,230 RX_BYTE FB
2026-10-09 18:39:06,230 RX_BYTE 04
2026-10-09 18:39:06,230 RX_BYTE 00
2026-10-09 18:39:06,230 RX_BYTE 6D
2026-10-09 18:39:06,230 RX 8B F1 B1 61 01 90 D2 A6 93 94 B0 FB 04 00 6D
2026-10-09 18:39:06,230 RX_BYTE 8B
2026-10-09 18:39:06,230 RX_BYTE F1
2026-10-09 18:39:06,230 RX_BYTE B1
2026-10-09 18:39:06,230 RX_BYTE 61
2026-10-09 18:39:06,230 RX_BYTE 01
2026-10-09 18:39:06,230 RX_BYTE 90
2026-10-09 18:39:06,230 RX_BYTE D2
2026-10-09 18:39:06,230 RX_BYTE A6
2026-10-09 18:39:06,230 RX_BYTE 93
2026-10-09 18:39:06,230 RX_BYTE 94
2026-10-09 18:39:06,230 RX_BYTE B0
2026-10-09 18:39:06,230 RX_BYTE FB
2026-10-09 18:39:06,230 RX_BYTE 04
2026-10-09 18:39:06,230 RX_BYTE 00
2026-10-09 18:39:06,231 RX_BYTE 6D
2026-10-09 18:39:06,231 RX 8B F1 B1 61 01 90 D2 A6 93 94 B0 FB 04 00 6D
2026-10-09 18:39:06,231 RX_BYTE 8B
2026-10-09 18:39:06,231 RX_BYTE F1
2026-10-09 18:39:06,231 RX_BYTE B1
2026-10-09 18:39:06,231 RX_BYTE 61
2026-10-09 18:39:06,231 RX_BYTE 01
2026-10-09 18:39:06,231 RX_BYTE 90
2026-10-09 18:39:06,231 RX_BYTE D2
2026-10-09 18:39:06,231 RX_BYTE A6
2026-10-09 18:39:06,231 RX_BYTE 93
2026-10-09 18:39:06,231 RX_BYTE 94
2026-10-09 18:39:06,231 RX_BYTE B0
2026-10-09 18:39:06,231 RX_BYTE FB
2026-10-09 18:39:06,231 RX_BYTE 04
2026-10-09 18:39:06,231 RX_BYTE 00
2026-10-09 18:39:06,231 RX_BYTE 6D
2026-10-09 18:39:06,231 RX 8B F1 B1 61 01 90 D2 A6 93 94 B0 FB 04 00 6D
2026-10-09 18:39:06,231 RX_BYTE 8B
2026-10-09 18:39:06,231 RX_BYTE F1
2026-10-09 18:39:06,231 RX_BYTE B1
2026-10-09 18:39:06,231 RX_BYTE 61
2026-10-09 18:39:06,231 RX_BYTE 01
2026-10-09 18:39:06,231 RX_BYTE 90
2026-10-09 18:39:06,231 RX_BYTE D2
2026-10-09 18:39:06,231 RX_BYTE A6
2026-10-09 18:39:06,231 RX_BYTE 93
2026-10-09 18:39:06,231 RX_BYTE 94
2026-10-09 18:39:06,231 RX_BYTE B0
2026-10-09 18:39:06,231 RX_BYTE FB
2026-10-09 18:39:06,231 RX_BYTE 04
2026-10-09 18:39:06,231 RX_BYTE 00
2026-10-09 18:39:06,231 RX_BYTE 6D
2026-10-09 18:39:06,231 RX 8B F1 B1 61 01 90 D2 A6 93 94 B0 FB 04 00 6D
2026-10-09 18:39:06,231 RX_BYTE 8B
2026-10-09 18:39:06,231 RX_BYTE F1
2026-10-09 18:39:06,231 RX_BYTE B1
2026-10-09 18:39:06,231 RX_BYTE 61
2026-10-09 18:39:06,231 RX_BYTE 01
2026-10-09 18:39:06,231 RX_BYTE 90
2026-10-09 18:39:06,231 RX_BYTE D2
2026-10-09 18:39:06,231 RX_BYTE A6
2026-10-09 18:39:06,231 RX_BYTE 93
2026-10-09 18:39:06,231 RX_BYTE 94
2026-10-09 18:39:06,231 RX_BYTE B0
2026-10-09 18:39:06,231 RX_BYTE FB
2026-10-09 18:39:06,231 RX_BYTE 04
2026-10-09 18:39:06,231 RX_BYTE 00
2026-10-09 18:39:06,231 RX_BYTE 6D
2026-10-09 18:39:06,231 RX 8B F1 B1 61 01 90 D2 A6 93 94 B0 FB 04 00 6D
2026-10-09 18:39:06,231 RX_BYTE 8B
2026-10-09 18:39:06,231 RX_BYTE F1
2026-10-09 18:39:06,231 RX_BYTE B1
2026-10-09 18:39:06,231 RX_BYTE 61
2026-10-09 18:39:06,231 RX_BYTE 01
2026-10-09 18:39:06,231 RX_BYTE 90
2026-10-09 18:39:06,231 RX_BYTE D2
2026-10-09 18:39:06,231 RX_BYTE A6
2026-10-09 18:39:06,231 RX_BYTE 93
2026-10-09 18:39:06,231 RX_BYTE 94
2026-10-09 18:39:06,231 RX_BYTE B0
2026-10-09 18:39:06,232 RX_BYTE FB
2026-10-09 18:39:06,232 RX_BYTE 04
2026-10-09 18:39:06,232 RX_BYTE 00
2026-10-09 18:39:06,232 RX_BYTE 6D
2026-10-09 18:39:06,232 RX 8B F1 B1 61 01 90 D2 A6 93 94 B0 FB 04 00 6D
2026-10-09 18:39:06,232 RX_BYTE 8B
2026-10-09 18:39:06,232 RX_BYTE F1
2026-10-09 18:39:06,232 RX_BYTE B1
2026-10-09 18:39:06,232 RX_BYTE 61
2026-10-09 18:39:06,232 RX_BYTE 01
2026-10-09 18:39:06,232 RX_BYTE 90
2026-10-09 18:39:06,232 RX_BYTE D2
2026-10-09 18:39:06,232 RX_BYTE A6
2026-10-09 18:39:06,232 RX_BYTE 93
2026-10-09 18:39:06,232 RX_BYTE 94
2026-10-09 18:39:06,232 RX_BYTE B0
2026-10-09 18:39:06,232 RX_BYTE FB
2026-10-09 18:39:06,232 RX_BYTE 04
2026-10-09 18:39:06,232 RX_BYTE 00
2026-10-09 18:39:06,232 RX_BYTE 6D
2026-10-09 18:39:06,232 RX 8B F1 B1 61 01 90 D2 A6 93 94 B0 FB 04 00 6D
2026-10-09 18:39:06,232 RX_BYTE 8B
2026-10-09 18:39:06,232 RX_BYTE F1
2026-10-09 18:39:06,232 RX_BYTE B1
2026-10-09 18:39:06,232 RX_BYTE 61
2026-10-09 18:39:06,232 RX_BYTE 01
2026-10-09 18:39:06,232 RX_BYTE 90
2026-10-09 18:39:06,232 RX_BYTE D2
2026-10-09 18:39:06,232 RX_BYTE A6
2026-10-09 18:39:06,232 RX_BYTE 93
2026-10-09 18:39:06,232 RX_BYTE 94
2026-10-09 18:39:06,232 RX_BYTE B0
2026-10-09 18:39:06,232 RX_BYTE FB
2026-10-09 18:39:06,232 RX_BYTE 04
2026-10-09 18:39:06,232 RX_BYTE 00
2026-10-09 18:39:06,232 RX_BYTE 6D
2026-10-09 18:39:06,232 RX 8B F1 B1 61 01 90 D2 A6 93 94 B0 FB 04 00 6D
2026-10-09 18:39:06,232 RX_BYTE 8B
2026-10-09 18:39:06,232 RX_BYTE F1
2026-10-09 18:39:06,232 RX_BYTE B1
2026-10-09 18:39:06,232 RX_BYTE 61
2026-10-09 18:39:06,232 RX_BYTE 01
2026-10-09 18:39:06,232 RX_BYTE 90
2026-10-09 18:39:06,232 RX_BYTE D2
2026-10-09 18:39:06,232 RX_BYTE A6
2026-10-09 18:39:06,232 RX_BYTE 93
2026-10-09 18:39:06,232 RX_BYTE 94
2026-10-09 18:39:06,232 RX_BYTE B0
2026-10-09 18:39:06,232 RX_BYTE FB
2026-10-09 18:39:06,232 RX_BYTE 04
2026-10-09 18:39:06,232 RX_BYTE 00
2026-10-09 18:39:06,232 RX_BYTE 6D
2026-10-09 18:39:06,232 RX 8B F1 B1 61 01 90 D2 A6 93 94 B0 FB 04 00 6D
2026-10-09 18:39:06,232 RX_BYTE 8B
2026-10-09 18:39:06,232 RX_BYTE F1
2026-10-09 18:39:06,232 RX_BYTE B1
2026-10-09 18:39:06,232 RX_BYTE 61
2026-10-09 18:39:06,232 RX_BYTE 01
2026-10-09 18:39:06,232 RX_BYTE 90
2026-10-09 18:39:06,232 RX_BYTE D2
2026-10-09 18:39:06,232 RX_BYTE A6
2026-10-09 18:39:06,233 RX_BYTE 93
2026-10-09 18:39:06,233 RX_BYTE 94
2026-10-09 18:39:06,233 RX_BYTE B0
2026-10-09 18:39:06,233 RX_BYTE FB
2026-10-09 18:39:06,233 RX_BYTE 04
2026-10-09 18:39:06,233 RX_BYTE 00
2026-10-09 18:39:06,233 RX_BYTE 6D
2026-10-09 18:39:06,233 RX 8B F1 B1 61 01 90 D2 A6 93 94 B0 FB 04 00 6D
2026-10-09 18:39:06,233 RX_BYTE 8B
2026-10-09 18:39:06,233 RX_BYTE F1
2026-10-09 18:39:06,233 RX_BYTE B1
2026-10-09 18:39:06,233 RX_BYTE 61
2026-10-09 18:39:06,233 RX_BYTE 01
2026-10-09 18:39:06,233 RX_BYTE 90
2026-10-09 18:39:06,233 RX_BYTE D2
2026-10-09 18:39:06,233 RX_BYTE A6
2026-10-09 18:39:06,233 RX_BYTE 93
2026-10-09 18:39:06,233 RX_BYTE 94
2026-10-09 18:39:06,233 RX_BYTE B0
2026-10-09 18:39:06,233 RX_BYTE FB
2026-10-09 18:39:06,233 RX_BYTE 04
2026-10-09 18:39:06,233 RX_BYTE 00
2026-10-09 18:39:06,233 RX_BYTE 6D
2026-10-09 18:39:06,233 RX 8B F1 B1 61 01 90 D2 A6 93 94 B0 FB 04 00 6D
2026-10-09 18:39:06,233 RX_BYTE 8B
2026-10-09 18:39:06,233 RX_BYTE F1
2026-10-09 18:39:06,233 RX_BYTE B1
2026-10-09 18:39:06,233 RX_BYTE 61
2026-10-09 18:39:06,233 RX_BYTE 01
2026-10-09 18:39:06,233 RX_BYTE 90
2026-10-09 18:39:06,233 RX_BYTE D2
2026-10-09 18:39:06,233 RX_BYTE A6
2026-10-09 18:39:06,233 RX_BYTE 93
2026-10-09 18:39:06,233 RX_BYTE 94
2026-10-09 18:39:06,233 RX_BYTE B0
2026-10-09 18:39:06,233 RX_BYTE FB
2026-10-09 18:39:06,233 RX_BYTE 04
2026-10-09 18:39:06,233 RX_BYTE 00
2026-10-09 18:39:06,233 RX_BYTE 6D
2026-10-09 18:39:06,233 RX 8B F1 B1 61 01 90 D2 A6 93 94 B0 FB 04 00 6D
2026-10-09 18:39:06,233 RX_BYTE 8B
2026-10-09 18:39:06,233 RX_BYTE F1
2026-10-09 18:39:06,233 RX_BYTE B1
2026-10-09 18:39:06,233 RX_BYTE 61
2026-10-09 18:39:06,233 RX_BYTE 01
2026-10-09 18:39:06,233 RX_BYTE 90
2026-10-09 18:39:06,233 RX_BYTE D2
2026-10-09 18:39:06,233 RX_BYTE A6
2026-10-09 18:39:06,233 RX_BYTE 93
2026-10-09 18:39:06,233 RX_BYTE 94
2026-10-09 18:39:06,233 RX_BYTE B0
2026-10-09 18:39:06,233 RX_BYTE FB
2026-10-09 18:39:06,233 RX_BYTE 04
2026-10-09 18:39:06,233 RX_BYTE 00
2026-10-09 18:39:06,233 RX_BYTE 6D
2026-10-09 18:39:06,233 RX 8B F1 B1 61 01 90 D2 A6 93 94 B0 FB 04 00 6D
2026-10-09 18:39:06,233 RX_BYTE 8B
2026-10-09 18:39:06,233 RX_BYTE F1
2026-10-09 18:39:06,233 RX_BYTE B1
2026-10-09 18:39:06,233 RX_BYTE 61
2026-10-09 18:39:06,233 RX_BYTE 01
2026-10-09 18:39:06,234 RX_BYTE 90
2026-10-09 18:39:06,234 RX_BYTE D2
2026-10-09 18:39:06,234 RX_BYTE A6
2026-10-09 18:39:06,234 RX_BYTE 93
2026-10-09 18:39:06,234 RX_BYTE 94
2026-10-09 18:39:06,234 RX_BYTE B0
2026-10-09 18:39:06,234 RX_BYTE FB
2026-10-09 18:39:06,234 RX_BYTE 04
2026-10-09 18:39:06,234 RX_BYTE 00
2026-10-09 18:39:06,234 RX_BYTE 6D
2026-10-09 18:39:06,234 RX 8B F1 B1 61 01 90 D2 A6 93 94 B0 FB 04 00 6D
2026-10-09 18:39:06,234 RX_BYTE 8B
2026-10-09 18:39:06,234 RX_BYTE F1
2026-10-09 18:39:06,234 RX_BYTE B1
2026-10-09 18:39:06,234 RX_BYTE 61
2026-10-09 18:39:06,234 RX_BYTE 01
2026-10-09 18:39:06,234 RX_BYTE 90
2026-10-09 18:39:06,234 RX_BYTE D2
2026-10-09 18:39:06,234 RX_BYTE A6
2026-10-09 18:39:06,234 RX_BYTE 93
2026-10-09 18:39:06,234 RX_BYTE 94
2026-10-09 18:39:06,234 RX_BYTE B0
2026-10-09 18:39:06,234 RX_BYTE FB
2026-10-09 18:39:06,234 RX_BYTE 04
2026-10-09 18:39:06,234 RX_BYTE 00
2026-10-09 18:39:06,234 RX_BYTE 6D
2026-10-09 18:39:06,234 RX 8B F1 B1 61 01 90 D2 A6 93 94 B0 FB 04 00 6D
2026-10-09 18:39:06,234 RX_BYTE 8B
2026-10-09 18:39:06,234 RX_BYTE F1
2026-10-09 18:39:06,234 RX_BYTE B1
2026-10-09 18:39:06,234 RX_BYTE 61
2026-10-09 18:39:06,234 RX_BYTE 01
2026-10-09 18:39:06,234 RX_BYTE 90
2026-10-09 18:39:06,234 RX_BYTE D2
2026-10-09 18:39:06,234 RX_BYTE A6
2026-10-09 18:39:06,234 RX_BYTE 93
2026-10-09 18:39:06,234 RX_BYTE 94
2026-10-09 18:39:06,234 RX_BYTE B0
2026-10-09 18:39:06,234 RX_BYTE FB
2026-10-09 18:39:06,234 RX_BYTE 04
2026-10-09 18:39:06,234 RX_BYTE 00
2026-10-09 18:39:06,234 RX_BYTE 6D
2026-10-09 18:39:06,234 RX 8B F1 B1 61 01 90 D2 A6 93 94 B0 FB 04 00 6D
2026-10-09 18:39:06,234 RX_BYTE 8B
2026-10-09 18:39:06,234 RX_BYTE F1
2026-10-09 18:39:06,234 RX_BYTE B1
2026-10-09 18:39:06,234 RX_BYTE 61
2026-10-09 18:39:06,234 RX_BYTE 01
2026-10-09 18:39:06,234 RX_BYTE 90
2026-10-09 18:39:06,234 RX_BYTE D2
2026-10-09 18:39:06,234 RX_BYTE A6
2026-10-09 18:39:06,234 RX_BYTE 93
2026-10-09 18:39:06,234 RX_BYTE 94
2026-10-09 18:39:06,234 RX_BYTE B0
2026-10-09 18:39:06,234 RX_BYTE FB
2026-10-09 18:39:06,234 RX_BYTE 04
2026-10-09 18:39:06,234 RX_BYTE 00
2026-10-09 18:39:06,234 RX_BYTE 6D
2026-10-09 18:39:06,234 RX 8B F1 B1 61 01 90 D2 A6 93 94 B0 FB 04 00 6D
2026-10-09 18:39:06,234 RX_BYTE 8B
2026-10-09 18:39:06,235 RX_BYTE F1
2026-10-09 18:39:06,235 RX_BYTE B1
2026-10-09 18:39:06,235 RX_BYTE 61
2026-10-09 18:39:06,235 RX_BYTE 01
2026-10-09 18:39:06,235 RX_BYTE 90
2026-10-09 18:39:06,235 RX_BYTE D2
2026-10-09 18:39:06,235 RX_BYTE A6
2026-10-09 18:39:06,235 RX_BYTE 93
2026-10-09 18:39:06,235 RX_BYTE 94
2026-10-09 18:39:06,235 RX_BYTE B0
2026-10-09 18:39:06,235 RX_BYTE FB
2026-10-09 18:39:06,235 RX_BYTE 04
2026-10-09 18:39:06,235 RX_BYTE 00
2026-10-09 18:39:06,235 RX_BYTE 6D
2026-10-09 18:39:06,235 RX 8B F1 B1 61 01 90 D2 A6 93 94 B0 FB 04 00 6D
2026-10-09 18:39:06,235 RX_BYTE 8B
2026-10-09 18:39:06,235 RX_BYTE F1
2026-10-09 18:39:06,235 RX_BYTE B1
2026-10-09 18:39:06,235 RX_BYTE 61
2026-10-09 18:39:06,235 RX_BYTE 01
2026-10-09 18:39:06,235 RX_BYTE 90
2026-10-09 18:39:06,235 RX_BYTE D2
2026-10-09 18:39:06,235 RX_BYTE A6
2026-10-09 18:39:06,235 RX_BYTE 93
2026-10-09 18:39:06,235 RX_BYTE 94
2026-10-09 18:39:06,235 RX_BYTE B0
2026-10-09 18:39:06,235 RX_BYTE FB
2026-10-09 18:39:06,235 RX_BYTE 04
2026-10-09 18:39:06,235 RX_BYTE 00
2026-10-09 18:39:06,235 RX_BYTE 6D
2026-10-09 18:39:06,235 RX 8B F1 B1 61 01 90 D2 A6 93 94 B0 FB 04 00 6D
2026-10-09 18:39:06,235 RX_BYTE 8B
2026-10-09 18:39:06,235 RX_BYTE F1
2026-10-09 18:39:06,235 RX_BYTE B1
2026-10-09 18:39:06,235 RX_BYTE 61
2026-10-09 18:39:06,235 RX_BYTE 01
2026-10-09 18:39:06,235 RX_BYTE 90
2026-10-09 18:39:06,235 RX_BYTE D2
2026-10-09 18:39:06,235 RX_BYTE A6
2026-10-09 18:39:06,235 RX_BYTE 93
2026-10-09 18:39:06,235 RX_BYTE 94
2026-10-09 18:39:06,235 RX_BYTE B0
2026-10-09 18:39:06,235 RX_BYTE FB
2026-10-09 18:39:06,235 RX_BYTE 04
2026-10-09 18:39:06,235 RX_BYTE 00
2026-10-09 18:39:06,235 RX_BYTE 6D
2026-10-09 18:39:06,235 RX 8B F1 B1 61 01 90 D2 A6 93 94 B0 FB 04 00 6D
2026-10-09 18:39:06,235 RX_BYTE 8B
2026-10-09 18:39:06,235 RX_BYTE F1
2026-10-09 18:39:06,235 RX_BYTE B1
2026-10-09 18:39:06,235 RX_BYTE 61
2026-10-09 18:39:06,235 RX_BYTE 01
2026-10-09 18:39:06,235 RX_BYTE 90
2026-10-09 18:39:06,235 RX_BYTE D2
2026-10-09 18:39:06,235 RX_BYTE A6
2026-10-09 18:39:06,235 RX_BYTE 93
2026-10-09 18:39:06,235 RX_BYTE 94
2026-10-09 18:39:06,235 RX_BYTE B0
2026-10-09 18:39:06,235 RX_BYTE FB
2026-10-09 18:39:06,236 RX_BYTE 04
2026-10-09 18:39:06,236 RX_BYTE 00
2026-10-09 18:39:06,236 RX_BYTE 6D
2026-10-09 18:39:06,236 RX 8B F1 B1 61 01 90 D2 A6 93 94 B0 FB 04 00 6D
2026-10-09 18:39:06,236 RX_BYTE 8B
2026-10-09 18:39:06,236 RX_BYTE F1
2026-10-09 18:39:06,236 RX_BYTE B1
2026-10-09 18:39:06,236 RX_BYTE 61
2026-10-09 18:39:06,236 RX_BYTE 01
2026-10-09 18:39:06,236 RX_BYTE 90
2026-10-09 18:39:06,236 RX_BYTE D2
2026-10-09 18:39:06,236 RX_BYTE A6
2026-10-09 18:39:06,236 RX_BYTE 93
2026-10-09 18:39:06,236 RX_BYTE 94
2026-10-09 18:39:06,236 RX_BYTE B0
2026-10-09 18:39:06,236 RX_BYTE FB
2026-10-09 18:39:06,236 RX_BYTE 04
2026-10-09 18:39:06,236 RX_BYTE 00
2026-10-09 18:39:06,236 RX_BYTE 6D
2026-10-09 18:39:06,236 RX 8B F1 B1 61 01 90 D2 A6 93 94 B0 FB 04 00 6D
2026-10-09 18:39:06,236 RX_BYTE 8B
2026-10-09 18:39:06,236 RX_BYTE F1
2026-10-09 18:39:06,236 RX_BYTE B1
2026-10-09 18:39:06,236 RX_BYTE 61
2026-10-09 18:39:06,236 RX_BYTE 01
2026-10-09 18:39:06,236 RX_BYTE 90
2026-10-09 18:39:06,236 RX_BYTE D2
2026-10-09 18:39:06,236 RX_BYTE A6
2026-10-09 18:39:06,236 RX_BYTE 93
2026-10-09 18:39:06,236 RX_BYTE 94
2026-10-09 18:39:06,236 RX_BYTE B0
2026-10-09 18:39:06,236 RX_BYTE FB
2026-10-09 18:39:06,236 RX_BYTE 04
2026-10-09 18:39:06,236 RX_BYTE 00
2026-10-09 18:39:06,236 RX_BYTE 6D
2026-10-09 18:39:06,236 RX 8B F1 B1 61 01 90 D2 A6 93 94 B0 FB 04 00 6D
2026-10-09 18:39:06,236 RX_BYTE 8B
2026-10-09 18:39:06,236 RX_BYTE F1
2026-10-09 18:39:06,236 RX_BYTE B1
2026-10-09 18:39:06,236 RX_BYTE 61
2026-10-09 18:39:06,236 RX_BYTE 01
2026-10-09 18:39:06,236 RX_BYTE 90
2026-10-09 18:39:06,236 RX_BYTE D2
2026-10-09 18:39:06,236 RX_BYTE A6
2026-10-09 18:39:06,236 RX_BYTE 93
2026-10-09 18:39:06,236 RX_BYTE 94
2026-10-09 18:39:06,236 RX_BYTE B0
2026-10-09 18:39:06,236 RX_BYTE FB
2026-10-09 18:39:06,236 RX_BYTE 04
2026-10-09 18:39:06,236 RX_BYTE 00
2026-10-09 18:39:06,236 RX_BYTE 6D
2026-10-09 18:39:06,236 RX 8B F1 B1 61 01 90 D2 A6 93 94 B0 FB 04 00 6D
2026-10-09 18:39:06,236 RX_BYTE 8B
2026-10-09 18:39:06,236 RX_BYTE F1
2026-10-09 18:39:06,236 RX_BYTE B1
2026-10-09 18:39:06,236 RX_BYTE 61
2026-10-09 18:39:06,236 RX_BYTE 01
2026-10-09 18:39:06,236 RX_BYTE 90
2026-10-09 18:39:06,236 RX_BYTE D2
2026-10-09 18:39:06,236 RX_BYTE A6
2026-10-09 18:39:06,236 RX_BYTE 93
2026-10-09 18:39:06,237 RX_BYTE 94
2026-10-09 18:39:06,237 RX_BYTE B0
2026-10-09 18:39:06,237 RX_BYTE FB
2026-10-09 18:39:06,237 RX_BYTE 04
2026-10-09 18:39:06,237 RX_BYTE 00
2026-10-09 18:39:06,237 RX_BYTE 6D
2026-10-09 18:39:06,237 RX 8B F1 B1 61 01 90 D2 A6 93 94 B0 FB 04 00 6D
2026-10-09 18:39:06,237 RX_BYTE 8B
2026-10-09 18:39:06,237 RX_BYTE F1
2026-10-09 18:39:06,237 RX_BYTE B1
2026-10-09 18:39:06,237 RX_BYTE 61
2026-10-09 18:39:06,237 RX_BYTE 01
2026-10-09 18:39:06,237 RX_BYTE 90
2026-10-09 18:39:06,237 RX_BYTE D2
2026-10-09 18:39:06,237 RX_BYTE A6
2026-10-09 18:39:06,237 RX_BYTE 93
2026-10-09 18:39:06,237 RX_BYTE 94
2026-10-09 18:39:06,237 RX_BYTE B0
2026-10-09 18:39:06,237 RX_BYTE FB
2026-10-09 18:39:06,237 RX_BYTE 04
2026-10-09 18:39:06,237 RX_BYTE 00
2026-10-09 18:39:06,237 RX_BYTE 6D
2026-10-09 18:39:06,237 RX 8B F1 B1 61 01 90 D2 A6 93 94 B0 FB 04 00 6D
2026-10-09 18:39:06,237 RX_BYTE 8B
2026-10-09 18:39:06,237 RX_BYTE F1
2026-10-09 18:39:06,237 RX_BYTE B1
2026-10-09 18:39:06,237 RX_BYTE 61
2026-10-09 18:39:06,237 RX_BYTE 01
2026-10-09 18:39:06,237 RX_BYTE 90
2026-10-09 18:39:06,237 RX_BYTE D2
2026-10-09 18:39:06,237 RX_BYTE A6
2026-10-09 18:39:06,237 RX_BYTE 93
2026-10-09 18:39:06,237 RX_BYTE 94
2026-10-09 18:39:06,237 RX_BYTE B0
2026-10-09 18:39:06,237 RX_BYTE FB
2026-10-09 18:39:06,237 RX_BYTE 04
2026-10-09 18:39:06,237 RX_BYTE 00
2026-10-09 18:39:06,237 RX_BYTE 6D
2026-10-09 18:39:06,237 RX 8B F1 B1 61 01 90 D2 A6 93 94 B0 FB 04 00 6D
2026-10-09 18:39:06,237 RX_BYTE 8B
2026-10-09 18:39:06,237 RX_BYTE F1
2026-10-09 18:39:06,237 RX_BYTE B1
2026-10-09 18:39:06,237 RX_BYTE 61
2026-10-09 18:39:06,237 RX_BYTE 01
2026-10-09 18:39:06,237 RX_BYTE 90
2026-10-09 18:39:06,237 RX_BYTE D2
2026-10-09 18:39:06,237 RX_BYTE A6
2026-10-09 18:39:06,237 RX_BYTE 93
2026-10-09 18:39:06,237 RX_BYTE 94
2026-10-09 18:39:06,237 RX_BYTE B0
2026-10-09 18:39:06,237 RX_BYTE FB
2026-10-09 18:39:06,237 RX_BYTE 04
2026-10-09 18:39:06,237 RX_BYTE 00
2026-10-09 18:39:06,237 RX_BYTE 6D
2026-10-09 18:39:06,237 RX 8B F1 B1 61 01 90 D2 A6 93 94 B0 FB 04 00 6D
2026-10-09 18:39:06,237 RX_BYTE 8B
2026-10-09 18:39:06,237 RX_BYTE F1
2026-10-09 18:39:06,237 RX_BYTE B1
2026-10-09 18:39:06,237 RX_BYTE 61
2026-10-09 18:39:06,237 RX_BYTE 01
2026-10-09 18:39:06,237 RX_BYTE 90
2026-10-09 18:39:06,238 RX_BYTE D2
2026-10-09 18:39:06,238 RX_BYTE A6
2026-10-09 18:39:06,238 RX_BYTE 93
2026-10-09 18:39:06,238 RX_BYTE 94
2026-10-09 18:39:06,238 RX_BYTE B0
2026-10-09 18:39:06,238 RX_BYTE FB
2026-10-09 18:39:06,238 RX_BYTE 04
2026-10-09 18:39:06,238 RX_BYTE 00
2026-10-09 18:39:06,238 RX_BYTE 6D
2026-10-09 18:39:06,238 RX 8B F1 B1 61 01 90 D2 A6 93 94 B0 FB 04 00 6D
2026-10-09 18:39:06,238 RX_BYTE 8B
2026-10-09 18:39:06,238 RX_BYTE F1
2026-10-09 18:39:06,238 RX_BYTE B1
2026-10-09 18:39:06,238 RX_BYTE 61
2026-10-09 18:39:06,238 RX_BYTE 01
2026-10-09 18:39:06,238 RX_BYTE 90
2026-10-09 18:39:06,238 RX_BYTE D2
2026-10-09 18:39:06,238 RX_BYTE A6
2026-10-09 18:39:06,238 RX_BYTE 93
2026-10-09 18:39:06,238 RX_BYTE 94
2026-10-09 18:39:06,238 RX_BYTE B0
2026-10-09 18:39:06,238 RX_BYTE FB
2026-10-09 18:39:06,238 RX_BYTE 04
2026-10-09 18:39:06,238 RX_BYTE 00
2026-10-09 18:39:06,238 RX_BYTE 6D
2026-10-09 18:39:06,238 RX 8B F1 B1 61 01 90 D2 A6 93 94 B0 FB 04 00 6D
2026-10-09 18:39:06,238 RX_BYTE 8B
2026-10-09 18:39:06,238 RX_BYTE F1
2026-10-09 18:39:06,238 RX_BYTE B1
2026-10-09 18:39:06,238 RX_BYTE 61
2026-10-09 18:39:06,238 RX_BYTE 01
2026-10-09 18:39:06,238 RX_BYTE 90
2026-10-09 18:39:06,238 RX_BYTE D2
2026-10-09 18:39:06,238 RX_BYTE A6
2026-10-09 18:39:06,238 RX_BYTE 93
2026-10-09 18:39:06,238 RX_BYTE 94
2026-10-09 18:39:06,238 RX_BYTE B0
2026-10-09 18:39:06,238 RX_BYTE FB
2026-10-09 18:39:06,238 RX_BYTE 04
2026-10-09 18:39:06,238 RX_BYTE 00
2026-10-09 18:39:06,238 RX_BYTE 6D
2026-10-09 18:39:06,238 RX 8B F1 B1 61 01 90 D2 A6 93 94 B0 FB 04 00 6D
2026-10-09 18:39:06,238 RX_BYTE 8B
2026-10-09 18:39:06,238 RX_BYTE F1
2026-10-09 18:39:06,238 RX_BYTE B1
2026-10-09 18:39:06,239 RX_BYTE 61
2026-10-09 18:39:06,239 RX_BYTE 01
2026-10-09 18:39:06,239 RX_BYTE 90
2026-10-09 18:39:06,239 RX_BYTE D2
2026-10-09 18:39:06,239 RX_BYTE A6
2026-10-09 18:39:06,239 RX_BYTE 93
2026-10-09 18:39:06,239 RX_BYTE 94
2026-10-09 18:39:06,239 RX_BYTE B0
2026-10-09 18:39:06,239 RX_BYTE FB
2026-10-09 18:39:06,239 RX_BYTE 04
2026-10-09 18:39:06,239 RX_BYTE 00
2026-10-09 18:39:06,239 RX_BYTE 6D
2026-10-09 18:39:06,239 RX 8B F1 B1 61 01 90 D2 A6 93 94 B0 FB 04 00 6D
2026-10-09 18:39:06,239 RX_BYTE 8B
2026-10-09 18:39:06,239 RX_BYTE F1
2026-10-09 18:39:06,239 RX_BYTE B1
2026-10-09 18:39:06,239 RX_BYTE 61
2026-10-09 18:39:06,239 RX_BYTE 01
2026-10-09 18:39:06,239 RX_BYTE 90
2026-10-09 18:39:06,239 RX_BYTE D2
2026-10-09 18:39:06,239 RX_BYTE A6
2026-10-09 18:39:06,239 RX_BYTE 93
2026-10-09 18:39:06,239 RX_BYTE 94
2026-10-09 18:39:06,239 RX_BYTE B0
2026-10-09 18:39:06,239 RX_BYTE FB
2026-10-09 18:39:06,239 RX_BYTE 04
2026-10-09 18:39:06,239 RX_BYTE 00
2026-10-09 18:39:06,240 RX_BYTE 6D
2026-10-09 18:39:06,240 RX 8B F1 B1 61 01 90 D2 A6 93 94 B0 FB 04 00 6D
2026-10-09 18:39:06,240 RX_BYTE 8B
2026-10-09 18:39:06,240 RX_BYTE F1
2026-10-09 18:39:06,240 RX_BYTE B1
2026-10-09 18:39:06,240 RX_BYTE 61
2026-10-09 18:39:06,240 RX_BYTE 01
2026-10-09 18:39:06,240 RX_BYTE 90
2026-10-09 18:39:06,240 RX_BYTE D2
2026-10-09 18:39:06,240 RX_BYTE A6
2026-10-09 18:39:06,240 RX_BYTE 93
2026-10-09 18:39:06,240 RX_BYTE 94
2026-10-09 18:39:06,240 RX_BYTE B0
2026-10-09 18:39:06,240 RX_BYTE FB
2026-10-09 18:39:06,240 RX_BYTE 04
2026-10-09 18:39:06,240 RX_BYTE 00
2026-10-09 18:39:06,240 RX_BYTE 6D
2026-10-09 18:39:06,240 RX 8B F1 B1 61 01 90 D2 A6 93 94 B0 FB 04 00 6D
2026-10-09 18:39:06,240 RX_BYTE 8B
2026-10-09 18:39:06,240 RX_BYTE F1
2026-10-09 18:39:06,240 RX_BYTE B1
2026-10-09 18:39:06,240 RX_BYTE 61
2026-10-09 18:39:06,240 RX_BYTE 01
2026-10-09 18:39:06,240 RX_BYTE 90
2026-10-09 18:39:06,240 RX_BYTE D2
2026-10-09 18:39:06,240 RX_BYTE A6
2026-10-09 18:39:06,240 RX_BYTE 93
2026-10-09 18:39:06,240 RX_BYTE 94
2026-10-09 18:39:06,240 RX_BYTE B0
2026-10-09 18:39:06,240 RX_BYTE FB
2026-10-09 18:39:06,240 RX_BYTE 04
2026-10-09 18:39:06,240 RX_BYTE 00
2026-10-09 18:39:06,240 RX_BYTE 6D
2026-10-09 18:39:06,240 RX 8B F1 B1 61 01 90 D2 A6 93 94 B0 FB 04 00 6D
2026-10-09 18:39:06,240 RX_BYTE 8B
2026-10-09 18:39:06,240 RX_BYTE F1
2026-10-09 18:39:06,240 RX_BYTE B1
2026-10-09 18:39:06,240 RX_BYTE 61
2026-10-09 18:39:06,240 RX_BYTE 01
2026-10-09 18:39:06,240 RX_BYTE 90
2026-10-09 18:39:06,240 RX_BYTE D2
2026-10-09 18:39:06,240 RX_BYTE A6
2026-10-09 18:39:06,240 RX_BYTE 93
2026-10-09 18:39:06,240 RX_BYTE 94
2026-10-09 18:39:06,240 RX_BYTE B0
2026-10-09 18:39:06,240 RX_BYTE FB
2026-10-09 18:39:06,240 RX_BYTE 04
2026-10-09 18:39:06,240 RX_BYTE 00
2026-10-09 18:39:06,240 RX_BYTE 6D
2026-10-09 18:39:06,240 RX 8B F1 B1 61 01 90 D2 A6 93 94 B0 FB 04 00 6D
2026-10-09 18:39:06,241 RX_BYTE 8B
2026-10-09 18:39:06,241 RX_BYTE F1
2026-10-09 18:39:06,241 RX_BYTE B1
2026-10-09 18:39:06,241 RX_BYTE 61
2026-10-09 18:39:06,241 RX_BYTE 01
2026-10-09 18:39:06,241 RX_BYTE 90
2026-10-09 18:39:06,241 RX_BYTE D2
2026-10-09 18:39:06,241 RX_BYTE A6
2026-10-09 18:39:06,241 RX_BYTE 93
2026-10-09 18:39:06,241 RX_BYTE 94
2026-10-09 18:39:06,241 RX_BYTE B0
2026-10-09 18:39:06,241 RX_BYTE FB
2026-10-09 18:39:06,241 RX_BYTE 04
2026-10-09 18:39:06,241 RX_BYTE 00
2026-10-09 18:39:06,241 RX_BYTE 6D
2026-10-09 18:39:06,241 RX 8B F1 B1 61 01 90 D2 A6 93 94 B0 FB 04 00 6D
2026-10-09 18:39:06,241 RX_BYTE 8B
2026-10-09 18:39:06,241 RX_BYTE F1
2026-10-09 18:39:06,241 RX_BYTE B1
2026-10-09 18:39:06,241 RX_BYTE 61
2026-10-09 18:39:06,241 RX_BYTE 01
2026-10-09 18:39:06,241 RX_BYTE 90
2026-10-09 18:39:06,241 RX_BYTE D2
2026-10-09 18:39:06,241 RX_BYTE A6
2026-10-09 18:39:06,241 RX_BYTE 93
2026-10-09 18:39:06,241 RX_BYTE 94
2026-10-09 18:39:06,241 RX_BYTE B0
2026-10-09 18:39:06,241 RX_BYTE FB
2026-10-09 18:39:06,241 RX_BYTE 04
2026-10-09 18:39:06,241 RX_BYTE 00
2026-10-09 18:39:06,241 RX_BYTE 6D
2026-10-09 18:39:06,241 RX 8B F1 B1 61 01 90 D2 A6 93 94 B0 FB 04 00 6D
2026-10-09 18:39:06,241 RX_BYTE 8B
2026-10-09 18:39:06,241 RX_BYTE F1
2026-10-09 18:39:06,241 RX_BYTE B1
2026-10-09 18:39:06,241 RX_BYTE 61
2026-10-09 18:39:06,241 RX_BYTE 01
2026-10-09 18:39:06,241 RX_BYTE 90
2026-10-09 18:39:06,241 RX_BYTE D2
2026-10-09 18:39:06,241 RX_BYTE A6
2026-10-09 18:39:06,241 RX_BYTE 93
2026-10-09 18:39:06,241 RX_BYTE 94
2026-10-09 18:39:06,241 RX_BYTE B0
2026-10-09 18:39:06,241 RX_BYTE FB
2026-10-09 18:39:06,241 RX_BYTE 04
2026-10-09 18:39:06,241 RX_BYTE 00
2026-10-09 18:39:06,241 RX_BYTE 6D
2026-10-09 18:39:06,241 RX 8B F1 B1 61 01 90 D2 A6 93 94 B0 FB 04 00 6D
2026-10-09 18:39:06,241 RX_BYTE 8B
2026-10-09 18:39:06,241 RX_BYTE F1
2026-10-09 18:39:06,241 RX_BYTE B1
2026-10-09 18:39:06,241 RX_BYTE 61
2026-10-09 18:39:06,241 RX_BYTE 01
2026-10-09 18:39:06,241 RX_BYTE 90
2026-10-09 18:39:06,241 RX_BYTE D2
2026-10-09 18:39:06,241 RX_BYTE A6
2026-10-09 18:39:06,241 RX_BYTE 93
2026-10-09 18:39:06,241 RX_BYTE 94
2026-10-09 18:39:06,241 RX_BYTE B0
2026-10-09 18:39:06,241 RX_BYTE FB
2026-10-09 18:39:06,242 RX_BYTE 04
2026-10-09 18:39:06,242 RX_BYTE 00
2026-10-09 18:39:06,242 RX_BYTE 6D
2026-10-09 18:39:06,242 RX 8B F1 B1 61 01 90 D2 A6 93 94 B0 FB 04 00 6D
2026-10-09 18:39:06,242 RX_BYTE 8B
2026-10-09 18:39:06,242 RX_BYTE F1
2026-10-09 18:39:06,242 RX_BYTE B1
2026-10-09 18:39:06,242 RX_BYTE 61
2026-10-09 18:39:06,242 RX_BYTE 01
2026-10-09 18:39:06,242 RX_BYTE 90
2026-10-09 18:39:06,242 RX_BYTE D2
2026-10-09 18:39:06,242 RX_BYTE A6
2026-10-09 18:39:06,242 RX_BYTE 93
2026-10-09 18:39:06,242 RX_BYTE 94
2026-10-09 18:39:06,242 RX_BYTE B0
2026-10-09 18:39:06,242 RX_BYTE FB
2026-10-09 18:39:06,242 RX_BYTE 04
2026-10-09 18:39:06,242 RX_BYTE 00
2026-10-09 18:39:06,242 RX_BYTE 6D
2026-10-09 18:39:06,242 RX 8B F1 B1 61 01 90 D2 A6 93 94 B0 FB 04 00 6D
2026-10-09 18:39:06,242 RX_BYTE 8B
2026-10-09 18:39:06,242 RX_BYTE F1
2026-10-09 18:39:06,242 RX_BYTE B1
2026-10-09 18:39:06,242 RX_BYTE 61
2026-10-09 18:39:06,242 RX_BYTE 01
2026-10-09 18:39:06,242 RX_BYTE 90
2026-10-09 18:39:06,242 RX_BYTE D2
2026-10-09 18:39:06,242 RX_BYTE A6
2026-10-09 18:39:06,242 RX_BYTE 93
2026-10-09 18:39:06,242 RX_BYTE 94
2026-10-09 18:39:06,242 RX_BYTE B0
2026-10-09 18:39:06,242 RX_BYTE FB
2026-10-09 18:39:06,242 RX_BYTE 04
2026-10-09 18:39:06,242 RX_BYTE 00
2026-10-09 18:39:06,242 RX_BYTE 6D
2026-10-09 18:39:06,242 RX 8B F1 B1 61 01 90 D2 A6 93 94 B0 FB 04 00 6D
2026-10-09 18:39:06,242 RX_BYTE 8B
2026-10-09 18:39:06,242 RX_BYTE F1
2026-10-09 18:39:06,242 RX_BYTE B1
2026-10-09 18:39:06,242 RX_BYTE 61
2026-10-09 18:39:06,242 RX_BYTE 01
2026-10-09 18:39:06,242 RX_BYTE 90
2026-10-09 18:39:06,242 RX_BYTE D2
2026-10-09 18:39:06,242 RX_BYTE A6
2026-10-09 18:39:06,242 RX_BYTE 93
2026-10-09 18:39:06,242 RX_BYTE 94
2026-10-09 18:39:06,242 RX_BYTE B0
2026-10-09 18:39:06,242 RX_BYTE FB
2026-10-09 18:39:06,242 RX_BYTE 04
2026-10-09 18:39:06,242 RX_BYTE 00
2026-10-09 18:39:06,242 RX_BYTE 6D
2026-10-09 18:39:06,242 RX 8B F1 B1 61 01 90 D2 A6 93 94 B0 FB 04 00 6D
2026-10-09 18:39:06,242 RX_BYTE 8B
2026-10-09 18:39:06,242 RX_BYTE F1
2026-10-09 18:39:06,242 RX_BYTE B1
2026-10-09 18:39:06,242 RX_BYTE 61
2026-10-09 18:39:06,242 RX_BYTE 01
2026-10-09 18:39:06,242 RX_BYTE 90
2026-10-09 18:39:06,242 RX_BYTE D2
2026-10-09 18:39:06,242 RX_BYTE A6
2026-10-09 18:39:06,243 RX_BYTE 93
2026-10-09 18:39:06,243 RX_BYTE 94
2026-10-09 18:39:06,243 RX_BYTE B0
2026-10-09 18:39:06,243 RX_BYTE FB
2026-10-09 18:39:06,243 RX_BYTE 04
2026-10-09 18:39:06,243 RX_BYTE 00
2026-10-09 18:39:06,243 RX_BYTE 6D
2026-10-09 18:39:06,243 RX 8B F1 B1 61 01 90 D2 A6 93 94 B0 FB 04 00 6D
2026-10-09 18:39:06,243 RX_BYTE 8B
2026-10-09 18:39:06,243 RX_BYTE F1
2026-10-09 18:39:06,243 RX_BYTE B1
2026-10-09 18:39:06,243 RX_BYTE 61
2026-10-09 18:39:06,243 RX_BYTE 01
2026-10-09 18:39:06,243 RX_BYTE 90
2026-10-09 18:39:06,243 RX_BYTE D2
2026-10-09 18:39:06,243 RX_BYTE A6
2026-10-09 18:39:06,243 RX_BYTE 93
2026-10-09 18:39:06,243 RX_BYTE 94
2026-10-09 18:39:06,243 RX_BYTE B0
2026-10-09 18:39:06,243 RX_BYTE FB
2026-10-09 18:39:06,243 RX_BYTE 04
2026-10-09 18:39:06,243 RX_BYTE 00
2026-10-09 18:39:06,243 RX_BYTE 6D
2026-10-09 18:39:06,243 RX 8B F1 B1 61 01 90 D2 A6 93 94 B0 FB 04 00 6D
2026-10-09 18:39:06,243 RX_BYTE 8B
2026-10-09 18:39:06,243 RX_BYTE F1
2026-10-09 18:39:06,243 RX_BYTE B1
2026-10-09 18:39:06,243 RX_BYTE 61
2026-10-09 18:39:06,243 RX_BYTE 01
2026-10-09 18:39:06,243 RX_BYTE 90
2026-10-09 18:39:06,243 RX_BYTE D2
2026-10-09 18:39:06,243 RX_BYTE A6
2026-10-09 18:39:06,243 RX_BYTE 93
2026-10-09 18:39:06,243 RX_BYTE 94
2026-10-09 18:39:06,243 RX_BYTE B0
2026-10-09 18:39:06,243 RX_BYTE FB
2026-10-09 18:39:06,243 RX_BYTE 04
2026-10-09 18:39:06,243 RX_BYTE 00
2026-10-09 18:39:06,243 RX_BYTE 6D
2026-10-09 18:39:06,243 RX 8B F1 B1 61 01 90 D2 A6 93 94 B0 FB 04 00 6D
2026-10-09 18:39:06,243 RX_BYTE 8B
2026-10-09 18:39:06,243 RX_BYTE F1
2026-10-09 18:39:06,243 RX_BYTE B1
2026-10-09 18:39:06,243 RX_BYTE 61
2026-10-09 18:39:06,243 RX_BYTE 01
2026-10-09 18:39:06,243 RX_BYTE 90
2026-10-09 18:39:06,243 RX_BYTE D2
2026-10-09 18:39:06,243 RX_BYTE A6
2026-10-09 18:39:06,243 RX_BYTE 93
2026-10-09 18:39:06,243 RX_BYTE 94
2026-10-09 18:39:06,243 RX_BYTE B0
2026-10-09 18:39:06,243 RX_BYTE FB
2026-10-09 18:39:06,243 RX_BYTE 04
2026-10-09 18:39:06,243 RX_BYTE 00
2026-10-09 18:39:06,243 RX_BYTE 6D
2026-10-09 18:39:06,243 RX 8B F1 B1 61 01 90 D2 A6 93 94 B0 FB 04 00 6D
2026-10-09 18:39:06,243 RX_BYTE 8B
2026-10-09 18:39:06,243 RX_BYTE F1
2026-10-09 18:39:06,243 RX_BYTE B1
2026-10-09 18:39:06,243 RX_BYTE 61
2026-10-09 18:39:06,243 RX_BYTE 01
2026-10-09 18:39:06,244 RX_BYTE 90
2026-10-09 18:39:06,244 RX_BYTE D2
2026-10-09 18:39:06,244 RX_BYTE A6
2026-10-09 18:39:06,244 RX_BYTE 93
2026-10-09 18:39:06,244 RX_BYTE 94
2026-10-09 18:39:06,244 RX_BYTE B0
2026-10-09 18:39:06,244 RX_BYTE FB
2026-10-09 18:39:06,244 RX_BYTE 04
2026-10-09 18:39:06,244 RX_BYTE 00
2026-10-09 18:39:06,244 RX_BYTE 6D
2026-10-09 18:39:06,244 RX 8B F1 B1 61 01 90 D2 A6 93 94 B0 FB 04 00 6D
2026-10-09 18:39:06,244 RX_BYTE 8B
2026-10-09 18:39:06,244 RX_BYTE F1
2026-10-09 18:39:06,244 RX_BYTE B1
2026-10-09 18:39:06,244 RX_BYTE 61
2026-10-09 18:39:06,244 RX_BYTE 01
2026-10-09 18:39:06,244 RX_BYTE 90
2026-10-09 18:39:06,244 RX_BYTE D2
2026-10-09 18:39:06,244 RX_BYTE A6
2026-10-09 18:39:06,244 RX_BYTE 93
2026-10-09 18:39:06,244 RX_BYTE 94
2026-10-09 18:39:06,244 RX_BYTE B0
2026-10-09 18:39:06,244 RX_BYTE FB
2026-10-09 18:39:06,244 RX_BYTE 04
2026-10-09 18:39:06,244 RX_BYTE 00
2026-10-09 18:39:06,244 RX_BYTE 6D
2026-10-09 18:39:06,244 RX 8B F1 B1 61 01 90 D2 A6 93 94 B0 FB 04 00 6D
2026-10-09 18:39:06,244 RX_BYTE 8B
2026-10-09 18:39:06,244 RX_BYTE F1
2026-10-09 18:39:06,244 RX_BYTE B1
2026-10-09 18:39:06,244 RX_BYTE 61
2026-10-09 18:39:06,244 RX_BYTE 01
2026-10-09 18:39:06,244 RX_BYTE 90
2026-10-09 18:39:06,244 RX_BYTE D2
2026-10-09 18:39:06,244 RX_BYTE A6
2026-10-09 18:39:06,244 RX_BYTE 93
2026-10-09 18:39:06,244 RX_BYTE 94
2026-10-09 18:39:06,244 RX_BYTE B0
2026-10-09 18:39:06,244 RX_BYTE FB
2026-10-09 18:39:06,244 RX_BYTE 04
2026-10-09 18:39:06,244 RX_BYTE 00
2026-10-09 18:39:06,244 RX_BYTE 6D
2026-10-09 18:39:06,244 RX 8B F1 B1 61 01 90 D2 A6 93 94 B0 FB 04 00 6D
2026-10-09 18:39:06,244 RX_BYTE 8B
2026-10-09 18:39:06,244 RX_BYTE F1
2026-10-09 18:39:06,244 RX_BYTE B1
2026-10-09 18:39:06,244 RX_BYTE 61
2026-10-09 18:39:06,244 RX_BYTE 01
2026-10-09 18:39:06,244 RX_BYTE 90
2026-10-09 18:39:06,244 RX_BYTE D2
2026-10-09 18:39:06,244 RX_BYTE A6
2026-10-09 18:39:06,244 RX_BYTE 93
2026-10-09 18:39:06,244 RX_BYTE 94
2026-10-09 18:39:06,244 RX_BYTE B0
2026-10-09 18:39:06,244 RX_BYTE FB
2026-10-09 18:39:06,244 RX_BYTE 04
2026-10-09 18:39:06,244 RX_BYTE 00
2026-10-09 18:39:06,244 RX_BYTE 6D
2026-10-09 18:39:06,244 RX 8B F1 B1 61 01 90 D2 A6 93 94 B0 FB 04 00 6D
2026-10-09 18:39:06,244 RX_BYTE 8B
2026-10-09 18:39:06,244 RX_BYTE F1
2026-10-09 18:39:06,245 RX_BYTE B1
2026-10-09 18:39:06,245 RX_BYTE 61
2026-10-09 18:39:06,245 RX_BYTE 01
2026-10-09 18:39:06,245 RX_BYTE 90
2026-10-09 18:39:06,245 RX_BYTE D2
2026-10-09 18:39:06,245 RX_BYTE A6
2026-10-09 18:39:06,245 RX_BYTE 93
2026-10-09 18:39:06,245 RX_BYTE 94
2026-10-09 18:39:06,245 RX_BYTE B0
2026-10-09 18:39:06,245 RX_BYTE FB
2026-10-09 18:39:06,245 RX_BYTE 04
2026-10-09 18:39:06,245 RX_BYTE 00
2026-10-09 18:39:06,245 RX_BYTE 6D
2026-10-09 18:39:06,245 RX 8B F1 B1 61 01 90 D2 A6 93 94 B0 FB 04 00 6D
2026-10-09 18:39:06,245 RX_BYTE 8B
2026-10-09 18:39:06,245 RX_BYTE F1
2026-10-09 18:39:06,245 RX_BYTE B1
2026-10-09 18:39:06,245 RX_BYTE 61
2026-10-09 18:39:06,245 RX_BYTE 01
2026-10-09 18:39:06,245 RX_BYTE 90
2026-10-09 18:39:06,245 RX_BYTE D2
2026-10-09 18:39:06,245 RX_BYTE A6
2026-10-09 18:39:06,245 RX_BYTE 93
2026-10-09 18:39:06,245 RX_BYTE 94
2026-10-09 18:39:06,245 RX_BYTE B0
2026-10-09 18:39:06,245 RX_BYTE FB
2026-10-09 18:39:06,245 RX_BYTE 04
2026-10-09 18:39:06,245 RX_BYTE 00
2026-10-09 18:39:06,245 RX_BYTE 6D
2026-10-09 18:39:06,245 RX 8B F1 B1 61 01 90 D2 A6 93 94 B0 FB 04 00 6D
2026-10-09 18:39:06,245 RX_BYTE 8B
2026-10-09 18:39:06,245 RX_BYTE F1
2026-10-09 18:39:06,245 RX_BYTE B1
2026-10-09 18:39:06,245 RX_BYTE 61
2026-10-09 18:39:06,245 RX_BYTE 01
2026-10-09 18:39:06,245 RX_BYTE 90
2026-10-09 18:39:06,245 RX_BYTE D2
2026-10-09 18:39:06,245 RX_BYTE A6
2026-10-09 18:39:06,245 RX_BYTE 93
2026-10-09 18:39:06,245 RX_BYTE 94
2026-10-09 18:39:06,245 RX_BYTE B0
2026-10-09 18:39:06,245 RX_BYTE FB
2026-10-09 18:39:06,245 RX_BYTE 04
2026-10-09 18:39:06,245 RX_BYTE 00
2026-10-09 18:39:06,245 RX_BYTE 6D
2026-10-09 18:39:06,245 RX 8B F1 B1 61 01 90 D2 A6 93 94 B0 FB 04 00 6D
2026-10-09 18:39:06,245 RX_BYTE 8B
2026-10-09 18:39:06,245 RX_BYTE F1
2026-10-09 18:39:06,245 RX_BYTE B1
2026-10-09 18:39:06,245 RX_BYTE 61
2026-10-09 18:39:06,245 RX_BYTE 01
2026-10-09 18:39:06,245 RX_BYTE 90
2026-10-09 18:39:06,245 RX_BYTE D2
2026-10-09 18:39:06,245 RX_BYTE A6
2026-10-09 18:39:06,245 RX_BYTE 93
2026-10-09 18:39:06,245 RX_BYTE 94
2026-10-09 18:39:06,245 RX_BYTE B0
2026-10-09 18:39:06,245 RX_BYTE FB
2026-10-09 18:39:06,245 RX_BYTE 04
2026-10-09 18:39:06,245 RX_BYTE 00
2026-10-09 18:39:06,245 RX_BYTE 6D
2026-10-09 18:39:06,245 RX 8B F1 B1 61 01 90 D2 A6 93 94 B0 FB 04 00 6D
2026-10-09 18:39:06,246 RX_BYTE 8B
2026-10-09 18:39:06,246 RX_BYTE F1
2026-10-09 18:39:06,246 RX_BYTE B1
2026-10-09 18:39:06,246 RX_BYTE 61
2026-10-09 18:39:06,246 RX_BYTE 01
2026-10-09 18:39:06,246 RX_BYTE 90
2026-10-09 18:39:06,246 RX_BYTE D2
2026-10-09 18:39:06,246 RX_BYTE A6
2026-10-09 18:39:06,246 RX_BYTE 93
2026-10-09 18:39:06,246 RX_BYTE 94
2026-10-09 18:39:06,246 RX_BYTE B0
2026-10-09 18:39:06,246 RX_BYTE FB
2026-10-09 18:39:06,246 RX_BYTE 04
2026-10-09 18:39:06,246 RX_BYTE 00
2026-10-09 18:39:06,246 RX_BYTE 6D
2026-10-09 18:39:06,246 RX 8B F1 B1 61 01 90 D2 A6 93 94 B0 FB 04 00 6D
2026-10-09 18:39:06,246 RX_BYTE 8B
2026-10-09 18:39:06,246 RX_BYTE F1
2026-10-09 18:39:06,246 RX_BYTE B1
2026-10-09 18:39:06,246 RX_BYTE 61
2026-10-09 18:39:06,246 RX_BYTE 01
2026-10-09 18:39:06,246 RX_BYTE 90
2026-10-09 18:39:06,246 RX_BYTE D2
2026-10-09 18:39:06,246 RX_BYTE A6
2026-10-09 18:39:06,246 RX_BYTE 93
2026-10-09 18:39:06,246 RX_BYTE 94
2026-10-09 18:39:06,246 RX_BYTE B0
2026-10-09 18:39:06,246 RX_BYTE FB
2026-10-09 18:39:06,246 RX_BYTE 04
2026-10-09 18:39:06,246 RX_BYTE 00
2026-10-09 18:39:06,246 RX_BYTE 6D
2026-10-09 18:39:06,246 RX 8B F1 B1 61 01 90 D2 A6 93 94 B0 FB 04 00 6D
2026-10-09 18:39:06,246 RX_BYTE 8B
2026-10-09 18:39:06,246 RX_BYTE F1
2026-10-09 18:39:06,246 RX_BYTE B1
2026-10-09 18:39:06,246 RX_BYTE 61
2026-10-09 18:39:06,246 RX_BYTE 01
2026-10-09 18:39:06,246 RX_BYTE 90
2026-10-09 18:39:06,246 RX_BYTE D2
2026-10-09 18:39:06,246 RX_BYTE A6
2026-10-09 18:39:06,246 RX_BYTE 93
2026-10-09 18:39:06,246 RX_BYTE 94
2026-10-09 18:39:06,246 RX_BYTE B0
2026-10-09 18:39:06,246 RX_BYTE FB
2026-10-09 18:39:06,246 RX_BYTE 04
2026-10-09 18:39:06,246 RX_BYTE 00
2026-10-09 18:39:06,246 RX_BYTE 6D
2026-10-09 18:39:06,246 RX 8B F1 B1 61 01 90 D2 A6 93 94 B0 FB 04 00 6D
2026-10-09 18:39:06,246 RX_BYTE 8B
2026-10-09 18:39:06,246 RX_BYTE F1
2026-10-09 18:39:06,246 RX_BYTE B1
2026-10-09 18:39:06,246 RX_BYTE 61
2026-10-09 18:39:06,246 RX_BYTE 01
2026-10-09 18:39:06,246 RX_BYTE 90
2026-10-09 18:39:06,246 RX_BYTE D2
2026-10-09 18:39:06,246 RX_BYTE A6
2026-10-09 18:39:06,246 RX_BYTE 93
2026-10-09 18:39:06,246 RX_BYTE 94
2026-10-09 18:39:06,246 RX_BYTE B0
2026-10-09 18:39:06,246 RX_BYTE FB
2026-10-09 18:39:06,247 RX_BYTE 04
2026-10-09 18:39:06,247 RX_BYTE 00
2026-10-09 18:39:06,247 RX_BYTE 6D
2026-10-09 18:39:06,247 RX 8B F1 B1 61 01 90 D2 A6 93 94 B0 FB 04 00 6D
2026-10-09 18:39:06,247 RX_BYTE 8B
2026-10-09 18:39:06,247 RX_BYTE F1
2026-10-09 18:39:06,247 RX_BYTE B1
2026-10-09 18:39:06,247 RX_BYTE 61
2026-10-09 18:39:06,247 RX_BYTE 01
2026-10-09 18:39:06,247 RX_BYTE 90
2026-10-09 18:39:06,247 RX_BYTE D2
2026-10-09 18:39:06,247 RX_BYTE A6
2026-10-09 18:39:06,247 RX_BYTE 93
2026-10-09 18:39:06,247 RX_BYTE 94
2026-10-09 18:39:06,247 RX_BYTE B0
2026-10-09 18:39:06,247 RX_BYTE FB
2026-10-09 18:39:06,247 RX_BYTE 04
2026-10-09 18:39:06,247 RX_BYTE 00
2026-10-09 18:39:06,247 RX_BYTE 6D
2026-10-09 18:39:06,247 RX 8B F1 B1 61 01 90 D2 A6 93 94 B0 FB 04 00 6D
2026-10-09 18:39:06,247 RX_BYTE 8B
2026-10-09 18:39:06,247 RX_BYTE F1
2026-10-09 18:39:06,247 RX_BYTE B1
2026-10-09 18:39:06,247 RX_BYTE 61
2026-10-09 18:39:06,247 RX_BYTE 01
2026-10-09 18:39:06,247 RX_BYTE 90
2026-10-09 18:39:06,247 RX_BYTE D2
2026-10-09 18:39:06,247 RX_BYTE A6
2026-10-09 18:39:06,247 RX_BYTE 93
2026-10-09 18:39:06,247 RX_BYTE 94
2026-10-09 18:39:06,247 RX_BYTE B0
2026-10-09 18:39:06,247 RX_BYTE FB
2026-10-09 18:39:06,247 RX_BYTE 04
2026-10-09 18:39:06,247 RX_BYTE 00
2026-10-09 18:39:06,247 RX_BYTE 6D
2026-10-09 18:39:06,247 RX 8B F1 B1 61 01 90 D2 A6 93 94 B0 FB 04 00 6D
2026-10-09 18:39:06,247 RX_BYTE 8B
2026-10-09 18:39:06,247 RX_BYTE F1
2026-10-09 18:39:06,247 RX_BYTE B1
2026-10-09 18:39:06,247 RX_BYTE 61
2026-10-09 18:39:06,247 RX_BYTE 01
2026-10-09 18:39:06,247 RX_BYTE 90
2026-10-09 18:39:06,247 RX_BYTE D2
2026-10-09 18:39:06,247 RX_BYTE A6
2026-10-09 18:39:06,247 RX_BYTE 93
2026-10-09 18:39:06,247 RX_BYTE 94
2026-10-09 18:39:06,247 RX_BYTE B0
2026-10-09 18:39:06,247 RX_BYTE FB
2026-10-09 18:39:06,247 RX_BYTE 04
2026-10-09 18:39:06,247 RX_BYTE 00
2026-10-09 18:39:06,247 RX_BYTE 6D
2026-10-09 18:39:06,247 RX 8B F1 B1 61 01 90 D2 A6 93 94 B0 FB 04 00 6D
2026-10-09 18:39:06,247 RX_BYTE 8B
2026-10-09 18:39:06,247 RX_BYTE F1
2026-10-09 18:39:06,247 RX_BYTE B1
2026-10-09 18:39:06,247 RX_BYTE 61
2026-10-09 18:39:06,247 RX_BYTE 01
2026-10-09 18:39:06,247 RX_BYTE 90
2026-10-09 18:39:06,247 RX_BYTE D2
2026-10-09 18:39:06,247 RX_BYTE A6
2026-10-09 18:39:06,247 RX_BYTE 93
2026-10-09 18:39:06,247 RX_BYTE 94
2026-10-09 18:39:06,248 RX_BYTE B0
2026-10-09 18:39:06,248 RX_BYTE FB
2026-10-09 18:39:06,248 RX_BYTE 04
2026-10-09 18:39:06,248 RX_BYTE 00
2026-10-09 18:39:06,248 RX_BYTE 6D
2026-10-09 18:39:06,248 RX 8B F1 B1 61 01 90 D2 A6 93 94 B0 FB 04 00 6D
2026-10-09 18:39:06,248 RX_BYTE 8B
2026-10-09 18:39:06,248 RX_BYTE F1
2026-10-09 18:39:06,248 RX_BYTE B1
2026-10-09 18:39:06,248 RX_BYTE 61
2026-10-09 18:39:06,248 RX_BYTE 01
2026-10-09 18:39:06,248 RX_BYTE 90
2026-10-09 18:39:06,248 RX_BYTE D2
2026-10-09 18:39:06,248 RX_BYTE A6
2026-10-09 18:39:06,248 RX_BYTE 93
2026-10-09 18:39:06,248 RX_BYTE 94
2026-10-09 18:39:06,248 RX_BYTE B0
2026-10-09 18:39:06,248 RX_BYTE FB
2026-10-09 18:39:06,248 RX_BYTE 04
2026-10-09 18:39:06,248 RX_BYTE 00
2026-10-09 18:39:06,248 RX_BYTE 6D
2026-10-09 18:39:06,248 RX 8B F1 B1 61 01 90 D2 A6 93 94 B0 FB 04 00 6D
2026-10-09 18:39:06,248 RX_BYTE 8B
2026-10-09 18:39:06,248 RX_BYTE F1
2026-10-09 18:39:06,248 RX_BYTE B1
2026-10-09 18:39:06,248 RX_BYTE 61
2026-10-09 18:39:06,248 RX_BYTE 01
2026-10-09 18:39:06,248 RX_BYTE 90
2026-10-09 18:39:06,248 RX_BYTE D2
2026-10-09 18:39:06,248 RX_BYTE A6
2026-10-09 18:39:06,248 RX_BYTE 93
2026-10-09 18:39:06,248 RX_BYTE 94
2026-10-09 18:39:06,248 RX_BYTE B0
2026-10-09 18:39:06,248 RX_BYTE FB
2026-10-09 18:39:06,248 RX_BYTE 04
2026-10-09 18:39:06,248 RX_BYTE 00
2026-10-09 18:39:06,248 RX_BYTE 6D
2026-10-09 18:39:06,248 RX 8B F1 B1 61 01 90 D2 A6 93 94 B0 FB 04 00 6D
2026-10-09 18:39:06,248 RX_BYTE 8B
2026-10-09 18:39:06,248 RX_BYTE F1
2026-10-09 18:39:06,248 RX_BYTE B1
2026-10-09 18:39:06,248 RX_BYTE 61
2026-10-09 18:39:06,248 RX_BYTE 01
2026-10-09 18:39:06,248 RX_BYTE 90
2026-10-09 18:39:06,248 RX_BYTE D2
2026-10-09 18:39:06,248 RX_BYTE A6
2026-10-09 18:39:06,248 RX_BYTE 93
2026-10-09 18:39:06,248 RX_BYTE 94
2026-10-09 18:39:06,248 RX_BYTE B0
2026-10-09 18:39:06,248 RX_BYTE FB
2026-10-09 18:39:06,248 RX_BYTE 04
2026-10-09 18:39:06,248 RX_BYTE 00
2026-10-09 18:39:06,248 RX_BYTE 6D
2026-10-09 18:39:06,248 RX 8B F1 B1 61 01 90 D2 A6 93 94 B0 FB 04 00 6D
2026-10-09 18:39:06,248 RX_BYTE 8B
2026-10-09 18:39:06,248 RX_BYTE F1
2026-10-09 18:39:06,248 RX_BYTE B1
2026-10-09 18:39:06,248 RX_BYTE 61
2026-10-09 18:39:06,248 RX_BYTE 01
2026-10-09 18:39:06,248 RX_BYTE 90
2026-10-09 18:39:06,248 RX_BYTE D2
2026-10-09 18:39:06,249 RX_BYTE A6
2026-10-09 18:39:06,249 RX_BYTE 93
2026-10-09 18:39:06,249 RX_BYTE 94
2026-10-09 18:39:06,249 RX_BYTE B0
2026-10-09 18:39:06,249 RX_BYTE FB
2026-10-09 18:39:06,249 RX_BYTE 04
2026-10-09 18:39:06,249 RX_BYTE 00
2026-10-09 18:39:06,249 RX_BYTE 6D
2026-10-09 18:39:06,249 RX 8B F1 B1 61 01 90 D2 A6 93 94 B0 FB 04 00 6D
2026-10-09 18:39:06,249 RX_BYTE 8B
2026-10-09 18:39:06,249 RX_BYTE F1
2026-10-09 18:39:06,249 RX_BYTE B1
2026-10-09 18:39:06,249 RX_BYTE 61
2026-10-09 18:39:06,249 RX_BYTE 01
2026-10-09 18:39:06,249 RX_BYTE 90
2026-10-09 18:39:06,249 RX_BYTE D2
2026-10-09 18:39:06,249 RX_BYTE A6
2026-10-09 18:39:06,249 RX_BYTE 93
2026-10-09 18:39:06,249 RX_BYTE 94
2026-10-09 18:39:06,249 RX_BYTE B0
2026-10-09 18:39:06,249 RX_BYTE FB
2026-10-09 18:39:06,249 RX_BYTE 04
2026-10-09 18:39:06,249 RX_BYTE 00
2026-10-09 18:39:06,249 RX_BYTE 6D
2026-10-09 18:39:06,249 RX 8B F1 B1 61 01 90 D2 A6 93 94 B0 FB 04 00 6D
2026-10-09 18:39:06,249 RX_BYTE 8B
2026-10-09 18:39:06,249 RX_BYTE F1
2026-10-09 18:39:06,249 RX_BYTE B1
2026-10-09 18:39:06,249 RX_BYTE 61
2026-10-09 18:39:06,249 RX_BYTE 01
2026-10-09 18:39:06,249 RX_BYTE 90
2026-10-09 18:39:06,249 RX_BYTE D2
2026-10-09 18:39:06,249 RX_BYTE A6
2026-10-09 18:39:06,249 RX_BYTE 93
2026-10-09 18:39:06,249 RX_BYTE 94
2026-10-09 18:39:06,249 RX_BYTE B0
2026-10-09 18:39:06,249 RX_BYTE FB
2026-10-09 18:39:06,249 RX_BYTE 04
2026-10-09 18:39:06,249 RX_BYTE 00
2026-10-09 18:39:06,249 RX_BYTE 6D
2026-10-09 18:39:06,249 RX 8B F1 B1 61 01 90 D2 A6 93 94 B0 FB 04 00 6D
2026-10-09 18:39:06,249 RX_BYTE 8B
2026-10-09 18:39:06,249 RX_BYTE F1
2026-10-09 18:39:06,249 RX_BYTE B1
2026-10-09 18:39:06,249 RX_BYTE 61
2026-10-09 18:39:06,249 RX_BYTE 01
2026-10-09 18:39:06,249 RX_BYTE 90
2026-10-09 18:39:06,249 RX_BYTE D2
2026-10-09 18:39:06,249 RX_BYTE A6
2026-10-09 18:39:06,249 RX_BYTE 93
2026-10-09 18:39:06,249 RX_BYTE 94
2026-10-09 18:39:06,249 RX_BYTE B0
2026-10-09 18:39:06,249 RX_BYTE FB
2026-10-09 18:39:06,249 RX_BYTE 04
2026-10-09 18:39:06,249 RX_BYTE 00
2026-10-09 18:39:06,249 RX_BYTE 6D
2026-10-09 18:39:06,249 RX 8B F1 B1 61 01 90 D2 A6 93 94 B0 FB 04 00 6D
2026-10-09 18:39:06,249 RX_BYTE 8B
2026-10-09 18:39:06,249 RX_BYTE F1
2026-10-09 18:39:06,249 RX_BYTE B1
2026-10-09 18:39:06,249 RX_BYTE 61
2026-10-09 18:39:06,250 RX_BYTE 01
2026-10-09 18:39:06,250 RX_BYTE 90
2026-10-09 18:39:06,250 RX_BYTE D2
2026-10-09 18:39:06,250 RX_BYTE A6
2026-10-09 18:39:06,250 RX_BYTE 93
2026-10-09 18:39:06,250 RX_BYTE 94
2026-10-09 18:39:06,250 RX_BYTE B0
2026-10-09 18:39:06,250 RX_BYTE FB
2026-10-09 18:39:06,250 RX_BYTE 04
2026-10-09 18:39:06,250 RX_BYTE 00
2026-10-09 18:39:06,250 RX_BYTE 6D
2026-10-09 18:39:06,250 RX 8B F1 B1 61 01 90 D2 A6 93 94 B0 FB 04 00 6D
2026-10-09 18:39:06,250 RX_BYTE 8B
2026-10-09 18:39:06,250 RX_BYTE F1
2026-10-09 18:39:06,250 RX_BYTE B1
2026-10-09 18:39:06,250 RX_BYTE 61
2026-10-09 18:39:06,250 RX_BYTE 01
2026-10-09 18:39:06,250 RX_BYTE 90
2026-10-09 18:39:06,250 RX_BYTE D2
2026-10-09 18:39:06,250 RX_BYTE A6
2026-10-09 18:39:06,250 RX_BYTE 93
2026-10-09 18:39:06,250 RX_BYTE 94
2026-10-09 18:39:06,250 RX_BYTE B0
2026-10-09 18:39:06,250 RX_BYTE FB
2026-10-09 18:39:06,250 RX_BYTE 04
2026-10-09 18:39:06,250 RX_BYTE 00
2026-10-09 18:39:06,250 RX_BYTE 6D
2026-10-09 18:39:06,250 RX 8B F1 B1 61 01 90 D2 A6 93 94 B0 FB 04 00 6D
2026-10-09 18:39:06,250 RX_BYTE 8B
2026-10-09 18:39:06,250 RX_BYTE F1
2026-10-09 18:39:06,250 RX_BYTE B1
2026-10-09 18:39:06,250 RX_BYTE 61
2026-10-09 18:39:06,250 RX_BYTE 01
2026-10-09 18:39:06,250 RX_BYTE 90
2026-10-09 18:39:06,250 RX_BYTE D2
2026-10-09 18:39:06,250 RX_BYTE A6
2026-10-09 18:39:06,250 RX_BYTE 93
2026-10-09 18:39:06,250 RX_BYTE 94
2026-10-09 18:39:06,250 RX_BYTE B0
2026-10-09 18:39:06,250 RX_BYTE FB
2026-10-09 18:39:06,250 RX_BYTE 04
2026-10-09 18:39:06,250 RX_BYTE 00
2026-10-09 18:39:06,250 RX_BYTE 6D
2026-10-09 18:39:06,250 RX 8B F1 B1 61 01 90 D2 A6 93 94 B0 FB 04 00 6D
2026-10-09 18:39:06,250 RX_BYTE 8B
2026-10-09 18:39:06,250 RX_BYTE F1
2026-10-09 18:39:06,250 RX_BYTE B1
2026-10-09 18:39:06,250 RX_BYTE 61
2026-10-09 18:39:06,250 RX_BYTE 01
2026-10-09 18:39:06,250 RX_BYTE 90
2026-10-09 18:39:06,250 RX_BYTE D2
2026-10-09 18:39:06,250 RX_BYTE A6
2026-10-09 18:39:06,250 RX_BYTE 93
2026-10-09 18:39:06,250 RX_BYTE 94
2026-10-09 18:39:06,250 RX_BYTE B0
2026-10-09 18:39:06,250 RX_BYTE FB
2026-10-09 18:39:06,250 RX_BYTE 04
2026-10-09 18:39:06,250 RX_BYTE 00
2026-10-09 18:39:06,250 RX_BYTE 6D
2026-10-09 18:39:06,250 RX 8B F1 B1 61 01 90 D2 A6 93 94 B0 FB 04 00 6D
2026-10-09 18:39:06,250 RX_BYTE 8B
2026-10-09 18:39:06,251 RX_BYTE F1
2026-10-09 18:39:06,251 RX_BYTE B1
2026-10-09 18:39:06,251 RX_BYTE 61
2026-10-09 18:39:06,251 RX_BYTE 01
2026-10-09 18:39:06,251 RX_BYTE 90
2026-10-09 18:39:06,251 RX_BYTE D2
2026-10-09 18:39:06,251 RX_BYTE A6
2026-10-09 18:39:06,251 RX_BYTE 93
2026-10-09 18:39:06,251 RX_BYTE 94
2026-10-09 18:39:06,251 RX_BYTE B0
2026-10-09 18:39:06,251 RX_BYTE FB
2026-10-09 18:39:06,251 RX_BYTE 04
2026-10-09 18:39:06,251 RX_BYTE 00
2026-10-09 18:39:06,251 RX_BYTE 6D
2026-10-09 18:39:06,251 RX 8B F1 B1 61 01 90 D2 A6 93 94 B0 FB 04 00 6D
2026-10-09 18:39:06,251 RX_BYTE 8B
2026-10-09 18:39:06,251 RX_BYTE F1
2026-10-09 18:39:06,251 RX_BYTE B1
2026-10-09 18:39:06,251 RX_BYTE 61
2026-10-09 18:39:06,251 RX_BYTE 01
2026-10-09 18:39:06,251 RX_BYTE 90
2026-10-09 18:39:06,251 RX_BYTE D2
2026-10-09 18:39:06,251 RX_BYTE A6
2026-10-09 18:39:06,251 RX_BYTE 93
2026-10-09 18:39:06,251 RX_BYTE 94
2026-10-09 18:39:06,251 RX_BYTE B0
2026-10-09 18:39:06,251 RX_BYTE FB
2026-10-09 18:39:06,251 RX_BYTE 04
2026-10-09 18:39:06,251 RX_BYTE 00
2026-10-09 18:39:06,251 RX_BYTE 6D
2026-10-09 18:39:06,251 RX 8B F1 B1 61 01 90 D2 A6 93 94 B0 FB 04 00 6D
2026-10-09 18:39:06,251 RX_BYTE 8B
2026-10-09 18:39:06,251 RX_BYTE F1
2026-10-09 18:39:06,251 RX_BYTE B1
2026-10-09 18:39:06,251 RX_BYTE 61
2026-10-09 18:39:06,251 RX_BYTE 01
2026-10-09 18:39:06,251 RX_BYTE 90
2026-10-09 18:39:06,251 RX_BYTE D2
2026-10-09 18:39:06,251 RX_BYTE A6
2026-10-09 18:39:06,251 RX_BYTE 93
2026-10-09 18:39:06,251 RX_BYTE 94
2026-10-09 18:39:06,251 RX_BYTE B0
2026-10-09 18:39:06,251 RX_BYTE FB
2026-10-09 18:39:06,251 RX_BYTE 04
2026-10-09 18:39:06,251 RX_BYTE 00
2026-10-09 18:39:06,251 RX_BYTE 6D
2026-10-09 18:39:06,251 RX 8B F1 B1 61 01 90 D2 A6 93 94 B0 FB 04 00 6D
2026-10-09 18:39:06,251 RX_BYTE 8B
2026-10-09 18:39:06,251 RX_BYTE F1
2026-10-09 18:39:06,251 RX_BYTE B1
2026-10-09 18:39:06,251 RX_BYTE 61
2026-10-09 18:39:06,251 RX_BYTE 01
2026-10-09 18:39:06,251 RX_BYTE 90
2026-10-09 18:39:06,251 RX_BYTE D2
2026-10-09 18:39:06,251 RX_BYTE A6
2026-10-09 18:39:06,251 RX_BYTE 93
2026-10-09 18:39:06,251 RX_BYTE 94
2026-10-09 18:39:06,251 RX_BYTE B0
2026-10-09 18:39:06,251 RX_BYTE FB
2026-10-09 18:39:06,251 RX_BYTE 04
2026-10-09 18:39:06,252 RX_BYTE 00
2026-10-09 18:39:06,252 RX_BYTE 6D
2026-10-09 18:39:06,252 RX 8B F1 B1 61 01 90 D2 A6 93 94 B0 FB 04 00 6D
2026-10-09 18:39:06,252 RX_BYTE 8B
2026-10-09 18:39:06,252 RX_BYTE F1
2026-10-09 18:39:06,252 RX_BYTE B1
2026-10-09 18:39:06,252 RX_BYTE 61
2026-10-09 18:39:06,252 RX_BYTE 01
2026-10-09 18:39:06,252 RX_BYTE 90
2026-10-09 18:39:06,252 RX_BYTE D2
2026-10-09 18:39:06,252 RX_BYTE A6
2026-10-09 18:39:06,252 RX_BYTE 93
2026-10-09 18:39:06,252 RX_BYTE 94
2026-10-09 18:39:06,252 RX_BYTE B0
2026-10-09 18:39:06,252 RX_BYTE FB
2026-10-09 18:39:06,252 RX_BYTE 04
2026-10-09 18:39:06,252 RX_BYTE 00
2026-10-09 18:39:06,252 RX_BYTE 6D
2026-10-09 18:39:06,252 RX 8B F1 B1 61 01 90 D2 A6 93 94 B0 FB 04 00 6D
2026-10-09 18:39:06,252 RX_BYTE 8B
2026-10-09 18:39:06,252 RX_BYTE F1
2026-10-09 18:39:06,252 RX_BYTE B1
2026-10-09 18:39:06,252 RX_BYTE 61
2026-10-09 18:39:06,252 RX_BYTE 01
2026-10-09 18:39:06,252 RX_BYTE 90
2026-10-09 18:39:06,252 RX_BYTE D2
2026-10-09 18:39:06,252 RX_BYTE A6
2026-10-09 18:39:06,252 RX_BYTE 93
2026-10-09 18:39:06,252 RX_BYTE 94
2026-10-09 18:39:06,252 RX_BYTE B0
2026-10-09 18:39:06,252 RX_BYTE FB
2026-10-09 18:39:06,252 RX_BYTE 04
2026-10-09 18:39:06,252 RX_BYTE 00
2026-10-09 18:39:06,252 RX_BYTE 6D
2026-10-09 18:39:06,252 RX 8B F1 B1 61 01 90 D2 A6 93 94 B0 FB 04 00 6D
2026-10-09 18:39:06,252 RX_BYTE 8B
2026-10-09 18:39:06,252 RX_BYTE F1
2026-10-09 18:39:06,252 RX_BYTE B1
2026-10-09 18:39:06,252 RX_BYTE 61
2026-10-09 18:39:06,252 RX_BYTE 01
2026-10-09 18:39:06,252 RX_BYTE 90
2026-10-09 18:39:06,252 RX_BYTE D2
2026-10-09 18:39:06,252 RX_BYTE A6
2026-10-09 18:39:06,252 RX_BYTE 93
2026-10-09 18:39:06,252 RX_BYTE 94
2026-10-09 18:39:06,252 RX_BYTE B0
2026-10-09 18:39:06,252 RX_BYTE FB
2026-10-09 18:39:06,252 RX_BYTE 04
2026-10-09 18:39:06,252 RX_BYTE 00
2026-10-09 18:39:06,252 RX_BYTE 6D
2026-10-09 18:39:06,252 RX 8B F1 B1 61 01 90 D2 A6 93 94 B0 FB 04 00 6D
2026-10-09 18:39:06,252 RX_BYTE 8B
2026-10-09 18:39:06,252 RX_BYTE F1
2026-10-09 18:39:06,252 RX_BYTE B1
2026-10-09 18:39:06,252 RX_BYTE 61
2026-10-09 18:39:06,252 RX_BYTE 01
2026-10-09 18:39:06,252 RX_BYTE 90
2026-10-09 18:39:06,252 RX_BYTE D2
2026-10-09 18:39:06,252 RX_BYTE A6
2026-10-09 18:39:06,252 RX_BYTE 93
2026-10-09 18:39:06,253 RX_BYTE 94
2026-10-09 18:39:06,253 RX_BYTE B0
2026-10-09 18:39:06,253 RX_BYTE FB
2026-10-09 18:39:06,253 RX_BYTE 04
2026-10-09 18:39:06,253 RX_BYTE 00
2026-10-09 18:39:06,253 RX_BYTE 6D
2026-10-09 18:39:06,253 RX 8B F1 B1 61 01 90 D2 A6 93 94 B0 FB 04 00 6D
2026-10-09 18:39:06,253 RX_BYTE 8B
2026-10-09 18:39:06,253 RX_BYTE F1
2026-10-09 18:39:06,253 RX_BYTE B1
2026-10-09 18:39:06,253 RX_BYTE 61
2026-10-09 18:39:06,253 RX_BYTE 01
2026-10-09 18:39:06,253 RX_BYTE 90
2026-10-09 18:39:06,253 RX_BYTE D2
2026-10-09 18:39:06,253 RX_BYTE A6
2026-10-09 18:39:06,253 RX_BYTE 93
2026-10-09 18:39:06,253 RX_BYTE 94
2026-10-09 18:39:06,253 RX_BYTE B0
2026-10-09 18:39:06,253 RX_BYTE FB
2026-10-09 18:39:06,253 RX_BYTE 04
2026-10-09 18:39:06,253 RX_BYTE 00
2026-10-09 18:39:06,253 RX_BYTE 6D
2026-10-09 18:39:06,253 RX 8B F1 B1 61 01 90 D2 A6 93 94 B0 FB 04 00 6D
2026-10-09 18:39:06,253 RX_BYTE 8B
2026-10-09 18:39:06,253 RX_BYTE F1
2026-10-09 18:39:06,253 RX_BYTE B1
2026-10-09 18:39:06,253 RX_BYTE 61
2026-10-09 18:39:06,253 RX_BYTE 01
2026-10-09 18:39:06,253 RX_BYTE 90
2026-10-09 18:39:06,253 RX_BYTE D2
2026-10-09 18:39:06,253 RX_BYTE A6
2026-10-09 18:39:06,253 RX_BYTE 93
2026-10-09 18:39:06,253 RX_BYTE 94
2026-10-09 18:39:06,253 RX_BYTE B0
2026-10-09 18:39:06,253 RX_BYTE FB
2026-10-09 18:39:06,253 RX_BYTE 04
2026-10-09 18:39:06,253 RX_BYTE 00
2026-10-09 18:39:06,253 RX_BYTE 6D
2026-10-09 18:39:06,253 RX 8B F1 B1 61 01 90 D2 A6 93 94 B0 FB 04 00 6D
2026-10-09 18:39:06,253 RX_BYTE 8B
2026-10-09 18:39:06,253 RX_BYTE F1
2026-10-09 18:39:06,253 RX_BYTE B1
2026-10-09 18:39:06,253 RX_BYTE 61
2026-10-09 18:39:06,253 RX_BYTE 01
2026-10-09 18:39:06,253 RX_BYTE 90
2026-10-09 18:39:06,253 RX_BYTE D2
2026-10-09 18:39:06,253 RX_BYTE A6
2026-10-09 18:39:06,253 RX_BYTE 93
2026-10-09 18:39:06,253 RX_BYTE 94
2026-10-09 18:39:06,253 RX_BYTE B0
2026-10-09 18:39:06,253 RX_BYTE FB
2026-10-09 18:39:06,253 RX_BYTE 04
2026-10-09 18:39:06,253 RX_BYTE 00
2026-10-09 18:39:06,253 RX_BYTE 6D
2026-10-09 18:39:06,253 RX 8B F1 B1 61 01 90 D2 A6 93 94 B0 FB 04 00 6D
2026-10-09 18:39:06,253 RX_BYTE 8B
2026-10-09 18:39:06,253 RX_BYTE F1
2026-10-09 18:39:06,253 RX_BYTE B1
2026-10-09 18:39:06,253 RX_BYTE 61
2026-10-09 18:39:06,253 RX_BYTE 01
2026-10-09 18:39:06,254 RX_BYTE 90
2026-10-09 18:39:06,254 RX_BYTE D2
2026-10-09 18:39:06,254 RX_BYTE A6
2026-10-09 18:39:06,254 RX_BYTE 93
2026-10-09 18:39:06,254 RX_BYTE 94
2026-10-09 18:39:06,254 RX_BYTE B0
2026-10-09 18:39:06,254 RX_BYTE FB
2026-10-09 18:39:06,254 RX_BYTE 04
2026-10-09 18:39:06,254 RX_BYTE 00
2026-10-09 18:39:06,254 RX_BYTE 6D
2026-10-09 18:39:06,254 RX 8B F1 B1 61 01 90 D2 A6 93 94 B0 FB 04 00 6D
2026-10-09 18:39:06,254 RX_BYTE 8B
2026-10-09 18:39:06,254 RX_BYTE F1
2026-10-09 18:39:06,254 RX_BYTE B1
2026-10-09 18:39:06,254 RX_BYTE 61
2026-10-09 18:39:06,254 RX_BYTE 01
2026-10-09 18:39:06,254 RX_BYTE 90
2026-10-09 18:39:06,254 RX_BYTE D2
2026-10-09 18:39:06,254 RX_BYTE A6
2026-10-09 18:39:06,254 RX_BYTE 93
2026-10-09 18:39:06,254 RX_BYTE 94
2026-10-09 18:39:06,254 RX_BYTE B0
2026-10-09 18:39:06,254 RX_BYTE FB
2026-10-09 18:39:06,254 RX_BYTE 04
2026-10-09 18:39:06,254 RX_BYTE 00
2026-10-09 18:39:06,254 RX_BYTE 6D
2026-10-09 18:39:06,254 RX 8B F1 B1 61 01 90 D2 A6 93 94 B0 FB 04 00 6D
2026-10-09 18:39:06,254 RX_BYTE 8B
2026-10-09 18:39:06,254 RX_BYTE F1
2026-10-09 18:39:06,254 RX_BYTE B1
2026-10-09 18:39:06,254 RX_BYTE 61
2026-10-09 18:39:06,254 RX_BYTE 01
2026-10-09 18:39:06,254 RX_BYTE 90
2026-10-09 18:39:06,254 RX_BYTE D2
2026-10-09 18:39:06,254 RX_BYTE A6
2026-10-09 18:39:06,254 RX_BYTE 93
2026-10-09 18:39:06,254 RX_BYTE 94
2026-10-09 18:39:06,254 RX_BYTE B0
2026-10-09 18:39:06,254 RX_BYTE FB
2026-10-09 18:39:06,254 RX_BYTE 04
2026-10-09 18:39:06,254 RX_BYTE 00
2026-10-09 18:39:06,254 RX_BYTE 6D
2026-10-09 18:39:06,254 RX 8B F1 B1 61 01 90 D2 A6 93 94 B0 FB 04 00 6D
2026-10-09 18:39:06,254 RX_BYTE 8B
2026-10-09 18:39:06,254 RX_BYTE F1
2026-10-09 18:39:06,254 RX_BYTE B1
2026-10-09 18:39:06,254 RX_BYTE 61
2026-10-09 18:39:06,254 RX_BYTE 01
2026-10-09 18:39:06,254 RX_BYTE 90
2026-10-09 18:39:06,254 RX_BYTE D2
2026-10-09 18:39:06,254 RX_BYTE A6
2026-10-09 18:39:06,254 RX_BYTE 93
2026-10-09 18:39:06,254 RX_BYTE 94
2026-10-09 18:39:06,254 RX_BYTE B0
2026-10-09 18:39:06,254 RX_BYTE FB
2026-10-09 18:39:06,254 RX_BYTE 04
2026-10-09 18:39:06,254 RX_BYTE 00
2026-10-09 18:39:06,254 RX_BYTE 6D
2026-10-09 18:39:06,254 RX 8B F1 B1 61 01 90 D2 A6 93 94 B0 FB 04 00 6D
2026-10-09 18:39:06,255 RX_BYTE 8B
2026-10-09 18:39:06,255 RX_BYTE F1
2026-10-09 18:39:06,255 RX_BYTE B1
2026-10-09 18:39:06,255 RX_BYTE 61
2026-10-09 18:39:06,255 RX_BYTE 01
2026-10-09 18:39:06,255 RX_BYTE 90
2026-10-09 18:39:06,255 RX_BYTE D2
2026-10-09 18:39:06,255 RX_BYTE A6
2026-10-09 18:39:06,255 RX_BYTE 93
2026-10-09 18:39:06,255 RX_BYTE 94
2026-10-09 18:39:06,255 RX_BYTE B0
2026-10-09 18:39:06,255 RX_BYTE FB
2026-10-09 18:39:06,255 RX_BYTE 04
2026-10-09 18:39:06,255 RX_BYTE 00
2026-10-09 18:39:06,255 RX_BYTE 6D
2026-10-09 18:39:06,255 RX 8B F1 B1 61 01 90 D2 A6 93 94 B0 FB 04 00 6D
2026-10-09 18:39:06,255 RX_BYTE 8B
2026-10-09 18:39:06,255 RX_BYTE F1
2026-10-09 18:39:06,255 RX_BYTE B1
2026-10-09 18:39:06,255 RX_BYTE 61
2026-10-09 18:39:06,255 RX_BYTE 01
2026-10-09 18:39:06,255 RX_BYTE 90
2026-10-09 18:39:06,255 RX_BYTE D2
2026-10-09 18:39:06,255 RX_BYTE A6
2026-10-09 18:39:06,255 RX_BYTE 93
2026-10-09 18:39:06,255 RX_BYTE 94
2026-10-09 18:39:06,255 RX_BYTE B0
2026-10-09 18:39:06,255 RX_BYTE FB
2026-10-09 18:39:06,255 RX_BYTE 04
2026-10-09 18:39:06,255 RX_BYTE 00
2026-10-09 18:39:06,255 RX_BYTE 6D
2026-10-09 18:39:06,256 RX 8B F1 B1 61 01 90 D2 A6 93 94 B0 FB 04 00 6D
2026-10-09 18:39:06,256 RX_BYTE 8B
2026-10-09 18:39:06,256 RX_BYTE F1
2026-10-09 18:39:06,256 RX_BYTE B1
2026-10-09 18:39:06,256 RX_BYTE 61
2026-10-09 18:39:06,256 RX_BYTE 01
2026-10-09 18:39:06,256 RX_BYTE 90
2026-10-09 18:39:06,256 RX_BYTE D2
2026-10-09 18:39:06,256 RX_BYTE A6
2026-10-09 18:39:06,256 RX_BYTE 93
2026-10-09 18:39:06,256 RX_BYTE 94
2026-10-09 18:39:06,256 RX_BYTE B0
2026-10-09 18:39:06,256 RX_BYTE FB
2026-10-09 18:39:06,256 RX_BYTE 04
2026-10-09 18:39:06,256 RX_BYTE 00
2026-10-09 18:39:06,256 RX_BYTE 6D
2026-10-09 18:39:06,256 RX 8B F1 B1 61 01 90 D2 A6 93 94 B0 FB 04 00 6D
2026-10-09 18:39:06,256 RX_BYTE 8B
2026-10-09 18:39:06,256 RX_BYTE F1
2026-10-09 18:39:06,256 RX_BYTE B1
2026-10-09 18:39:06,256 RX_BYTE 61
2026-10-09 18:39:06,256 RX_BYTE 01
2026-10-09 18:39:06,256 RX_BYTE 90
2026-10-09 18:39:06,256 RX_BYTE D2
2026-10-09 18:39:06,256 RX_BYTE A6
2026-10-09 18:39:06,256 RX_BYTE 93
2026-10-09 18:39:06,256 RX_BYTE 94
2026-10-09 18:39:06,256 RX_BYTE B0
2026-10-09 18:39:06,256 RX_BYTE FB
2026-10-09 18:39:06,256 RX_BYTE 04
2026-10-09 18:39:06,256 RX_BYTE 00
2026-10-09 18:39:06,256 RX_BYTE 6D
2026-10-09 18:39:06,256 RX 8B F1 B1 61 01 90 D2 A6 93 94 B0 FB 04 00 6D
2026-10-09 18:39:06,256 RX_BYTE 8B
2026-10-09 18:39:06,256 RX_BYTE F1
2026-10-09 18:39:06,256 RX_BYTE B1
2026-10-09 18:39:06,256 RX_BYTE 61
2026-10-09 18:39:06,256 RX_BYTE 01
2026-10-09 18:39:06,257 RX_BYTE 90
2026-10-09 18:39:06,257 RX_BYTE D2
2026-10-09 18:39:06,257 RX_BYTE A6
2026-10-09 18:39:06,257 RX_BYTE 93
2026-10-09 18:39:06,257 RX_BYTE 94
2026-10-09 18:39:06,257 RX_BYTE B0
2026-10-09 18:39:06,257 RX_BYTE FB
2026-10-09 18:39:06,257 RX_BYTE 04
2026-10-09 18:39:06,257 RX_BYTE 00
2026-10-09 18:39:06,257 RX_BYTE 6D
2026-10-09 18:39:06,257 RX 8B F1 B1 61 01 90 D2 A6 93 94 B0 FB 04 00 6D
2026-10-09 18:39:06,257 RX_BYTE 8B
2026-10-09 18:39:06,257 RX_BYTE F1
2026-10-09 18:39:06,257 RX_BYTE B1
2026-10-09 18:39:06,257 RX_BYTE 61
2026-10-09 18:39:06,257 RX_BYTE 01
2026-10-09 18:39:06,257 RX_BYTE 90
2026-10-09 18:39:06,257 RX_BYTE D2
2026-10-09 18:39:06,257 RX_BYTE A6
2026-10-09 18:39:06,257 RX_BYTE 93
2026-10-09 18:39:06,257 RX_BYTE 94
2026-10-09 18:39:06,257 RX_BYTE B0
2026-10-09 18:39:06,257 RX_BYTE FB
2026-10-09 18:39:06,257 RX_BYTE 04
2026-10-09 18:39:06,257 RX_BYTE 00
2026-10-09 18:39:06,257 RX_BYTE 6D
2026-10-09 18:39:06,257 RX 8B F1 B1 61 01 90 D2 A6 93 94 B0 FB 04 00 6D
2026-10-09 18:39:06,257 RX_BYTE 8B
2026-10-09 18:39:06,257 RX_BYTE F1
2026-10-09 18:39:06,257 RX_BYTE B1
2026-10-09 18:39:06,257 RX_BYTE 61
2026-10-09 18:39:06,257 RX_BYTE 01
2026-10-09 18:39:06,257 RX_BYTE 90
2026-10-09 18:39:06,257 RX_BYTE D2
2026-10-09 18:39:06,257 RX_BYTE A6
2026-10-09 18:39:06,257 RX_BYTE 93
2026-10-09 18:39:06,257 RX_BYTE 94
2026-10-09 18:39:06,257 RX_BYTE B0
2026-10-09 18:39:06,257 RX_BYTE FB
2026-10-09 18:39:06,257 RX_BYTE 04
2026-10-09 18:39:06,257 RX_BYTE 00
2026-10-09 18:39:06,257 RX_BYTE 6D
2026-10-09 18:39:06,257 RX 8B F1 B1 61 01 90 D2 A6 93 94 B0 FB 04 00 6D
2026-10-09 18:39:06,257 RX_BYTE 8B
2026-10-09 18:39:06,257 RX_BYTE F1
2026-10-09 18:39:06,257 RX_BYTE B1
2026-10-09 18:39:06,257 RX_BYTE 61
2026-10-09 18:39:06,257 RX_BYTE 01
2026-10-09 18:39:06,257 RX_BYTE 90
2026-10-09 18:39:06,257 RX_BYTE D2
2026-10-09 18:39:06,257 RX_BYTE A6
2026-10-09 18:39:06,257 RX_BYTE 93
2026-10-09 18:39:06,258 RX_BYTE 94
2026-10-09 18:39:06,258 RX_BYTE B0
2026-10-09 18:39:06,258 RX_BYTE FB
2026-10-09 18:39:06,258 RX_BYTE 04
2026-10-09 18:39:06,258 RX_BYTE 00
2026-10-09 18:39:06,258 RX_BYTE 6D
2026-10-09 18:39:06,258 RX 8B F1 B1 61 01 90 D2 A6 93 94 B0 FB 04 00 6D
2026-10-09 18:39:06,258 RX_BYTE 8B
2026-10-09 18:39:06,258 RX_BYTE F1
2026-10-09 18:39:06,258 RX_BYTE B1
2026-10-09 18:39:06,258 RX_BYTE 61
2026-10-09 18:39:06,258 RX_BYTE 01
2026-10-09 18:39:06,258 RX_BYTE 90
2026-10-09 18:39:06,258 RX_BYTE D2
2026-10-09 18:39:06,258 RX_BYTE A6
2026-10-09 18:39:06,258 RX_BYTE 93
2026-10-09 18:39:06,258 RX_BYTE 94
2026-10-09 18:39:06,258 RX_BYTE B0
2026-10-09 18:39:06,258 RX_BYTE FB
2026-10-09 18:39:06,258 RX_BYTE 04
2026-10-09 18:39:06,258 RX_BYTE 00
2026-10-09 18:39:06,258 RX_BYTE 6D
2026-10-09 18:39:06,258 RX 8B F1 B1 61 01 90 D2 A6 93 94 B0 FB 04 00 6D
2026-10-09 18:39:06,258 RX_BYTE 8B
2026-10-09 18:39:06,258 RX_BYTE F1
2026-10-09 18:39:06,258 RX_BYTE B1
2026-10-09 18:39:06,258 RX_BYTE 61
2026-10-09 18:39:06,258 RX_BYTE 01
2026-10-09 18:39:06,258 RX_BYTE 90
2026-10-09 18:39:06,258 RX_BYTE D2
2026-10-09 18:39:06,258 RX_BYTE A6
2026-10-09 18:39:06,258 RX_BYTE 93
2026-10-09 18:39:06,258 RX_BYTE 94
2026-10-09 18:39:06,258 RX_BYTE B0
2026-10-09 18:39:06,258 RX_BYTE FB
2026-10-09 18:39:06,258 RX_BYTE 04
2026-10-09 18:39:06,258 RX_BYTE 00
2026-10-09 18:39:06,258 RX_BYTE 6D
2026-10-09 18:39:06,258 RX 8B F1 B1 61 01 90 D2 A6 93 94 B0 FB 04 00 6D
2026-10-09 18:39:06,258 RX_BYTE 8B
2026-10-09 18:39:06,258 RX_BYTE F1
2026-10-09 18:39:06,258 RX_BYTE B1
2026-10-09 18:39:06,258 RX_BYTE 61
2026-10-09 18:39:06,258 RX_BYTE 01
2026-10-09 18:39:06,258 RX_BYTE 90
2026-10-09 18:39:06,258 RX_BYTE D2
2026-10-09 18:39:06,258 RX_BYTE A6
2026-10-09 18:39:06,258 RX_BYTE 93
2026-10-09 18:39:06,258 RX_BYTE 94
2026-10-09 18:39:06,258 RX_BYTE B0
2026-10-09 18:39:06,258 RX_BYTE FB
2026-10-09 18:39:06,258 RX_BYTE 04
2026-10-09 18:39:06,258 RX_BYTE 00
2026-10-09 18:39:06,258 RX_BYTE 6D
2026-10-09 18:39:06,258 RX 8B F1 B1 61 01 90 D2 A6 93 94 B0 FB 04 00 6D
2026-10-09 18:39:06,258 RX_BYTE 8B
2026-10-09 18:39:06,258 RX_BYTE F1
2026-10-09 18:39:06,258 RX_BYTE B1
2026-10-09 18:39:06,259 RX_BYTE 61
2026-10-09 18:39:06,259 RX_BYTE 01
2026-10-09 18:39:06,259 RX_BYTE 90
2026-10-09 18:39:06,259 RX_BYTE D2
2026-10-09 18:39:06,259 RX_BYTE A6
2026-10-09 18:39:06,259 RX_BYTE 93
2026-10-09 18:39:06,259 RX_BYTE 94
2026-10-09 18:39:06,259 RX_BYTE B0
2026-10-09 18:39:06,259 RX_BYTE FB
2026-10-09 18:39:06,259 RX_BYTE 04
2026-10-09 18:39:06,259 RX_BYTE 00
2026-10-09 18:39:06,259 RX_BYTE 6D
2026-10-09 18:39:06,259 RX 8B F1 B1 61 01 90 D2 A6 93 94 B0 FB 04 00 6D
2026-10-09 18:39:06,259 RX_BYTE 8B
2026-10-09 18:39:06,259 RX_BYTE F1
2026-10-09 18:39:06,259 RX_BYTE B1
2026-10-09 18:39:06,259 RX_BYTE 61
2026-10-09 18:39:06,259 RX_BYTE 01
2026-10-09 18:39:06,259 RX_BYTE 90
2026-10-09 18:39:06,259 RX_BYTE D2
2026-10-09 18:39:06,259 RX_BYTE A6
2026-10-09 18:39:06,259 RX_BYTE 93
2026-10-09 18:39:06,259 RX_BYTE 94
2026-10-09 18:39:06,259 RX_BYTE B0
2026-10-09 18:39:06,259 RX_BYTE FB
2026-10-09 18:39:06,259 RX_BYTE 04
2026-10-09 18:39:06,259 RX_BYTE 00
2026-10-09 18:39:06,259 RX_BYTE 6D
2026-10-09 18:39:06,259 RX 8B F1 B1 61 01 90 D2 A6 93 94 B0 FB 04 00 6D
2026-10-09 18:39:06,259 RX_BYTE 8B
2026-10-09 18:39:06,259 RX_BYTE F1
2026-10-09 18:39:06,259 RX_BYTE B1
2026-10-09 18:39:06,259 RX_BYTE 61
2026-10-09 18:39:06,259 RX_BYTE 01
2026-10-09 18:39:06,259 RX_BYTE 90
2026-10-09 18:39:06,259 RX_BYTE D2
2026-10-09 18:39:06,259 RX_BYTE A6
2026-10-09 18:39:06,259 RX_BYTE 93
2026-10-09 18:39:06,259 RX_BYTE 94
2026-10-09 18:39:06,259 RX_BYTE B0
2026-10-09 18:39:06,259 RX_BYTE FB
2026-10-09 18:39:06,259 RX_BYTE 04
2026-10-09 18:39:06,259 RX_BYTE 00
2026-10-09 18:39:06,259 RX_BYTE 6D
2026-10-09 18:39:06,259 RX 8B F1 B1 61 01 90 D2 A6 93 94 B0 FB 04 00 6D
2026-10-09 18:39:06,259 RX_BYTE 8B
2026-10-09 18:39:06,259 RX_BYTE F1
2026-10-09 18:39:06,259 RX_BYTE B1
2026-10-09 18:39:06,259 RX_BYTE 61
2026-10-09 18:39:06,259 RX_BYTE 01
2026-10-09 18:39:06,259 RX_BYTE 90
2026-10-09 18:39:06,259 RX_BYTE D2
2026-10-09 18:39:06,259 RX_BYTE A6
2026-10-09 18:39:06,259 RX_BYTE 93
2026-10-09 18:39:06,259 RX_BYTE 94
2026-10-09 18:39:06,259 RX_BYTE B0
2026-10-09 18:39:06,259 RX_BYTE FB
2026-10-09 18:39:06,259 RX_BYTE 04
2026-10-09 18:39:06,259 RX_BYTE 00
2026-10-09 18:39:06,259 RX_BYTE 6D
2026-10-09 18:39:06,260 RX 8B F1 B1 61 01 90 D2 A6 93 94 B0 FB 04 00 6D
2026-10-09 18:39:06,260 RX_BYTE 8B
2026-10-09 18:39:06,260 RX_BYTE F1
2026-10-09 18:39:06,260 RX_BYTE B1
2026-10-09 18:39:06,260 RX_BYTE 61
2026-10-09 18:39:06,260 RX_BYTE 01
2026-10-09 18:39:06,260 RX_BYTE 90
2026-10-09 18:39:06,260 RX_BYTE D2
2026-10-09 18:39:06,260 RX_BYTE A6
2026-10-09 18:39:06,260 RX_BYTE 93
2026-10-09 18:39:06,260 RX_BYTE 94
2026-10-09 18:39:06,260 RX_BYTE B0
2026-10-09 18:39:06,260 RX_BYTE FB
2026-10-09 18:39:06,260 RX_BYTE 04
2026-10-09 18:39:06,260 RX_BYTE 00
2026-10-09 18:39:06,260 RX_BYTE 6D
2026-10-09 18:39:06,260 RX 8B F1 B1 61 01 90 D2 A6 93 94 B0 FB 04 00 6D
2026-10-09 18:39:06,260 RX_BYTE 8B
2026-10-09 18:39:06,260 RX_BYTE F1
2026-10-09 18:39:06,260 RX_BYTE B1
2026-10-09 18:39:06,260 RX_BYTE 61
2026-10-09 18:39:06,260 RX_BYTE 01
2026-10-09 18:39:06,260 RX_BYTE 90
2026-10-09 18:39:06,260 RX_BYTE D2
2026-10-09 18:39:06,260 RX_BYTE A6
2026-10-09 18:39:06,260 RX_BYTE 93
2026-10-09 18:39:06,260 RX_BYTE 94
2026-10-09 18:39:06,260 RX_BYTE B0
2026-10-09 18:39:06,260 RX_BYTE FB
2026-10-09 18:39:06,260 RX_BYTE 04
2026-10-09 18:39:06,260 RX_BYTE 00
2026-10-09 18:39:06,260 RX_BYTE 6D
2026-10-09 18:39:06,260 RX 8B F1 B1 61 01 90 D2 A6 93 94 B0 FB 04 00 6D
2026-10-09 18:39:06,260 RX_BYTE 8B
2026-10-09 18:39:06,260 RX_BYTE F1
2026-10-09 18:39:06,260 RX_BYTE B1
2026-10-09 18:39:06,260 RX_BYTE 61
2026-10-09 18:39:06,260 RX_BYTE 01
2026-10-09 18:39:06,260 RX_BYTE 90
2026-10-09 18:39:06,260 RX_BYTE D2
2026-10-09 18:39:06,260 RX_BYTE A6
2026-10-09 18:39:06,260 RX_BYTE 93
2026-10-09 18:39:06,260 RX_BYTE 94
2026-10-09 18:39:06,260 RX_BYTE B0
2026-10-09 18:39:06,260 RX_BYTE FB
2026-10-09 18:39:06,260 RX_BYTE 04
2026-10-09 18:39:06,260 RX_BYTE 00
2026-10-09 18:39:06,260 RX_BYTE 6D
2026-10-09 18:39:06,260 RX 8B F1 B1 61 01 90 D2 A6 93 94 B0 FB 04 00 6D
2026-10-09 18:39:06,260 RX_BYTE 8B
2026-10-09 18:39:06,260 RX_BYTE F1
2026-10-09 18:39:06,260 RX_BYTE B1
2026-10-09 18:39:06,260 RX_BYTE 61
2026-10-09 18:39:06,260 RX_BYTE 01
2026-10-09 18:39:06,260 RX_BYTE 90
2026-10-09 18:39:06,260 RX_BYTE D2
2026-10-09 18:39:06,260 RX_BYTE A6
2026-10-09 18:39:06,260 RX_BYTE 93
2026-10-09 18:39:06,260 RX_BYTE 94
2026-10-09 18:39:06,260 RX_BYTE B0
2026-10-09 18:39:06,261 RX_BYTE FB
2026-10-09 18:39:06,261 RX_BYTE 04
2026-10-09 18:39:06,261 RX_BYTE 00
2026-10-09 18:39:06,261 RX_BYTE 6D
2026-10-09 18:39:06,261 RX 8B F1 B1 61 01 90 D2 A6 93 94 B0 FB 04 00 6D
2026-10-09 18:39:06,261 RX_BYTE 8B
2026-10-09 18:39:06,261 RX_BYTE F1
2026-10-09 18:39:06,261 RX_BYTE B1
2026-10-09 18:39:06,261 RX_BYTE 61
2026-10-09 18:39:06,261 RX_BYTE 01
2026-10-09 18:39:06,261 RX_BYTE 90
2026-10-09 18:39:06,261 RX_BYTE D2
2026-10-09 18:39:06,261 RX_BYTE A6
2026-10-09 18:39:06,261 RX_BYTE 93
2026-10-09 18:39:06,261 RX_BYTE 94
2026-10-09 18:39:06,261 RX_BYTE B0
2026-10-09 18:39:06,261 RX_BYTE FB
2026-10-09 18:39:06,261 RX_BYTE 04
2026-10-09 18:39:06,261 RX_BYTE 00
2026-10-09 18:39:06,261 RX_BYTE 6D
2026-10-09 18:39:06,261 RX 8B F1 B1 61 01 90 D2 A6 93 94 B0 FB 04 00 6D
2026-10-09 18:39:06,261 RX_BYTE 8B
2026-10-09 18:39:06,261 RX_BYTE F1
2026-10-09 18:39:06,261 RX_BYTE B1
2026-10-09 18:39:06,261 RX_BYTE 61
2026-10-09 18:39:06,261 RX_BYTE 01
2026-10-09 18:39:06,261 RX_BYTE 90
2026-10-09 18:39:06,261 RX_BYTE D2
2026-10-09 18:39:06,261 RX_BYTE A6
2026-10-09 18:39:06,261 RX_BYTE 93
2026-10-09 18:39:06,261 RX_BYTE 94
2026-10-09 18:39:06,261 RX_BYTE B0
2026-10-09 18:39:06,261 RX_BYTE FB
2026-10-09 18:39:06,261 RX_BYTE 04
2026-10-09 18:39:06,261 RX_BYTE 00
2026-10-09 18:39:06,261 RX_BYTE 6D
2026-10-09 18:39:06,261 RX 8B F1 B1 61 01 90 D2 A6 93 94 B0 FB 04 00 6D
2026-10-09 18:39:06,261 RX_BYTE 8B
2026-10-09 18:39:06,261 RX_BYTE F1
2026-10-09 18:39:06,261 RX_BYTE B1
2026-10-09 18:39:06,261 RX_BYTE 61
2026-10-09 18:39:06,261 RX_BYTE 01
2026-10-09 18:39:06,261 RX_BYTE 90
2026-10-09 18:39:06,261 RX_BYTE D2
2026-10-09 18:39:06,261 RX_BYTE A6
2026-10-09 18:39:06,261 RX_BYTE 93
2026-10-09 18:39:06,261 RX_BYTE 94
2026-10-09 18:39:06,261 RX_BYTE B0
2026-10-09 18:39:06,261 RX_BYTE FB
2026-10-09 18:39:06,261 RX_BYTE 04
2026-10-09 18:39:06,261 RX_BYTE 00
2026-10-09 18:39:06,261 RX_BYTE 6D
2026-10-09 18:39:06,261 RX 8B F1 B1 61 01 90 D2 A6 93 94 B0 FB 04 00 6D
2026-10-09 18:39:06,261 RX_BYTE 8B
2026-10-09 18:39:06,261 RX_BYTE F1
2026-10-09 18:39:06,261 RX_BYTE B1
2026-10-09 18:39:06,261 RX_BYTE 61
2026-10-09 18:39:06,261 RX_BYTE 01
2026-10-09 18:39:06,261 RX_BYTE 90
2026-10-09 18:39:06,261 RX_BYTE D2
2026-10-09 18:39:06,262 RX_BYTE A6
2026-10-09 18:39:06,262 RX_BYTE 93
2026-10-09 18:39:06,262 RX_BYTE 94
2026-10-09 18:39:06,262 RX_BYTE B0
2026-10-09 18:39:06,262 RX_BYTE FB
2026-10-09 18:39:06,262 RX_BYTE 04
2026-10-09 18:39:06,262 RX_BYTE 00
2026-10-09 18:39:06,262 RX_BYTE 6D
2026-10-09 18:39:06,262 RX 8B F1 B1 61 01 90 D2 A6 93 94 B0 FB 04 00 6D
2026-10-09 18:39:06,262 RX_BYTE 8B
2026-10-09 18:39:06,262 RX_BYTE F1
2026-10-09 18:39:06,262 RX_BYTE B1
2026-10-09 18:39:06,262 RX_BYTE 61
2026-10-09 18:39:06,262 RX_BYTE 01
2026-10-09 18:39:06,262 RX_BYTE 90
2026-10-09 18:39:06,262 RX_BYTE D2
2026-10-09 18:39:06,262 RX_BYTE A6
2026-10-09 18:39:06,262 RX_BYTE 93
2026-10-09 18:39:06,262 RX_BYTE 94
2026-10-09 18:39:06,262 RX_BYTE B0
2026-10-09 18:39:06,262 RX_BYTE FB
2026-10-09 18:39:06,262 RX_BYTE 04
2026-10-09 18:39:06,262 RX_BYTE 00
2026-10-09 18:39:06,262 RX_BYTE 6D
2026-10-09 18:39:06,262 RX 8B F1 B1 61 01 90 D2 A6 93 94 B0 FB 04 00 6D
2026-10-09 18:39:06,262 RX_BYTE 8B
2026-10-09 18:39:06,262 RX_BYTE F1
2026-10-09 18:39:06,262 RX_BYTE B1
2026-10-09 18:39:06,262 RX_BYTE 61
2026-10-09 18:39:06,262 RX_BYTE 01
2026-10-09 18:39:06,262 RX_BYTE 90
2026-10-09 18:39:06,262 RX_BYTE D2
2026-10-09 18:39:06,262 RX_BYTE A6
2026-10-09 18:39:06,262 RX_BYTE 93
2026-10-09 18:39:06,262 RX_BYTE 94
2026-10-09 18:39:06,262 RX_BYTE B0
2026-10-09 18:39:06,262 RX_BYTE FB
2026-10-09 18:39:06,262 RX_BYTE 04
2026-10-09 18:39:06,262 RX_BYTE 00
2026-10-09 18:39:06,262 RX_BYTE 6D
2026-10-09 18:39:06,262 RX 8B F1 B1 61 01 90 D2 A6 93 94 B0 FB 04 00 6D
2026-10-09 18:39:06,262 RX_BYTE 8B
2026-10-09 18:39:06,262 RX_BYTE F1
2026-10-09 18:39:06,262 RX_BYTE B1
2026-10-09 18:39:06,262 RX_BYTE 61
2026-10-09 18:39:06,262 RX_BYTE 01
2026-10-09 18:39:06,262 RX_BYTE 90
2026-10-09 18:39:06,262 RX_BYTE D2
2026-10-09 18:39:06,262 RX_BYTE A6
2026-10-09 18:39:06,262 RX_BYTE 93
2026-10-09 18:39:06,262 RX_BYTE 94
2026-10-09 18:39:06,262 RX_BYTE B0
2026-10-09 18:39:06,262 RX_BYTE FB
2026-10-09 18:39:06,262 RX_BYTE 04
2026-10-09 18:39:06,262 RX_BYTE 00
2026-10-09 18:39:06,262 RX_BYTE 6D
2026-10-09 18:39:06,262 RX 8B F1 B1 61 01 90 D2 A6 93 94 B0 FB 04 00 6D
2026-10-09 18:39:06,262 RX_BYTE 8B
2026-10-09 18:39:06,262 RX_BYTE F1
2026-10-09 18:39:06,263 RX_BYTE B1
2026-10-09 18:39:06,263 RX_BYTE 61
2026-10-09 18:39:06,263 RX_BYTE 01
2026-10-09 18:39:06,263 RX_BYTE 90
2026-10-09 18:39:06,263 RX_BYTE D2
2026-10-09 18:39:06,263 RX_BYTE A6
2026-10-09 18:39:06,263 RX_BYTE 93
2026-10-09 18:39:06,263 RX_BYTE 94
2026-10-09 18:39:06,263 RX_BYTE B0
2026-10-09 18:39:06,263 RX_BYTE FB
2026-10-09 18:39:06,263 RX_BYTE 04
2026-10-09 18:39:06,263 RX_BYTE 00
2026-10-09 18:39:06,263 RX_BYTE 6D
2026-10-09 18:39:06,263 RX 8B F1 B1 61 01 90 D2 A6 93 94 B0 FB 04 00 6D
2026-10-09 18:39:06,263 RX_BYTE 8B
2026-10-09 18:39:06,263 RX_BYTE F1
2026-10-09 18:39:06,263 RX_BYTE B1
2026-10-09 18:39:06,263 RX_BYTE 61
2026-10-09 18:39:06,263 RX_BYTE 01
2026-10-09 18:39:06,263 RX_BYTE 90
2026-10-09 18:39:06,263 RX_BYTE D2
2026-10-09 18:39:06,263 RX_BYTE A6
2026-10-09 18:39:06,263 RX_BYTE 93
2026-10-09 18:39:06,263 RX_BYTE 94
2026-10-09 18:39:06,263 RX_BYTE B0
2026-10-09 18:39:06,263 RX_BYTE FB
2026-10-09 18:39:06,263 RX_BYTE 04
2026-10-09 18:39:06,263 RX_BYTE 00
2026-10-09 18:39:06,263 RX_BYTE 6D
2026-10-09 18:39:06,263 RX 8B F1 B1 61 01 90 D2 A6 93 94 B0 FB 04 00 6D
2026-10-09 18:39:06,263 RX_BYTE 8B
2026-10-09 18:39:06,263 RX_BYTE F1
2026-10-09 18:39:06,263 RX_BYTE B1
2026-10-09 18:39:06,263 RX_BYTE 61
2026-10-09 18:39:06,263 RX_BYTE 01
2026-10-09 18:39:06,263 RX_BYTE 90
2026-10-09 18:39:06,263 RX_BYTE D2
2026-10-09 18:39:06,263 RX_BYTE A6
2026-10-09 18:39:06,263 RX_BYTE 93
2026-10-09 18:39:06,263 RX_BYTE 94
2026-10-09 18:39:06,263 RX_BYTE B0
2026-10-09 18:39:06,263 RX_BYTE FB
2026-10-09 18:39:06,263 RX_BYTE 04
2026-10-09 18:39:06,263 RX_BYTE 00
2026-10-09 18:39:06,263 RX_BYTE 6D
2026-10-09 18:39:06,263 RX 8B F1 B1 61 01 90 D2 A6 93 94 B0 FB 04 00 6D
2026-10-09 18:39:06,263 RX_BYTE 8B
2026-10-09 18:39:06,263 RX_BYTE F1
2026-10-09 18:39:06,263 RX_BYTE B1
2026-10-09 18:39:06,263 RX_BYTE 61
2026-10-09 18:39:06,263 RX_BYTE 01
2026-10-09 18:39:06,263 RX_BYTE 90
2026-10-09 18:39:06,263 RX_BYTE D2
2026-10-09 18:39:06,263 RX_BYTE A6
2026-10-09 18:39:06,263 RX_BYTE 93
2026-10-09 18:39:06,263 RX_BYTE 94
2026-10-09 18:39:06,263 RX_BYTE B0
2026-10-09 18:39:06,263 RX_BYTE FB
2026-10-09 18:39:06,263 RX_BYTE 04
2026-10-09 18:39:06,264 RX_BYTE 00
2026-10-09 18:39:06,264 RX_BYTE 6D
2026-10-09 18:39:06,264 RX 8B F1 B1 61 01 90 D2 A6 93 94 B0 FB 04 00 6D
2026-10-09 18:39:06,264 RX_BYTE 8B
2026-10-09 18:39:06,264 RX_BYTE F1
2026-10-09 18:39:06,264 RX_BYTE B1
2026-10-09 18:39:06,264 RX_BYTE 61
2026-10-09 18:39:06,264 RX_BYTE 01
2026-10-09 18:39:06,264 RX_BYTE 90
2026-10-09 18:39:06,264 RX_BYTE D2
2026-10-09 18:39:06,264 RX_BYTE A6
2026-10-09 18:39:06,264 RX_BYTE 93
2026-10-09 18:39:06,264 RX_BYTE 94
2026-10-09 18:39:06,264 RX_BYTE B0
2026-10-09 18:39:06,264 RX_BYTE FB
2026-10-09 18:39:06,264 RX_BYTE 04
2026-10-09 18:39:06,264 RX_BYTE 00
2026-10-09 18:39:06,264 RX_BYTE 6D
2026-10-09 18:39:06,264 RX 8B F1 B1 61 01 90 D2 A6 93 94 B0 FB 04 00 6D
2026-10-09 18:39:06,264 RX_BYTE 8B
2026-10-09 18:39:06,264 RX_BYTE F1
2026-10-09 18:39:06,264 RX_BYTE B1
2026-10-09 18:39:06,264 RX_BYTE 61
2026-10-09 18:39:06,264 RX_BYTE 01
2026-10-09 18:39:06,264 RX_BYTE 90
2026-10-09 18:39:06,264 RX_BYTE D2
2026-10-09 18:39:06,264 RX_BYTE A6
2026-10-09 18:39:06,264 RX_BYTE 93
2026-10-09 18:39:06,264 RX_BYTE 94
2026-10-09 18:39:06,264 RX_BYTE B0
2026-10-09 18:39:06,264 RX_BYTE FB
2026-10-09 18:39:06,264 RX_BYTE 04
2026-10-09 18:39:06,264 RX_BYTE 00
2026-10-09 18:39:06,264 RX_BYTE 6D
2026-10-09 18:39:06,264 RX 8B F1 B1 61 01 90 D2 A6 93 94 B0 FB 04 00 6D
2026-10-09 18:39:06,264 RX_BYTE 8B
2026-10-09 18:39:06,264 RX_BYTE F1
2026-10-09 18:39:06,264 RX_BYTE B1
2026-10-09 18:39:06,264 RX_BYTE 61
2026-10-09 18:39:06,264 RX_BYTE 01
2026-10-09 18:39:06,264 RX_BYTE 90
2026-10-09 18:39:06,264 RX_BYTE D2
2026-10-09 18:39:06,264 RX_BYTE A6
2026-10-09 18:39:06,264 RX_BYTE 93
2026-10-09 18:39:06,264 RX_BYTE 94
2026-10-09 18:39:06,264 RX_BYTE B0
2026-10-09 18:39:06,264 RX_BYTE FB
2026-10-09 18:39:06,264 RX_BYTE 04
2026-10-09 18:39:06,264 RX_BYTE 00
2026-10-09 18:39:06,264 RX_BYTE 6D
2026-10-09 18:39:06,264 RX 8B F1 B1 61 01 90 D2 A6 93 94 B0 FB 04 00 6D
2026-10-09 18:39:06,264 RX_BYTE 8B
2026-10-09 18:39:06,264 RX_BYTE F1
2026-10-09 18:39:06,264 RX_BYTE B1
2026-10-09 18:39:06,264 RX_BYTE 61
2026-10-09 18:39:06,264 RX_BYTE 01
2026-10-09 18:39:06,264 RX_BYTE 90
2026-10-09 18:39:06,264 RX_BYTE D2
2026-10-09 18:39:06,264 RX_BYTE A6
2026-10-09 18:39:06,264 RX_BYTE 93
2026-10-09 18:39:06,265 RX_BYTE 94
2026-10-09 18:39:06,265 RX_BYTE B0
2026-10-09 18:39:06,265 RX_BYTE FB
2026-10-09 18:39:06,265 RX_BYTE 04
2026-10-09 18:39:06,265 RX_BYTE 00
2026-10-09 18:39:06,265 RX_BYTE 6D
2026-10-09 18:39:06,265 RX 8B F1 B1 61 01 90 D2 A6 93 94 B0 FB 04 00 6D
2026-10-09 18:39:06,265 RX_BYTE 8B
2026-10-09 18:39:06,265 RX_BYTE F1
2026-10-09 18:39:06,265 RX_BYTE B1
2026-10-09 18:39:06,265 RX_BYTE 61
2026-10-09 18:39:06,265 RX_BYTE 01
2026-10-09 18:39:06,265 RX_BYTE 90
2026-10-09 18:39:06,265 RX_BYTE D2
2026-10-09 18:39:06,265 RX_BYTE A6
2026-10-09 18:39:06,265 RX_BYTE 93
2026-10-09 18:39:06,265 RX_BYTE 94
2026-10-09 18:39:06,265 RX_BYTE B0
2026-10-09 18:39:06,265 RX_BYTE FB
2026-10-09 18:39:06,265 RX_BYTE 04
2026-10-09 18:39:06,265 RX_BYTE 00
2026-10-09 18:39:06,265 RX_BYTE 6D
2026-10-09 18:39:06,265 RX 8B F1 B1 61 01 90 D2 A6 93 94 B0 FB 04 00 6D
2026-10-09 18:39:06,265 RX_BYTE 8B
2026-10-09 18:39:06,265 RX_BYTE F1
2026-10-09 18:39:06,265 RX_BYTE B1
2026-10-09 18:39:06,265 RX_BYTE 61
2026-10-09 18:39:06,265 RX_BYTE 01
2026-10-09 18:39:06,265 RX_BYTE 90
2026-10-09 18:39:06,265 RX_BYTE D2
2026-10-09 18:39:06,265 RX_BYTE A6
2026-10-09 18:39:06,265 RX_BYTE 93
2026-10-09 18:39:06,265 RX_BYTE 94
2026-10-09 18:39:06,265 RX_BYTE B0
2026-10-09 18:39:06,265 RX_BYTE FB
2026-10-09 18:39:06,265 RX_BYTE 04
2026-10-09 18:39:06,265 RX_BYTE 00
2026-10-09 18:39:06,265 RX_BYTE 6D
2026-10-09 18:39:06,265 RX 8B F1 B1 61 01 90 D2 A6 93 94 B0 FB 04 00 6D
2026-10-09 18:39:06,265 RX_BYTE 8B
2026-10-09 18:39:06,265 RX_BYTE F1
2026-10-09 18:39:06,265 RX_BYTE B1
2026-10-09 18:39:06,265 RX_BYTE 61
2026-10-09 18:39:06,265 RX_BYTE 01
2026-10-09 18:39:06,265 RX_BYTE 90
2026-10-09 18:39:06,265 RX_BYTE D2
2026-10-09 18:39:06,265 RX_BYTE A6
2026-10-09 18:39:06,265 RX_BYTE 93
2026-10-09 18:39:06,265 RX_BYTE 94
2026-10-09 18:39:06,265 RX_BYTE B0
2026-10-09 18:39:06,265 RX_BYTE FB
2026-10-09 18:39:06,265 RX_BYTE 04
2026-10-09 18:39:06,265 RX_BYTE 00
2026-10-09 18:39:06,265 RX_BYTE 6D
2026-10-09 18:39:06,265 RX 8B F1 B1 61 01 90 D2 A6 93 94 B0 FB 04 00 6D
2026-10-09 18:39:06,265 RX_BYTE 8B
2026-10-09 18:39:06,265 RX_BYTE F1
2026-10-09 18:39:06,265 RX_BYTE B1
2026-10-09 18:39:06,265 RX_BYTE 61
2026-10-09 18:39:06,266 RX_BYTE 01
2026-10-09 18:39:06,266 RX_BYTE 90
2026-10-09 18:39:06,266 RX_BYTE D2
2026-10-09 18:39:06,266 RX_BYTE A6
2026-10-09 18:39:06,266 RX_BYTE 93
2026-10-09 18:39:06,266 RX_BYTE 94
2026-10-09 18:39:06,266 RX_BYTE B0
2026-10-09 18:39:06,266 RX_BYTE FB
2026-10-09 18:39:06,266 RX_BYTE 04
2026-10-09 18:39:06,266 RX_BYTE 00
2026-10-09 18:39:06,266 RX_BYTE 6D
2026-10-09 18:39:06,266 RX 8B F1 B1 61 01 90 D2 A6 93 94 B0 FB 04 00 6D
2026-10-09 18:39:06,266 RX_BYTE 8B
2026-10-09 18:39:06,266 RX_BYTE F1
2026-10-09 18:39:06,266 RX_BYTE B1
2026-10-09 18:39:06,266 RX_BYTE 61
2026-10-09 18:39:06,266 RX_BYTE 01
2026-10-09 18:39:06,266 RX_BYTE 90
2026-10-09 18:39:06,266 RX_BYTE D2
2026-10-09 18:39:06,266 RX_BYTE A6
2026-10-09 18:39:06,266 RX_BYTE 93
2026-10-09 18:39:06,266 RX_BYTE 94
2026-10-09 18:39:06,266 RX_BYTE B0
2026-10-09 18:39:06,266 RX_BYTE FB
2026-10-09 18:39:06,266 RX_BYTE 04
2026-10-09 18:39:06,266 RX_BYTE 00
2026-10-09 18:39:06,266 RX_BYTE 6D
2026-10-09 18:39:06,266 RX 8B F1 B1 61 01 90 D2 A6 93 94 B0 FB 04 00 6D
2026-10-09 18:39:06,266 RX_BYTE 8B
2026-10-09 18:39:06,266 RX_BYTE F1
2026-10-09 18:39:06,266 RX_BYTE B1
2026-10-09 18:39:06,266 RX_BYTE 61
2026-10-09 18:39:06,266 RX_BYTE 01
2026-10-09 18:39:06,266 RX_BYTE 90
2026-10-09 18:39:06,266 RX_BYTE D2
2026-10-09 18:39:06,266 RX_BYTE A6
2026-10-09 18:39:06,266 RX_BYTE 93
2026-10-09 18:39:06,266 RX_BYTE 94
2026-10-09 18:39:06,266 RX_BYTE B0
2026-10-09 18:39:06,266 RX_BYTE FB
2026-10-09 18:39:06,266 RX_BYTE 04
2026-10-09 18:39:06,266 RX_BYTE 00
2026-10-09 18:39:06,266 RX_BYTE 6D
2026-10-09 18:39:06,266 RX 8B F1 B1 61 01 90 D2 A6 93 94 B0 FB 04 00 6D
2026-10-09 18:39:06,266 RX_BYTE 8B
2026-10-09 18:39:06,266 RX_BYTE F1
2026-10-09 18:39:06,266 RX_BYTE B1
2026-10-09 18:39:06,266 RX_BYTE 61
2026-10-09 18:39:06,266 RX_BYTE 01
2026-10-09 18:39:06,266 RX_BYTE 90
2026-10-09 18:39:06,266 RX_BYTE D2
2026-10-09 18:39:06,266 RX_BYTE A6
2026-10-09 18:39:06,266 RX_BYTE 93
2026-10-09 18:39:06,266 RX_BYTE 94
2026-10-09 18:39:06,266 RX_BYTE B0
2026-10-09 18:39:06,266 RX_BYTE FB
2026-10-09 18:39:06,266 RX_BYTE 04
2026-10-09 18:39:06,266 RX_BYTE 00
2026-10-09 18:39:06,266 RX_BYTE 6D
2026-10-09 18:39:06,266 RX 8B F1 B1 61 01 90 D2 A6 93 94 B0 FB 04 00 6D
2026-10-09 18:39:06,267 RX_BYTE 8B
2026-10-09 18:39:06,267 RX_BYTE F1
2026-10-09 18:39:06,267 RX_BYTE B1
2026-10-09 18:39:06,267 RX_BYTE 61
2026-10-09 18:39:06,267 RX_BYTE 01
2026-10-09 18:39:06,267 RX_BYTE 90
2026-10-09 18:39:06,267 RX_BYTE D2
2026-10-09 18:39:06,267 RX_BYTE A6
2026-10-09 18:39:06,267 RX_BYTE 93
2026-10-09 18:39:06,267 RX_BYTE 94
2026-10-09 18:39:06,267 RX_BYTE B0
2026-10-09 18:39:06,267 RX_BYTE FB
2026-10-09 18:39:06,267 RX_BYTE 04
2026-10-09 18:39:06,267 RX_BYTE 00
2026-10-09 18:39:06,267 RX_BYTE 6D
2026-10-09 18:39:06,267 RX 8B F1 B1 61 01 90 D2 A6 93 94 B0 FB 04 00 6D
2026-10-09 18:39:06,267 RX_BYTE 8B
2026-10-09 18:39:06,267 RX_BYTE F1
2026-10-09 18:39:06,267 RX_BYTE B1
2026-10-09 18:39:06,267 RX_BYTE 61
2026-10-09 18:39:06,267 RX_BYTE 01
2026-10-09 18:39:06,267 RX_BYTE 90
2026-10-09 18:39:06,267 RX_BYTE D2
2026-10-09 18:39:06,267 RX_BYTE A6
2026-10-09 18:39:06,267 RX_BYTE 93
2026-10-09 18:39:06,267 RX_BYTE 94
2026-10-09 18:39:06,267 RX_BYTE B0
2026-10-09 18:39:06,267 RX_BYTE FB
2026-10-09 18:39:06,267 RX_BYTE 04
2026-10-09 18:39:06,267 RX_BYTE 00
2026-10-09 18:39:06,267 RX_BYTE 6D
2026-10-09 18:39:06,267 RX 8B F1 B1 61 01 90 D2 A6 93 94 B0 FB 04 00 6D
2026-10-09 18:39:06,267 RX_BYTE 8B
2026-10-09 18:39:06,267 RX_BYTE F1
2026-10-09 18:39:06,267 RX_BYTE B1
2026-10-09 18:39:06,267 RX_BYTE 61
2026-10-09 18:39:06,267 RX_BYTE 01
2026-10-09 18:39:06,267 RX_BYTE 90
2026-10-09 18:39:06,267 RX_BYTE D2
2026-10-09 18:39:06,267 RX_BYTE A6
2026-10-09 18:39:06,267 RX_BYTE 93
2026-10-09 18:39:06,267 RX_BYTE 94
2026-10-09 18:39:06,267 RX_BYTE B0
2026-10-09 18:39:06,267 RX_BYTE FB
2026-10-09 18:39:06,267 RX_BYTE 04
2026-10-09 18:39:06,267 RX_BYTE 00
2026-10-09 18:39:06,267 RX_BYTE 6D
2026-10-09 18:39:06,267 RX 8B F1 B1 61 01 90 D2 A6 93 94 B0 FB 04 00 6D
2026-10-09 18:39:06,267 RX_BYTE 8B
2026-10-09 18:39:06,267 RX_BYTE F1
2026-10-09 18:39:06,267 RX_BYTE B1
2026-10-09 18:39:06,267 RX_BYTE 61
2026-10-09 18:39:06,267 RX_BYTE 01
2026-10-09 18:39:06,267 RX_BYTE 90
2026-10-09 18:39:06,267 RX_BYTE D2
2026-10-09 18:39:06,267 RX_BYTE A6
2026-10-09 18:39:06,267 RX_BYTE 93
2026-10-09 18:39:06,267 RX_BYTE 94
2026-10-09 18:39:06,267 RX_BYTE B0
2026-10-09 18:39:06,268 RX_BYTE FB
2026-10-09 18:39:06,268 RX_BYTE 04
2026-10-09 18:39:06,268 RX_BYTE 00
2026-10-09 18:39:06,268 RX_BYTE 6D
2026-10-09 18:39:06,268 RX 8B F1 B1 61 01 90 D2 A6 93 94 B0 FB 04 00 6D
2026-10-09 18:39:06,268 RX_BYTE 8B
2026-10-09 18:39:06,268 RX_BYTE F1
2026-10-09 18:39:06,268 RX_BYTE B1
2026-10-09 18:39:06,268 RX_BYTE 61
2026-10-09 18:39:06,268 RX_BYTE 01
2026-10-09 18:39:06,268 RX_BYTE 90
2026-10-09 18:39:06,268 RX_BYTE D2
2026-10-09 18:39:06,268 RX_BYTE A6
2026-10-09 18:39:06,268 RX_BYTE 93
2026-10-09 18:39:06,268 RX_BYTE 94
2026-10-09 18:39:06,268 RX_BYTE B0
2026-10-09 18:39:06,268 RX_BYTE FB
2026-10-09 18:39:06,268 RX_BYTE 04
2026-10-09 18:39:06,268 RX_BYTE 00
2026-10-09 18:39:06,268 RX_BYTE 6D
2026-10-09 18:39:06,268 RX 8B F1 B1 61 01 90 D2 A6 93 94 B0 FB 04 00 6D
2026-10-09 18:39:06,268 RX_BYTE 8B
2026-10-09 18:39:06,268 RX_BYTE F1
2026-10-09 18:39:06,268 RX_BYTE B1
2026-10-09 18:39:06,268 RX_BYTE 61
2026-10-09 18:39:06,268 RX_BYTE 01
2026-10-09 18:39:06,268 RX_BYTE 90
2026-10-09 18:39:06,268 RX_BYTE D2
2026-10-09 18:39:06,268 RX_BYTE A6
2026-10-09 18:39:06,268 RX_BYTE 93
2026-10-09 18:39:06,268 RX_BYTE 94
2026-10-09 18:39:06,268 RX_BYTE B0
2026-10-09 18:39:06,268 RX_BYTE FB
2026-10-09 18:39:06,268 RX_BYTE 04
2026-10-09 18:39:06,268 RX_BYTE 00
2026-10-09 18:39:06,268 RX_BYTE 6D
2026-10-09 18:39:06,268 RX 8B F1 B1 61 01 90 D2 A6 93 94 B0 FB 04 00 6D
2026-10-09 18:39:06,268 RX_BYTE 8B
2026-10-09 18:39:06,268 RX_BYTE F1
2026-10-09 18:39:06,268 RX_BYTE B1
2026-10-09 18:39:06,268 RX_BYTE 61
2026-10-09 18:39:06,268 RX_BYTE 01
2026-10-09 18:39:06,268 RX_BYTE 90
2026-10-09 18:39:06,268 RX_BYTE D2
2026-10-09 18:39:06,268 RX_BYTE A6
2026-10-09 18:39:06,268 RX_BYTE 93
2026-10-09 18:39:06,268 RX_BYTE 94
2026-10-09 18:39:06,268 RX_BYTE B0
2026-10-09 18:39:06,268 RX_BYTE FB
2026-10-09 18:39:06,268 RX_BYTE 04
2026-10-09 18:39:06,268 RX_BYTE 00
2026-10-09 18:39:06,268 RX_BYTE 6D
2026-10-09 18:39:06,268 RX 8B F1 B1 61 01 90 D2 A6 93 94 B0 FB 04 00 6D
2026-10-09 18:39:06,268 RX_BYTE 8B
2026-10-09 18:39:06,268 RX_BYTE F1
2026-10-09 18:39:06,268 RX_BYTE B1
2026-10-09 18:39:06,268 RX_BYTE 61
2026-10-09 18:39:06,268 RX_BYTE 01
2026-10-09 18:39:06,268 RX_BYTE 90
2026-10-09 18:39:06,268 RX_BYTE D2
2026-10-09 18:39:06,268 RX_BYTE A6
2026-10-09 18:39:06,269 RX_BYTE 93
2026-10-09 18:39:06,269 RX_BYTE 94
2026-10-09 18:39:06,269 RX_BYTE B0
2026-10-09 18:39:06,269 RX_BYTE FB
2026-10-09 18:39:06,269 RX_BYTE 04
2026-10-09 18:39:06,269 RX_BYTE 00
2026-10-09 18:39:06,269 RX_BYTE 6D
2026-10-09 18:39:06,269 RX 8B F1 B1 61 01 90 D2 A6 93 94 B0 FB 04 00 6D
2026-10-09 18:39:06,269 RX_BYTE 8B
2026-10-09 18:39:06,269 RX_BYTE F1
2026-10-09 18:39:06,269 RX_BYTE B1
2026-10-09 18:39:06,269 RX_BYTE 61
2026-10-09 18:39:06,269 RX_BYTE 01
2026-10-09 18:39:06,269 RX_BYTE 90
2026-10-09 18:39:06,269 RX_BYTE D2
2026-10-09 18:39:06,269 RX_BYTE A6
2026-10-09 18:39:06,269 RX_BYTE 93
2026-10-09 18:39:06,269 RX_BYTE 94
2026-10-09 18:39:06,269 RX_BYTE B0
2026-10-09 18:39:06,269 RX_BYTE FB
2026-10-09 18:39:06,269 RX_BYTE 04
2026-10-09 18:39:06,269 RX_BYTE 00
2026-10-09 18:39:06,269 RX_BYTE 6D
2026-10-09 18:39:06,269 RX 8B F1 B1 61 01 90 D2 A6 93 94 B0 FB 04 00 6D
2026-10-09 18:39:06,269 RX_BYTE 8B
2026-10-09 18:39:06,269 RX_BYTE F1
2026-10-09 18:39:06,269 RX_BYTE B1
2026-10-09 18:39:06,269 RX_BYTE 61
2026-10-09 18:39:06,269 RX_BYTE 01
2026-10-09 18:39:06,269 RX_BYTE 90
2026-10-09 18:39:06,269 RX_BYTE D2
2026-10-09 18:39:06,269 RX_BYTE A6
2026-10-09 18:39:06,269 RX_BYTE 93
2026-10-09 18:39:06,269 RX_BYTE 94
2026-10-09 18:39:06,269 RX_BYTE B0
2026-10-09 18:39:06,269 RX_BYTE FB
2026-10-09 18:39:06,269 RX_BYTE 04
2026-10-09 18:39:06,269 RX_BYTE 00
2026-10-09 18:39:06,269 RX_BYTE 6D
2026-10-09 18:39:06,269 RX 8B F1 B1 61 01 90 D2 A6 93 94 B0 FB 04 00 6D
2026-10-09 18:39:06,269 RX_BYTE 8B
2026-10-09 18:39:06,269 RX_BYTE F1
2026-10-09 18:39:06,269 RX_BYTE B1
2026-10-09 18:39:06,269 RX_BYTE 61
2026-10-09 18:39:06,269 RX_BYTE 01
2026-10-09 18:39:06,269 RX_BYTE 90
2026-10-09 18:39:06,269 RX_BYTE D2
2026-10-09 18:39:06,269 RX_BYTE A6
2026-10-09 18:39:06,269 RX_BYTE 93
2026-10-09 18:39:06,269 RX_BYTE 94
2026-10-09 18:39:06,269 RX_BYTE B0
2026-10-09 18:39:06,269 RX_BYTE FB
2026-10-09 18:39:06,269 RX_BYTE 04
2026-10-09 18:39:06,269 RX_BYTE 00
2026-10-09 18:39:06,269 RX_BYTE 6D
2026-10-09 18:39:06,269 RX 8B F1 B1 61 01 90 D2 A6 93 94 B0 FB 04 00 6D
2026-10-09 18:39:06,269 RX_BYTE 8B
2026-10-09 18:39:06,269 RX_BYTE F1
2026-10-09 18:39:06,269 RX_BYTE B1
2026-10-09 18:39:06,269 RX_BYTE 61
2026-10-09 18:39:06,269 RX_BYTE 01
2026-10-09 18:39:06,270 RX_BYTE 90
2026-10-09 18:39:06,270 RX_BYTE D2
2026-10-09 18:39:06,270 RX_BYTE A6
2026-10-09 18:39:06,270 RX_BYTE 93
2026-10-09 18:39:06,270 RX_BYTE 94
2026-10-09 18:39:06,270 RX_BYTE B0
2026-10-09 18:39:06,270 RX_BYTE FB
2026-10-09 18:39:06,270 RX_BYTE 04
2026-10-09 18:39:06,270 RX_BYTE 00
2026-10-09 18:39:06,270 RX_BYTE 6D
2026-10-09 18:39:06,270 RX 8B F1 B1 61 01 90 D2 A6 93 94 B0 FB 04 00 6D
2026-10-09 18:39:06,270 RX_BYTE 8B
2026-10-09 18:39:06,270 RX_BYTE F1
2026-10-09 18:39:06,270 RX_BYTE B1
2026-10-09 18:39:06,270 RX_BYTE 61
2026-10-09 18:39:06,270 RX_BYTE 01
2026-10-09 18:39:06,270 RX_BYTE 90
2026-10-09 18:39:06,270 RX_BYTE D2
2026-10-09 18:39:06,270 RX_BYTE A6
2026-10-09 18:39:06,270 RX_BYTE 93
2026-10-09 18:39:06,270 RX_BYTE 94
2026-10-09 18:39:06,270 RX_BYTE B0
2026-10-09 18:39:06,270 RX_BYTE FB
2026-10-09 18:39:06,270 RX_BYTE 04
2026-10-09 18:39:06,270 RX_BYTE 00
2026-10-09 18:39:06,270 RX_BYTE 6D
2026-10-09 18:39:06,270 RX 8B F1 B1 61 01 90 D2 A6 93 94 B0 FB 04 00 6D
2026-10-09 18:39:06,270 RX_BYTE 8B
2026-10-09 18:39:06,270 RX_BYTE F1
2026-10-09 18:39:06,270 RX_BYTE B1
2026-10-09 18:39:06,270 RX_BYTE 61
2026-10-09 18:39:06,270 RX_BYTE 01
2026-10-09 18:39:06,270 RX_BYTE 90
2026-10-09 18:39:06,270 RX_BYTE D2
2026-10-09 18:39:06,270 RX_BYTE A6
2026-10-09 18:39:06,270 RX_BYTE 93
2026-10-09 18:39:06,270 RX_BYTE 94
2026-10-09 18:39:06,270 RX_BYTE B0
2026-10-09 18:39:06,270 RX_BYTE FB
2026-10-09 18:39:06,270 RX_BYTE 04
2026-10-09 18:39:06,270 RX_BYTE 00
2026-10-09 18:39:06,270 RX_BYTE 6D
2026-10-09 18:39:06,270 RX 8B F1 B1 61 01 90 D2 A6 93 94 B0 FB 04 00 6D
2026-10-09 18:39:06,270 RX_BYTE 8B
2026-10-09 18:39:06,270 RX_BYTE F1
2026-10-09 18:39:06,270 RX_BYTE B1
2026-10-09 18:39:06,270 RX_BYTE 61
2026-10-09 18:39:06,270 RX_BYTE 01
2026-10-09 18:39:06,270 RX_BYTE 90
2026-10-09 18:39:06,270 RX_BYTE D2
2026-10-09 18:39:06,270 RX_BYTE A6
2026-10-09 18:39:06,270 RX_BYTE 93
2026-10-09 18:39:06,270 RX_BYTE 94
2026-10-09 18:39:06,270 RX_BYTE B0
2026-10-09 18:39:06,270 RX_BYTE FB
2026-10-09 18:39:06,270 RX_BYTE 04
2026-10-09 18:39:06,270 RX_BYTE 00
2026-10-09 18:39:06,270 RX_BYTE 6D
2026-10-09 18:39:06,270 RX 8B F1 B1 61 01 90 D2 A6 93 94 B0 FB 04 00 6D
2026-10-09 18:39:06,270 RX_BYTE 8B
2026-10-09 18:39:06,270 RX_BYTE F1
2026-10-09 18:39:06,271 RX_BYTE B1
2026-10-09 18:39:06,271 RX_BYTE 61
2026-10-09 18:39:06,271 RX_BYTE 01
2026-10-09 18:39:06,271 RX_BYTE 90
2026-10-09 18:39:06,271 RX_BYTE D2
2026-10-09 18:39:06,271 RX_BYTE A6
2026-10-09 18:39:06,271 RX_BYTE 93
2026-10-09 18:39:06,271 RX_BYTE 94
2026-10-09 18:39:06,271 RX_BYTE B0
2026-10-09 18:39:06,271 RX_BYTE FB
2026-10-09 18:39:06,271 RX_BYTE 04
2026-10-09 18:39:06,271 RX_BYTE 00
2026-10-09 18:39:06,271 RX_BYTE 6D
2026-10-09 18:39:06,271 RX 8B F1 B1 61 01 90 D2 A6 93 94 B0 FB 04 00 6D
2026-10-09 18:39:06,271 RX_BYTE 8B
2026-10-09 18:39:06,271 RX_BYTE F1
2026-10-09 18:39:06,271 RX_BYTE B1
2026-10-09 18:39:06,271 RX_BYTE 61
2026-10-09 18:39:06,271 RX_BYTE 01
2026-10-09 18:39:06,271 RX_BYTE 90
2026-10-09 18:39:06,271 RX_BYTE D2
2026-10-09 18:39:06,271 RX_BYTE A6
2026-10-09 18:39:06,271 RX_BYTE 93
2026-10-09 18:39:06,271 RX_BYTE 94
2026-10-09 18:39:06,271 RX_BYTE B0
2026-10-09 18:39:06,271 RX_BYTE FB
2026-10-09 18:39:06,271 RX_BYTE 04
2026-10-09 18:39:06,271 RX_BYTE 00
2026-10-09 18:39:06,271 RX_BYTE 6D
2026-10-09 18:39:06,271 RX 8B F1 B1 61 01 90 D2 A6 93 94 B0 FB 04 00 6D
2026-10-09 18:39:06,271 RX_BYTE 8B
2026-10-09 18:39:06,271 RX_BYTE F1
2026-10-09 18:39:06,271 RX_BYTE B1
2026-10-09 18:39:06,271 RX_BYTE 61
2026-10-09 18:39:06,271 RX_BYTE 01
2026-10-09 18:39:06,271 RX_BYTE 90
2026-10-09 18:39:06,271 RX_BYTE D2
2026-10-09 18:39:06,271 RX_BYTE A6
2026-10-09 18:39:06,271 RX_BYTE 93
2026-10-09 18:39:06,271 RX_BYTE 94
2026-10-09 18:39:06,271 RX_BYTE B0
2026-10-09 18:39:06,271 RX_BYTE FB
2026-10-09 18:39:06,271 RX_BYTE 04
2026-10-09 18:39:06,271 RX_BYTE 00
2026-10-09 18:39:06,271 RX_BYTE 6D
2026-10-09 18:39:06,271 RX 8B F1 B1 61 01 90 D2 A6 93 94 B0 FB 04 00 6D
2026-10-09 18:39:06,271 RX_BYTE 8B
2026-10-09 18:39:06,271 RX_BYTE F1
2026-10-09 18:39:06,271 RX_BYTE B1
2026-10-09 18:39:06,271 RX_BYTE 61
2026-10-09 18:39:06,271 RX_BYTE 01
2026-10-09 18:39:06,271 RX_BYTE 90
2026-10-09 18:39:06,271 RX_BYTE D2
2026-10-09 18:39:06,271 RX_BYTE A6
2026-10-09 18:39:06,271 RX_BYTE 93
2026-10-09 18:39:06,271 RX_BYTE 94
2026-10-09 18:39:06,271 RX_BYTE B0
2026-10-09 18:39:06,271 RX_BYTE FB
2026-10-09 18:39:06,272 RX_BYTE 04
2026-10-09 18:39:06,272 RX_BYTE 00
2026-10-09 18:39:06,272 RX_BYTE 6D
2026-10-09 18:39:06,272 RX 8B F1 B1 61 01 90 D2 A6 93 94 B0 FB 04 00 6D
2026-10-09 18:39:06,272 RX_BYTE 8B
2026-10-09 18:39:06,272 RX_BYTE F1
2026-10-09 18:39:06,272 RX_BYTE B1
2026-10-09 18:39:06,272 RX_BYTE 61
2026-10-09 18:39:06,272 RX_BYTE 01
2026-10-09 18:39:06,272 RX_BYTE 90
2026-10-09 18:39:06,272 RX_BYTE D2
2026-10-09 18:39:06,272 RX_BYTE A6
2026-10-09 18:39:06,272 RX_BYTE 93
2026-10-09 18:39:06,272 RX_BYTE 94
2026-10-09 18:39:06,272 RX_BYTE B0
2026-10-09 18:39:06,272 RX_BYTE FB
2026-10-09 18:39:06,272 RX_BYTE 04
2026-10-09 18:39:06,272 RX_BYTE 00
2026-10-09 18:39:06,272 RX_BYTE 6D
2026-10-09 18:39:06,272 RX 8B F1 B1 61 01 90 D2 A6 93 94 B0 FB 04 00 6D
2026-10-09 18:39:06,272 RX_BYTE 8B
2026-10-09 18:39:06,272 RX_BYTE F1
2026-10-09 18:39:06,272 RX_BYTE B1
2026-10-09 18:39:06,273 RX_BYTE 61
2026-10-09 18:39:06,273 RX_BYTE 01
2026-10-09 18:39:06,273 RX_BYTE 90
2026-10-09 18:39:06,273 RX_BYTE D2
2026-10-09 18:39:06,273 RX_BYTE A6
2026-10-09 18:39:06,273 RX_BYTE 93
2026-10-09 18:39:06,273 RX_BYTE 94
2026-10-09 18:39:06,273 RX_BYTE B0
2026-10-09 18:39:06,273 RX_BYTE FB
2026-10-09 18:39:06,273 RX_BYTE 04
2026-10-09 18:39:06,273 RX_BYTE 00
2026-10-09 18:39:06,273 RX_BYTE 6D
2026-10-09 18:39:06,273 RX 8B F1 B1 61 01 90 D2 A6 93 94 B0 FB 04 00 6D
2026-10-09 18:39:06,273 RX_BYTE 8B
2026-10-09 18:39:06,273 RX_BYTE F1
2026-10-09 18:39:06,273 RX_BYTE B1
2026-10-09 18:39:06,273 RX_BYTE 61
2026-10-09 18:39:06,273 RX_BYTE 01
2026-10-09 18:39:06,273 RX_BYTE 90
2026-10-09 18:39:06,273 RX_BYTE D2
2026-10-09 18:39:06,273 RX_BYTE A6
2026-10-09 18:39:06,273 RX_BYTE 93
2026-10-09 18:39:06,273 RX_BYTE 94
2026-10-09 18:39:06,273 RX_BYTE B0
2026-10-09 18:39:06,273 RX_BYTE FB
2026-10-09 18:39:06,273 RX_BYTE 04
2026-10-09 18:39:06,273 RX_BYTE 00
2026-10-09 18:39:06,273 RX_BYTE 6D
2026-10-09 18:39:06,273 RX 8B F1 B1 61 01 90 D2 A6 93 94 B0 FB 04 00 6D
2026-10-09 18:39:06,273 RX_BYTE 8B
2026-10-09 18:39:06,273 RX_BYTE F1
2026-10-09 18:39:06,273 RX_BYTE B1
2026-10-09 18:39:06,273 RX_BYTE 61
2026-10-09 18:39:06,274 RX_BYTE 01
2026-10-09 18:39:06,274 RX_BYTE 90
2026-10-09 18:39:06,274 RX_BYTE D2
2026-10-09 18:39:06,274 RX_BYTE A6
2026-10-09 18:39:06,274 RX_BYTE 93
2026-10-09 18:39:06,274 RX_BYTE 94
2026-10-09 18:39:06,274 RX_BYTE B0
2026-10-09 18:39:06,274 RX_BYTE FB
2026-10-09 18:39:06,274 RX_BYTE 04
2026-10-09 18:39:06,274 RX_BYTE 00
2026-10-09 18:39:06,274 RX_BYTE 6D
2026-10-09 18:39:06,274 RX 8B F1 B1 61 01 90 D2 A6 93 94 B0 FB 04 00 6D
2026-10-09 18:39:06,274 RX_BYTE 8B
2026-10-09 18:39:06,274 RX_BYTE F1
2026-10-09 18:39:06,274 RX_BYTE B1
2026-10-09 18:39:06,274 RX_BYTE 61
2026-10-09 18:39:06,274 RX_BYTE 01
2026-10-09 18:39:06,274 RX_BYTE 90
2026-10-09 18:39:06,274 RX_BYTE D2
2026-10-09 18:39:06,274 RX_BYTE A6
2026-10-09 18:39:06,274 RX_BYTE 93
2026-10-09 18:39:06,274 RX_BYTE 94
2026-10-09 18:39:06,274 RX_BYTE B0
2026-10-09 18:39:06,274 RX_BYTE FB
2026-10-09 18:39:06,274 RX_BYTE 04
2026-10-09 18:39:06,274 RX_BYTE 00
2026-10-09 18:39:06,274 RX_BYTE 6D
2026-10-09 18:39:06,274 RX 8B F1 B1 61 01 90 D2 A6 93 94 B0 FB 04 00 6D
2026-10-09 18:39:06,274 RX_BYTE 8B
2026-10-09 18:39:06,274 RX_BYTE F1
2026-10-09 18:39:06,274 RX_BYTE B1
2026-10-09 18:39:06,274 RX_BYTE 61
2026-10-09 18:39:06,274 RX_BYTE 01
2026-10-09 18:39:06,274 RX_BYTE 90
2026-10-09 18:39:06,274 RX_BYTE D2
2026-10-09 18:39:06,274 RX_BYTE A6
2026-10-09 18:39:06,274 RX_BYTE 93
2026-10-09 18:39:06,274 RX_BYTE 94
2026-10-09 18:39:06,274 RX_BYTE B0
2026-10-09 18:39:06,274 RX_BYTE FB
2026-10-09 18:39:06,274 RX_BYTE 04
2026-10-09 18:39:06,274 RX_BYTE 00
2026-10-09 18:39:06,274 RX_BYTE 6D
2026-10-09 18:39:06,274 RX 8B F1 B1 61 01 90 D2 A6 93 94 B0 FB 04 00 6D
2026-10-09 18:39:06,274 RX_BYTE 8B
2026-10-09 18:39:06,274 RX_BYTE F1
2026-10-09 18:39:06,274 RX_BYTE B1
2026-10-09 18:39:06,274 RX_BYTE 61
2026-10-09 18:39:06,274 RX_BYTE 01
2026-10-09 18:39:06,274 RX_BYTE 90
2026-10-09 18:39:06,274 RX_BYTE D2
2026-10-09 18:39:06,274 RX_BYTE A6
2026-10-09 18:39:06,274 RX_BYTE 93
2026-10-09 18:39:06,274 RX_BYTE 94
2026-10-09 18:39:06,274 RX_BYTE B0
2026-10-09 18:39:06,274 RX_BYTE FB
2026-10-09 18:39:06,274 RX_BYTE 04
2026-10-09 18:39:06,274 RX_BYTE 00
2026-10-09 18:39:06,275 RX_BYTE 6D
2026-10-09 18:39:06,275 RX 8B F1 B1 61 01 90 D2 A6 93 94 B0 FB 04 00 6D
2026-10-09 18:39:06,275 RX_BYTE 8B
2026-10-09 18:39:06,275 RX_BYTE F1
2026-10-09 18:39:06,275 RX_BYTE B1
2026-10-09 18:39:06,275 RX_BYTE 61
2026-10-09 18:39:06,275 RX_BYTE 01
2026-10-09 18:39:06,275 RX_BYTE 90
2026-10-09 18:39:06,275 RX_BYTE D2
2026-10-09 18:39:06,275 RX_BYTE A6
2026-10-09 18:39:06,275 RX_BYTE 93
2026-10-09 18:39:06,275 RX_BYTE 94
2026-10-09 18:39:06,275 RX_BYTE B0
2026-10-09 18:39:06,275 RX_BYTE FB
2026-10-09 18:39:06,275 RX_BYTE 04
2026-10-09 18:39:06,275 RX_BYTE 00
2026-10-09 18:39:06,275 RX_BYTE 6D
2026-10-09 18:39:06,275 RX 8B F1 B1 61 01 90 D2 A6 93 94 B0 FB 04 00 6D
2026-10-09 18:39:06,275 RX_BYTE 8B
2026-10-09 18:39:06,275 RX_BYTE F1
2026-10-09 18:39:06,275 RX_BYTE B1
2026-10-09 18:39:06,275 RX_BYTE 61
2026-10-09 18:39:06,275 RX_BYTE 01
2026-10-09 18:39:06,275 RX_BYTE 90
2026-10-09 18:39:06,275 RX_BYTE D2
2026-10-09 18:39:06,275 RX_BYTE A6
2026-10-09 18:39:06,275 RX_BYTE 93
2026-10-09 18:39:06,275 RX_BYTE 94
2026-10-09 18:39:06,275 RX_BYTE B0
2026-10-09 18:39:06,275 RX_BYTE FB
2026-10-09 18:39:06,275 RX_BYTE 04
2026-10-09 18:39:06,275 RX_BYTE 00
2026-10-09 18:39:06,275 RX_BYTE 6D
2026-10-09 18:39:06,275 RX 8B F1 B1 61 01 90 D2 A6 93 94 B0 FB 04 00 6D
2026-10-09 18:39:06,275 RX_BYTE 8B
2026-10-09 18:39:06,275 RX_BYTE F1
2026-10-09 18:39:06,275 RX_BYTE B1
2026-10-09 18:39:06,275 RX_BYTE 61
2026-10-09 18:39:06,275 RX_BYTE 01
2026-10-09 18:39:06,275 RX_BYTE 90
2026-10-09 18:39:06,275 RX_BYTE D2
2026-10-09 18:39:06,275 RX_BYTE A6
2026-10-09 18:39:06,275 RX_BYTE 93
2026-10-09 18:39:06,275 RX_BYTE 94
2026-10-09 18:39:06,275 RX_BYTE B0
2026-10-09 18:39:06,275 RX_BYTE FB
2026-10-09 18:39:06,275 RX_BYTE 04
2026-10-09 18:39:06,275 RX_BYTE 00
2026-10-09 18:39:06,275 RX_BYTE 6D
2026-10-09 18:39:06,275 RX 8B F1 B1 61 01 90 D2 A6 93 94 B0 FB 04 00 6D
2026-10-09 18:39:06,275 RX_BYTE 8B
2026-10-09 18:39:06,275 RX_BYTE F1
2026-10-09 18:39:06,275 RX_BYTE B1
2026-10-09 18:39:06,275 RX_BYTE 61
2026-10-09 18:39:06,275 RX_BYTE 01
2026-10-09 18:39:06,275 RX_BYTE 90
2026-10-09 18:39:06,275 RX_BYTE D2
2026-10-09 18:39:06,275 RX_BYTE A6
2026-10-09 18:39:06,275 RX_BYTE 93
2026-10-09 18:39:06,276 RX_BYTE 94
2026-10-09 18:39:06,276 RX_BYTE B0
2026-10-09 18:39:06,276 RX_BYTE FB
2026-10-09 18:39:06,276 RX_BYTE 04
2026-10-09 18:39:06,276 RX_BYTE 00
2026-10-09 18:39:06,276 RX_BYTE 6D
2026-10-09 18:39:06,276 RX 8B F1 B1 61 01 90 D2 A6 93 94 B0 FB 04 00 6D
2026-10-09 18:39:06,276 RX_BYTE 8B
2026-10-09 18:39:06,276 RX_BYTE F1
2026-10-09 18:39:06,276 RX_BYTE B1
2026-10-09 18:39:06,276 RX_BYTE 61
2026-10-09 18:39:06,276 RX_BYTE 01
2026-10-09 18:39:06,276 RX_BYTE 90
2026-10-09 18:39:06,276 RX_BYTE D2
2026-10-09 18:39:06,276 RX_BYTE A6
2026-10-09 18:39:06,276 RX_BYTE 93
2026-10-09 18:39:06,276 RX_BYTE 94
2026-10-09 18:39:06,276 RX_BYTE B0
2026-10-09 18:39:06,276 RX_BYTE FB
2026-10-09 18:39:06,276 RX_BYTE 04
2026-10-09 18:39:06,276 RX_BYTE 00
2026-10-09 18:39:06,276 RX_BYTE 6D
2026-10-09 18:39:06,276 RX 8B F1 B1 61 01 90 D2 A6 93 94 B0 FB 04 00 6D
2026-10-09 18:39:06,276 RX_BYTE 8B
2026-10-09 18:39:06,276 RX_BYTE F1
2026-10-09 18:39:06,276 RX_BYTE B1
2026-10-09 18:39:06,276 RX_BYTE 61
2026-10-09 18:39:06,276 RX_BYTE 01
2026-10-09 18:39:06,276 RX_BYTE 90
2026-10-09 18:39:06,276 RX_BYTE D2
2026-10-09 18:39:06,276 RX_BYTE A6
2026-10-09 18:39:06,276 RX_BYTE 93
2026-10-09 18:39:06,276 RX_BYTE 94
2026-10-09 18:39:06,276 RX_BYTE B0
2026-10-09 18:39:06,276 RX_BYTE FB
2026-10-09 18:39:06,276 RX_BYTE 04
2026-10-09 18:39:06,276 RX_BYTE 00
2026-10-09 18:39:06,276 RX_BYTE 6D
2026-10-09 18:39:06,276 RX 8B F1 B1 61 01 90 D2 A6 93 94 B0 FB 04 00 6D
2026-10-09 18:39:06,276 RX_BYTE 8B
2026-10-09 18:39:06,276 RX_BYTE F1
2026-10-09 18:39:06,276 RX_BYTE B1
2026-10-09 18:39:06,276 RX_BYTE 61
2026-10-09 18:39:06,276 RX_BYTE 01
2026-10-09 18:39:06,276 RX_BYTE 90
2026-10-09 18:39:06,276 RX_BYTE D2
2026-10-09 18:39:06,276 RX_BYTE A6
2026-10-09 18:39:06,276 RX_BYTE 93
2026-10-09 18:39:06,276 RX_BYTE 94
2026-10-09 18:39:06,276 RX_BYTE B0
2026-10-09 18:39:06,276 RX_BYTE FB
2026-10-09 18:39:06,276 RX_BYTE 04
2026-10-09 18:39:06,276 RX_BYTE 00
2026-10-09 18:39:06,276 RX_BYTE 6D
2026-10-09 18:39:06,276 RX 8B F1 B1 61 01 90 D2 A6 93 94 B0 FB 04 00 6D
2026-10-09 18:39:06,276 RX_BYTE 8B
2026-10-09 18:39:06,276 RX_BYTE F1
2026-10-09 18:39:06,276 RX_BYTE B1
2026-10-09 18:39:06,276 RX_BYTE 61
2026-10-09 18:39:06,276 RX_BYTE 01
2026-10-09 18:39:06,276 RX_BYTE 90
2026-10-09 18:39:06,277 RX_BYTE D2
2026-10-09 18:39:06,277 RX_BYTE A6
2026-10-09 18:39:06,277 RX_BYTE 93
2026-10-09 18:39:06,277 RX_BYTE 94
2026-10-09 18:39:06,277 RX_BYTE B0
2026-10-09 18:39:06,277 RX_BYTE FB
2026-10-09 18:39:06,277 RX_BYTE 04
2026-10-09 18:39:06,277 RX_BYTE 00
2026-10-09 18:39:06,277 RX_BYTE 6D
2026-10-09 18:39:06,277 RX 8B F1 B1 61 01 90 D2 A6 93 94 B0 FB 04 00 6D
2026-10-09 18:39:06,277 RX_BYTE 8B
2026-10-09 18:39:06,277 RX_BYTE F1
2026-10-09 18:39:06,277 RX_BYTE B1
2026-10-09 18:39:06,277 RX_BYTE 61
2026-10-09 18:39:06,277 RX_BYTE 01
2026-10-09 18:39:06,277 RX_BYTE 90
2026-10-09 18:39:06,277 RX_BYTE D2
2026-10-09 18:39:06,277 RX_BYTE A6
2026-10-09 18:39:06,277 RX_BYTE 93
2026-10-09 18:39:06,277 RX_BYTE 94
2026-10-09 18:39:06,277 RX_BYTE B0
2026-10-09 18:39:06,277 RX_BYTE FB
2026-10-09 18:39:06,277 RX_BYTE 04
2026-10-09 18:39:06,277 RX_BYTE 00
2026-10-09 18:39:06,277 RX_BYTE 6D
2026-10-09 18:39:06,277 RX 8B F1 B1 61 01 90 D2 A6 93 94 B0 FB 04 00 6D
2026-10-09 18:39:06,277 RX_BYTE 8B
2026-10-09 18:39:06,277 RX_BYTE F1
2026-10-09 18:39:06,277 RX_BYTE B1
2026-10-09 18:39:06,277 RX_BYTE 61
2026-10-09 18:39:06,277 RX_BYTE 01
2026-10-09 18:39:06,277 RX_BYTE 90
2026-10-09 18:39:06,277 RX_BYTE D2
2026-10-09 18:39:06,277 RX_BYTE A6
2026-10-09 18:39:06,277 RX_BYTE 93
2026-10-09 18:39:06,277 RX_BYTE 94
2026-10-09 18:39:06,277 RX_BYTE B0
2026-10-09 18:39:06,277 RX_BYTE FB
2026-10-09 18:39:06,277 RX_BYTE 04
2026-10-09 18:39:06,277 RX_BYTE 00
2026-10-09 18:39:06,277 RX_BYTE 6D
2026-10-09 18:39:06,277 RX 8B F1 B1 61 01 90 D2 A6 93 94 B0 FB 04 00 6D
2026-10-09 18:39:06,277 RX_BYTE 8B
2026-10-09 18:39:06,277 RX_BYTE F1
2026-10-09 18:39:06,277 RX_BYTE B1
2026-10-09 18:39:06,277 RX_BYTE 61
2026-10-09 18:39:06,277 RX_BYTE 01
2026-10-09 18:39:06,277 RX_BYTE 90
2026-10-09 18:39:06,277 RX_BYTE D2
2026-10-09 18:39:06,277 RX_BYTE A6
2026-10-09 18:39:06,277 RX_BYTE 93
2026-10-09 18:39:06,277 RX_BYTE 94
2026-10-09 18:39:06,277 RX_BYTE B0
2026-10-09 18:39:06,277 RX_BYTE FB
2026-10-09 18:39:06,277 RX_BYTE 04
2026-10-09 18:39:06,277 RX_BYTE 00
2026-10-09 18:39:06,277 RX_BYTE 6D
2026-10-09 18:39:06,277 RX 8B F1 B1 61 01 90 D2 A6 93 94 B0 FB 04 00 6D
2026-10-09 18:39:06,277 RX_BYTE 8B
2026-10-09 18:39:06,277 RX_BYTE F1
2026-10-09 18:39:06,278 RX_BYTE B1
2026-10-09 18:39:06,278 RX_BYTE 61
2026-10-09 18:39:06,278 RX_BYTE 01
2026-10-09 18:39:06,278 RX_BYTE 90
2026-10-09 18:39:06,278 RX_BYTE D2
2026-10-09 18:39:06,278 RX_BYTE A6
2026-10-09 18:39:06,278 RX_BYTE 93
2026-10-09 18:39:06,278 RX_BYTE 94
2026-10-09 18:39:06,278 RX_BYTE B0
2026-10-09 18:39:06,278 RX_BYTE FB
2026-10-09 18:39:06,278 RX_BYTE 04
2026-10-09 18:39:06,278 RX_BYTE 00
2026-10-09 18:39:06,278 RX_BYTE 6D
2026-10-09 18:39:06,278 RX 8B F1 B1 61 01 90 D2 A6 93 94 B0 FB 04 00 6D
2026-10-09 18:39:06,278 RX_BYTE 8B
2026-10-09 18:39:06,278 RX_BYTE F1
2026-10-09 18:39:06,278 RX_BYTE B1
2026-10-09 18:39:06,278 RX_BYTE 61
2026-10-09 18:39:06,278 RX_BYTE 01
2026-10-09 18:39:06,278 RX_BYTE 90
2026-10-09 18:39:06,278 RX_BYTE D2
2026-10-09 18:39:06,278 RX_BYTE A6
2026-10-09 18:39:06,278 RX_BYTE 93
2026-10-09 18:39:06,278 RX_BYTE 94
2026-10-09 18:39:06,278 RX_BYTE B0
2026-10-09 18:39:06,278 RX_BYTE FB
2026-10-09 18:39:06,278 RX_BYTE 04
2026-10-09 18:39:06,278 RX_BYTE 00
2026-10-09 18:39:06,278 RX_BYTE 6D
2026-10-09 18:39:06,278 RX 8B F1 B1 61 01 90 D2 A6 93 94 B0 FB 04 00 6D
2026-10-09 18:39:06,278 RX_BYTE 8B
2026-10-09 18:39:06,278 RX_BYTE F1
2026-10-09 18:39:06,278 RX_BYTE B1
2026-10-09 18:39:06,278 RX_BYTE 61
2026-10-09 18:39:06,278 RX_BYTE 01
2026-10-09 18:39:06,278 RX_BYTE 90
2026-10-09 18:39:06,278 RX_BYTE D2
2026-10-09 18:39:06,278 RX_BYTE A6
2026-10-09 18:39:06,278 RX_BYTE 93
2026-10-09 18:39:06,278 RX_BYTE 94
2026-10-09 18:39:06,278 RX_BYTE B0
2026-10-09 18:39:06,278 RX_BYTE FB
2026-10-09 18:39:06,278 RX_BYTE 04
2026-10-09 18:39:06,278 RX_BYTE 00
2026-10-09 18:39:06,278 RX_BYTE 6D
2026-10-09 18:39:06,278 RX 8B F1 B1 61 01 90 D2 A6 93 94 B0 FB 04 00 6D
2026-10-09 18:39:06,278 RX_BYTE 8B
2026-10-09 18:39:06,278 RX_BYTE F1
2026-10-09 18:39:06,278 RX_BYTE B1
2026-10-09 18:39:06,278 RX_BYTE 61
2026-10-09 18:39:06,278 RX_BYTE 01
2026-10-09 18:39:06,278 RX_BYTE 90
2026-10-09 18:39:06,278 RX_BYTE D2
2026-10-09 18:39:06,278 RX_BYTE A6
2026-10-09 18:39:06,278 RX_BYTE 93
2026-10-09 18:39:06,278 RX_BYTE 94
2026-10-09 18:39:06,278 RX_BYTE B0
2026-10-09 18:39:06,278 RX_BYTE FB
2026-10-09 18:39:06,278 RX_BYTE 04
2026-10-09 18:39:06,278 RX_BYTE 00
2026-10-09 18:39:06,278 RX_BYTE 6D
2026-10-09 18:39:06,279 RX 8B F1 B1 61 01 90 D2 A6 93 94 B0 FB 04 00 6D
2026-10-09 18:39:06,279 RX_BYTE 8B
2026-10-09 18:39:06,279 RX_BYTE F1
2026-10-09 18:39:06,279 RX_BYTE B1
2026-10-09 18:39:06,279 RX_BYTE 61
2026-10-09 18:39:06,279 RX_BYTE 01
2026-10-09 18:39:06,279 RX_BYTE 90
2026-10-09 18:39:06,279 RX_BYTE D2
2026-10-09 18:39:06,279 RX_BYTE A6
2026-10-09 18:39:06,279 RX_BYTE 93
2026-10-09 18:39:06,279 RX_BYTE 94
2026-10-09 18:39:06,279 RX_BYTE B0
2026-10-09 18:39:06,279 RX_BYTE FB
2026-10-09 18:39:06,279 RX_BYTE 04
2026-10-09 18:39:06,279 RX_BYTE 00
2026-10-09 18:39:06,279 RX_BYTE 6D
2026-10-09 18:39:06,279 RX 8B F1 B1 61 01 90 D2 A6 93 94 B0 FB 04 00 6D
2026-10-09 18:39:06,279 RX_BYTE 8B
2026-10-09 18:39:06,279 RX_BYTE F1
2026-10-09 18:39:06,279 RX_BYTE B1
2026-10-09 18:39:06,279 RX_BYTE 61
2026-10-09 18:39:06,279 RX_BYTE 01
2026-10-09 18:39:06,279 RX_BYTE 90
2026-10-09 18:39:06,279 RX_BYTE D2
2026-10-09 18:39:06,279 RX_BYTE A6
2026-10-09 18:39:06,279 RX_BYTE 93
2026-10-09 18:39:06,279 RX_BYTE 94
2026-10-09 18:39:06,279 RX_BYTE B0
2026-10-09 18:39:06,279 RX_BYTE FB
2026-10-09 18:39:06,279 RX_BYTE 04
2026-10-09 18:39:06,279 RX_BYTE 00
2026-10-09 18:39:06,279 RX_BYTE 6D
2026-10-09 18:39:06,279 RX 8B F1 B1 61 01 90 D2 A6 93 94 B0 FB 04 00 6D
2026-10-09 18:39:06,279 RX_BYTE 8B
2026-10-09 18:39:06,279 RX_BYTE F1
2026-10-09 18:39:06,279 RX_BYTE B1
2026-10-09 18:39:06,279 RX_BYTE 61
2026-10-09 18:39:06,279 RX_BYTE 01
2026-10-09 18:39:06,279 RX_BYTE 90
2026-10-09 18:39:06,279 RX_BYTE D2
2026-10-09 18:39:06,279 RX_BYTE A6
2026-10-09 18:39:06,279 RX_BYTE 93
2026-10-09 18:39:06,279 RX_BYTE 94
2026-10-09 18:39:06,279 RX_BYTE B0
2026-10-09 18:39:06,279 RX_BYTE FB
2026-10-09 18:39:06,279 RX_BYTE 04
2026-10-09 18:39:06,279 RX_BYTE 00
2026-10-09 18:39:06,279 RX_BYTE 6D
2026-10-09 18:39:06,279 RX 8B F1 B1 61 01 90 D2 A6 93 94 B0 FB 04 00 6D
2026-10-09 18:39:06,279 RX_BYTE 8B
2026-10-09 18:39:06,279 RX_BYTE F1
2026-10-09 18:39:06,279 RX_BYTE B1
2026-10-09 18:39:06,279 RX_BYTE 61
2026-10-09 18:39:06,279 RX_BYTE 01
2026-10-09 18:39:06,279 RX_BYTE 90
2026-10-09 18:39:06,279 RX_BYTE D2
2026-10-09 18:39:06,279 RX_BYTE A6
2026-10-09 18:39:06,279 RX_BYTE 93
2026-10-09 18:39:06,279 RX_BYTE 94
2026-10-09 18:39:06,279 RX_BYTE B0
2026-10-09 18:39:06,280 RX_BYTE FB
2026-10-09 18:39:06,280 RX_BYTE 04
2026-10-09 18:39:06,280 RX_BYTE 00
2026-10-09 18:39:06,280 RX_BYTE 6D
2026-10-09 18:39:06,280 RX 8B F1 B1 61 01 90 D2 A6 93 94 B0 FB 04 00 6D
2026-10-09 18:39:06,280 RX_BYTE 8B
2026-10-09 18:39:06,280 RX_BYTE F1
2026-10-09 18:39:06,280 RX_BYTE B1
2026-10-09 18:39:06,280 RX_BYTE 61
2026-10-09 18:39:06,280 RX_BYTE 01
2026-10-09 18:39:06,280 RX_BYTE 90
2026-10-09 18:39:06,280 RX_BYTE D2
2026-10-09 18:39:06,280 RX_BYTE A6
2026-10-09 18:39:06,280 RX_BYTE 93
2026-10-09 18:39:06,280 RX_BYTE 94
2026-10-09 18:39:06,280 RX_BYTE B0
2026-10-09 18:39:06,280 RX_BYTE FB
2026-10-09 18:39:06,280 RX_BYTE 04
2026-10-09 18:39:06,280 RX_BYTE 00
2026-10-09 18:39:06,280 RX_BYTE 6D
2026-10-09 18:39:06,280 RX 8B F1 B1 61 01 90 D2 A6 93 94 B0 FB 04 00 6D
2026-10-09 18:39:06,280 RX_BYTE 8B
2026-10-09 18:39:06,280 RX_BYTE F1
2026-10-09 18:39:06,280 RX_BYTE B1
2026-10-09 18:39:06,280 RX_BYTE 61
2026-10-09 18:39:06,280 RX_BYTE 01
2026-10-09 18:39:06,280 RX_BYTE 90
2026-10-09 18:39:06,280 RX_BYTE D2
2026-10-09 18:39:06,280 RX_BYTE A6
2026-10-09 18:39:06,280 RX_BYTE 93
2026-10-09 18:39:06,280 RX_BYTE 94
2026-10-09 18:39:06,280 RX_BYTE B0
2026-10-09 18:39:06,280 RX_BYTE FB
2026-10-09 18:39:06,280 RX_BYTE 04
2026-10-09 18:39:06,280 RX_BYTE 00
2026-10-09 18:39:06,280 RX_BYTE 6D
2026-10-09 18:39:06,280 RX 8B F1 B1 61 01 90 D2 A6 93 94 B0 FB 04 00 6D
2026-10-09 18:39:06,280 RX_BYTE 8B
2026-10-09 18:39:06,280 RX_BYTE F1
2026-10-09 18:39:06,280 RX_BYTE B1
2026-10-09 18:39:06,280 RX_BYTE 61
2026-10-09 18:39:06,280 RX_BYTE 01
2026-10-09 18:39:06,280 RX_BYTE 90
2026-10-09 18:39:06,280 RX_BYTE D2
2026-10-09 18:39:06,280 RX_BYTE A6
2026-10-09 18:39:06,280 RX_BYTE 93
2026-10-09 18:39:06,280 RX_BYTE 94
2026-10-09 18:39:06,280 RX_BYTE B0
2026-10-09 18:39:06,280 RX_BYTE FB
2026-10-09 18:39:06,280 RX_BYTE 04
2026-10-09 18:39:06,280 RX_BYTE 00
2026-10-09 18:39:06,280 RX_BYTE 6D
2026-10-09 18:39:06,280 RX 8B F1 B1 61 01 90 D2 A6 93 94 B0 FB 04 00 6D
2026-10-09 18:39:06,280 RX_BYTE 8B
2026-10-09 18:39:06,280 RX_BYTE F1
2026-10-09 18:39:06,280 RX_BYTE B1
2026-10-09 18:39:06,280 RX_BYTE 61
2026-10-09 18:39:06,281 RX_BYTE 01
2026-10-09 18:39:06,281 RX_BYTE 90
2026-10-09 18:39:06,281 RX_BYTE D2
2026-10-09 18:39:06,281 RX_BYTE A6
2026-10-09 18:39:06,281 RX_BYTE 93
2026-10-09 18:39:06,281 RX_BYTE 94
2026-10-09 18:39:06,281 RX_BYTE B0
2026-10-09 18:39:06,281 RX_BYTE FB
2026-10-09 18:39:06,281 RX_BYTE 04
2026-10-09 18:39:06,281 RX_BYTE 00
2026-10-09 18:39:06,281 RX_BYTE 6D
2026-10-09 18:39:06,281 RX 8B F1 B1 61 01 90 D2 A6 93 94 B0 FB 04 00 6D
2026-10-09 18:39:06,281 RX_BYTE 8B
2026-10-09 18:39:06,281 RX_BYTE F1
2026-10-09 18:39:06,281 RX_BYTE B1
2026-10-09 18:39:06,281 RX_BYTE 61
2026-10-09 18:39:06,281 RX_BYTE 01
2026-10-09 18:39:06,281 RX_BYTE 90
2026-10-09 18:39:06,281 RX_BYTE D2
2026-10-09 18:39:06,281 RX_BYTE A6
2026-10-09 18:39:06,281 RX_BYTE 93
2026-10-09 18:39:06,281 RX_BYTE 94
2026-10-09 18:39:06,281 RX_BYTE B0
2026-10-09 18:39:06,281 RX_BYTE FB
2026-10-09 18:39:06,281 RX_BYTE 04
2026-10-09 18:39:06,281 RX_BYTE 00
2026-10-09 18:39:06,281 RX_BYTE 6D
2026-10-09 18:39:06,281 RX 8B F1 B1 61 01 90 D2 A6 93 94 B0 FB 04 00 6D
2026-10-09 18:39:06,281 RX_BYTE 8B
2026-10-09 18:39:06,281 RX_BYTE F1
2026-10-09 18:39:06,281 RX_BYTE B1
2026-10-09 18:39:06,281 RX_BYTE 61
2026-10-09 18:39:06,281 RX_BYTE 01
2026-10-09 18:39:06,281 RX_BYTE 90
2026-10-09 18:39:06,281 RX_BYTE D2
2026-10-09 18:39:06,281 RX_BYTE A6
2026-10-09 18:39:06,281 RX_BYTE 93
2026-10-09 18:39:06,281 RX_BYTE 94
2026-10-09 18:39:06,281 RX_BYTE B0
2026-10-09 18:39:06,281 RX_BYTE FB
2026-10-09 18:39:06,281 RX_BYTE 04
2026-10-09 18:39:06,281 RX_BYTE 00
2026-10-09 18:39:06,281 RX_BYTE 6D
2026-10-09 18:39:06,281 RX 8B F1 B1 61 01 90 D2 A6 93 94 B0 FB 04 00 6D
2026-10-09 18:39:06,281 RX_BYTE 8B
2026-10-09 18:39:06,281 RX_BYTE F1
2026-10-09 18:39:06,281 RX_BYTE B1
2026-10-09 18:39:06,281 RX_BYTE 61
2026-10-09 18:39:06,281 RX_BYTE 01
2026-10-09 18:39:06,281 RX_BYTE 90
2026-10-09 18:39:06,281 RX_BYTE D2
2026-10-09 18:39:06,281 RX_BYTE A6
2026-10-09 18:39:06,281 RX_BYTE 93
2026-10-09 18:39:06,281 RX_BYTE 94
2026-10-09 18:39:06,281 RX_BYTE B0
2026-10-09 18:39:06,281 RX_BYTE FB
2026-10-09 18:39:06,281 RX_BYTE 04
2026-10-09 18:39:06,281 RX_BYTE 00
2026-10-09 18:39:06,281 RX_BYTE 6D
2026-10-09 18:39:06,281 RX 8B F1 B1 61 01 90 D2 A6 93 94 B0 FB 04 00 6D
2026-10-09 18:39:06,281 RX_BYTE 8B
2026-10-09 18:39:06,282 RX_BYTE F1
2026-10-09 18:39:06,282 RX_BYTE B1
2026-10-09 18:39:06,282 RX_BYTE 61
2026-10-09 18:39:06,282 RX_BYTE 01
2026-10-09 18:39:06,282 RX_BYTE 90
2026-10-09 18:39:06,282 RX_BYTE D2
2026-10-09 18:39:06,282 RX_BYTE A6
2026-10-09 18:39:06,282 RX_BYTE 93
2026-10-09 18:39:06,282 RX_BYTE 94
2026-10-09 18:39:06,282 RX_BYTE B0
2026-10-09 18:39:06,282 RX_BYTE FB
2026-10-09 18:39:06,282 RX_BYTE 04
2026-10-09 18:39:06,282 RX_BYTE 00
2026-10-09 18:39:06,282 RX_BYTE 6D
2026-10-09 18:39:06,282 RX 8B F1 B1 61 01 90 D2 A6 93 94 B0 FB 04 00 6D
2026-10-09 18:39:06,282 RX_BYTE 8B
2026-10-09 18:39:06,282 RX_BYTE F1
2026-10-09 18:39:06,282 RX_BYTE B1
2026-10-09 18:39:06,282 RX_BYTE 61
2026-10-09 18:39:06,282 RX_BYTE 01
2026-10-09 18:39:06,282 RX_BYTE 90
2026-10-09 18:39:06,282 RX_BYTE D2
2026-10-09 18:39:06,282 RX_BYTE A6
2026-10-09 18:39:06,282 RX_BYTE 93
2026-10-09 18:39:06,282 RX_BYTE 94
2026-10-09 18:39:06,282 RX_BYTE B0
2026-10-09 18:39:06,282 RX_BYTE FB
2026-10-09 18:39:06,282 RX_BYTE 04
2026-10-09 18:39:06,282 RX_BYTE 00
2026-10-09 18:39:06,282 RX_BYTE 6D
2026-10-09 18:39:06,282 RX 8B F1 B1 61 01 90 D2 A6 93 94 B0 FB 04 00 6D
2026-10-09 18:39:06,282 RX_BYTE 8B
2026-10-09 18:39:06,282 RX_BYTE F1
2026-10-09 18:39:06,282 RX_BYTE B1
2026-10-09 18:39:06,282 RX_BYTE 61
2026-10-09 18:39:06,282 RX_BYTE 01
2026-10-09 18:39:06,282 RX_BYTE 90
2026-10-09 18:39:06,282 RX_BYTE D2
2026-10-09 18:39:06,282 RX_BYTE A6
2026-10-09 18:39:06,282 RX_BYTE 93
2026-10-09 18:39:06,282 RX_BYTE 94
2026-10-09 18:39:06,282 RX_BYTE B0
2026-10-09 18:39:06,282 RX_BYTE FB
2026-10-09 18:39:06,282 RX_BYTE 04
2026-10-09 18:39:06,282 RX_BYTE 00
2026-10-09 18:39:06,282 RX_BYTE 6D
2026-10-09 18:39:06,282 RX 8B F1 B1 61 01 90 D2 A6 93 94 B0 FB 04 00 6D
2026-10-09 18:39:06,282 RX_BYTE 8B
2026-10-09 18:39:06,282 RX_BYTE F1
2026-10-09 18:39:06,282 RX_BYTE B1
2026-10-09 18:39:06,282 RX_BYTE 61
2026-10-09 18:39:06,282 RX_BYTE 01
2026-10-09 18:39:06,282 RX_BYTE 90
2026-10-09 18:39:06,282 RX_BYTE D2
2026-10-09 18:39:06,282 RX_BYTE A6
2026-10-09 18:39:06,282 RX_BYTE 93
2026-10-09 18:39:06,282 RX_BYTE 94
2026-10-09 18:39:06,282 RX_BYTE B0
2026-10-09 18:39:06,282 RX_BYTE FB
2026-10-09 18:39:06,282 RX_BYTE 04
2026-10-09 18:39:06,283 RX_BYTE 00
2026-10-09 18:39:06,283 RX_BYTE 6D
2026-10-09 18:39:06,283 RX 8B F1 B1 61 01 90 D2 A6 93 94 B0 FB 04 00 6D
2026-10-09 18:39:06,283 RX_BYTE 8B
2026-10-09 18:39:06,283 RX_BYTE F1
2026-10-09 18:39:06,283 RX_BYTE B1
2026-10-09 18:39:06,283 RX_BYTE 61
2026-10-09 18:39:06,283 RX_BYTE 01
2026-10-09 18:39:06,283 RX_BYTE 90
2026-10-09 18:39:06,283 RX_BYTE D2
2026-10-09 18:39:06,283 RX_BYTE A6
2026-10-09 18:39:06,283 RX_BYTE 93
2026-10-09 18:39:06,283 RX_BYTE 94
2026-10-09 18:39:06,283 RX_BYTE B0
2026-10-09 18:39:06,283 RX_BYTE FB
2026-10-09 18:39:06,283 RX_BYTE 04
2026-10-09 18:39:06,283 RX_BYTE 00
2026-10-09 18:39:06,283 RX_BYTE 6D
2026-10-09 18:39:06,283 RX 8B F1 B1 61 01 90 D2 A6 93 94 B0 FB 04 00 6D
2026-10-09 18:39:06,283 RX_BYTE 8B
2026-10-09 18:39:06,283 RX_BYTE F1
2026-10-09 18:39:06,283 RX_BYTE B1
2026-10-09 18:39:06,283 RX_BYTE 61
2026-10-09 18:39:06,283 RX_BYTE 01
2026-10-09 18:39:06,283 RX_BYTE 90
2026-10-09 18:39:06,283 RX_BYTE D2
2026-10-09 18:39:06,283 RX_BYTE A6
2026-10-09 18:39:06,283 RX_BYTE 93
2026-10-09 18:39:06,283 RX_BYTE 94
2026-10-09 18:39:06,283 RX_BYTE B0
2026-10-09 18:39:06,283 RX_BYTE FB
2026-10-09 18:39:06,283 RX_BYTE 04
2026-10-09 18:39:06,283 RX_BYTE 00
2026-10-09 18:39:06,283 RX_BYTE 6D
2026-10-09 18:39:06,283 RX 8B F1 B1 61 01 90 D2 A6 93 94 B0 FB 04 00 6D
2026-10-09 18:39:06,283 RX_BYTE 8B
2026-10-09 18:39:06,283 RX_BYTE F1
2026-10-09 18:39:06,283 RX_BYTE B1
2026-10-09 18:39:06,283 RX_BYTE 61
2026-10-09 18:39:06,283 RX_BYTE 01
2026-10-09 18:39:06,283 RX_BYTE 90
2026-10-09 18:39:06,283 RX_BYTE D2
2026-10-09 18:39:06,283 RX_BYTE A6
2026-10-09 18:39:06,283 RX_BYTE 93
2026-10-09 18:39:06,283 RX_BYTE 94
2026-10-09 18:39:06,283 RX_BYTE B0
2026-10-09 18:39:06,283 RX_BYTE FB
2026-10-09 18:39:06,283 RX_BYTE 04
2026-10-09 18:39:06,283 RX_BYTE 00
2026-10-09 18:39:06,283 RX_BYTE 6D
2026-10-09 18:39:06,283 RX 8B F1 B1 61 01 90 D2 A6 93 94 B0 FB 04 00 6D
2026-10-09 18:39:06,283 RX_BYTE 8B
2026-10-09 18:39:06,283 RX_BYTE F1
2026-10-09 18:39:06,283 RX_BYTE B1
2026-10-09 18:39:06,283 RX_BYTE 61
2026-10-09 18:39:06,283 RX_BYTE 01
2026-10-09 18:39:06,283 RX_BYTE 90
2026-10-09 18:39:06,283 RX_BYTE D2
2026-10-09 18:39:06,283 RX_BYTE A6
2026-10-09 18:39:06,284 RX_BYTE 93
2026-10-09 18:39:06,284 RX_BYTE 94
2026-10-09 18:39:06,284 RX_BYTE B0
2026-10-09 18:39:06,284 RX_BYTE FB
2026-10-09 18:39:06,284 RX_BYTE 04
2026-10-09 18:39:06,284 RX_BYTE 00
2026-10-09 18:39:06,284 RX_BYTE 6D
2026-10-09 18:39:06,284 RX 8B F1 B1 61 01 90 D2 A6 93 94 B0 FB 04 00 6D
2026-10-09 18:39:06,284 RX_BYTE 8B
2026-10-09 18:39:06,284 RX_BYTE F1
2026-10-09 18:39:06,284 RX_BYTE B1
2026-10-09 18:39:06,284 RX_BYTE 61
2026-10-09 18:39:06,284 RX_BYTE 01
2026-10-09 18:39:06,284 RX_BYTE 90
2026-10-09 18:39:06,284 RX_BYTE D2
2026-10-09 18:39:06,284 RX_BYTE A6
2026-10-09 18:39:06,284 RX_BYTE 93
2026-10-09 18:39:06,284 RX_BYTE 94
2026-10-09 18:39:06,284 RX_BYTE B0
2026-10-09 18:39:06,284 RX_BYTE FB
2026-10-09 18:39:06,284 RX_BYTE 04
2026-10-09 18:39:06,284 RX_BYTE 00
2026-10-09 18:39:06,284 RX_BYTE 6D
2026-10-09 18:39:06,284 RX 8B F1 B1 61 01 90 D2 A6 93 94 B0 FB 04 00 6D
2026-10-09 18:39:06,284 RX_BYTE 8B
2026-10-09 18:39:06,284 RX_BYTE F1
2026-10-09 18:39:06,284 RX_BYTE B1
2026-10-09 18:39:06,284 RX_BYTE 61
2026-10-09 18:39:06,284 RX_BYTE 01
2026-10-09 18:39:06,284 RX_BYTE 90
2026-10-09 18:39:06,284 RX_BYTE D2
2026-10-09 18:39:06,284 RX_BYTE A6
2026-10-09 18:39:06,284 RX_BYTE 93
2026-10-09 18:39:06,284 RX_BYTE 94
2026-10-09 18:39:06,284 RX_BYTE B0
2026-10-09 18:39:06,284 RX_BYTE FB
2026-10-09 18:39:06,284 RX_BYTE 04
2026-10-09 18:39:06,284 RX_BYTE 00
2026-10-09 18:39:06,284 RX_BYTE 6D
2026-10-09 18:39:06,284 RX 8B F1 B1 61 01 90 D2 A6 93 94 B0 FB 04 00 6D
2026-10-09 18:39:06,284 RX_BYTE 8B
2026-10-09 18:39:06,284 RX_BYTE F1
2026-10-09 18:39:06,284 RX_BYTE B1
2026-10-09 18:39:06,284 RX_BYTE 61
2026-10-09 18:39:06,284 RX_BYTE 01
2026-10-09 18:39:06,284 RX_BYTE 90
2026-10-09 18:39:06,284 RX_BYTE D2
2026-10-09 18:39:06,284 RX_BYTE A6
2026-10-09 18:39:06,284 RX_BYTE 93
2026-10-09 18:39:06,284 RX_BYTE 94
2026-10-09 18:39:06,284 RX_BYTE B0
2026-10-09 18:39:06,284 RX_BYTE FB
2026-10-09 18:39:06,284 RX_BYTE 04
2026-10-09 18:39:06,284 RX_BYTE 00
2026-10-09 18:39:06,284 RX_BYTE 6D
2026-10-09 18:39:06,284 RX 8B F1 B1 61 01 90 D2 A6 93 94 B0 FB 04 00 6D
2026-10-09 18:39:06,285 RX_BYTE 8B
2026-10-09 18:39:06,285 RX_BYTE F1
2026-10-09 18:39:06,285 RX_BYTE B1
2026-10-09 18:39:06,285 RX_BYTE 61
2026-10-09 18:39:06,285 RX_BYTE 01
2026-10-09 18:39:06,285 RX_BYTE 90
2026-10-09 18:39:06,285 RX_BYTE D2
2026-10-09 18:39:06,285 RX_BYTE A6
2026-10-09 18:39:06,285 RX_BYTE 93
2026-10-09 18:39:06,285 RX_BYTE 94
2026-10-09 18:39:06,285 RX_BYTE B0
2026-10-09 18:39:06,285 RX_BYTE FB
2026-10-09 18:39:06,285 RX_BYTE 04
2026-10-09 18:39:06,285 RX_BYTE 00
2026-10-09 18:39:06,285 RX_BYTE 6D
2026-10-09 18:39:06,285 RX 8B F1 B1 61 01 90 D2 A6 93 94 B0 FB 04 00 6D
2026-10-09 18:39:06,285 RX_BYTE 8B
2026-10-09 18:39:06,285 RX_BYTE F1
2026-10-09 18:39:06,285 RX_BYTE B1
2026-10-09 18:39:06,285 RX_BYTE 61
2026-10-09 18:39:06,285 RX_BYTE 01
2026-10-09 18:39:06,285 RX_BYTE 90
2026-10-09 18:39:06,285 RX_BYTE D2
2026-10-09 18:39:06,285 RX_BYTE A6
2026-10-09 18:39:06,285 RX_BYTE 93
2026-10-09 18:39:06,285 RX_BYTE 94
2026-10-09 18:39:06,285 RX_BYTE B0
2026-10-09 18:39:06,285 RX_BYTE FB
2026-10-09 18:39:06,285 RX_BYTE 04
2026-10-09 18:39:06,285 RX_BYTE 00
2026-10-09 18:39:06,285 RX_BYTE 6D
2026-10-09 18:39:06,285 RX 8B F1 B1 61 01 90 D2 A6 93 94 B0 FB 04 00 6D
2026-10-09 18:39:06,285 RX_BYTE 8B
2026-10-09 18:39:06,285 RX_BYTE F1
2026-10-09 18:39:06,285 RX_BYTE B1
2026-10-09 18:39:06,285 RX_BYTE 61
2026-10-09 18:39:06,285 RX_BYTE 01
2026-10-09 18:39:06,285 RX_BYTE 90
2026-10-09 18:39:06,285 RX_BYTE D2
2026-10-09 18:39:06,285 RX_BYTE A6
2026-10-09 18:39:06,285 RX_BYTE 93
2026-10-09 18:39:06,285 RX_BYTE 94
2026-10-09 18:39:06,285 RX_BYTE B0
2026-10-09 18:39:06,285 RX_BYTE FB
2026-10-09 18:39:06,285 RX_BYTE 04
2026-10-09 18:39:06,285 RX_BYTE 00
2026-10-09 18:39:06,285 RX_BYTE 6D
2026-10-09 18:39:06,285 RX 8B F1 B1 61 01 90 D2 A6 93 94 B0 FB 04 00 6D
2026-10-09 18:39:06,285 RX_BYTE 8B
2026-10-09 18:39:06,285 RX_BYTE F1
2026-10-09 18:39:06,285 RX_BYTE B1
2026-10-09 18:39:06,285 RX_BYTE 61
2026-10-09 18:39:06,285 RX_BYTE 01
2026-10-09 18:39:06,285 RX_BYTE 90
2026-10-09 18:39:06,285 RX_BYTE D2
2026-10-09 18:39:06,285 RX_BYTE A6
2026-10-09 18:39:06,285 RX_BYTE 93
2026-10-09 18:39:06,285 RX_BYTE 94
2026-10-09 18:39:06,285 RX_BYTE B0
2026-10-09 18:39:06,286 RX_BYTE FB
2026-10-09 18:39:06,286 RX_BYTE 04
2026-10-09 18:39:06,286 RX_BYTE 00
2026-10-09 18:39:06,286 RX_BYTE 6D
2026-10-09 18:39:06,286 RX 8B F1 B1 61 01 90 D2 A6 93 94 B0 FB 04 00 6D
2026-10-09 18:39:06,286 RX_BYTE 8B
2026-10-09 18:39:06,286 RX_BYTE F1
2026-10-09 18:39:06,286 RX_BYTE B1
2026-10-09 18:39:06,286 RX_BYTE 61
2026-10-09 18:39:06,286 RX_BYTE 01
2026-10-09 18:39:06,286 RX_BYTE 90
2026-10-09 18:39:06,286 RX_BYTE D2
2026-10-09 18:39:06,286 RX_BYTE A6
2026-10-09 18:39:06,286 RX_BYTE 93
2026-10-09 18:39:06,286 RX_BYTE 94
2026-10-09 18:39:06,286 RX_BYTE B0
2026-10-09 18:39:06,286 RX_BYTE FB
2026-10-09 18:39:06,286 RX_BYTE 04
2026-10-09 18:39:06,286 RX_BYTE 00
2026-10-09 18:39:06,286 RX_BYTE 6D
2026-10-09 18:39:06,286 RX 8B F1 B1 61 01 90 D2 A6 93 94 B0 FB 04 00 6D
2026-10-09 18:39:06,286 RX_BYTE 8B
2026-10-09 18:39:06,286 RX_BYTE F1
2026-10-09 18:39:06,286 RX_BYTE B1
2026-10-09 18:39:06,286 RX_BYTE 61
2026-10-09 18:39:06,286 RX_BYTE 01
2026-10-09 18:39:06,286 RX_BYTE 90
2026-10-09 18:39:06,286 RX_BYTE D2
2026-10-09 18:39:06,286 RX_BYTE A6
2026-10-09 18:39:06,286 RX_BYTE 93
2026-10-09 18:39:06,286 RX_BYTE 94
2026-10-09 18:39:06,286 RX_BYTE B0
2026-10-09 18:39:06,286 RX_BYTE FB
2026-10-09 18:39:06,286 RX_BYTE 04
2026-10-09 18:39:06,286 RX_BYTE 00
2026-10-09 18:39:06,286 RX_BYTE 6D
2026-10-09 18:39:06,286 RX 8B F1 B1 61 01 90 D2 A6 93 94 B0 FB 04 00 6D
2026-10-09 18:39:06,286 RX_BYTE 8B
2026-10-09 18:39:06,286 RX_BYTE F1
2026-10-09 18:39:06,286 RX_BYTE B1
2026-10-09 18:39:06,286 RX_BYTE 61
2026-10-09 18:39:06,286 RX_BYTE 01
2026-10-09 18:39:06,286 RX_BYTE 90
2026-10-09 18:39:06,286 RX_BYTE D2
2026-10-09 18:39:06,286 RX_BYTE A6
2026-10-09 18:39:06,286 RX_BYTE 93
2026-10-09 18:39:06,286 RX_BYTE 94
2026-10-09 18:39:06,286 RX_BYTE B0
2026-10-09 18:39:06,286 RX_BYTE FB
2026-10-09 18:39:06,286 RX_BYTE 04
2026-10-09 18:39:06,286 RX_BYTE 00
2026-10-09 18:39:06,286 RX_BYTE 6D
2026-10-09 18:39:06,286 RX 8B F1 B1 61 01 90 D2 A6 93 94 B0 FB 04 00 6D
2026-10-09 18:39:06,286 RX_BYTE 8B
2026-10-09 18:39:06,286 RX_BYTE F1
2026-10-09 18:39:06,286 RX_BYTE B1
2026-10-09 18:39:06,286 RX_BYTE 61
2026-10-09 18:39:06,287 RX_BYTE 01
2026-10-09 18:39:06,287 RX_BYTE 90
2026-10-09 18:39:06,287 RX_BYTE D2
2026-10-09 18:39:06,287 RX_BYTE A6
2026-10-09 18:39:06,287 RX_BYTE 93
2026-10-09 18:39:06,287 RX_BYTE 94
2026-10-09 18:39:06,287 RX_BYTE B0
2026-10-09 18:39:06,287 RX_BYTE FB
2026-10-09 18:39:06,287 RX_BYTE 04
2026-10-09 18:39:06,287 RX_BYTE 00
2026-10-09 18:39:06,287 RX_BYTE 6D
2026-10-09 18:39:06,287 RX 8B F1 B1 61 01 90 D2 A6 93 94 B0 FB 04 00 6D
2026-10-09 18:39:06,287 RX_BYTE 8B
2026-10-09 18:39:06,287 RX_BYTE F1
2026-10-09 18:39:06,287 RX_BYTE B1
2026-10-09 18:39:06,287 RX_BYTE 61
2026-10-09 18:39:06,287 RX_BYTE 01
2026-10-09 18:39:06,287 RX_BYTE 90
2026-10-09 18:39:06,287 RX_BYTE D2
2026-10-09 18:39:06,287 RX_BYTE A6
2026-10-09 18:39:06,287 RX_BYTE 93
2026-10-09 18:39:06,287 RX_BYTE 94
2026-10-09 18:39:06,287 RX_BYTE B0
2026-10-09 18:39:06,287 RX_BYTE FB
2026-10-09 18:39:06,287 RX_BYTE 04
2026-10-09 18:39:06,287 RX_BYTE 00
2026-10-09 18:39:06,287 RX_BYTE 6D
2026-10-09 18:39:06,287 RX 8B F1 B1 61 01 90 D2 A6 93 94 B0 FB 04 00 6D
2026-10-09 18:39:06,287 RX_BYTE 8B
2026-10-09 18:39:06,287 RX_BYTE F1
2026-10-09 18:39:06,287 RX_BYTE B1
2026-10-09 18:39:06,287 RX_BYTE 61
2026-10-09 18:39:06,287 RX_BYTE 01
2026-10-09 18:39:06,287 RX_BYTE 90
2026-10-09 18:39:06,287 RX_BYTE D2
2026-10-09 18:39:06,287 RX_BYTE A6
2026-10-09 18:39:06,287 RX_BYTE 93
2026-10-09 18:39:06,287 RX_BYTE 94
2026-10-09 18:39:06,287 RX_BYTE B0
2026-10-09 18:39:06,287 RX_BYTE FB
2026-10-09 18:39:06,287 RX_BYTE 04
2026-10-09 18:39:06,287 RX_BYTE 00
2026-10-09 18:39:06,287 RX_BYTE 6D
2026-10-09 18:39:06,287 RX 8B F1 B1 61 01 90 D2 A6 93 94 B0 FB 04 00 6D
2026-10-09 18:39:06,287 RX_BYTE 8B
2026-10-09 18:39:06,287 RX_BYTE F1
2026-10-09 18:39:06,287 RX_BYTE B1
2026-10-09 18:39:06,287 RX_BYTE 61
2026-10-09 18:39:06,287 RX_BYTE 01
2026-10-09 18:39:06,287 RX_BYTE 90
2026-10-09 18:39:06,287 RX_BYTE D2
2026-10-09 18:39:06,287 RX_BYTE A6
2026-10-09 18:39:06,287 RX_BYTE 93
2026-10-09 18:39:06,287 RX_BYTE 94
2026-10-09 18:39:06,287 RX_BYTE B0
2026-10-09 18:39:06,287 RX_BYTE FB
2026-10-09 18:39:06,288 RX_BYTE 04
2026-10-09 18:39:06,288 RX_BYTE 00
2026-10-09 18:39:06,288 RX_BYTE 6D
2026-10-09 18:39:06,288 RX 8B F1 B1 61 01 90 D2 A6 93 94 B0 FB 04 00 6D
2026-10-09 18:39:06,288 RX_BYTE 8B
2026-10-09 18:39:06,288 RX_BYTE F1
2026-10-09 18:39:06,288 RX_BYTE B1
2026-10-09 18:39:06,288 RX_BYTE 61
2026-10-09 18:39:06,288 RX_BYTE 01
2026-10-09 18:39:06,288 RX_BYTE 90
2026-10-09 18:39:06,288 RX_BYTE D2
2026-10-09 18:39:06,288 RX_BYTE A6
2026-10-09 18:39:06,288 RX_BYTE 93
2026-10-09 18:39:06,288 RX_BYTE 94
2026-10-09 18:39:06,288 RX_BYTE B0
2026-10-09 18:39:06,288 RX_BYTE FB
2026-10-09 18:39:06,288 RX_BYTE 04
2026-10-09 18:39:06,288 RX_BYTE 00
2026-10-09 18:39:06,288 RX_BYTE 6D
2026-10-09 18:39:06,288 RX 8B F1 B1 61 01 90 D2 A6 93 94 B0 FB 04 00 6D
2026-10-09 18:39:06,288 RX_BYTE 8B
2026-10-09 18:39:06,288 RX_BYTE F1
2026-10-09 18:39:06,288 RX_BYTE B1
2026-10-09 18:39:06,288 RX_BYTE 61
2026-10-09 18:39:06,288 RX_BYTE 01
2026-10-09 18:39:06,288 RX_BYTE 90
2026-10-09 18:39:06,288 RX_BYTE D2
2026-10-09 18:39:06,288 RX_BYTE A6
2026-10-09 18:39:06,288 RX_BYTE 93
2026-10-09 18:39:06,288 RX_BYTE 94
2026-10-09 18:39:06,288 RX_BYTE B0
2026-10-09 18:39:06,288 RX_BYTE FB
2026-10-09 18:39:06,288 RX_BYTE 04
2026-10-09 18:39:06,288 RX_BYTE 00
2026-10-09 18:39:06,288 RX_BYTE 6D
2026-10-09 18:39:06,288 RX 8B F1 B1 61 01 90 D2 A6 93 94 B0 FB 04 00 6D
2026-10-09 18:39:06,288 RX_BYTE 8B
2026-10-09 18:39:06,288 RX_BYTE F1
2026-10-09 18:39:06,288 RX_BYTE B1
2026-10-09 18:39:06,288 RX_BYTE 61
2026-10-09 18:39:06,288 RX_BYTE 01
2026-10-09 18:39:06,288 RX_BYTE 90
2026-10-09 18:39:06,288 RX_BYTE D2
2026-10-09 18:39:06,288 RX_BYTE A6
2026-10-09 18:39:06,288 RX_BYTE 93
2026-10-09 18:39:06,288 RX_BYTE 94
2026-10-09 18:39:06,288 RX_BYTE B0
2026-10-09 18:39:06,288 RX_BYTE FB
2026-10-09 18:39:06,288 RX_BYTE 04
2026-10-09 18:39:06,288 RX_BYTE 00
2026-10-09 18:39:06,288 RX_BYTE 6D
2026-10-09 18:39:06,289 RX 8B F1 B1 61 01 90 D2 A6 93 94 B0 FB 04 00 6D
2026-10-09 18:39:06,289 RX_BYTE 8B
2026-10-09 18:39:06,289 RX_BYTE F1
2026-10-09 18:39:06,289 RX_BYTE B1
2026-10-09 18:39:06,289 RX_BYTE 61
2026-10-09 18:39:06,289 RX_BYTE 01
2026-10-09 18:39:06,289 RX_BYTE 90
2026-10-09 18:39:06,289 RX_BYTE D2
2026-10-09 18:39:06,289 RX_BYTE A6
2026-10-09 18:39:06,289 RX_BYTE 93
2026-10-09 18:39:06,289 RX_BYTE 94
2026-10-09 18:39:06,289 RX_BYTE B0
2026-10-09 18:39:06,289 RX_BYTE FB
2026-10-09 18:39:06,289 RX_BYTE 04
2026-10-09 18:39:06,289 RX_BYTE 00
2026-10-09 18:39:06,289 RX_BYTE 6D
2026-10-09 18:39:06,289 RX 8B F1 B1 61 01 90 D2 A6 93 94 B0 FB 04 00 6D
2026-10-09 18:39:06,289 RX_BYTE 8B
2026-10-09 18:39:06,289 RX_BYTE F1
2026-10-09 18:39:06,289 RX_BYTE B1
2026-10-09 18:39:06,289 RX_BYTE 61
2026-10-09 18:39:06,289 RX_BYTE 01
2026-10-09 18:39:06,289 RX_BYTE 90
2026-10-09 18:39:06,289 RX_BYTE D2
2026-10-09 18:39:06,290 RX_BYTE A6
2026-10-09 18:39:06,290 RX_BYTE 93
2026-10-09 18:39:06,290 RX_BYTE 94
2026-10-09 18:39:06,290 RX_BYTE B0
2026-10-09 18:39:06,290 RX_BYTE FB
2026-10-09 18:39:06,290 RX_BYTE 04
2026-10-09 18:39:06,290 RX_BYTE 00
2026-10-09 18:39:06,290 RX_BYTE 6D
2026-10-09 18:39:06,290 RX 8B F1 B1 61 01 90 D2 A6 93 94 B0 FB 04 00 6D
2026-10-09 18:39:06,290 RX_BYTE 8B
2026-10-09 18:39:06,290 RX_BYTE F1
2026-10-09 18:39:06,290 RX_BYTE B1
2026-10-09 18:39:06,290 RX_BYTE 61
2026-10-09 18:39:06,290 RX_BYTE 01
2026-10-09 18:39:06,290 RX_BYTE 90
2026-10-09 18:39:06,290 RX_BYTE D2
2026-10-09 18:39:06,290 RX_BYTE A6
2026-10-09 18:39:06,290 RX_BYTE 93
2026-10-09 18:39:06,290 RX_BYTE 94
2026-10-09 18:39:06,290 RX_BYTE B0
2026-10-09 18:39:06,290 RX_BYTE FB
2026-10-09 18:39:06,290 RX_BYTE 04
2026-10-09 18:39:06,290 RX_BYTE 00
2026-10-09 18:39:06,290 RX_BYTE 6D
2026-10-09 18:39:06,290 RX 8B F1 B1 61 01 90 D2 A6 93 94 B0 FB 04 00 6D
2026-10-09 18:39:06,290 RX_BYTE 8B
2026-10-09 18:39:06,290 RX_BYTE F1
2026-10-09 18:39:06,290 RX_BYTE B1
2026-10-09 18:39:06,290 RX_BYTE 61
2026-10-09 18:39:06,290 RX_BYTE 01
2026-10-09 18:39:06,290 RX_BYTE 90
2026-10-09 18:39:06,290 RX_BYTE D2
2026-10-09 18:39:06,290 RX_BYTE A6
2026-10-09 18:39:06,290 RX_BYTE 93
2026-10-09 18:39:06,291 RX_BYTE 94
2026-10-09 18:39:06,291 RX_BYTE B0
2026-10-09 18:39:06,291 RX_BYTE FB
2026-10-09 18:39:06,291 RX_BYTE 04
2026-10-09 18:39:06,291 RX_BYTE 00
2026-10-09 18:39:06,291 RX_BYTE 6D
2026-10-09 18:39:06,291 RX 8B F1 B1 61 01 90 D2 A6 93 94 B0 FB 04 00 6D
2026-10-09 18:39:06,291 RX_BYTE 8B
2026-10-09 18:39:06,291 RX_BYTE F1
2026-10-09 18:39:06,291 RX_BYTE B1
2026-10-09 18:39:06,291 RX_BYTE 61
2026-10-09 18:39:06,291 RX_BYTE 01
2026-10-09 18:39:06,291 RX_BYTE 90
2026-10-09 18:39:06,291 RX_BYTE D2
2026-10-09 18:39:06,291 RX_BYTE A6
2026-10-09 18:39:06,291 RX_BYTE 93
2026-10-09 18:39:06,291 RX_BYTE 94
2026-10-09 18:39:06,291 RX_BYTE B0
2026-10-09 18:39:06,291 RX_BYTE FB
2026-10-09 18:39:06,291 RX_BYTE 04
2026-10-09 18:39:06,291 RX_BYTE 00
2026-10-09 18:39:06,291 RX_BYTE 6D
2026-10-09 18:39:06,291 RX 8B F1 B1 61 01 90 D2 A6 93 94 B0 FB 04 00 6D
2026-10-09 18:39:06,291 RX_BYTE 8B
2026-10-09 18:39:06,291 RX_BYTE F1
2026-10-09 18:39:06,291 RX_BYTE B1
2026-10-09 18:39:06,291 RX_BYTE 61
2026-10-09 18:39:06,291 RX_BYTE 01
2026-10-09 18:39:06,291 RX_BYTE 90
2026-10-09 18:39:06,291 RX_BYTE D2
2026-10-09 18:39:06,291 RX_BYTE A6
2026-10-09 18:39:06,291 RX_BYTE 93
2026-10-09 18:39:06,291 RX_BYTE 94
2026-10-09 18:39:06,291 RX_BYTE B0
2026-10-09 18:39:06,291 RX_BYTE FB
2026-10-09 18:39:06,291 RX_BYTE 04
2026-10-09 18:39:06,291 RX_BYTE 00
2026-10-09 18:39:06,291 RX_BYTE 6D
2026-10-09 18:39:06,291 RX 8B F1 B1 61 01 90 D2 A6 93 94 B0 FB 04 00 6D
2026-10-09 18:39:06,291 RX_BYTE 8B
2026-10-09 18:39:06,291 RX_BYTE F1
2026-10-09 18:39:06,291 RX_BYTE B1
2026-10-09 18:39:06,291 RX_BYTE 61
2026-10-09 18:39:06,291 RX_BYTE 01
2026-10-09 18:39:06,291 RX_BYTE 90
2026-10-09 18:39:06,291 RX_BYTE D2
2026-10-09 18:39:06,291 RX_BYTE A6
2026-10-09 18:39:06,291 RX_BYTE 93
2026-10-09 18:39:06,291 RX_BYTE 94
2026-10-09 18:39:06,291 RX_BYTE B0
2026-10-09 18:39:06,291 RX_BYTE FB
2026-10-09 18:39:06,291 RX_BYTE 04
2026-10-09 18:39:06,291 RX_BYTE 00
2026-10-09 18:39:06,291 RX_BYTE 6D
2026-10-09 18:39:06,291 RX 8B F1 B1 61 01 90 D2 A6 93 94 B0 FB 04 00 6D
2026-10-09 18:39:06,291 RX_BYTE 8B
2026-10-09 18:39:06,291 RX_BYTE F1
2026-10-09 18:39:06,292 RX_BYTE B1
2026-10-09 18:39:06,292 RX_BYTE 61
2026-10-09 18:39:06,292 RX_BYTE 01
2026-10-09 18:39:06,292 RX_BYTE 90
2026-10-09 18:39:06,292 RX_BYTE D2
2026-10-09 18:39:06,292 RX_BYTE A6
2026-10-09 18:39:06,292 RX_BYTE 93
2026-10-09 18:39:06,292 RX_BYTE 94
2026-10-09 18:39:06,292 RX_BYTE B0
2026-10-09 18:39:06,292 RX_BYTE FB
2026-10-09 18:39:06,292 RX_BYTE 04
2026-10-09 18:39:06,292 RX_BYTE 00
2026-10-09 18:39:06,292 RX_BYTE 6D
2026-10-09 18:39:06,292 RX 8B F1 B1 61 01 90 D2 A6 93 94 B0 FB 04 00 6D
2026-10-09 18:39:06,292 RX_BYTE 8B
2026-10-09 18:39:06,292 RX_BYTE F1
2026-10-09 18:39:06,292 RX_BYTE B1
2026-10-09 18:39:06,292 RX_BYTE 61
2026-10-09 18:39:06,292 RX_BYTE 01
2026-10-09 18:39:06,292 RX_BYTE 90
2026-10-09 18:39:06,292 RX_BYTE D2
2026-10-09 18:39:06,292 RX_BYTE A6
2026-10-09 18:39:06,292 RX_BYTE 93
2026-10-09 18:39:06,292 RX_BYTE 94
2026-10-09 18:39:06,292 RX_BYTE B0
2026-10-09 18:39:06,292 RX_BYTE FB
2026-10-09 18:39:06,292 RX_BYTE 04
2026-10-09 18:39:06,292 RX_BYTE 00
2026-10-09 18:39:06,292 RX_BYTE 6D
2026-10-09 18:39:06,292 RX 8B F1 B1 61 01 90 D2 A6 93 94 B0 FB 04 00 6D
2026-10-09 18:39:06,292 RX_BYTE 8B
2026-10-09 18:39:06,292 RX_BYTE F1
2026-10-09 18:39:06,292 RX_BYTE B1
2026-10-09 18:39:06,292 RX_BYTE 61
2026-10-09 18:39:06,292 RX_BYTE 01
2026-10-09 18:39:06,292 RX_BYTE 90
2026-10-09 18:39:06,292 RX_BYTE D2
2026-10-09 18:39:06,292 RX_BYTE A6
2026-10-09 18:39:06,292 RX_BYTE 93
2026-10-09 18:39:06,292 RX_BYTE 94
2026-10-09 18:39:06,292 RX_BYTE B0
2026-10-09 18:39:06,292 RX_BYTE FB
2026-10-09 18:39:06,292 RX_BYTE 04
2026-10-09 18:39:06,292 RX_BYTE 00
2026-10-09 18:39:06,292 RX_BYTE 6D
2026-10-09 18:39:06,292 RX 8B F1 B1 61 01 90 D2 A6 93 94 B0 FB 04 00 6D
2026-10-09 18:39:06,292 RX_BYTE 8B
2026-10-09 18:39:06,292 RX_BYTE F1
2026-10-09 18:39:06,292 RX_BYTE B1
2026-10-09 18:39:06,292 RX_BYTE 61
2026-10-09 18:39:06,292 RX_BYTE 01
2026-10-09 18:39:06,292 RX_BYTE 90
2026-10-09 18:39:06,292 RX_BYTE D2
2026-10-09 18:39:06,292 RX_BYTE A6
2026-10-09 18:39:06,292 RX_BYTE 93
2026-10-09 18:39:06,292 RX_BYTE 94
2026-10-09 18:39:06,292 RX_BYTE B0
2026-10-09 18:39:06,293 RX_BYTE FB
2026-10-09 18:39:06,293 RX_BYTE 04
2026-10-09 18:39:06,293 RX_BYTE 00
2026-10-09 18:39:06,293 RX_BYTE 6D
2026-10-09 18:39:06,293 RX 8B F1 B1 61 01 90 D2 A6 93 94 B0 FB 04 00 6D
2026-10-09 18:39:06,293 RX_BYTE 8B
2026-10-09 18:39:06,293 RX_BYTE F1
2026-10-09 18:39:06,293 RX_BYTE B1
2026-10-09 18:39:06,293 RX_BYTE 61
2026-10-09 18:39:06,293 RX_BYTE 01
2026-10-09 18:39:06,293 RX_BYTE 90
2026-10-09 18:39:06,293 RX_BYTE D2
2026-10-09 18:39:06,293 RX_BYTE A6
2026-10-09 18:39:06,293 RX_BYTE 93
2026-10-09 18:39:06,293 RX_BYTE 94
2026-10-09 18:39:06,293 RX_BYTE B0
2026-10-09 18:39:06,293 RX_BYTE FB
2026-10-09 18:39:06,293 RX_BYTE 04
2026-10-09 18:39:06,293 RX_BYTE 00
2026-10-09 18:39:06,293 RX_BYTE 6D
2026-10-09 18:39:06,293 RX 8B F1 B1 61 01 90 D2 A6 93 94 B0 FB 04 00 6D
2026-10-09 18:39:06,293 RX_BYTE 8B
2026-10-09 18:39:06,293 RX_BYTE F1
2026-10-09 18:39:06,293 RX_BYTE B1
2026-10-09 18:39:06,293 RX_BYTE 61
2026-10-09 18:39:06,293 RX_BYTE 01
2026-10-09 18:39:06,293 RX_BYTE 90
2026-10-09 18:39:06,293 RX_BYTE D2
2026-10-09 18:39:06,293 RX_BYTE A6
2026-10-09 18:39:06,293 RX_BYTE 93
2026-10-09 18:39:06,293 RX_BYTE 94
2026-10-09 18:39:06,293 RX_BYTE B0
2026-10-09 18:39:06,293 RX_BYTE FB
2026-10-09 18:39:06,293 RX_BYTE 04
2026-10-09 18:39:06,293 RX_BYTE 00
2026-10-09 18:39:06,293 RX_BYTE 6D
2026-10-09 18:39:06,293 RX 8B F1 B1 61 01 90 D2 A6 93 94 B0 FB 04 00 6D
2026-10-09 18:39:06,293 RX_BYTE 8B
2026-10-09 18:39:06,293 RX_BYTE F1
2026-10-09 18:39:06,293 RX_BYTE B1
2026-10-09 18:39:06,293 RX_BYTE 61
2026-10-09 18:39:06,293 RX_BYTE 01
2026-10-09 18:39:06,293 RX_BYTE 90
2026-10-09 18:39:06,293 RX_BYTE D2
2026-10-09 18:39:06,293 RX_BYTE A6
2026-10-09 18:39:06,293 RX_BYTE 93
2026-10-09 18:39:06,293 RX_BYTE 94
2026-10-09 18:39:06,293 RX_BYTE B0
2026-10-09 18:39:06,293 RX_BYTE FB
2026-10-09 18:39:06,293 RX_BYTE 04
2026-10-09 18:39:06,293 RX_BYTE 00
2026-10-09 18:39:06,293 RX_BYTE 6D
2026-10-09 18:39:06,293 RX 8B F1 B1 61 01 90 D2 A6 93 94 B0 FB 04 00 6D
2026-10-09 18:39:06,293 RX_BYTE 8B
2026-10-09 18:39:06,293 RX_BYTE F1
2026-10-09 18:39:06,293 RX_BYTE B1
2026-10-09 18:39:06,293 RX_BYTE 61
2026-10-09 18:39:06,293 RX_BYTE 01
2026-10-09 18:39:06,293 RX_BYTE 90
2026-10-09 18:39:06,293 RX_BYTE D2
2026-10-09 18:39:06,294 RX_BYTE A6
2026-10-09 18:39:06,294 RX_BYTE 93
2026-10-09 18:39:06,294 RX_BYTE 94
2026-10-09 18:39:06,294 RX_BYTE B0
2026-10-09 18:39:06,294 RX_BYTE FB
2026-10-09 18:39:06,294 RX_BYTE 04
2026-10-09 18:39:06,294 RX_BYTE 00
2026-10-09 18:39:06,294 RX_BYTE 6D
2026-10-09 18:39:06,294 RX 8B F1 B1 61 01 90 D2 A6 93 94 B0 FB 04 00 6D
2026-10-09 18:39:06,294 RX_BYTE 8B
2026-10-09 18:39:06,294 RX_BYTE F1
2026-10-09 18:39:06,294 RX_BYTE B1
2026-10-09 18:39:06,294 RX_BYTE 61
2026-10-09 18:39:06,294 RX_BYTE 01
2026-10-09 18:39:06,294 RX_BYTE 90
2026-10-09 18:39:06,294 RX_BYTE D2
2026-10-09 18:39:06,294 RX_BYTE A6
2026-10-09 18:39:06,294 RX_BYTE 93
2026-10-09 18:39:06,294 RX_BYTE 94
2026-10-09 18:39:06,294 RX_BYTE B0
2026-10-09 18:39:06,294 RX_BYTE FB
2026-10-09 18:39:06,294 RX_BYTE 04
2026-10-09 18:39:06,294 RX_BYTE 00
2026-10-09 18:39:06,294 RX_BYTE 6D
2026-10-09 18:39:06,294 RX 8B F1 B1 61 01 90 D2 A6 93 94 B0 FB 04 00 6D
2026-10-09 18:39:06,294 RX_BYTE 8B
2026-10-09 18:39:06,294 RX_BYTE F1
2026-10-09 18:39:06,294 RX_BYTE B1
2026-10-09 18:39:06,294 RX_BYTE 61
2026-10-09 18:39:06,294 RX_BYTE 01
2026-10-09 18:39:06,294 RX_BYTE 90
2026-10-09 18:39:06,294 RX_BYTE D2
2026-10-09 18:39:06,294 RX_BYTE A6
2026-10-09 18:39:06,294 RX_BYTE 93
2026-10-09 18:39:06,294 RX_BYTE 94
2026-10-09 18:39:06,294 RX_BYTE B0
2026-10-09 18:39:06,294 RX_BYTE FB
2026-10-09 18:39:06,294 RX_BYTE 04
2026-10-09 18:39:06,294 RX_BYTE 00
2026-10-09 18:39:06,294 RX_BYTE 6D
2026-10-09 18:39:06,294 RX 8B F1 B1 61 01 90 D2 A6 93 94 B0 FB 04 00 6D
2026-10-09 18:39:06,294 RX_BYTE 8B
2026-10-09 18:39:06,294 RX_BYTE F1
2026-10-09 18:39:06,294 RX_BYTE B1
2026-10-09 18:39:06,294 RX_BYTE 61
2026-10-09 18:39:06,294 RX_BYTE 01
2026-10-09 18:39:06,294 RX_BYTE 90
2026-10-09 18:39:06,294 RX_BYTE D2
2026-10-09 18:39:06,294 RX_BYTE A6
2026-10-09 18:39:06,294 RX_BYTE 93
2026-10-09 18:39:06,294 RX_BYTE 94
2026-10-09 18:39:06,294 RX_BYTE B0
2026-10-09 18:39:06,294 RX_BYTE FB
2026-10-09 18:39:06,294 RX_BYTE 04
2026-10-09 18:39:06,294 RX_BYTE 00
2026-10-09 18:39:06,294 RX_BYTE 6D
2026-10-09 18:39:06,294 RX 8B F1 B1 61 01 90 D2 A6 93 94 B0 FB 04 00 6D
2026-10-09 18:39:06,294 RX_BYTE 8B
2026-10-09 18:39:06,294 RX_BYTE F1
2026-10-09 18:39:06,294 RX_BYTE B1
2026-10-09 18:39:06,294 RX_BYTE 61
2026-10-09 18:39:06,294 RX_BYTE 01
2026-10-09 18:39:06,295 RX_BYTE 90
2026-10-09 18:39:06,295 RX_BYTE D2
2026-10-09 18:39:06,295 RX_BYTE A6
2026-10-09 18:39:06,295 RX_BYTE 93
2026-10-09 18:39:06,295 RX_BYTE 94
2026-10-09 18:39:06,295 RX_BYTE B0
2026-10-09 18:39:06,295 RX_BYTE FB
2026-10-09 18:39:06,295 RX_BYTE 04
2026-10-09 18:39:06,295 RX_BYTE 00
2026-10-09 18:39:06,295 RX_BYTE 6D
2026-10-09 18:39:06,295 RX 8B F1 B1 61 01 90 D2 A6 93 94 B0 FB 04 00 6D
2026-10-09 18:39:06,295 RX_BYTE 8B
2026-10-09 18:39:06,295 RX_BYTE F1
2026-10-09 18:39:06,295 RX_BYTE B1
2026-10-09 18:39:06,295 RX_BYTE 61
2026-10-09 18:39:06,295 RX_BYTE 01
2026-10-09 18:39:06,295 RX_BYTE 90
2026-10-09 18:39:06,295 RX_BYTE D2
2026-10-09 18:39:06,295 RX_BYTE A6
2026-10-09 18:39:06,295 RX_BYTE 93
2026-10-09 18:39:06,295 RX_BYTE 94
2026-10-09 18:39:06,295 RX_BYTE B0
2026-10-09 18:39:06,295 RX_BYTE FB
2026-10-09 18:39:06,295 RX_BYTE 04
2026-10-09 18:39:06,295 RX_BYTE 00
2026-10-09 18:39:06,295 RX_BYTE 6D
2026-10-09 18:39:06,295 RX 8B F1 B1 61 01 90 D2 A6 93 94 B0 FB 04 00 6D
2026-10-09 18:39:06,295 RX_BYTE 8B
2026-10-09 18:39:06,295 RX_BYTE F1
2026-10-09 18:39:06,295 RX_BYTE B1
2026-10-09 18:39:06,295 RX_BYTE 61
2026-10-09 18:39:06,295 RX_BYTE 01
2026-10-09 18:39:06,295 RX_BYTE 90
2026-10-09 18:39:06,295 RX_BYTE D2
2026-10-09 18:39:06,295 RX_BYTE A6
2026-10-09 18:39:06,295 RX_BYTE 93
2026-10-09 18:39:06,295 RX_BYTE 94
2026-10-09 18:39:06,295 RX_BYTE B0
2026-10-09 18:39:06,295 RX_BYTE FB
2026-10-09 18:39:06,295 RX_BYTE 04
2026-10-09 18:39:06,295 RX_BYTE 00
2026-10-09 18:39:06,295 RX_BYTE 6D
2026-10-09 18:39:06,295 RX 8B F1 B1 61 01 90 D2 A6 93 94 B0 FB 04 00 6D
2026-10-09 18:39:06,295 RX_BYTE 8B
2026-10-09 18:39:06,295 RX_BYTE F1
2026-10-09 18:39:06,295 RX_BYTE B1
2026-10-09 18:39:06,295 RX_BYTE 61
2026-10-09 18:39:06,295 RX_BYTE 01
2026-10-09 18:39:06,295 RX_BYTE 90
2026-10-09 18:39:06,295 RX_BYTE D2
2026-10-09 18:39:06,295 RX_BYTE A6
2026-10-09 18:39:06,295 RX_BYTE 93
2026-10-09 18:39:06,295 RX_BYTE 94
2026-10-09 18:39:06,295 RX_BYTE B0
2026-10-09 18:39:06,295 RX_BYTE FB
2026-10-09 18:39:06,295 RX_BYTE 04
2026-10-09 18:39:06,295 RX_BYTE 00
2026-10-09 18:39:06,295 RX_BYTE 6D
2026-10-09 18:39:06,295 RX 8B F1 B1 61 01 90 D2 A6 93 94 B0 FB 04 00 6D
2026-10-09 18:39:06,296 RX_BYTE 8B
2026-10-09 18:39:06,296 RX_BYTE F1
2026-10-09 18:39:06,296 RX_BYTE B1
2026-10-09 18:39:06,296 RX_BYTE 61
2026-10-09 18:39:06,296 RX_BYTE 01
2026-10-09 18:39:06,296 RX_BYTE 90
2026-10-09 18:39:06,296 RX_BYTE D2
2026-10-09 18:39:06,296 RX_BYTE A6
2026-10-09 18:39:06,296 RX_BYTE 93
2026-10-09 18:39:06,296 RX_BYTE 94
2026-10-09 18:39:06,296 RX_BYTE B0
2026-10-09 18:39:06,296 RX_BYTE FB
2026-10-09 18:39:06,296 RX_BYTE 04
2026-10-09 18:39:06,296 RX_BYTE 00
2026-10-09 18:39:06,296 RX_BYTE 6D
2026-10-09 18:39:06,296 RX 8B F1 B1 61 01 90 D2 A6 93 94 B0 FB 04 00 6D
2026-10-09 18:39:06,296 RX_BYTE 8B
2026-10-09 18:39:06,296 RX_BYTE F1
2026-10-09 18:39:06,296 RX_BYTE B1
2026-10-09 18:39:06,296 RX_BYTE 61
2026-10-09 18:39:06,296 RX_BYTE 01
2026-10-09 18:39:06,296 RX_BYTE 90
2026-10-09 18:39:06,296 RX_BYTE D2
2026-10-09 18:39:06,296 RX_BYTE A6
2026-10-09 18:39:06,296 RX_BYTE 93
2026-10-09 18:39:06,296 RX_BYTE 94
2026-10-09 18:39:06,296 RX_BYTE B0
2026-10-09 18:39:06,296 RX_BYTE FB
2026-10-09 18:39:06,296 RX_BYTE 04
2026-10-09 18:39:06,296 RX_BYTE 00
2026-10-09 18:39:06,296 RX_BYTE 6D
2026-10-09 18:39:06,296 RX 8B F1 B1 61 01 90 D2 A6 93 94 B0 FB 04 00 6D
2026-10-09 18:39:06,296 RX_BYTE 8B
2026-10-09 18:39:06,296 RX_BYTE F1
2026-10-09 18:39:06,296 RX_BYTE B1
2026-10-09 18:39:06,296 RX_BYTE 61
2026-10-09 18:39:06,296 RX_BYTE 01
2026-10-09 18:39:06,296 RX_BYTE 90
2026-10-09 18:39:06,296 RX_BYTE D2
2026-10-09 18:39:06,296 RX_BYTE A6
2026-10-09 18:39:06,296 RX_BYTE 93
2026-10-09 18:39:06,296 RX_BYTE 94
2026-10-09 18:39:06,296 RX_BYTE B0
2026-10-09 18:39:06,296 RX_BYTE FB
2026-10-09 18:39:06,296 RX_BYTE 04
2026-10-09 18:39:06,296 RX_BYTE 00
2026-10-09 18:39:06,296 RX_BYTE 6D
2026-10-09 18:39:06,296 RX 8B F1 B1 61 01 90 D2 A6 93 94 B0 FB 04 00 6D
2026-10-09 18:39:06,296 RX_BYTE 8B
2026-10-09 18:39:06,296 RX_BYTE F1
2026-10-09 18:39:06,296 RX_BYTE B1
2026-10-09 18:39:06,296 RX_BYTE 61
2026-10-09 18:39:06,296 RX_BYTE 01
2026-10-09 18:39:06,296 RX_BYTE 90
2026-10-09 18:39:06,296 RX_BYTE D2
2026-10-09 18:39:06,296 RX_BYTE A6
2026-10-09 18:39:06,296 RX_BYTE 93
2026-10-09 18:39:06,296 RX_BYTE 94
2026-10-09 18:39:06,296 RX_BYTE B0
2026-10-09 18:39:06,297 RX_BYTE FB
2026-10-09 18:39:06,297 RX_BYTE 04
2026-10-09 18:39:06,297 RX_BYTE 00
2026-10-09 18:39:06,297 RX_BYTE 6D
2026-10-09 18:39:06,297 RX 8B F1 B1 61 01 90 D2 A6 93 94 B0 FB 04 00 6D
2026-10-09 18:39:06,297 RX_BYTE 8B
2026-10-09 18:39:06,297 RX_BYTE F1
2026-10-09 18:39:06,297 RX_BYTE B1
2026-10-09 18:39:06,297 RX_BYTE 61
2026-10-09 18:39:06,297 RX_BYTE 01
2026-10-09 18:39:06,297 RX_BYTE 90
2026-10-09 18:39:06,297 RX_BYTE D2
2026-10-09 18:39:06,297 RX_BYTE A6
2026-10-09 18:39:06,297 RX_BYTE 93
2026-10-09 18:39:06,297 RX_BYTE 94
2026-10-09 18:39:06,297 RX_BYTE B0
2026-10-09 18:39:06,297 RX_BYTE FB
2026-10-09 18:39:06,297 RX_BYTE 04
2026-10-09 18:39:06,297 RX_BYTE 00
2026-10-09 18:39:06,297 RX_BYTE 6D
2026-10-09 18:39:06,297 RX 8B F1 B1 61 01 90 D2 A6 93 94 B0 FB 04 00 6D
2026-10-09 18:39:06,297 RX_BYTE 8B
2026-10-09 18:39:06,297 RX_BYTE F1
2026-10-09 18:39:06,297 RX_BYTE B1
2026-10-09 18:39:06,297 RX_BYTE 61
2026-10-09 18:39:06,297 RX_BYTE 01
2026-10-09 18:39:06,297 RX_BYTE 90
2026-10-09 18:39:06,297 RX_BYTE D2
2026-10-09 18:39:06,297 RX_BYTE A6
2026-10-09 18:39:06,297 RX_BYTE 93
2026-10-09 18:39:06,297 RX_BYTE 94
2026-10-09 18:39:06,297 RX_BYTE B0
2026-10-09 18:39:06,297 RX_BYTE FB
2026-10-09 18:39:06,297 RX_BYTE 04
2026-10-09 18:39:06,297 RX_BYTE 00
2026-10-09 18:39:06,297 RX_BYTE 6D
2026-10-09 18:39:06,297 RX 8B F1 B1 61 01 90 D2 A6 93 94 B0 FB 04 00 6D
2026-10-09 18:39:06,297 RX_BYTE 8B
2026-10-09 18:39:06,297 RX_BYTE F1
2026-10-09 18:39:06,297 RX_BYTE B1
2026-10-09 18:39:06,297 RX_BYTE 61
2026-10-09 18:39:06,297 RX_BYTE 01
2026-10-09 18:39:06,297 RX_BYTE 90
2026-10-09 18:39:06,297 RX_BYTE D2
2026-10-09 18:39:06,297 RX_BYTE A6
2026-10-09 18:39:06,297 RX_BYTE 93
2026-10-09 18:39:06,297 RX_BYTE 94
2026-10-09 18:39:06,297 RX_BYTE B0
2026-10-09 18:39:06,297 RX_BYTE FB
2026-10-09 18:39:06,297 RX_BYTE 04
2026-10-09 18:39:06,297 RX_BYTE 00
2026-10-09 18:39:06,297 RX_BYTE 6D
2026-10-09 18:39:06,297 RX 8B F1 B1 61 01 90 D2 A6 93 94 B0 FB 04 00 6D
2026-10-09 18:39:06,297 RX_BYTE 8B
2026-10-09 18:39:06,297 RX_BYTE F1
2026-10-09 18:39:06,297 RX_BYTE B1
2026-10-09 18:39:06,297 RX_BYTE 61
2026-10-09 18:39:06,297 RX_BYTE 01
2026-10-09 18:39:06,297 RX_BYTE 90
2026-10-09 18:39:06,297 RX_BYTE D2
2026-10-09 18:39:06,297 RX_BYTE A6
2026-10-09 18:39:06,298 RX_BYTE 93
2026-10-09 18:39:06,298 RX_BYTE 94
2026-10-09 18:39:06,298 RX_BYTE B0
2026-10-09 18:39:06,298 RX_BYTE FB
2026-10-09 18:39:06,298 RX_BYTE 04
2026-10-09 18:39:06,298 RX_BYTE 00
2026-10-09 18:39:06,298 RX_BYTE 6D
2026-10-09 18:39:06,298 RX 8B F1 B1 61 01 90 D2 A6 93 94 B0 FB 04 00 6D
2026-10-09 18:39:06,298 RX_BYTE 8B
2026-10-09 18:39:06,298 RX_BYTE F1
2026-10-09 18:39:06,298 RX_BYTE B1
2026-10-09 18:39:06,298 RX_BYTE 61
2026-10-09 18:39:06,298 RX_BYTE 01
2026-10-09 18:39:06,298 RX_BYTE 90
2026-10-09 18:39:06,298 RX_BYTE D2
2026-10-09 18:39:06,298 RX_BYTE A6
2026-10-09 18:39:06,298 RX_BYTE 93
2026-10-09 18:39:06,298 RX_BYTE 94
2026-10-09 18:39:06,298 RX_BYTE B0
2026-10-09 18:39:06,298 RX_BYTE FB
2026-10-09 18:39:06,298 RX_BYTE 04
2026-10-09 18:39:06,298 RX_BYTE 00
2026-10-09 18:39:06,298 RX_BYTE 6D
2026-10-09 18:39:06,298 RX 8B F1 B1 61 01 90 D2 A6 93 94 B0 FB 04 00 6D
2026-10-09 18:39:06,298 RX_BYTE 8B
2026-10-09 18:39:06,298 RX_BYTE F1
2026-10-09 18:39:06,298 RX_BYTE B1
2026-10-09 18:39:06,298 RX_BYTE 61
2026-10-09 18:39:06,298 RX_BYTE 01
2026-10-09 18:39:06,298 RX_BYTE 90
2026-10-09 18:39:06,298 RX_BYTE D2
2026-10-09 18:39:06,298 RX_BYTE A6
2026-10-09 18:39:06,298 RX_BYTE 93
2026-10-09 18:39:06,298 RX_BYTE 94
2026-10-09 18:39:06,298 RX_BYTE B0
2026-10-09 18:39:06,298 RX_BYTE FB
2026-10-09 18:39:06,298 RX_BYTE 04
2026-10-09 18:39:06,298 RX_BYTE 00
2026-10-09 18:39:06,298 RX_BYTE 6D
2026-10-09 18:39:06,298 RX 8B F1 B1 61 01 90 D2 A6 93 94 B0 FB 04 00 6D
2026-10-09 18:39:06,298 RX_BYTE 8B
2026-10-09 18:39:06,298 RX_BYTE F1
2026-10-09 18:39:06,298 RX_BYTE B1
2026-10-09 18:39:06,298 RX_BYTE 61
2026-10-09 18:39:06,298 RX_BYTE 01
2026-10-09 18:39:06,298 RX_BYTE 90
2026-10-09 18:39:06,298 RX_BYTE D2
2026-10-09 18:39:06,298 RX_BYTE A6
2026-10-09 18:39:06,298 RX_BYTE 93
2026-10-09 18:39:06,298 RX_BYTE 94
2026-10-09 18:39:06,298 RX_BYTE B0
2026-10-09 18:39:06,298 RX_BYTE FB
2026-10-09 18:39:06,298 RX_BYTE 04
2026-10-09 18:39:06,298 RX_BYTE 00
2026-10-09 18:39:06,298 RX_BYTE 6D
2026-10-09 18:39:06,298 RX 8B F1 B1 61 01 90 D2 A6 93 94 B0 FB 04 00 6D
2026-10-09 18:39:06,298 RX_BYTE 8B
2026-10-09 18:39:06,298 RX_BYTE F1
2026-10-09 18:39:06,298 RX_BYTE B1
2026-10-09 18:39:06,298 RX_BYTE 61
2026-10-09 18:39:06,298 RX_BYTE 01
2026-10-09 18:39:06,298 RX_BYTE 90
2026-10-09 18:39:06,299 RX_BYTE D2
2026-10-09 18:39:06,299 RX_BYTE A6
2026-10-09 18:39:06,299 RX_BYTE 93
2026-10-09 18:39:06,299 RX_BYTE 94
2026-10-09 18:39:06,299 RX_BYTE B0
2026-10-09 18:39:06,299 RX_BYTE FB
2026-10-09 18:39:06,299 RX_BYTE 04
2026-10-09 18:39:06,299 RX_BYTE 00
2026-10-09 18:39:06,299 RX_BYTE 6D
2026-10-09 18:39:06,299 RX 8B F1 B1 61 01 90 D2 A6 93 94 B0 FB 04 00 6D
2026-10-09 18:39:06,299 RX_BYTE 8B
2026-10-09 18:39:06,299 RX_BYTE F1
2026-10-09 18:39:06,299 RX_BYTE B1
2026-10-09 18:39:06,299 RX_BYTE 61
2026-10-09 18:39:06,299 RX_BYTE 01
2026-10-09 18:39:06,299 RX_BYTE 90
2026-10-09 18:39:06,299 RX_BYTE D2
2026-10-09 18:39:06,299 RX_BYTE A6
2026-10-09 18:39:06,299 RX_BYTE 93
2026-10-09 18:39:06,299 RX_BYTE 94
2026-10-09 18:39:06,299 RX_BYTE B0
2026-10-09 18:39:06,299 RX_BYTE FB
2026-10-09 18:39:06,299 RX_BYTE 04
2026-10-09 18:39:06,299 RX_BYTE 00
2026-10-09 18:39:06,299 RX_BYTE 6D
2026-10-09 18:39:06,299 RX 8B F1 B1 61 01 90 D2 A6 93 94 B0 FB 04 00 6D
2026-10-09 18:39:06,299 RX_BYTE 8B
2026-10-09 18:39:06,299 RX_BYTE F1
2026-10-09 18:39:06,299 RX_BYTE B1
2026-10-09 18:39:06,299 RX_BYTE 61
2026-10-09 18:39:06,299 RX_BYTE 01
2026-10-09 18:39:06,299 RX_BYTE 90
2026-10-09 18:39:06,299 RX_BYTE D2
2026-10-09 18:39:06,299 RX_BYTE A6
2026-10-09 18:39:06,299 RX_BYTE 93
2026-10-09 18:39:06,299 RX_BYTE 94
2026-10-09 18:39:06,299 RX_BYTE B0
2026-10-09 18:39:06,299 RX_BYTE FB
2026-10-09 18:39:06,299 RX_BYTE 04
2026-10-09 18:39:06,299 RX_BYTE 00
2026-10-09 18:39:06,299 RX_BYTE 6D
2026-10-09 18:39:06,299 RX 8B F1 B1 61 01 90 D2 A6 93 94 B0 FB 04 00 6D
2026-10-09 18:39:06,299 RX_BYTE 8B
2026-10-09 18:39:06,299 RX_BYTE F1
2026-10-09 18:39:06,299 RX_BYTE B1
2026-10-09 18:39:06,299 RX_BYTE 61
2026-10-09 18:39:06,299 RX_BYTE 01
2026-10-09 18:39:06,299 RX_BYTE 90
2026-10-09 18:39:06,299 RX_BYTE D2
2026-10-09 18:39:06,299 RX_BYTE A6
2026-10-09 18:39:06,299 RX_BYTE 93
2026-10-09 18:39:06,299 RX_BYTE 94
2026-10-09 18:39:06,299 RX_BYTE B0
2026-10-09 18:39:06,299 RX_BYTE FB
2026-10-09 18:39:06,299 RX_BYTE 04
2026-10-09 18:39:06,299 RX_BYTE 00
2026-10-09 18:39:06,299 RX_BYTE 6D
2026-10-09 18:39:06,299 RX 8B F1 B1 61 01 90 D2 A6 93 94 B0 FB 04 00 6D
2026-10-09 18:39:06,299 RX_BYTE 8B
2026-10-09 18:39:06,299 RX_BYTE F1
2026-10-09 18:39:06,299 RX_BYTE B1
2026-10-09 18:39:06,300 RX_BYTE 61
2026-10-09 18:39:06,300 RX_BYTE 01
2026-10-09 18:39:06,300 RX_BYTE 90
2026-10-09 18:39:06,300 RX_BYTE D2
2026-10-09 18:39:06,300 RX_BYTE A6
2026-10-09 18:39:06,300 RX_BYTE 93
2026-10-09 18:39:06,300 RX_BYTE 94
2026-10-09 18:39:06,300 RX_BYTE B0
2026-10-09 18:39:06,300 RX_BYTE FB
2026-10-09 18:39:06,300 RX_BYTE 04
2026-10-09 18:39:06,300 RX_BYTE 00
2026-10-09 18:39:06,300 RX_BYTE 6D
2026-10-09 18:39:06,300 RX 8B F1 B1 61 01 90 D2 A6 93 94 B0 FB 04 00 6D
2026-10-09 18:39:06,300 RX_BYTE 8B
2026-10-09 18:39:06,300 RX_BYTE F1
2026-10-09 18:39:06,300 RX_BYTE B1
2026-10-09 18:39:06,300 RX_BYTE 61
2026-10-09 18:39:06,300 RX_BYTE 01
2026-10-09 18:39:06,300 RX_BYTE 90
2026-10-09 18:39:06,300 RX_BYTE D2
2026-10-09 18:39:06,300 RX_BYTE A6
2026-10-09 18:39:06,300 RX_BYTE 93
2026-10-09 18:39:06,300 RX_BYTE 94
2026-10-09 18:39:06,300 RX_BYTE B0
2026-10-09 18:39:06,300 RX_BYTE FB
2026-10-09 18:39:06,300 RX_BYTE 04
2026-10-09 18:39:06,300 RX_BYTE 00
2026-10-09 18:39:06,300 RX_BYTE 6D
2026-10-09 18:39:06,300 RX 8B F1 B1 61 01 90 D2 A6 93 94 B0 FB 04 00 6D
2026-10-09 18:39:06,300 RX_BYTE 8B
2026-10-09 18:39:06,300 RX_BYTE F1
2026-10-09 18:39:06,300 RX_BYTE B1
2026-10-09 18:39:06,300 RX_BYTE 61
2026-10-09 18:39:06,300 RX_BYTE 01
2026-10-09 18:39:06,300 RX_BYTE 90
2026-10-09 18:39:06,300 RX_BYTE D2
2026-10-09 18:39:06,300 RX_BYTE A6
2026-10-09 18:39:06,300 RX_BYTE 93
2026-10-09 18:39:06,300 RX_BYTE 94
2026-10-09 18:39:06,300 RX_BYTE B0
2026-10-09 18:39:06,300 RX_BYTE FB
2026-10-09 18:39:06,300 RX_BYTE 04
2026-10-09 18:39:06,300 RX_BYTE 00
2026-10-09 18:39:06,300 RX_BYTE 6D
2026-10-09 18:39:06,300 RX 8B F1 B1 61 01 90 D2 A6 93 94 B0 FB 04 00 6D
2026-10-09 18:39:06,300 RX_BYTE 8B
2026-10-09 18:39:06,300 RX_BYTE F1
2026-10-09 18:39:06,300 RX_BYTE B1
2026-10-09 18:39:06,300 RX_BYTE 61
2026-10-09 18:39:06,300 RX_BYTE 01
2026-10-09 18:39:06,300 RX_BYTE 90
2026-10-09 18:39:06,300 RX_BYTE D2
2026-10-09 18:39:06,300 RX_BYTE A6
2026-10-09 18:39:06,300 RX_BYTE 93
2026-10-09 18:39:06,300 RX_BYTE 94
2026-10-09 18:39:06,300 RX_BYTE B0
2026-10-09 18:39:06,300 RX_BYTE FB
2026-10-09 18:39:06,300 RX_BYTE 04
2026-10-09 18:39:06,300 RX_BYTE 00
2026-10-09 18:39:06,300 RX_BYTE 6D
2026-10-09 18:39:06,300 RX 8B F1 B1 61 01 90 D2 A6 93 94 B0 FB 04 00 6D
2026-10-09 18:39:06,301 RX_BYTE 8B
2026-10-09 18:39:06,301 RX_BYTE F1
2026-10-09 18:39:06,301 RX_BYTE B1
2026-10-09 18:39:06,301 RX_BYTE 61
2026-10-09 18:39:06,301 RX_BYTE 01
2026-10-09 18:39:06,301 RX_BYTE 90
2026-10-09 18:39:06,301 RX_BYTE D2
2026-10-09 18:39:06,301 RX_BYTE A6
2026-10-09 18:39:06,301 RX_BYTE 93
2026-10-09 18:39:06,301 RX_BYTE 94
2026-10-09 18:39:06,301 RX_BYTE B0
2026-10-09 18:39:06,301 RX_BYTE FB
2026-10-09 18:39:06,301 RX_BYTE 04
2026-10-09 18:39:06,301 RX_BYTE 00
2026-10-09 18:39:06,301 RX_BYTE 6D
2026-10-09 18:39:06,301 RX 8B F1 B1 61 01 90 D2 A6 93 94 B0 FB 04 00 6D
2026-10-09 18:39:06,301 RX_BYTE 8B
2026-10-09 18:39:06,301 RX_BYTE F1
2026-10-09 18:39:06,301 RX_BYTE B1
2026-10-09 18:39:06,301 RX_BYTE 61
2026-10-09 18:39:06,301 RX_BYTE 01
2026-10-09 18:39:06,301 RX_BYTE 90
2026-10-09 18:39:06,301 RX_BYTE D2
2026-10-09 18:39:06,301 RX_BYTE A6
2026-10-09 18:39:06,301 RX_BYTE 93
2026-10-09 18:39:06,301 RX_BYTE 94
2026-10-09 18:39:06,301 RX_BYTE B0
2026-10-09 18:39:06,301 RX_BYTE FB
2026-10-09 18:39:06,301 RX_BYTE 04
2026-10-09 18:39:06,301 RX_BYTE 00
2026-10-09 18:39:06,301 RX_BYTE 6D
2026-10-09 18:39:06,301 RX 8B F1 B1 61 01 90 D2 A6 93 94 B0 FB 04 00 6D
2026-10-09 18:39:06,301 RX_BYTE 8B
2026-10-09 18:39:06,301 RX_BYTE F1
2026-10-09 18:39:06,301 RX_BYTE B1
2026-10-09 18:39:06,301 RX_BYTE 61
2026-10-09 18:39:06,301 RX_BYTE 01
2026-10-09 18:39:06,301 RX_BYTE 90
2026-10-09 18:39:06,301 RX_BYTE D2
2026-10-09 18:39:06,301 RX_BYTE A6
2026-10-09 18:39:06,301 RX_BYTE 93
2026-10-09 18:39:06,301 RX_BYTE 94
2026-10-09 18:39:06,301 RX_BYTE B0
2026-10-09 18:39:06,301 RX_BYTE FB
2026-10-09 18:39:06,301 RX_BYTE 04
2026-10-09 18:39:06,301 RX_BYTE 00
2026-10-09 18:39:06,301 RX_BYTE 6D
2026-10-09 18:39:06,301 RX 8B F1 B1 61 01 90 D2 A6 93 94 B0 FB 04 00 6D
2026-10-09 18:39:06,301 RX_BYTE 8B
2026-10-09 18:39:06,301 RX_BYTE F1
2026-10-09 18:39:06,301 RX_BYTE B1
2026-10-09 18:39:06,301 RX_BYTE 61
2026-10-09 18:39:06,301 RX_BYTE 01
2026-10-09 18:39:06,301 RX_BYTE 90
2026-10-09 18:39:06,301 RX_BYTE D2
2026-10-09 18:39:06,301 RX_BYTE A6
2026-10-09 18:39:06,301 RX_BYTE 93
2026-10-09 18:39:06,301 RX_BYTE 94
2026-10-09 18:39:06,301 RX_BYTE B0
2026-10-09 18:39:06,301 RX_BYTE FB
2026-10-09 18:39:06,301 RX_BYTE 04
2026-10-09 18:39:06,301 RX_BYTE 00
2026-10-09 18:39:06,301 RX_BYTE 6D
2026-10-09 18:39:06,302 RX 8B F1 B1 61 01 90 D2 A6 93 94 B0 FB 04 00 6D
2026-10-09 18:39:06,302 RX_BYTE 8B
2026-10-09 18:39:06,302 RX_BYTE F1
2026-10-09 18:39:06,302 RX_BYTE B1
2026-10-09 18:39:06,302 RX_BYTE 61
2026-10-09 18:39:06,302 RX_BYTE 01
2026-10-09 18:39:06,302 RX_BYTE 90
2026-10-09 18:39:06,302 RX_BYTE D2
2026-10-09 18:39:06,302 RX_BYTE A6
2026-10-09 18:39:06,302 RX_BYTE 93
2026-10-09 18:39:06,302 RX_BYTE 94
2026-10-09 18:39:06,302 RX_BYTE B0
2026-10-09 18:39:06,302 RX_BYTE FB
2026-10-09 18:39:06,302 RX_BYTE 04
2026-10-09 18:39:06,302 RX_BYTE 00
2026-10-09 18:39:06,302 RX_BYTE 6D
2026-10-09 18:39:06,302 RX 8B F1 B1 61 01 90 D2 A6 93 94 B0 FB 04 00 6D
2026-10-09 18:39:06,302 RX_BYTE 8B
2026-10-09 18:39:06,302 RX_BYTE F1
2026-10-09 18:39:06,302 RX_BYTE B1
2026-10-09 18:39:06,302 RX_BYTE 61
2026-10-09 18:39:06,302 RX_BYTE 01
2026-10-09 18:39:06,302 RX_BYTE 90
2026-10-09 18:39:06,302 RX_BYTE D2
2026-10-09 18:39:06,302 RX_BYTE A6
2026-10-09 18:39:06,302 RX_BYTE 93
2026-10-09 18:39:06,302 RX_BYTE 94
2026-10-09 18:39:06,302 RX_BYTE B0
2026-10-09 18:39:06,302 RX_BYTE FB
2026-10-09 18:39:06,302 RX_BYTE 04
2026-10-09 18:39:06,302 RX_BYTE 00
2026-10-09 18:39:06,302 RX_BYTE 6D
2026-10-09 18:39:06,302 RX 8B F1 B1 61 01 90 D2 A6 93 94 B0 FB 04 00 6D
2026-10-09 18:39:06,302 RX_BYTE 8B
2026-10-09 18:39:06,302 RX_BYTE F1
2026-10-09 18:39:06,302 RX_BYTE B1
2026-10-09 18:39:06,302 RX_BYTE 61
2026-10-09 18:39:06,302 RX_BYTE 01
2026-10-09 18:39:06,302 RX_BYTE 90
2026-10-09 18:39:06,302 RX_BYTE D2
2026-10-09 18:39:06,302 RX_BYTE A6
2026-10-09 18:39:06,302 RX_BYTE 93
2026-10-09 18:39:06,302 RX_BYTE 94
2026-10-09 18:39:06,302 RX_BYTE B0
2026-10-09 18:39:06,302 RX_BYTE FB
2026-10-09 18:39:06,302 RX_BYTE 04
2026-10-09 18:39:06,302 RX_BYTE 00
2026-10-09 18:39:06,302 RX_BYTE 6D
2026-10-09 18:39:06,302 RX 8B F1 B1 61 01 90 D2 A6 93 94 B0 FB 04 00 6D
2026-10-09 18:39:06,302 RX_BYTE 8B
2026-10-09 18:39:06,302 RX_BYTE F1
2026-10-09 18:39:06,302 RX_BYTE B1
2026-10-09 18:39:06,302 RX_BYTE 61
2026-10-09 18:39:06,302 RX_BYTE 01
2026-10-09 18:39:06,302 RX_BYTE 90
2026-10-09 18:39:06,302 RX_BYTE D2
2026-10-09 18:39:06,302 RX_BYTE A6
2026-10-09 18:39:06,302 RX_BYTE 93
2026-10-09 18:39:06,302 RX_BYTE 94
2026-10-09 18:39:06,302 RX_BYTE B0
2026-10-09 18:39:06,302 RX_BYTE FB
2026-10-09 18:39:06,303 RX_BYTE 04
2026-10-09 18:39:06,303 RX_BYTE 00
2026-10-09 18:39:06,303 RX_BYTE 6D
2026-10-09 18:39:06,303 RX 8B F1 B1 61 01 90 D2 A6 93 94 B0 FB 04 00 6D
2026-10-09 18:39:06,303 RX_BYTE 8B
2026-10-09 18:39:06,303 RX_BYTE F1
2026-10-09 18:39:06,303 RX_BYTE B1
2026-10-09 18:39:06,303 RX_BYTE 61
2026-10-09 18:39:06,303 RX_BYTE 01
2026-10-09 18:39:06,303 RX_BYTE 90
2026-10-09 18:39:06,303 RX_BYTE D2
2026-10-09 18:39:06,303 RX_BYTE A6
2026-10-09 18:39:06,303 RX_BYTE 93
2026-10-09 18:39:06,303 RX_BYTE 94
2026-10-09 18:39:06,303 RX_BYTE B0
2026-10-09 18:39:06,303 RX_BYTE FB
2026-10-09 18:39:06,303 RX_BYTE 04
2026-10-09 18:39:06,303 RX_BYTE 00
2026-10-09 18:39:06,303 RX_BYTE 6D
2026-10-09 18:39:06,303 RX 8B F1 B1 61 01 90 D2 A6 93 94 B0 FB 04 00 6D
2026-10-09 18:39:06,303 RX_BYTE 8B
2026-10-09 18:39:06,303 RX_BYTE F1
2026-10-09 18:39:06,303 RX_BYTE B1
2026-10-09 18:39:06,303 RX_BYTE 61
2026-10-09 18:39:06,303 RX_BYTE 01
2026-10-09 18:39:06,303 RX_BYTE 90
2026-10-09 18:39:06,303 RX_BYTE D2
2026-10-09 18:39:06,303 RX_BYTE A6
2026-10-09 18:39:06,303 RX_BYTE 93
2026-10-09 18:39:06,303 RX_BYTE 94
2026-10-09 18:39:06,303 RX_BYTE B0
2026-10-09 18:39:06,303 RX_BYTE FB
2026-10-09 18:39:06,303 RX_BYTE 04
2026-10-09 18:39:06,303 RX_BYTE 00
2026-10-09 18:39:06,303 RX_BYTE 6D
2026-10-09 18:39:06,303 RX 8B F1 B1 61 01 90 D2 A6 93 94 B0 FB 04 00 6D
2026-10-09 18:39:06,303 RX_BYTE 8B
2026-10-09 18:39:06,303 RX_BYTE F1
2026-10-09 18:39:06,303 RX_BYTE B1
2026-10-09 18:39:06,303 RX_BYTE 61
2026-10-09 18:39:06,303 RX_BYTE 01
2026-10-09 18:39:06,303 RX_BYTE 90
2026-10-09 18:39:06,303 RX_BYTE D2
2026-10-09 18:39:06,303 RX_BYTE A6
2026-10-09 18:39:06,303 RX_BYTE 93
2026-10-09 18:39:06,303 RX_BYTE 94
2026-10-09 18:39:06,303 RX_BYTE B0
2026-10-09 18:39:06,303 RX_BYTE FB
2026-10-09 18:39:06,303 RX_BYTE 04
2026-10-09 18:39:06,303 RX_BYTE 00
2026-10-09 18:39:06,303 RX_BYTE 6D
2026-10-09 18:39:06,303 RX 8B F1 B1 61 01 90 D2 A6 93 94 B0 FB 04 00 6D
2026-10-09 18:39:06,303 RX_BYTE 8B
2026-10-09 18:39:06,303 RX_BYTE F1
2026-10-09 18:39:06,303 RX_BYTE B1
2026-10-09 18:39:06,303 RX_BYTE 61
2026-10-09 18:39:06,303 RX_BYTE 01
2026-10-09 18:39:06,303 RX_BYTE 90
2026-10-09 18:39:06,303 RX_BYTE D2
2026-10-09 18:39:06,303 RX_BYTE A6
2026-10-09 18:39:06,303 RX_BYTE 93
2026-10-09 18:39:06,303 RX_BYTE 94
2026-10-09 18:39:06,303 RX_BYTE B0
2026-10-09 18:39:06,304 RX_BYTE FB
2026-10-09 18:39:06,304 RX_BYTE 04
2026-10-09 18:39:06,304 RX_BYTE 00
2026-10-09 18:39:06,304 RX_BYTE 6D
2026-10-09 18:39:06,304 RX 8B F1 B1 61 01 90 D2 A6 93 94 B0 FB 04 00 6D
2026-10-09 18:39:06,304 RX_BYTE 8B
2026-10-09 18:39:06,304 RX_BYTE F1
2026-10-09 18:39:06,304 RX_BYTE B1
2026-10-09 18:39:06,304 RX_BYTE 61
2026-10-09 18:39:06,304 RX_BYTE 01
2026-10-09 18:39:06,304 RX_BYTE 90
2026-10-09 18:39:06,304 RX_BYTE D2
2026-10-09 18:39:06,304 RX_BYTE A6
2026-10-09 18:39:06,304 RX_BYTE 93
2026-10-09 18:39:06,304 RX_BYTE 94
2026-10-09 18:39:06,304 RX_BYTE B0
2026-10-09 18:39:06,304 RX_BYTE FB
2026-10-09 18:39:06,304 RX_BYTE 04
2026-10-09 18:39:06,304 RX_BYTE 00
2026-10-09 18:39:06,304 RX_BYTE 6D
2026-10-09 18:39:06,304 RX 8B F1 B1 61 01 90 D2 A6 93 94 B0 FB 04 00 6D
2026-10-09 18:39:06,304 RX_BYTE 8B
2026-10-09 18:39:06,304 RX_BYTE F1
2026-10-09 18:39:06,304 RX_BYTE B1
2026-10-09 18:39:06,304 RX_BYTE 61
2026-10-09 18:39:06,304 RX_BYTE 01
2026-10-09 18:39:06,304 RX_BYTE 90
2026-10-09 18:39:06,304 RX_BYTE D2
2026-10-09 18:39:06,304 RX_BYTE A6
2026-10-09 18:39:06,304 RX_BYTE 93
2026-10-09 18:39:06,304 RX_BYTE 94
2026-10-09 18:39:06,304 RX_BYTE B0
2026-10-09 18:39:06,304 RX_BYTE FB
2026-10-09 18:39:06,304 RX_BYTE 04
2026-10-09 18:39:06,304 RX_BYTE 00
2026-10-09 18:39:06,304 RX_BYTE 6D
2026-10-09 18:39:06,304 RX 8B F1 B1 61 01 90 D2 A6 93 94 B0 FB 04 00 6D
2026-10-09 18:39:06,304 RX_BYTE 8B
2026-10-09 18:39:06,304 RX_BYTE F1
2026-10-09 18:39:06,304 RX_BYTE B1
2026-10-09 18:39:06,304 RX_BYTE 61
2026-10-09 18:39:06,304 RX_BYTE 01
2026-10-09 18:39:06,304 RX_BYTE 90
2026-10-09 18:39:06,304 RX_BYTE D2
2026-10-09 18:39:06,304 RX_BYTE A6
2026-10-09 18:39:06,304 RX_BYTE 93
2026-10-09 18:39:06,304 RX_BYTE 94
2026-10-09 18:39:06,304 RX_BYTE B0
2026-10-09 18:39:06,304 RX_BYTE FB
2026-10-09 18:39:06,304 RX_BYTE 04
2026-10-09 18:39:06,304 RX_BYTE 00
2026-10-09 18:39:06,304 RX_BYTE 6D
2026-10-09 18:39:06,304 RX 8B F1 B1 61 01 90 D2 A6 93 94 B0 FB 04 00 6D
2026-10-09 18:39:06,304 RX_BYTE 8B
2026-10-09 18:39:06,304 RX_BYTE F1
2026-10-09 18:39:06,304 RX_BYTE B1
2026-10-09 18:39:06,304 RX_BYTE 61
2026-10-09 18:39:06,304 RX_BYTE 01
2026-10-09 18:39:06,304 RX_BYTE 90
2026-10-09 18:39:06,304 RX_BYTE D2
2026-10-09 18:39:06,304 RX_BYTE A6
2026-10-09 18:39:06,304 RX_BYTE 93
2026-10-09 18:39:06,305 RX_BYTE 94
2026-10-09 18:39:06,305 RX_BYTE B0
2026-10-09 18:39:06,305 RX_BYTE FB
2026-10-09 18:39:06,305 RX_BYTE 04
2026-10-09 18:39:06,305 RX_BYTE 00
2026-10-09 18:39:06,305 RX_BYTE 6D
2026-10-09 18:39:06,305 RX 8B F1 B1 61 01 90 D2 A6 93 94 B0 FB 04 00 6D
2026-10-09 18:39:06,305 RX_BYTE 8B
2026-10-09 18:39:06,305 RX_BYTE F1
2026-10-09 18:39:06,305 RX_BYTE B1
2026-10-09 18:39:06,305 RX_BYTE 61
2026-10-09 18:39:06,305 RX_BYTE 01
2026-10-09 18:39:06,305 RX_BYTE 90
2026-10-09 18:39:06,305 RX_BYTE D2
2026-10-09 18:39:06,305 RX_BYTE A6
2026-10-09 18:39:06,305 RX_BYTE 93
2026-10-09 18:39:06,305 RX_BYTE 94
2026-10-09 18:39:06,305 RX_BYTE B0
2026-10-09 18:39:06,305 RX_BYTE FB
2026-10-09 18:39:06,305 RX_BYTE 04
2026-10-09 18:39:06,305 RX_BYTE 00
2026-10-09 18:39:06,305 RX_BYTE 6D
2026-10-09 18:39:06,305 RX 8B F1 B1 61 01 90 D2 A6 93 94 B0 FB 04 00 6D
2026-10-09 18:39:06,305 RX_BYTE 8B
2026-10-09 18:39:06,305 RX_BYTE F1
2026-10-09 18:39:06,305 RX_BYTE B1
2026-10-09 18:39:06,305 RX_BYTE 61
2026-10-09 18:39:06,305 RX_BYTE 01
2026-10-09 18:39:06,305 RX_BYTE 90
2026-10-09 18:39:06,305 RX_BYTE D2
2026-10-09 18:39:06,305 RX_BYTE A6
2026-10-09 18:39:06,305 RX_BYTE 93
2026-10-09 18:39:06,305 RX_BYTE 94
2026-10-09 18:39:06,306 RX_BYTE B0
2026-10-09 18:39:06,306 RX_BYTE FB
2026-10-09 18:39:06,306 RX_BYTE 04
2026-10-09 18:39:06,306 RX_BYTE 00
2026-10-09 18:39:06,306 RX_BYTE 6D
2026-10-09 18:39:06,306 RX 8B F1 B1 61 01 90 D2 A6 93 94 B0 FB 04 00 6D
2026-10-09 18:39:06,306 RX_BYTE 8B
2026-10-09 18:39:06,306 RX_BYTE F1
2026-10-09 18:39:06,306 RX_BYTE B1
2026-10-09 18:39:06,306 RX_BYTE 61
2026-10-09 18:39:06,306 RX_BYTE 01
2026-10-09 18:39:06,306 RX_BYTE 90
2026-10-09 18:39:06,306 RX_BYTE D2
2026-10-09 18:39:06,306 RX_BYTE A6
2026-10-09 18:39:06,306 RX_BYTE 93
2026-10-09 18:39:06,306 RX_BYTE 94
2026-10-09 18:39:06,306 RX_BYTE B0
2026-10-09 18:39:06,306 RX_BYTE FB
2026-10-09 18:39:06,306 RX_BYTE 04
2026-10-09 18:39:06,306 RX_BYTE 00
2026-10-09 18:39:06,306 RX_BYTE 6D
2026-10-09 18:39:06,306 RX 8B F1 B1 61 01 90 D2 A6 93 94 B0 FB 04 00 6D
2026-10-09 18:39:06,306 RX_BYTE 8B
2026-10-09 18:39:06,306 RX_BYTE F1
2026-10-09 18:39:06,306 RX_BYTE B1
2026-10-09 18:39:06,306 RX_BYTE 61
2026-10-09 18:39:06,306 RX_BYTE 01
2026-10-09 18:39:06,306 RX_BYTE 90
2026-10-09 18:39:06,306 RX_BYTE D2
2026-10-09 18:39:06,306 RX_BYTE A6
2026-10-09 18:39:06,306 RX_BYTE 93
2026-10-09 18:39:06,306 RX_BYTE 94
2026-10-09 18:39:06,306 RX_BYTE B0
2026-10-09 18:39:06,306 RX_BYTE FB
2026-10-09 18:39:06,306 RX_BYTE 04
2026-10-09 18:39:06,306 RX_BYTE 00
2026-10-09 18:39:06,306 RX_BYTE 6D
2026-10-09 18:39:06,306 RX 8B F1 B1 61 01 90 D2 A6 93 94 B0 FB 04 00 6D
2026-10-09 18:39:06,306 RX_BYTE 8B
2026-10-09 18:39:06,306 RX_BYTE F1
2026-10-09 18:39:06,306 RX_BYTE B1
2026-10-09 18:39:06,306 RX_BYTE 61
2026-10-09 18:39:06,306 RX_BYTE 01
2026-10-09 18:39:06,306 RX_BYTE 90
2026-10-09 18:39:06,306 RX_BYTE D2
2026-10-09 18:39:06,306 RX_BYTE A6
2026-10-09 18:39:06,306 RX_BYTE 93
2026-10-09 18:39:06,306 RX_BYTE 94
2026-10-09 18:39:06,306 RX_BYTE B0
2026-10-09 18:39:06,306 RX_BYTE FB
2026-10-09 18:39:06,306 RX_BYTE 04
2026-10-09 18:39:06,307 RX_BYTE 00
2026-10-09 18:39:06,307 RX_BYTE 6D
2026-10-09 18:39:06,307 RX 8B F1 B1 61 01 90 D2 A6 93 94 B0 FB 04 00 6D
2026-10-09 18:39:06,307 RX_BYTE 8B
2026-10-09 18:39:06,307 RX_BYTE F1
2026-10-09 18:39:06,307 RX_BYTE B1
2026-10-09 18:39:06,307 RX_BYTE 61
2026-10-09 18:39:06,307 RX_BYTE 01
2026-10-09 18:39:06,307 RX_BYTE 90
2026-10-09 18:39:06,307 RX_BYTE D2
2026-10-09 18:39:06,307 RX_BYTE A6
2026-10-09 18:39:06,307 RX_BYTE 93
2026-10-09 18:39:06,307 RX_BYTE 94
2026-10-09 18:39:06,307 RX_BYTE B0
2026-10-09 18:39:06,307 RX_BYTE FB
2026-10-09 18:39:06,307 RX_BYTE 04
2026-10-09 18:39:06,307 RX_BYTE 00
2026-10-09 18:39:06,307 RX_BYTE 6D
2026-10-09 18:39:06,307 RX 8B F1 B1 61 01 90 D2 A6 93 94 B0 FB 04 00 6D
2026-10-09 18:39:06,307 RX_BYTE 8B
2026-10-09 18:39:06,307 RX_BYTE F1
2026-10-09 18:39:06,307 RX_BYTE B1
2026-10-09 18:39:06,307 RX_BYTE 61
2026-10-09 18:39:06,307 RX_BYTE 01
2026-10-09 18:39:06,307 RX_BYTE 90
2026-10-09 18:39:06,307 RX_BYTE D2
2026-10-09 18:39:06,307 RX_BYTE A6
2026-10-09 18:39:06,307 RX_BYTE 93
2026-10-09 18:39:06,307 RX_BYTE 94
2026-10-09 18:39:06,307 RX_BYTE B0
2026-10-09 18:39:06,307 RX_BYTE FB
2026-10-09 18:39:06,307 RX_BYTE 04
2026-10-09 18:39:06,307 RX_BYTE 00
2026-10-09 18:39:06,307 RX_BYTE 6D
2026-10-09 18:39:06,307 RX 8B F1 B1 61 01 90 D2 A6 93 94 B0 FB 04 00 6D
2026-10-09 18:39:06,307 RX_BYTE 8B
2026-10-09 18:39:06,307 RX_BYTE F1
2026-10-09 18:39:06,307 RX_BYTE B1
2026-10-09 18:39:06,307 RX_BYTE 61
2026-10-09 18:39:06,307 RX_BYTE 01
2026-10-09 18:39:06,307 RX_BYTE 90
2026-10-09 18:39:06,307 RX_BYTE D2
2026-10-09 18:39:06,307 RX_BYTE A6
2026-10-09 18:39:06,307 RX_BYTE 93
2026-10-09 18:39:06,307 RX_BYTE 94
2026-10-09 18:39:06,307 RX_BYTE B0
2026-10-09 18:39:06,307 RX_BYTE FB
2026-10-09 18:39:06,307 RX_BYTE 04
2026-10-09 18:39:06,307 RX_BYTE 00
2026-10-09 18:39:06,307 RX_BYTE 6D
2026-10-09 18:39:06,307 RX 8B F1 B1 61 01 90 D2 A6 93 94 B0 FB 04 00 6D
2026-10-09 18:39:06,307 RX_BYTE 8B
2026-10-09 18:39:06,307 RX_BYTE F1
2026-10-09 18:39:06,307 RX_BYTE B1
2026-10-09 18:39:06,307 RX_BYTE 61
2026-10-09 18:39:06,307 RX_BYTE 01
2026-10-09 18:39:06,307 RX_BYTE 90
2026-10-09 18:39:06,307 RX_BYTE D2
2026-10-09 18:39:06,307 RX_BYTE A6
2026-10-09 18:39:06,308 RX_BYTE 93
2026-10-09 18:39:06,308 RX_BYTE 94
2026-10-09 18:39:06,308 RX_BYTE B0
2026-10-09 18:39:06,308 RX_BYTE FB
2026-10-09 18:39:06,308 RX_BYTE 04
2026-10-09 18:39:06,308 RX_BYTE 00
2026-10-09 18:39:06,308 RX_BYTE 6D
2026-10-09 18:39:06,308 RX 8B F1 B1 61 01 90 D2 A6 93 94 B0 FB 04 00 6D
2026-10-09 18:39:06,308 RX_BYTE 8B
2026-10-09 18:39:06,308 RX_BYTE F1
2026-10-09 18:39:06,308 RX_BYTE B1
2026-10-09 18:39:06,308 RX_BYTE 61
2026-10-09 18:39:06,308 RX_BYTE 01
2026-10-09 18:39:06,308 RX_BYTE 90
2026-10-09 18:39:06,308 RX_BYTE D2
2026-10-09 18:39:06,308 RX_BYTE A6
2026-10-09 18:39:06,308 RX_BYTE 93
2026-10-09 18:39:06,308 RX_BYTE 94
2026-10-09 18:39:06,308 RX_BYTE B0
2026-10-09 18:39:06,308 RX_BYTE FB
2026-10-09 18:39:06,308 RX_BYTE 04
2026-10-09 18:39:06,308 RX_BYTE 00
2026-10-09 18:39:06,308 RX_BYTE 6D
2026-10-09 18:39:06,308 RX 8B F1 B1 61 01 90 D2 A6 93 94 B0 FB 04 00 6D
2026-10-09 18:39:06,308 RX_BYTE 8B
2026-10-09 18:39:06,308 RX_BYTE F1
2026-10-09 18:39:06,308 RX_BYTE B1
2026-10-09 18:39:06,308 RX_BYTE 61
2026-10-09 18:39:06,308 RX_BYTE 01
2026-10-09 18:39:06,308 RX_BYTE 90
2026-10-09 18:39:06,308 RX_BYTE D2
2026-10-09 18:39:06,308 RX_BYTE A6
2026-10-09 18:39:06,308 RX_BYTE 93
2026-10-09 18:39:06,308 RX_BYTE 94
2026-10-09 18:39:06,308 RX_BYTE B0
2026-10-09 18:39:06,308 RX_BYTE FB
2026-10-09 18:39:06,308 RX_BYTE 04
2026-10-09 18:39:06,308 RX_BYTE 00
2026-10-09 18:39:06,308 RX_BYTE 6D
2026-10-09 18:39:06,308 RX 8B F1 B1 61 01 90 D2 A6 93 94 B0 FB 04 00 6D
2026-10-09 18:39:06,308 RX_BYTE 8B
2026-10-09 18:39:06,308 RX_BYTE F1
2026-10-09 18:39:06,308 RX_BYTE B1
2026-10-09 18:39:06,308 RX_BYTE 61
2026-10-09 18:39:06,308 RX_BYTE 01
2026-10-09 18:39:06,308 RX_BYTE 90
2026-10-09 18:39:06,308 RX_BYTE D2
2026-10-09 18:39:06,308 RX_BYTE A6
2026-10-09 18:39:06,308 RX_BYTE 93
2026-10-09 18:39:06,308 RX_BYTE 94
2026-10-09 18:39:06,308 RX_BYTE B0
2026-10-09 18:39:06,308 RX_BYTE FB
2026-10-09 18:39:06,308 RX_BYTE 04
2026-10-09 18:39:06,308 RX_BYTE 00
2026-10-09 18:39:06,308 RX_BYTE 6D
2026-10-09 18:39:06,308 RX 8B F1 B1 61 01 90 D2 A6 93 94 B0 FB 04 00 6D
2026-10-09 18:39:06,308 RX_BYTE 8B
2026-10-09 18:39:06,308 RX_BYTE F1
2026-10-09 18:39:06,308 RX_BYTE B1
2026-10-09 18:39:06,308 RX_BYTE 61
2026-10-09 18:39:06,308 RX_BYTE 01
2026-10-09 18:39:06,308 RX_BYTE 90
2026-10-09 18:39:06,309 RX_BYTE D2
2026-10-09 18:39:06,309 RX_BYTE A6
2026-10-09 18:39:06,309 RX_BYTE 93
2026-10-09 18:39:06,309 RX_BYTE 94
2026-10-09 18:39:06,309 RX_BYTE B0
2026-10-09 18:39:06,309 RX_BYTE FB
2026-10-09 18:39:06,309 RX_BYTE 04
2026-10-09 18:39:06,309 RX_BYTE 00
2026-10-09 18:39:06,309 RX_BYTE 6D
2026-10-09 18:39:06,309 RX 8B F1 B1 61 01 90 D2 A6 93 94 B0 FB 04 00 6D
2026-10-09 18:39:06,309 RX_BYTE 8B
2026-10-09 18:39:06,309 RX_BYTE F1
2026-10-09 18:39:06,309 RX_BYTE B1
2026-10-09 18:39:06,309 RX_BYTE 61
2026-10-09 18:39:06,309 RX_BYTE 01
2026-10-09 18:39:06,309 RX_BYTE 90
2026-10-09 18:39:06,309 RX_BYTE D2
2026-10-09 18:39:06,309 RX_BYTE A6
2026-10-09 18:39:06,309 RX_BYTE 93
2026-10-09 18:39:06,309 RX_BYTE 94
2026-10-09 18:39:06,309 RX_BYTE B0
2026-10-09 18:39:06,309 RX_BYTE FB
2026-10-09 18:39:06,309 RX_BYTE 04
2026-10-09 18:39:06,309 RX_BYTE 00
2026-10-09 18:39:06,309 RX_BYTE 6D
2026-10-09 18:39:06,309 RX 8B F1 B1 61 01 90 D2 A6 93 94 B0 FB 04 00 6D
2026-10-09 18:39:06,309 RX_BYTE 8B
2026-10-09 18:39:06,309 RX_BYTE F1
2026-10-09 18:39:06,309 RX_BYTE B1
2026-10-09 18:39:06,309 RX_BYTE 61
2026-10-09 18:39:06,309 RX_BYTE 01
2026-10-09 18:39:06,309 RX_BYTE 90
2026-10-09 18:39:06,309 RX_BYTE D2
2026-10-09 18:39:06,309 RX_BYTE A6
2026-10-09 18:39:06,309 RX_BYTE 93
2026-10-09 18:39:06,309 RX_BYTE 94
2026-10-09 18:39:06,309 RX_BYTE B0
2026-10-09 18:39:06,309 RX_BYTE FB
2026-10-09 18:39:06,309 RX_BYTE 04
2026-10-09 18:39:06,309 RX_BYTE 00
2026-10-09 18:39:06,309 RX_BYTE 6D
2026-10-09 18:39:06,309 RX 8B F1 B1 61 01 90 D2 A6 93 94 B0 FB 04 00 6D
2026-10-09 18:39:06,309 RX_BYTE 8B
2026-10-09 18:39:06,309 RX_BYTE F1
2026-10-09 18:39:06,309 RX_BYTE B1
2026-10-09 18:39:06,309 RX_BYTE 61
2026-10-09 18:39:06,309 RX_BYTE 01
2026-10-09 18:39:06,309 RX_BYTE 90
2026-10-09 18:39:06,309 RX_BYTE D2
2026-10-09 18:39:06,309 RX_BYTE A6
2026-10-09 18:39:06,309 RX_BYTE 93
2026-10-09 18:39:06,309 RX_BYTE 94
2026-10-09 18:39:06,309 RX_BYTE B0
2026-10-09 18:39:06,309 RX_BYTE FB
2026-10-09 18:39:06,309 RX_BYTE 04
2026-10-09 18:39:06,309 RX_BYTE 00
2026-10-09 18:39:06,309 RX_BYTE 6D
2026-10-09 18:39:06,309 RX 8B F1 B1 61 01 90 D2 A6 93 94 B0 FB 04 00 6D
2026-10-09 18:39:06,309 RX_BYTE 8B
2026-10-09 18:39:06,309 RX_BYTE F1
2026-10-09 18:39:06,309 RX_BYTE B1
2026-10-09 18:39:06,309 RX_BYTE 61
2026-10-09 18:39:06,310 RX_BYTE 01
2026-10-09 18:39:06,310 RX_BYTE 90
2026-10-09 18:39:06,310 RX_BYTE D2
2026-10-09 18:39:06,310 RX_BYTE A6
2026-10-09 18:39:06,310 RX_BYTE 93
2026-10-09 18:39:06,310 RX_BYTE 94
2026-10-09 18:39:06,310 RX_BYTE B0
2026-10-09 18:39:06,310 RX_BYTE FB
2026-10-09 18:39:06,310 RX_BYTE 04
2026-10-09 18:39:06,310 RX_BYTE 00
2026-10-09 18:39:06,310 RX_BYTE 6D
2026-10-09 18:39:06,310 RX 8B F1 B1 61 01 90 D2 A6 93 94 B0 FB 04 00 6D
2026-10-09 18:39:06,310 RX_BYTE 8B
2026-10-09 18:39:06,310 RX_BYTE F1
2026-10-09 18:39:06,310 RX_BYTE B1
2026-10-09 18:39:06,310 RX_BYTE 61
2026-10-09 18:39:06,310 RX_BYTE 01
2026-10-09 18:39:06,310 RX_BYTE 90
2026-10-09 18:39:06,310 RX_BYTE D2
2026-10-09 18:39:06,310 RX_BYTE A6
2026-10-09 18:39:06,310 RX_BYTE 93
2026-10-09 18:39:06,310 RX_BYTE 94
2026-10-09 18:39:06,310 RX_BYTE B0
2026-10-09 18:39:06,310 RX_BYTE FB
2026-10-09 18:39:06,310 RX_BYTE 04
2026-10-09 18:39:06,310 RX_BYTE 00
2026-10-09 18:39:06,310 RX_BYTE 6D
2026-10-09 18:39:06,310 RX 8B F1 B1 61 01 90 D2 A6 93 94 B0 FB 04 00 6D
2026-10-09 18:39:06,310 RX_BYTE 8B
2026-10-09 18:39:06,310 RX_BYTE F1
2026-10-09 18:39:06,310 RX_BYTE B1
2026-10-09 18:39:06,310 RX_BYTE 61
2026-10-09 18:39:06,310 RX_BYTE 01
2026-10-09 18:39:06,310 RX_BYTE 90
2026-10-09 18:39:06,310 RX_BYTE D2
2026-10-09 18:39:06,310 RX_BYTE A6
2026-10-09 18:39:06,310 RX_BYTE 93
2026-10-09 18:39:06,310 RX_BYTE 94
2026-10-09 18:39:06,310 RX_BYTE B0
2026-10-09 18:39:06,310 RX_BYTE FB
2026-10-09 18:39:06,310 RX_BYTE 04
2026-10-09 18:39:06,310 RX_BYTE 00
2026-10-09 18:39:06,310 RX_BYTE 6D
2026-10-09 18:39:06,310 RX 8B F1 B1 61 01 90 D2 A6 93 94 B0 FB 04 00 6D
2026-10-09 18:39:06,310 RX_BYTE 8B
2026-10-09 18:39:06,310 RX_BYTE F1
2026-10-09 18:39:06,310 RX_BYTE B1
2026-10-09 18:39:06,310 RX_BYTE 61
2026-10-09 18:39:06,310 RX_BYTE 01
2026-10-09 18:39:06,310 RX_BYTE 90
2026-10-09 18:39:06,310 RX_BYTE D2
2026-10-09 18:39:06,310 RX_BYTE A6
2026-10-09 18:39:06,310 RX_BYTE 93
2026-10-09 18:39:06,310 RX_BYTE 94
2026-10-09 18:39:06,310 RX_BYTE B0
2026-10-09 18:39:06,310 RX_BYTE FB
2026-10-09 18:39:06,310 RX_BYTE 04
2026-10-09 18:39:06,310 RX_BYTE 00
2026-10-09 18:39:06,310 RX_BYTE 6D
2026-10-09 18:39:06,310 RX 8B F1 B1 61 01 90 D2 A6 93 94 B0 FB 04 00 6D
2026-10-09 18:39:06,310 RX_BYTE 8B
2026-10-09 18:39:06,310 RX_BYTE F1
2026-10-09 18:39:06,310 RX_BYTE B1
2026-10-09 18:39:06,311 RX_BYTE 61
2026-10-09 18:39:06,311 RX_BYTE 01
2026-10-09 18:39:06,311 RX_BYTE 90
2026-10-09 18:39:06,311 RX_BYTE D2
2026-10-09 18:39:06,311 RX_BYTE A6
2026-10-09 18:39:06,311 RX_BYTE 93
2026-10-09 18:39:06,311 RX_BYTE 94
2026-10-09 18:39:06,311 RX_BYTE B0
2026-10-09 18:39:06,311 RX_BYTE FB
2026-10-09 18:39:06,311 RX_BYTE 04
2026-10-09 18:39:06,311 RX_BYTE 00
2026-10-09 18:39:06,311 RX_BYTE 6D
2026-10-09 18:39:06,311 RX 8B F1 B1 61 01 90 D2 A6 93 94 B0 FB 04 00 6D
2026-10-09 18:39:06,311 RX_BYTE 8B
2026-10-09 18:39:06,311 RX_BYTE F1
2026-10-09 18:39:06,311 RX_BYTE B1
2026-10-09 18:39:06,311 RX_BYTE 61
2026-10-09 18:39:06,311 RX_BYTE 01
2026-10-09 18:39:06,311 RX_BYTE 90
2026-10-09 18:39:06,311 RX_BYTE D2
2026-10-09 18:39:06,311 RX_BYTE A6
2026-10-09 18:39:06,311 RX_BYTE 93
2026-10-09 18:39:06,311 RX_BYTE 94
2026-10-09 18:39:06,311 RX_BYTE B0
2026-10-09 18:39:06,311 RX_BYTE FB
2026-10-09 18:39:06,311 RX_BYTE 04
2026-10-09 18:39:06,311 RX_BYTE 00
2026-10-09 18:39:06,311 RX_BYTE 6D
2026-10-09 18:39:06,311 RX 8B F1 B1 61 01 90 D2 A6 93 94 B0 FB 04 00 6D
2026-10-09 18:39:06,311 RX_BYTE 8B
2026-10-09 18:39:06,311 RX_BYTE F1
2026-10-09 18:39:06,311 RX_BYTE B1
2026-10-09 18:39:06,311 RX_BYTE 61
2026-10-09 18:39:06,311 RX_BYTE 01
2026-10-09 18:39:06,311 RX_BYTE 90
2026-10-09 18:39:06,311 RX_BYTE D2
2026-10-09 18:39:06,311 RX_BYTE A6
2026-10-09 18:39:06,311 RX_BYTE 93
2026-10-09 18:39:06,311 RX_BYTE 94
2026-10-09 18:39:06,311 RX_BYTE B0
2026-10-09 18:39:06,311 RX_BYTE FB
2026-10-09 18:39:06,311 RX_BYTE 04
2026-10-09 18:39:06,311 RX_BYTE 00
2026-10-09 18:39:06,311 RX_BYTE 6D
2026-10-09 18:39:06,311 RX 8B F1 B1 61 01 90 D2 A6 93 94 B0 FB 04 00 6D
2026-10-09 18:39:06,311 RX_BYTE 8B
2026-10-09 18:39:06,311 RX_BYTE F1
2026-10-09 18:39:06,311 RX_BYTE B1
2026-10-09 18:39:06,311 RX_BYTE 61
2026-10-09 18:39:06,311 RX_BYTE 01
2026-10-09 18:39:06,311 RX_BYTE 90
2026-10-09 18:39:06,311 RX_BYTE D2
2026-10-09 18:39:06,311 RX_BYTE A6
2026-10-09 18:39:06,311 RX_BYTE 93
2026-10-09 18:39:06,311 RX_BYTE 94
2026-10-09 18:39:06,311 RX_BYTE B0
2026-10-09 18:39:06,311 RX_BYTE FB
2026-10-09 18:39:06,311 RX_BYTE 04
2026-10-09 18:39:06,311 RX_BYTE 00
2026-10-09 18:39:06,311 RX_BYTE 6D
2026-10-09 18:39:06,311 RX 8B F1 B1 61 01 90 D2 A6 93 94 B0 FB 04 00 6D
2026-10-09 18:39:06,311 RX_BYTE 8B
2026-10-09 18:39:06,311 RX_BYTE F1
2026-10-09 18:39:06,312 RX_BYTE B1
2026-10-09 18:39:06,312 RX_BYTE 61
2026-10-09 18:39:06,312 RX_BYTE 01
2026-10-09 18:39:06,312 RX_BYTE 90
2026-10-09 18:39:06,312 RX_BYTE D2
2026-10-09 18:39:06,312 RX_BYTE A6
2026-10-09 18:39:06,312 RX_BYTE 93
2026-10-09 18:39:06,312 RX_BYTE 94
2026-10-09 18:39:06,312 RX_BYTE B0
2026-10-09 18:39:06,312 RX_BYTE FB
2026-10-09 18:39:06,312 RX_BYTE 04
2026-10-09 18:39:06,312 RX_BYTE 00
2026-10-09 18:39:06,312 RX_BYTE 6D
2026-10-09 18:39:06,312 RX 8B F1 B1 61 01 90 D2 A6 93 94 B0 FB 04 00 6D
2026-10-09 18:39:06,312 RX_BYTE 8B
2026-10-09 18:39:06,312 RX_BYTE F1
2026-10-09 18:39:06,312 RX_BYTE B1
2026-10-09 18:39:06,312 RX_BYTE 61
2026-10-09 18:39:06,312 RX_BYTE 01
2026-10-09 18:39:06,312 RX_BYTE 90
2026-10-09 18:39:06,312 RX_BYTE D2
2026-10-09 18:39:06,312 RX_BYTE A6
2026-10-09 18:39:06,312 RX_BYTE 93
2026-10-09 18:39:06,312 RX_BYTE 94
2026-10-09 18:39:06,312 RX_BYTE B0
2026-10-09 18:39:06,312 RX_BYTE FB
2026-10-09 18:39:06,312 RX_BYTE 04
2026-10-09 18:39:06,312 RX_BYTE 00
2026-10-09 18:39:06,312 RX_BYTE 6D
2026-10-09 18:39:06,312 RX 8B F1 B1 61 01 90 D2 A6 93 94 B0 FB 04 00 6D
2026-10-09 18:39:06,312 RX_BYTE 8B
2026-10-09 18:39:06,312 RX_BYTE F1
2026-10-09 18:39:06,312 RX_BYTE B1
2026-10-09 18:39:06,312 RX_BYTE 61
2026-10-09 18:39:06,312 RX_BYTE 01
2026-10-09 18:39:06,312 RX_BYTE 90
2026-10-09 18:39:06,312 RX_BYTE D2
2026-10-09 18:39:06,312 RX_BYTE A6
2026-10-09 18:39:06,312 RX_BYTE 93
2026-10-09 18:39:06,312 RX_BYTE 94
2026-10-09 18:39:06,312 RX_BYTE B0
2026-10-09 18:39:06,312 RX_BYTE FB
2026-10-09 18:39:06,312 RX_BYTE 04
2026-10-09 18:39:06,312 RX_BYTE 00
2026-10-09 18:39:06,312 RX_BYTE 6D
2026-10-09 18:39:06,312 RX 8B F1 B1 61 01 90 D2 A6 93 94 B0 FB 04 00 6D
2026-10-09 18:39:06,312 RX_BYTE 8B
2026-10-09 18:39:06,312 RX_BYTE F1
2026-10-09 18:39:06,312 RX_BYTE B1
2026-10-09 18:39:06,312 RX_BYTE 61
2026-10-09 18:39:06,312 RX_BYTE 01
2026-10-09 18:39:06,312 RX_BYTE 90
2026-10-09 18:39:06,312 RX_BYTE D2
2026-10-09 18:39:06,312 RX_BYTE A6
2026-10-09 18:39:06,312 RX_BYTE 93
2026-10-09 18:39:06,312 RX_BYTE 94
2026-10-09 18:39:06,312 RX_BYTE B0
2026-10-09 18:39:06,312 RX_BYTE FB
2026-10-09 18:39:06,312 RX_BYTE 04
2026-10-09 18:39:06,312 RX_BYTE 00
2026-10-09 18:39:06,312 RX_BYTE 6D
2026-10-09 18:39:06,312 RX 8B F1 B1 61 01 90 D2 A6 93 94 B0 FB 04 00 6D
2026-10-09 18:39:06,313 RX_BYTE 8B
2026-10-09 18:39:06,313 RX_BYTE F1
2026-10-09 18:39:06,313 RX_BYTE B1
2026-10-09 18:39:06,313 RX_BYTE 61
2026-10-09 18:39:06,313 RX_BYTE 01
2026-10-09 18:39:06,313 RX_BYTE 90
2026-10-09 18:39:06,313 RX_BYTE D2
2026-10-09 18:39:06,313 RX_BYTE A6
2026-10-09 18:39:06,313 RX_BYTE 93
2026-10-09 18:39:06,313 RX_BYTE 94
2026-10-09 18:39:06,313 RX_BYTE B0
2026-10-09 18:39:06,313 RX_BYTE FB
2026-10-09 18:39:06,313 RX_BYTE 04
2026-10-09 18:39:06,313 RX_BYTE 00
2026-10-09 18:39:06,313 RX_BYTE 6D
2026-10-09 18:39:06,313 RX 8B F1 B1 61 01 90 D2 A6 93 94 B0 FB 04 00 6D
2026-10-09 18:39:06,313 RX_BYTE 8B
2026-10-09 18:39:06,313 RX_BYTE F1
2026-10-09 18:39:06,313 RX_BYTE B1
2026-10-09 18:39:06,313 RX_BYTE 61
2026-10-09 18:39:06,313 RX_BYTE 01
2026-10-09 18:39:06,313 RX_BYTE 90
2026-10-09 18:39:06,313 RX_BYTE D2
2026-10-09 18:39:06,313 RX_BYTE A6
2026-10-09 18:39:06,313 RX_BYTE 93
2026-10-09 18:39:06,313 RX_BYTE 94
2026-10-09 18:39:06,313 RX_BYTE B0
2026-10-09 18:39:06,313 RX_BYTE FB
2026-10-09 18:39:06,313 RX_BYTE 04
2026-10-09 18:39:06,313 RX_BYTE 00
2026-10-09 18:39:06,313 RX_BYTE 6D
2026-10-09 18:39:06,313 RX 8B F1 B1 61 01 90 D2 A6 93 94 B0 FB 04 00 6D
2026-10-09 18:39:06,313 RX_BYTE 8B
2026-10-09 18:39:06,313 RX_BYTE F1
2026-10-09 18:39:06,313 RX_BYTE B1
2026-10-09 18:39:06,313 RX_BYTE 61
2026-10-09 18:39:06,313 RX_BYTE 01
2026-10-09 18:39:06,313 RX_BYTE 90
2026-10-09 18:39:06,313 RX_BYTE D2
2026-10-09 18:39:06,313 RX_BYTE A6
2026-10-09 18:39:06,313 RX_BYTE 93
2026-10-09 18:39:06,313 RX_BYTE 94
2026-10-09 18:39:06,313 RX_BYTE B0
2026-10-09 18:39:06,313 RX_BYTE FB
2026-10-09 18:39:06,313 RX_BYTE 04
2026-10-09 18:39:06,313 RX_BYTE 00
2026-10-09 18:39:06,313 RX_BYTE 6D
2026-10-09 18:39:06,313 RX 8B F1 B1 61 01 90 D2 A6 93 94 B0 FB 04 00 6D
2026-10-09 18:39:06,313 RX_BYTE 8B
2026-10-09 18:39:06,313 RX_BYTE F1
2026-10-09 18:39:06,313 RX_BYTE B1
2026-10-09 18:39:06,313 RX_BYTE 61
2026-10-09 18:39:06,313 RX_BYTE 01
2026-10-09 18:39:06,313 RX_BYTE 90
2026-10-09 18:39:06,313 RX_BYTE D2
2026-10-09 18:39:06,313 RX_BYTE A6
2026-10-09 18:39:06,313 RX_BYTE 93
2026-10-09 18:39:06,313 RX_BYTE 94
2026-10-09 18:39:06,313 RX_BYTE B0
2026-10-09 18:39:06,313 RX_BYTE FB
2026-10-09 18:39:06,313 RX_BYTE 04
2026-10-09 18:39:06,313 RX_BYTE 00
2026-10-09 18:39:06,314 RX_BYTE 6D
2026-10-09 18:39:06,314 RX 8B F1 B1 61 01 90 D2 A6 93 94 B0 FB 04 00 6D
2026-10-09 18:39:06,314 RX_BYTE 8B
2026-10-09 18:39:06,314 RX_BYTE F1
2026-10-09 18:39:06,314 RX_BYTE B1
2026-10-09 18:39:06,314 RX_BYTE 61
2026-10-09 18:39:06,314 RX_BYTE 01
2026-10-09 18:39:06,314 RX_BYTE 90
2026-10-09 18:39:06,314 RX_BYTE D2
2026-10-09 18:39:06,314 RX_BYTE A6
2026-10-09 18:39:06,314 RX_BYTE 93
2026-10-09 18:39:06,314 RX_BYTE 94
2026-10-09 18:39:06,314 RX_BYTE B0
2026-10-09 18:39:06,314 RX_BYTE FB
2026-10-09 18:39:06,314 RX_BYTE 04
2026-10-09 18:39:06,314 RX_BYTE 00
2026-10-09 18:39:06,314 RX_BYTE 6D
2026-10-09 18:39:06,314 RX 8B F1 B1 61 01 90 D2 A6 93 94 B0 FB 04 00 6D
2026-10-09 18:39:06,314 RX_BYTE 8B
2026-10-09 18:39:06,314 RX_BYTE F1
2026-10-09 18:39:06,314 RX_BYTE B1
2026-10-09 18:39:06,314 RX_BYTE 61
2026-10-09 18:39:06,314 RX_BYTE 01
2026-10-09 18:39:06,314 RX_BYTE 90
2026-10-09 18:39:06,314 RX_BYTE D2
2026-10-09 18:39:06,314 RX_BYTE A6
2026-10-09 18:39:06,314 RX_BYTE 93
2026-10-09 18:39:06,314 RX_BYTE 94
2026-10-09 18:39:06,314 RX_BYTE B0
2026-10-09 18:39:06,314 RX_BYTE FB
2026-10-09 18:39:06,314 RX_BYTE 04
2026-10-09 18:39:06,314 RX_BYTE 00
2026-10-09 18:39:06,314 RX_BYTE 6D
2026-10-09 18:39:06,314 RX 8B F1 B1 61 01 90 D2 A6 93 94 B0 FB 04 00 6D
2026-10-09 18:39:06,314 RX_BYTE 8B
2026-10-09 18:39:06,314 RX_BYTE F1
2026-10-09 18:39:06,314 RX_BYTE B1
2026-10-09 18:39:06,314 RX_BYTE 61
2026-10-09 18:39:06,314 RX_BYTE 01
2026-10-09 18:39:06,314 RX_BYTE 90
2026-10-09 18:39:06,314 RX_BYTE D2
2026-10-09 18:39:06,314 RX_BYTE A6
2026-10-09 18:39:06,314 RX_BYTE 93
2026-10-09 18:39:06,314 RX_BYTE 94
2026-10-09 18:39:06,314 RX_BYTE B0
2026-10-09 18:39:06,314 RX_BYTE FB
2026-10-09 18:39:06,314 RX_BYTE 04
2026-10-09 18:39:06,314 RX_BYTE 00
2026-10-09 18:39:06,314 RX_BYTE 6D
2026-10-09 18:39:06,314 RX 8B F1 B1 61 01 90 D2 A6 93 94 B0 FB 04 00 6D
2026-10-09 18:39:06,314 RX_BYTE 8B
2026-10-09 18:39:06,314 RX_BYTE F1
2026-10-09 18:39:06,314 RX_BYTE B1
2026-10-09 18:39:06,314 RX_BYTE 61
2026-10-09 18:39:06,314 RX_BYTE 01
2026-10-09 18:39:06,314 RX_BYTE 90
2026-10-09 18:39:06,314 RX_BYTE D2
2026-10-09 18:39:06,314 RX_BYTE A6
2026-10-09 18:39:06,314 RX_BYTE 93
2026-10-09 18:39:06,314 RX_BYTE 94
2026-10-09 18:39:06,314 RX_BYTE B0
2026-10-09 18:39:06,314 RX_BYTE FB
2026-10-09 18:39:06,314 RX_BYTE 04
2026-10-09 18:39:06,314 RX_BYTE 00
2026-10-09 18:39:06,315 RX_BYTE 6D
2026-10-09 18:39:06,315 RX 8B F1 B1 61 01 90 D2 A6 93 94 B0 FB 04 00 6D
2026-10-09 18:39:06,315 RX_BYTE 8B
2026-10-09 18:39:06,315 RX_BYTE F1
2026-10-09 18:39:06,315 RX_BYTE B1
2026-10-09 18:39:06,315 RX_BYTE 61
2026-10-09 18:39:06,315 RX_BYTE 01
2026-10-09 18:39:06,315 RX_BYTE 90
2026-10-09 18:39:06,315 RX_BYTE D2
2026-10-09 18:39:06,315 RX_BYTE A6
2026-10-09 18:39:06,315 RX_BYTE 93
2026-10-09 18:39:06,315 RX_BYTE 94
2026-10-09 18:39:06,315 RX_BYTE B0
2026-10-09 18:39:06,315 RX_BYTE FB
2026-10-09 18:39:06,315 RX_BYTE 04
2026-10-09 18:39:06,315 RX_BYTE 00
2026-10-09 18:39:06,315 RX_BYTE 6D
2026-10-09 18:39:06,315 RX 8B F1 B1 61 01 90 D2 A6 93 94 B0 FB 04 00 6D
2026-10-09 18:39:06,315 RX_BYTE 8B
2026-10-09 18:39:06,315 RX_BYTE F1
2026-10-09 18:39:06,315 RX_BYTE B1
2026-10-09 18:39:06,315 RX_BYTE 61
2026-10-09 18:39:06,315 RX_BYTE 01
2026-10-09 18:39:06,315 RX_BYTE 90
2026-10-09 18:39:06,315 RX_BYTE D2
2026-10-09 18:39:06,315 RX_BYTE A6
2026-10-09 18:39:06,315 RX_BYTE 93
2026-10-09 18:39:06,315 RX_BYTE 94
2026-10-09 18:39:06,315 RX_BYTE B0
2026-10-09 18:39:06,315 RX_BYTE FB
2026-10-09 18:39:06,315 RX_BYTE 04
2026-10-09 18:39:06,315 RX_BYTE 00
2026-10-09 18:39:06,315 RX_BYTE 6D
2026-10-09 18:39:06,315 RX 8B F1 B1 61 01 90 D2 A6 93 94 B0 FB 04 00 6D
2026-10-09 18:39:06,315 RX_BYTE 8B
2026-10-09 18:39:06,315 RX_BYTE F1
2026-10-09 18:39:06,315 RX_BYTE B1
2026-10-09 18:39:06,315 RX_BYTE 61
2026-10-09 18:39:06,315 RX_BYTE 01
2026-10-09 18:39:06,315 RX_BYTE 90
2026-10-09 18:39:06,315 RX_BYTE D2
2026-10-09 18:39:06,315 RX_BYTE A6
2026-10-09 18:39:06,315 RX_BYTE 93
2026-10-09 18:39:06,315 RX_BYTE 94
2026-10-09 18:39:06,315 RX_BYTE B0
2026-10-09 18:39:06,315 RX_BYTE FB
2026-10-09 18:39:06,315 RX_BYTE 04
2026-10-09 18:39:06,315 RX_BYTE 00
2026-10-09 18:39:06,315 RX_BYTE 6D
2026-10-09 18:39:06,315 RX 8B F1 B1 61 01 90 D2 A6 93 94 B0 FB 04 00 6D
2026-10-09 18:39:06,315 RX_BYTE 8B
2026-10-09 18:39:06,315 RX_BYTE F1
2026-10-09 18:39:06,315 RX_BYTE B1
2026-10-09 18:39:06,315 RX_BYTE 61
2026-10-09 18:39:06,315 RX_BYTE 01
2026-10-09 18:39:06,315 RX_BYTE 90
2026-10-09 18:39:06,315 RX_BYTE D2
2026-10-09 18:39:06,315 RX_BYTE A6
2026-10-09 18:39:06,315 RX_BYTE 93
2026-10-09 18:39:06,315 RX_BYTE 94
2026-10-09 18:39:06,315 RX_BYTE B0
2026-10-09 18:39:06,315 RX_BYTE FB
2026-10-09 18:39:06,316 RX_BYTE 04
2026-10-09 18:39:06,316 RX_BYTE 00
2026-10-09 18:39:06,316 RX_BYTE 6D
2026-10-09 18:39:06,316 RX 8B F1 B1 61 01 90 D2 A6 93 94 B0 FB 04 00 6D
2026-10-09 18:39:06,316 RX_BYTE 8B
2026-10-09 18:39:06,316 RX_BYTE F1
2026-10-09 18:39:06,316 RX_BYTE B1
2026-10-09 18:39:06,316 RX_BYTE 61
2026-10-09 18:39:06,316 RX_BYTE 01
2026-10-09 18:39:06,316 RX_BYTE 90
2026-10-09 18:39:06,316 RX_BYTE D2
2026-10-09 18:39:06,316 RX_BYTE A6
2026-10-09 18:39:06,316 RX_BYTE 93
2026-10-09 18:39:06,316 RX_BYTE 94
2026-10-09 18:39:06,316 RX_BYTE B0
2026-10-09 18:39:06,316 RX_BYTE FB
2026-10-09 18:39:06,316 RX_BYTE 04
2026-10-09 18:39:06,316 RX_BYTE 00
2026-10-09 18:39:06,316 RX_BYTE 6D
2026-10-09 18:39:06,316 RX 8B F1 B1 61 01 90 D2 A6 93 94 B0 FB 04 00 6D
2026-10-09 18:39:06,316 RX_BYTE 8B
2026-10-09 18:39:06,316 RX_BYTE F1
2026-10-09 18:39:06,316 RX_BYTE B1
2026-10-09 18:39:06,316 RX_BYTE 61
2026-10-09 18:39:06,316 RX_BYTE 01
2026-10-09 18:39:06,316 RX_BYTE 90
2026-10-09 18:39:06,316 RX_BYTE D2
2026-10-09 18:39:06,316 RX_BYTE A6
2026-10-09 18:39:06,316 RX_BYTE 93
2026-10-09 18:39:06,316 RX_BYTE 94
2026-10-09 18:39:06,316 RX_BYTE B0
2026-10-09 18:39:06,316 RX_BYTE FB
2026-10-09 18:39:06,316 RX_BYTE 04
2026-10-09 18:39:06,316 RX_BYTE 00
2026-10-09 18:39:06,316 RX_BYTE 6D
2026-10-09 18:39:06,316 RX 8B F1 B1 61 01 90 D2 A6 93 94 B0 FB 04 00 6D
2026-10-09 18:39:06,316 RX_BYTE 8B
2026-10-09 18:39:06,316 RX_BYTE F1
2026-10-09 18:39:06,316 RX_BYTE B1
2026-10-09 18:39:06,316 RX_BYTE 61
2026-10-09 18:39:06,316 RX_BYTE 01
2026-10-09 18:39:06,316 RX_BYTE 90
2026-10-09 18:39:06,316 RX_BYTE D2
2026-10-09 18:39:06,316 RX_BYTE A6
2026-10-09 18:39:06,316 RX_BYTE 93
2026-10-09 18:39:06,316 RX_BYTE 94
2026-10-09 18:39:06,316 RX_BYTE B0
2026-10-09 18:39:06,316 RX_BYTE FB
2026-10-09 18:39:06,316 RX_BYTE 04
2026-10-09 18:39:06,316 RX_BYTE 00
2026-10-09 18:39:06,316 RX_BYTE 6D
2026-10-09 18:39:06,316 RX 8B F1 B1 61 01 90 D2 A6 93 94 B0 FB 04 00 6D
2026-10-09 18:39:06,316 RX_BYTE 8B
2026-10-09 18:39:06,316 RX_BYTE F1
2026-10-09 18:39:06,316 RX_BYTE B1
2026-10-09 18:39:06,316 RX_BYTE 61
2026-10-09 18:39:06,316 RX_BYTE 01
2026-10-09 18:39:06,316 RX_BYTE 90
2026-10-09 18:39:06,316 RX_BYTE D2
2026-10-09 18:39:06,316 RX_BYTE A6
2026-10-09 18:39:06,316 RX_BYTE 93
2026-10-09 18:39:06,316 RX_BYTE 94
2026-10-09 18:39:06,316 RX_BYTE B0
2026-10-09 18:39:06,317 RX_BYTE FB
2026-10-09 18:39:06,317 RX_BYTE 04
2026-10-09 18:39:06,317 RX_BYTE 00
2026-10-09 18:39:06,317 RX_BYTE 6D
2026-10-09 18:39:06,317 RX 8B F1 B1 61 01 90 D2 A6 93 94 B0 FB 04 00 6D
2026-10-09 18:39:06,317 RX_BYTE 8B
2026-10-09 18:39:06,317 RX_BYTE F1
2026-10-09 18:39:06,317 RX_BYTE B1
2026-10-09 18:39:06,317 RX_BYTE 61
2026-10-09 18:39:06,317 RX_BYTE 01
2026-10-09 18:39:06,317 RX_BYTE 90
2026-10-09 18:39:06,317 RX_BYTE D2
2026-10-09 18:39:06,317 RX_BYTE A6
2026-10-09 18:39:06,317 RX_BYTE 93
2026-10-09 18:39:06,317 RX_BYTE 94
2026-10-09 18:39:06,317 RX_BYTE B0
2026-10-09 18:39:06,317 RX_BYTE FB
2026-10-09 18:39:06,317 RX_BYTE 04
2026-10-09 18:39:06,317 RX_BYTE 00
2026-10-09 18:39:06,317 RX_BYTE 6D
2026-10-09 18:39:06,317 RX 8B F1 B1 61 01 90 D2 A6 93 94 B0 FB 04 00 6D
2026-10-09 18:39:06,317 RX_BYTE 8B
2026-10-09 18:39:06,317 RX_BYTE F1
2026-10-09 18:39:06,317 RX_BYTE B1
2026-10-09 18:39:06,317 RX_BYTE 61
2026-10-09 18:39:06,317 RX_BYTE 01
2026-10-09 18:39:06,317 RX_BYTE 90
2026-10-09 18:39:06,317 RX_BYTE D2
2026-10-09 18:39:06,317 RX_BYTE A6
2026-10-09 18:39:06,317 RX_BYTE 93
2026-10-09 18:39:06,317 RX_BYTE 94
2026-10-09 18:39:06,317 RX_BYTE B0
2026-10-09 18:39:06,317 RX_BYTE FB
2026-10-09 18:39:06,317 RX_BYTE 04
2026-10-09 18:39:06,317 RX_BYTE 00
2026-10-09 18:39:06,317 RX_BYTE 6D
2026-10-09 18:39:06,317 RX 8B F1 B1 61 01 90 D2 A6 93 94 B0 FB 04 00 6D
2026-10-09 18:39:06,317 RX_BYTE 8B
2026-10-09 18:39:06,317 RX_BYTE F1
2026-10-09 18:39:06,317 RX_BYTE B1
2026-10-09 18:39:06,317 RX_BYTE 61
2026-10-09 18:39:06,317 RX_BYTE 01
2026-10-09 18:39:06,317 RX_BYTE 90
2026-10-09 18:39:06,317 RX_BYTE D2
2026-10-09 18:39:06,317 RX_BYTE A6
2026-10-09 18:39:06,317 RX_BYTE 93
2026-10-09 18:39:06,317 RX_BYTE 94
2026-10-09 18:39:06,317 RX_BYTE B0
2026-10-09 18:39:06,317 RX_BYTE FB
2026-10-09 18:39:06,317 RX_BYTE 04
2026-10-09 18:39:06,317 RX_BYTE 00
2026-10-09 18:39:06,317 RX_BYTE 6D
2026-10-09 18:39:06,317 RX 8B F1 B1 61 01 90 D2 A6 93 94 B0 FB 04 00 6D
2026-10-09 18:39:06,317 RX_BYTE 8B
2026-10-09 18:39:06,317 RX_BYTE F1
2026-10-09 18:39:06,317 RX_BYTE B1
2026-10-09 18:39:06,317 RX_BYTE 61
2026-10-09 18:39:06,317 RX_BYTE 01
2026-10-09 18:39:06,317 RX_BYTE 90
2026-10-09 18:39:06,317 RX_BYTE D2
2026-10-09 18:39:06,317 RX_BYTE A6
2026-10-09 18:39:06,317 RX_BYTE 93
2026-10-09 18:39:06,318 RX_BYTE 94
2026-10-09 18:39:06,318 RX_BYTE B0
2026-10-09 18:39:06,318 RX_BYTE FB
2026-10-09 18:39:06,318 RX_BYTE 04
2026-10-09 18:39:06,318 RX_BYTE 00
2026-10-09 18:39:06,318 RX_BYTE 6D
2026-10-09 18:39:06,318 RX 8B F1 B1 61 01 90 D2 A6 93 94 B0 FB 04 00 6D
2026-10-09 18:39:06,318 RX_BYTE 8B
2026-10-09 18:39:06,318 RX_BYTE F1
2026-10-09 18:39:06,318 RX_BYTE B1
2026-10-09 18:39:06,318 RX_BYTE 61
2026-10-09 18:39:06,318 RX_BYTE 01
2026-10-09 18:39:06,318 RX_BYTE 90
2026-10-09 18:39:06,318 RX_BYTE D2
2026-10-09 18:39:06,318 RX_BYTE A6
2026-10-09 18:39:06,318 RX_BYTE 93
2026-10-09 18:39:06,318 RX_BYTE 94
2026-10-09 18:39:06,318 RX_BYTE B0
2026-10-09 18:39:06,318 RX_BYTE FB
2026-10-09 18:39:06,318 RX_BYTE 04
2026-10-09 18:39:06,318 RX_BYTE 00
2026-10-09 18:39:06,318 RX_BYTE 6D
2026-10-09 18:39:06,318 RX 8B F1 B1 61 01 90 D2 A6 93 94 B0 FB 04 00 6D
2026-10-09 18:39:06,318 RX_BYTE 8B
2026-10-09 18:39:06,318 RX_BYTE F1
2026-10-09 18:39:06,318 RX_BYTE B1
2026-10-09 18:39:06,318 RX_BYTE 61
2026-10-09 18:39:06,318 RX_BYTE 01
2026-10-09 18:39:06,318 RX_BYTE 90
2026-10-09 18:39:06,318 RX_BYTE D2
2026-10-09 18:39:06,318 RX_BYTE A6
2026-10-09 18:39:06,318 RX_BYTE 93
2026-10-09 18:39:06,318 RX_BYTE 94
2026-10-09 18:39:06,318 RX_BYTE B0
2026-10-09 18:39:06,318 RX_BYTE FB
2026-10-09 18:39:06,318 RX_BYTE 04
2026-10-09 18:39:06,318 RX_BYTE 00
2026-10-09 18:39:06,318 RX_BYTE 6D
2026-10-09 18:39:06,318 RX 8B F1 B1 61 01 90 D2 A6 93 94 B0 FB 04 00 6D
2026-10-09 18:39:06,318 RX_BYTE 8B
2026-10-09 18:39:06,318 RX_BYTE F1
2026-10-09 18:39:06,318 RX_BYTE B1
2026-10-09 18:39:06,318 RX_BYTE 61
2026-10-09 18:39:06,318 RX_BYTE 01
2026-10-09 18:39:06,318 RX_BYTE 90
2026-10-09 18:39:06,318 RX_BYTE D2
2026-10-09 18:39:06,318 RX_BYTE A6
2026-10-09 18:39:06,318 RX_BYTE 93
2026-10-09 18:39:06,318 RX_BYTE 94
2026-10-09 18:39:06,318 RX_BYTE B0
2026-10-09 18:39:06,318 RX_BYTE FB
2026-10-09 18:39:06,318 RX_BYTE 04
2026-10-09 18:39:06,318 RX_BYTE 00
2026-10-09 18:39:06,318 RX_BYTE 6D
2026-10-09 18:39:06,318 RX 8B F1 B1 61 01 90 D2 A6 93 94 B0 FB 04 00 6D
2026-10-09 18:39:06,318 RX_BYTE 8B
2026-10-09 18:39:06,318 RX_BYTE F1
2026-10-09 18:39:06,318 RX_BYTE B1
2026-10-09 18:39:06,318 RX_BYTE 61
2026-10-09 18:39:06,318 RX_BYTE 01
2026-10-09 18:39:06,318 RX_BYTE 90
2026-10-09 18:39:06,318 RX_BYTE D2
2026-10-09 18:39:06,318 RX_BYTE A6
2026-10-09 18:39:06,319 RX_BYTE 93
2026-10-09 18:39:06,319 RX_BYTE 94
2026-10-09 18:39:06,319 RX_BYTE B0
2026-10-09 18:39:06,319 RX_BYTE FB
2026-10-09 18:39:06,319 RX_BYTE 04
2026-10-09 18:39:06,319 RX_BYTE 00
2026-10-09 18:39:06,319 RX_BYTE 6D
2026-10-09 18:39:06,319 RX 8B F1 B1 61 01 90 D2 A6 93 94 B0 FB 04 00 6D
2026-10-09 18:39:06,319 RX_BYTE 8B
2026-10-09 18:39:06,319 RX_BYTE F1
2026-10-09 18:39:06,319 RX_BYTE B1
2026-10-09 18:39:06,319 RX_BYTE 61
2026-10-09 18:39:06,319 RX_BYTE 01
2026-10-09 18:39:06,319 RX_BYTE 90
2026-10-09 18:39:06,319 RX_BYTE D2
2026-10-09 18:39:06,319 RX_BYTE A6
2026-10-09 18:39:06,319 RX_BYTE 93
2026-10-09 18:39:06,319 RX_BYTE 94
2026-10-09 18:39:06,319 RX_BYTE B0
2026-10-09 18:39:06,319 RX_BYTE FB
2026-10-09 18:39:06,319 RX_BYTE 04
2026-10-09 18:39:06,319 RX_BYTE 00
2026-10-09 18:39:06,319 RX_BYTE 6D
2026-10-09 18:39:06,319 RX 8B F1 B1 61 01 90 D2 A6 93 94 B0 FB 04 00 6D
2026-10-09 18:39:06,319 RX_BYTE 8B
2026-10-09 18:39:06,319 RX_BYTE F1
2026-10-09 18:39:06,319 RX_BYTE B1
2026-10-09 18:39:06,319 RX_BYTE 61
2026-10-09 18:39:06,319 RX_BYTE 01
2026-10-09 18:39:06,319 RX_BYTE 90
2026-10-09 18:39:06,319 RX_BYTE D2
2026-10-09 18:39:06,319 RX_BYTE A6
2026-10-09 18:39:06,319 RX_BYTE 93
2026-10-09 18:39:06,319 RX_BYTE 94
2026-10-09 18:39:06,319 RX_BYTE B0
2026-10-09 18:39:06,319 RX_BYTE FB
2026-10-09 18:39:06,319 RX_BYTE 04
2026-10-09 18:39:06,319 RX_BYTE 00
2026-10-09 18:39:06,319 RX_BYTE 6D
2026-10-09 18:39:06,319 RX 8B F1 B1 61 01 90 D2 A6 93 94 B0 FB 04 00 6D
2026-10-09 18:39:06,319 RX_BYTE 8B
2026-10-09 18:39:06,319 RX_BYTE F1
2026-10-09 18:39:06,319 RX_BYTE B1
2026-10-09 18:39:06,319 RX_BYTE 61
2026-10-09 18:39:06,319 RX_BYTE 01
2026-10-09 18:39:06,319 RX_BYTE 90
2026-10-09 18:39:06,319 RX_BYTE D2
2026-10-09 18:39:06,319 RX_BYTE A6
2026-10-09 18:39:06,319 RX_BYTE 93
2026-10-09 18:39:06,319 RX_BYTE 94
2026-10-09 18:39:06,319 RX_BYTE B0
2026-10-09 18:39:06,319 RX_BYTE FB
2026-10-09 18:39:06,319 RX_BYTE 04
2026-10-09 18:39:06,319 RX_BYTE 00
2026-10-09 18:39:06,319 RX_BYTE 6D
2026-10-09 18:39:06,319 RX 8B F1 B1 61 01 90 D2 A6 93 94 B0 FB 04 00 6D
2026-10-09 18:39:06,319 RX_BYTE 8B
2026-10-09 18:39:06,319 RX_BYTE F1
2026-10-09 18:39:06,319 RX_BYTE B1
2026-10-09 18:39:06,319 RX_BYTE 61
2026-10-09 18:39:06,319 RX_BYTE 01
2026-10-09 18:39:06,319 RX_BYTE 90
2026-10-09 18:39:06,319 RX_BYTE D2
2026-10-09 18:39:06,320 RX_BYTE A6
2026-10-09 18:39:06,320 RX_BYTE 93
2026-10-09 18:39:06,320 RX_BYTE 94
2026-10-09 18:39:06,320 RX_BYTE B0
2026-10-09 18:39:06,320 RX_BYTE FB
2026-10-09 18:39:06,320 RX_BYTE 04
2026-10-09 18:39:06,320 RX_BYTE 00
2026-10-09 18:39:06,320 RX_BYTE 6D
2026-10-09 18:39:06,320 RX 8B F1 B1 61 01 90 D2 A6 93 94 B0 FB 04 00 6D
2026-10-09 18:39:06,320 RX_BYTE 8B
2026-10-09 18:39:06,320 RX_BYTE F1
2026-10-09 18:39:06,320 RX_BYTE B1
2026-10-09 18:39:06,320 RX_BYTE 61
2026-10-09 18:39:06,320 RX_BYTE 01
2026-10-09 18:39:06,320 RX_BYTE 90
2026-10-09 18:39:06,320 RX_BYTE D2
2026-10-09 18:39:06,320 RX_BYTE A6
2026-10-09 18:39:06,320 RX_BYTE 93
2026-10-09 18:39:06,320 RX_BYTE 94
2026-10-09 18:39:06,320 RX_BYTE B0
2026-10-09 18:39:06,320 RX_BYTE FB
2026-10-09 18:39:06,320 RX_BYTE 04
2026-10-09 18:39:06,320 RX_BYTE 00
2026-10-09 18:39:06,320 RX_BYTE 6D
2026-10-09 18:39:06,320 RX 8B F1 B1 61 01 90 D2 A6 93 94 B0 FB 04 00 6D
2026-10-09 18:39:06,320 RX_BYTE 8B
2026-10-09 18:39:06,320 RX_BYTE F1
2026-10-09 18:39:06,320 RX_BYTE B1
2026-10-09 18:39:06,320 RX_BYTE 61
2026-10-09 18:39:06,320 RX_BYTE 01
2026-10-09 18:39:06,320 RX_BYTE 90
2026-10-09 18:39:06,320 RX_BYTE D2
2026-10-09 18:39:06,320 RX_BYTE A6
2026-10-09 18:39:06,320 RX_BYTE 93
2026-10-09 18:39:06,320 RX_BYTE 94
2026-10-09 18:39:06,320 RX_BYTE B0
2026-10-09 18:39:06,320 RX_BYTE FB
2026-10-09 18:39:06,320 RX_BYTE 04
2026-10-09 18:39:06,320 RX_BYTE 00
2026-10-09 18:39:06,320 RX_BYTE 6D
2026-10-09 18:39:06,320 RX 8B F1 B1 61 01 90 D2 A6 93 94 B0 FB 04 00 6D
2026-10-09 18:39:06,320 RX_BYTE 8B
2026-10-09 18:39:06,320 RX_BYTE F1
2026-10-09 18:39:06,320 RX_BYTE B1
2026-10-09 18:39:06,320 RX_BYTE 61
2026-10-09 18:39:06,320 RX_BYTE 01
2026-10-09 18:39:06,320 RX_BYTE 90
2026-10-09 18:39:06,320 RX_BYTE D2
2026-10-09 18:39:06,320 RX_BYTE A6
2026-10-09 18:39:06,320 RX_BYTE 93
2026-10-09 18:39:06,320 RX_BYTE 94
2026-10-09 18:39:06,320 RX_BYTE B0
2026-10-09 18:39:06,320 RX_BYTE FB
2026-10-09 18:39:06,320 RX_BYTE 04
2026-10-09 18:39:06,320 RX_BYTE 00
2026-10-09 18:39:06,320 RX_BYTE 6D
2026-10-09 18:39:06,320 RX 8B F1 B1 61 01 90 D2 A6 93 94 B0 FB 04 00 6D
2026-10-09 18:39:06,320 RX_BYTE 8B
2026-10-09 18:39:06,320 RX_BYTE F1
2026-10-09 18:39:06,320 RX_BYTE B1
2026-10-09 18:39:06,320 RX_BYTE 61
2026-10-09 18:39:06,321 RX_BYTE 01
2026-10-09 18:39:06,321 RX_BYTE 90
2026-10-09 18:39:06,321 RX_BYTE D2
2026-10-09 18:39:06,321 RX_BYTE A6
2026-10-09 18:39:06,321 RX_BYTE 93
2026-10-09 18:39:06,321 RX_BYTE 94
2026-10-09 18:39:06,321 RX_BYTE B0
2026-10-09 18:39:06,321 RX_BYTE FB
2026-10-09 18:39:06,321 RX_BYTE 04
2026-10-09 18:39:06,321 RX_BYTE 00
2026-10-09 18:39:06,321 RX_BYTE 6D
2026-10-09 18:39:06,321 RX 8B F1 B1 61 01 90 D2 A6 93 94 B0 FB 04 00 6D
2026-10-09 18:39:06,321 RX_BYTE 8B
2026-10-09 18:39:06,321 RX_BYTE F1
2026-10-09 18:39:06,321 RX_BYTE B1
2026-10-09 18:39:06,321 RX_BYTE 61
2026-10-09 18:39:06,321 RX_BYTE 01
2026-10-09 18:39:06,321 RX_BYTE 90
2026-10-09 18:39:06,321 RX_BYTE D2
2026-10-09 18:39:06,321 RX_BYTE A6
2026-10-09 18:39:06,321 RX_BYTE 93
2026-10-09 18:39:06,321 RX_BYTE 94
2026-10-09 18:39:06,321 RX_BYTE B0
2026-10-09 18:39:06,321 RX_BYTE FB
2026-10-09 18:39:06,321 RX_BYTE 04
2026-10-09 18:39:06,321 RX_BYTE 00
2026-10-09 18:39:06,321 RX_BYTE 6D
2026-10-09 18:39:06,321 RX 8B F1 B1 61 01 90 D2 A6 93 94 B0 FB 04 00 6D
2026-10-09 18:39:06,321 RX_BYTE 8B
2026-10-09 18:39:06,321 RX_BYTE F1
2026-10-09 18:39:06,321 RX_BYTE B1
2026-10-09 18:39:06,321 RX_BYTE 61
2026-10-09 18:39:06,321 RX_BYTE 01
2026-10-09 18:39:06,321 RX_BYTE 90
2026-10-09 18:39:06,321 RX_BYTE D2
2026-10-09 18:39:06,321 RX_BYTE A6
2026-10-09 18:39:06,321 RX_BYTE 93
2026-10-09 18:39:06,321 RX_BYTE 94
2026-10-09 18:39:06,321 RX_BYTE B0
2026-10-09 18:39:06,321 RX_BYTE FB
2026-10-09 18:39:06,321 RX_BYTE 04
2026-10-09 18:39:06,321 RX_BYTE 00
2026-10-09 18:39:06,321 RX_BYTE 6D
2026-10-09 18:39:06,321 RX 8B F1 B1 61 01 90 D2 A6 93 94 B0 FB 04 00 6D
2026-10-09 18:39:06,321 RX_BYTE 8B
2026-10-09 18:39:06,321 RX_BYTE F1
2026-10-09 18:39:06,321 RX_BYTE B1
2026-10-09 18:39:06,321 RX_BYTE 61
2026-10-09 18:39:06,321 RX_BYTE 01
2026-10-09 18:39:06,321 RX_BYTE 90
2026-10-09 18:39:06,321 RX_BYTE D2
2026-10-09 18:39:06,321 RX_BYTE A6
2026-10-09 18:39:06,321 RX_BYTE 93
2026-10-09 18:39:06,321 RX_BYTE 94
2026-10-09 18:39:06,321 RX_BYTE B0
2026-10-09 18:39:06,321 RX_BYTE FB
2026-10-09 18:39:06,321 RX_BYTE 04
2026-10-09 18:39:06,321 RX_BYTE 00
2026-10-09 18:39:06,322 RX_BYTE 6D
2026-10-09 18:39:06,322 RX 8B F1 B1 61 01 90 D2 A6 93 94 B0 FB 04 00 6D
2026-10-09 18:39:06,322 RX_BYTE 8B
2026-10-09 18:39:06,322 RX_BYTE F1
2026-10-09 18:39:06,322 RX_BYTE B1
2026-10-09 18:39:06,322 RX_BYTE 61
2026-10-09 18:39:06,322 RX_BYTE 01
2026-10-09 18:39:06,322 RX_BYTE 90
2026-10-09 18:39:06,322 RX_BYTE D2
2026-10-09 18:39:06,322 RX_BYTE A6
2026-10-09 18:39:06,322 RX_BYTE 93
2026-10-09 18:39:06,322 RX_BYTE 94
2026-10-09 18:39:06,322 RX_BYTE B0
2026-10-09 18:39:06,322 RX_BYTE FB
2026-10-09 18:39:06,322 RX_BYTE 04
2026-10-09 18:39:06,322 RX_BYTE 00
2026-10-09 18:39:06,322 RX_BYTE 6D
2026-10-09 18:39:06,322 RX 8B F1 B1 61 01 90 D2 A6 93 94 B0 FB 04 00 6D
2026-10-09 18:39:06,322 RX_BYTE 8B
2026-10-09 18:39:06,322 RX_BYTE F1
2026-10-09 18:39:06,322 RX_BYTE B1
2026-10-09 18:39:06,322 RX_BYTE 61
2026-10-09 18:39:06,322 RX_BYTE 01
2026-10-09 18:39:06,322 RX_BYTE 90
2026-10-09 18:39:06,322 RX_BYTE D2
2026-10-09 18:39:06,322 RX_BYTE A6
2026-10-09 18:39:06,322 RX_BYTE 93
2026-10-09 18:39:06,322 RX_BYTE 94
2026-10-09 18:39:06,322 RX_BYTE B0
2026-10-09 18:39:06,322 RX_BYTE FB
2026-10-09 18:39:06,322 RX_BYTE 04
2026-10-09 18:39:06,322 RX_BYTE 00
2026-10-09 18:39:06,322 RX_BYTE 6D
2026-10-09 18:39:06,322 RX 8B F1 B1 61 01 90 D2 A6 93 94 B0 FB 04 00 6D
2026-10-09 18:39:06,322 RX_BYTE 8B
2026-10-09 18:39:06,323 RX_BYTE F1
2026-10-09 18:39:06,323 RX_BYTE B1
2026-10-09 18:39:06,323 RX_BYTE 61
2026-10-09 18:39:06,323 RX_BYTE 01
2026-10-09 18:39:06,323 RX_BYTE 90
2026-10-09 18:39:06,323 RX_BYTE D2
2026-10-09 18:39:06,323 RX_BYTE A6
2026-10-09 18:39:06,323 RX_BYTE 93
2026-10-09 18:39:06,323 RX_BYTE 94
2026-10-09 18:39:06,323 RX_BYTE B0
2026-10-09 18:39:06,323 RX_BYTE FB
2026-10-09 18:39:06,323 RX_BYTE 04
2026-10-09 18:39:06,323 RX_BYTE 00
2026-10-09 18:39:06,323 RX_BYTE 6D
2026-10-09 18:39:06,323 RX 8B F1 B1 61 01 90 D2 A6 93 94 B0 FB 04 00 6D
2026-10-09 18:39:06,323 RX_BYTE 8B
2026-10-09 18:39:06,323 RX_BYTE F1
2026-10-09 18:39:06,323 RX_BYTE B1
2026-10-09 18:39:06,323 RX_BYTE 61
2026-10-09 18:39:06,323 RX_BYTE 01
2026-10-09 18:39:06,323 RX_BYTE 90
2026-10-09 18:39:06,323 RX_BYTE D2
2026-10-09 18:39:06,323 RX_BYTE A6
2026-10-09 18:39:06,323 RX_BYTE 93
2026-10-09 18:39:06,323 RX_BYTE 94
2026-10-09 18:39:06,323 RX_BYTE B0
2026-10-09 18:39:06,323 RX_BYTE FB
2026-10-09 18:39:06,323 RX_BYTE 04
2026-10-09 18:39:06,323 RX_BYTE 00
2026-10-09 18:39:06,323 RX_BYTE 6D
2026-10-09 18:39:06,323 RX 8B F1 B1 61 01 90 D2 A6 93 94 B0 FB 04 00 6D
2026-10-09 18:39:06,323 RX_BYTE 8B
2026-10-09 18:39:06,323 RX_BYTE F1
2026-10-09 18:39:06,323 RX_BYTE B1
2026-10-09 18:39:06,323 RX_BYTE 61
2026-10-09 18:39:06,323 RX_BYTE 01
2026-10-09 18:39:06,323 RX_BYTE 90
2026-10-09 18:39:06,323 RX_BYTE D2
2026-10-09 18:39:06,323 RX_BYTE A6
2026-10-09 18:39:06,323 RX_BYTE 93
2026-10-09 18:39:06,323 RX_BYTE 94
2026-10-09 18:39:06,323 RX_BYTE B0
2026-10-09 18:39:06,323 RX_BYTE FB
2026-10-09 18:39:06,323 RX_BYTE 04
2026-10-09 18:39:06,323 RX_BYTE 00
2026-10-09 18:39:06,323 RX_BYTE 6D
2026-10-09 18:39:06,323 RX 8B F1 B1 61 01 90 D2 A6 93 94 B0 FB 04 00 6D
2026-10-09 18:39:06,323 RX_BYTE 8B
2026-10-09 18:39:06,323 RX_BYTE F1
2026-10-09 18:39:06,323 RX_BYTE B1
2026-10-09 18:39:06,323 RX_BYTE 61
2026-10-09 18:39:06,323 RX_BYTE 01
2026-10-09 18:39:06,323 RX_BYTE 90
2026-10-09 18:39:06,324 RX_BYTE D2
2026-10-09 18:39:06,324 RX_BYTE A6
2026-10-09 18:39:06,324 RX_BYTE 93
2026-10-09 18:39:06,324 RX_BYTE 94
2026-10-09 18:39:06,324 RX_BYTE B0
2026-10-09 18:39:06,324 RX_BYTE FB
2026-10-09 18:39:06,324 RX_BYTE 04
2026-10-09 18:39:06,324 RX_BYTE 00
2026-10-09 18:39:06,324 RX_BYTE 6D
2026-10-09 18:39:06,324 RX 8B F1 B1 61 01 90 D2 A6 93 94 B0 FB 04 00 6D
2026-10-09 18:39:06,324 RX_BYTE 8B
2026-10-09 18:39:06,324 RX_BYTE F1
2026-10-09 18:39:06,324 RX_BYTE B1
2026-10-09 18:39:06,324 RX_BYTE 61
2026-10-09 18:39:06,324 RX_BYTE 01
2026-10-09 18:39:06,324 RX_BYTE 90
2026-10-09 18:39:06,324 RX_BYTE D2
2026-10-09 18:39:06,324 RX_BYTE A6
2026-10-09 18:39:06,324 RX_BYTE 93
2026-10-09 18:39:06,324 RX_BYTE 94
2026-10-09 18:39:06,324 RX_BYTE B0
2026-10-09 18:39:06,324 RX_BYTE FB
2026-10-09 18:39:06,324 RX_BYTE 04
2026-10-09 18:39:06,324 RX_BYTE 00
2026-10-09 18:39:06,324 RX_BYTE 6D
2026-10-09 18:39:06,324 RX 8B F1 B1 61 01 90 D2 A6 93 94 B0 FB 04 00 6D
2026-10-09 18:39:06,324 RX_BYTE 8B
2026-10-09 18:39:06,324 RX_BYTE F1
2026-10-09 18:39:06,324 RX_BYTE B1
2026-10-09 18:39:06,324 RX_BYTE 61
2026-10-09 18:39:06,324 RX_BYTE 01
2026-10-09 18:39:06,324 RX_BYTE 90
2026-10-09 18:39:06,324 RX_BYTE D2
2026-10-09 18:39:06,324 RX_BYTE A6
2026-10-09 18:39:06,324 RX_BYTE 93
2026-10-09 18:39:06,324 RX_BYTE 94
2026-10-09 18:39:06,324 RX_BYTE B0
2026-10-09 18:39:06,324 RX_BYTE FB
2026-10-09 18:39:06,324 RX_BYTE 04
2026-10-09 18:39:06,324 RX_BYTE 00
2026-10-09 18:39:06,324 RX_BYTE 6D
2026-10-09 18:39:06,324 RX 8B F1 B1 61 01 90 D2 A6 93 94 B0 FB 04 00 6D
2026-10-09 18:39:06,324 RX_BYTE 8B
2026-10-09 18:39:06,324 RX_BYTE F1
2026-10-09 18:39:06,324 RX_BYTE B1
2026-10-09 18:39:06,324 RX_BYTE 61
2026-10-09 18:39:06,324 RX_BYTE 01
2026-10-09 18:39:06,324 RX_BYTE 90
2026-10-09 18:39:06,324 RX_BYTE D2
2026-10-09 18:39:06,324 RX_BYTE A6
2026-10-09 18:39:06,324 RX_BYTE 93
2026-10-09 18:39:06,324 RX_BYTE 94
2026-10-09 18:39:06,324 RX_BYTE B0
2026-10-09 18:39:06,324 RX_BYTE FB
2026-10-09 18:39:06,324 RX_BYTE 04
2026-10-09 18:39:06,324 RX_BYTE 00
2026-10-09 18:39:06,324 RX_BYTE 6D
2026-10-09 18:39:06,324 RX 8B F1 B1 61 01 90 D2 A6 93 94 B0 FB 04 00 6D
2026-10-09 18:39:06,324 RX_BYTE 8B
2026-10-09 18:39:06,324 RX_BYTE F1
2026-10-09 18:39:06,324 RX_BYTE B1
2026-10-09 18:39:06,324 RX_BYTE 61
2026-10-09 18:39:06,325 RX_BYTE 01
2026-10-09 18:39:06,325 RX_BYTE 90
2026-10-09 18:39:06,325 RX_BYTE D2
2026-10-09 18:39:06,325 RX_BYTE A6
2026-10-09 18:39:06,325 RX_BYTE 93
2026-10-09 18:39:06,325 RX_BYTE 94
2026-10-09 18:39:06,325 RX_BYTE B0
2026-10-09 18:39:06,325 RX_BYTE FB
2026-10-09 18:39:06,325 RX_BYTE 04
2026-10-09 18:39:06,325 RX_BYTE 00
2026-10-09 18:39:06,325 RX_BYTE 6D
2026-10-09 18:39:06,325 RX 8B F1 B1 61 01 90 D2 A6 93 94 B0 FB 04 00 6D
2026-10-09 18:39:06,325 RX_BYTE 8B
2026-10-09 18:39:06,325 RX_BYTE F1
2026-10-09 18:39:06,325 RX_BYTE B1
2026-10-09 18:39:06,325 RX_BYTE 61
2026-10-09 18:39:06,325 RX_BYTE 01
2026-10-09 18:39:06,325 RX_BYTE 90
2026-10-09 18:39:06,325 RX_BYTE D2
2026-10-09 18:39:06,325 RX_BYTE A6
2026-10-09 18:39:06,325 RX_BYTE 93
2026-10-09 18:39:06,325 RX_BYTE 94
2026-10-09 18:39:06,325 RX_BYTE B0
2026-10-09 18:39:06,325 RX_BYTE FB
2026-10-09 18:39:06,325 RX_BYTE 04
2026-10-09 18:39:06,325 RX_BYTE 00
2026-10-09 18:39:06,325 RX_BYTE 6D
2026-10-09 18:39:06,325 RX 8B F1 B1 61 01 90 D2 A6 93 94 B0 FB 04 00 6D
2026-10-09 18:39:06,325 RX_BYTE 8B
2026-10-09 18:39:06,325 RX_BYTE F1
2026-10-09 18:39:06,325 RX_BYTE B1
2026-10-09 18:39:06,325 RX_BYTE 61
2026-10-09 18:39:06,325 RX_BYTE 01
2026-10-09 18:39:06,325 RX_BYTE 90
2026-10-09 18:39:06,325 RX_BYTE D2
2026-10-09 18:39:06,325 RX_BYTE A6
2026-10-09 18:39:06,325 RX_BYTE 93
2026-10-09 18:39:06,325 RX_BYTE 94
2026-10-09 18:39:06,325 RX_BYTE B0
2026-10-09 18:39:06,325 RX_BYTE FB
2026-10-09 18:39:06,325 RX_BYTE 04
2026-10-09 18:39:06,325 RX_BYTE 00
2026-10-09 18:39:06,325 RX_BYTE 6D
2026-10-09 18:39:06,325 RX 8B F1 B1 61 01 90 D2 A6 93 94 B0 FB 04 00 6D
2026-10-09 18:39:06,325 RX_BYTE 8B
2026-10-09 18:39:06,325 RX_BYTE F1
2026-10-09 18:39:06,325 RX_BYTE B1
2026-10-09 18:39:06,325 RX_BYTE 61
2026-10-09 18:39:06,325 RX_BYTE 01
2026-10-09 18:39:06,325 RX_BYTE 90
2026-10-09 18:39:06,325 RX_BYTE D2
2026-10-09 18:39:06,325 RX_BYTE A6
2026-10-09 18:39:06,325 RX_BYTE 93
2026-10-09 18:39:06,325 RX_BYTE 94
2026-10-09 18:39:06,325 RX_BYTE B0
2026-10-09 18:39:06,325 RX_BYTE FB
2026-10-09 18:39:06,325 RX_BYTE 04
2026-10-09 18:39:06,325 RX_BYTE 00
2026-10-09 18:39:06,325 RX_BYTE 6D
2026-10-09 18:39:06,325 RX 8B F1 B1 61 01 90 D2 A6 93 94 B0 FB 04 00 6D
2026-10-09 18:39:06,325 RX_BYTE 8B
2026-10-09 18:39:06,326 RX_BYTE F1
2026-10-09 18:39:06,326 RX_BYTE B1
2026-10-09 18:39:06,326 RX_BYTE 61
2026-10-09 18:39:06,326 RX_BYTE 01
2026-10-09 18:39:06,326 RX_BYTE 90
2026-10-09 18:39:06,326 RX_BYTE D2
2026-10-09 18:39:06,326 RX_BYTE A6
2026-10-09 18:39:06,326 RX_BYTE 93
2026-10-09 18:39:06,326 RX_BYTE 94
2026-10-09 18:39:06,326 RX_BYTE B0
2026-10-09 18:39:06,326 RX_BYTE FB
2026-10-09 18:39:06,326 RX_BYTE 04
2026-10-09 18:39:06,326 RX_BYTE 00
2026-10-09 18:39:06,326 RX_BYTE 6D
2026-10-09 18:39:06,326 RX 8B F1 B1 61 01 90 D2 A6 93 94 B0 FB 04 00 6D
2026-10-09 18:39:06,326 RX_BYTE 8B
2026-10-09 18:39:06,326 RX_BYTE F1
2026-10-09 18:39:06,326 RX_BYTE B1
2026-10-09 18:39:06,326 RX_BYTE 61
2026-10-09 18:39:06,326 RX_BYTE 01
2026-10-09 18:39:06,326 RX_BYTE 90
2026-10-09 18:39:06,326 RX_BYTE D2
2026-10-09 18:39:06,326 RX_BYTE A6
2026-10-09 18:39:06,326 RX_BYTE 93
2026-10-09 18:39:06,326 RX_BYTE 94
2026-10-09 18:39:06,326 RX_BYTE B0
2026-10-09 18:39:06,326 RX_BYTE FB
2026-10-09 18:39:06,326 RX_BYTE 04
2026-10-09 18:39:06,326 RX_BYTE 00
2026-10-09 18:39:06,326 RX_BYTE 6D
2026-10-09 18:39:06,326 RX 8B F1 B1 61 01 90 D2 A6 93 94 B0 FB 04 00 6D
2026-10-09 18:39:06,326 RX_BYTE 8B
2026-10-09 18:39:06,326 RX_BYTE F1
2026-10-09 18:39:06,326 RX_BYTE B1
2026-10-09 18:39:06,326 RX_BYTE 61
2026-10-09 18:39:06,326 RX_BYTE 01
2026-10-09 18:39:06,326 RX_BYTE 90
2026-10-09 18:39:06,326 RX_BYTE D2
2026-10-09 18:39:06,326 RX_BYTE A6
2026-10-09 18:39:06,326 RX_BYTE 93
2026-10-09 18:39:06,326 RX_BYTE 94
2026-10-09 18:39:06,326 RX_BYTE B0
2026-10-09 18:39:06,326 RX_BYTE FB
2026-10-09 18:39:06,326 RX_BYTE 04
2026-10-09 18:39:06,326 RX_BYTE 00
2026-10-09 18:39:06,326 RX_BYTE 6D
2026-10-09 18:39:06,326 RX 8B F1 B1 61 01 90 D2 A6 93 94 B0 FB 04 00 6D
2026-10-09 18:39:06,326 RX_BYTE 8B
2026-10-09 18:39:06,326 RX_BYTE F1
2026-10-09 18:39:06,326 RX_BYTE B1
2026-10-09 18:39:06,326 RX_BYTE 61
2026-10-09 18:39:06,326 RX_BYTE 01
2026-10-09 18:39:06,326 RX_BYTE 90
2026-10-09 18:39:06,326 RX_BYTE D2
2026-10-09 18:39:06,326 RX_BYTE A6
2026-10-09 18:39:06,326 RX_BYTE 93
2026-10-09 18:39:06,326 RX_BYTE 94
2026-10-09 18:39:06,326 RX_BYTE B0
2026-10-09 18:39:06,326 RX_BYTE FB
2026-10-09 18:39:06,326 RX_BYTE 04
2026-10-09 18:39:06,326 RX_BYTE 00
2026-10-09 18:39:06,326 RX_BYTE 6D
2026-10-09 18:39:06,327 RX 8B F1 B1 61 01 90 D2 A6 93 94 B0 FB 04 00 6D
2026-10-09 18:39:06,327 RX_BYTE 8B
2026-10-09 18:39:06,327 RX_BYTE F1
2026-10-09 18:39:06,327 RX_BYTE B1
2026-10-09 18:39:06,327 RX_BYTE 61
2026-10-09 18:39:06,327 RX_BYTE 01
2026-10-09 18:39:06,327 RX_BYTE 90
2026-10-09 18:39:06,327 RX_BYTE D2
2026-10-09 18:39:06,327 RX_BYTE A6
2026-10-09 18:39:06,327 RX_BYTE 93
2026-10-09 18:39:06,327 RX_BYTE 94
2026-10-09 18:39:06,327 RX_BYTE B0
2026-10-09 18:39:06,327 RX_BYTE FB
2026-10-09 18:39:06,327 RX_BYTE 04
2026-10-09 18:39:06,327 RX_BYTE 00
2026-10-09 18:39:06,327 RX_BYTE 6D
2026-10-09 18:39:06,327 RX 8B F1 B1 61 01 90 D2 A6 93 94 B0 FB 04 00 6D
2026-10-09 18:39:06,327 RX_BYTE 8B
2026-10-09 18:39:06,327 RX_BYTE F1
2026-10-09 18:39:06,327 RX_BYTE B1
2026-10-09 18:39:06,327 RX_BYTE 61
2026-10-09 18:39:06,327 RX_BYTE 01
2026-10-09 18:39:06,327 RX_BYTE 90
2026-10-09 18:39:06,327 RX_BYTE D2
2026-10-09 18:39:06,327 RX_BYTE A6
2026-10-09 18:39:06,327 RX_BYTE 93
2026-10-09 18:39:06,327 RX_BYTE 94
2026-10-09 18:39:06,327 RX_BYTE B0
2026-10-09 18:39:06,327 RX_BYTE FB
2026-10-09 18:39:06,327 RX_BYTE 04
2026-10-09 18:39:06,327 RX_BYTE 00
2026-10-09 18:39:06,327 RX_BYTE 6D
2026-10-09 18:39:06,327 RX 8B F1 B1 61 01 90 D2 A6 93 94 B0 FB 04 00 6D
2026-10-09 18:39:06,327 RX_BYTE 8B
2026-10-09 18:39:06,327 RX_BYTE F1
2026-10-09 18:39:06,327 RX_BYTE B1
2026-10-09 18:39:06,327 RX_BYTE 61
2026-10-09 18:39:06,327 RX_BYTE 01
2026-10-09 18:39:06,327 RX_BYTE 90
2026-10-09 18:39:06,327 RX_BYTE D2
2026-10-09 18:39:06,327 RX_BYTE A6
2026-10-09 18:39:06,327 RX_BYTE 93
2026-10-09 18:39:06,327 RX_BYTE 94
2026-10-09 18:39:06,327 RX_BYTE B0
2026-10-09 18:39:06,327 RX_BYTE FB
2026-10-09 18:39:06,327 RX_BYTE 04
2026-10-09 18:39:06,327 RX_BYTE 00
2026-10-09 18:39:06,327 RX_BYTE 6D
2026-10-09 18:39:06,327 RX 8B F1 B1 61 01 90 D2 A6 93 94 B0 FB 04 00 6D
2026-10-09 18:39:06,327 RX_BYTE 8B
2026-10-09 18:39:06,327 RX_BYTE F1
2026-10-09 18:39:06,327 RX_BYTE B1
2026-10-09 18:39:06,327 RX_BYTE 61
2026-10-09 18:39:06,327 RX_BYTE 01
2026-10-09 18:39:06,327 RX_BYTE 90
2026-10-09 18:39:06,327 RX_BYTE D2
2026-10-09 18:39:06,327 RX_BYTE A6
2026-10-09 18:39:06,327 RX_BYTE 93
2026-10-09 18:39:06,327 RX_BYTE 94
2026-10-09 18:39:06,327 RX_BYTE B0
2026-10-09 18:39:06,327 RX_BYTE FB
2026-10-09 18:39:06,327 RX_BYTE 04
2026-10-09 18:39:06,328 RX_BYTE 00
2026-10-09 18:39:06,328 RX_BYTE 6D
2026-10-09 18:39:06,328 RX 8B F1 B1 61 01 90 D2 A6 93 94 B0 FB 04 00 6D
2026-10-09 18:39:06,328 RX_BYTE 8B
2026-10-09 18:39:06,328 RX_BYTE F1
2026-10-09 18:39:06,328 RX_BYTE B1
2026-10-09 18:39:06,328 RX_BYTE 61
2026-10-09 18:39:06,328 RX_BYTE 01
2026-10-09 18:39:06,328 RX_BYTE 90
2026-10-09 18:39:06,328 RX_BYTE D2
2026-10-09 18:39:06,328 RX_BYTE A6
2026-10-09 18:39:06,328 RX_BYTE 93
2026-10-09 18:39:06,328 RX_BYTE 94
2026-10-09 18:39:06,328 RX_BYTE B0
2026-10-09 18:39:06,328 RX_BYTE FB
2026-10-09 18:39:06,328 RX_BYTE 04
2026-10-09 18:39:06,328 RX_BYTE 00
2026-10-09 18:39:06,328 RX_BYTE 6D
2026-10-09 18:39:06,328 RX 8B F1 B1 61 01 90 D2 A6 93 94 B0 FB 04 00 6D
2026-10-09 18:39:06,328 RX_BYTE 8B
2026-10-09 18:39:06,328 RX_BYTE F1
2026-10-09 18:39:06,328 RX_BYTE B1
2026-10-09 18:39:06,328 RX_BYTE 61
2026-10-09 18:39:06,328 RX_BYTE 01
2026-10-09 18:39:06,328 RX_BYTE 90
2026-10-09 18:39:06,328 RX_BYTE D2
2026-10-09 18:39:06,328 RX_BYTE A6
2026-10-09 18:39:06,328 RX_BYTE 93
2026-10-09 18:39:06,328 RX_BYTE 94
2026-10-09 18:39:06,328 RX_BYTE B0
2026-10-09 18:39:06,328 RX_BYTE FB
2026-10-09 18:39:06,328 RX_BYTE 04
2026-10-09 18:39:06,328 RX_BYTE 00
2026-10-09 18:39:06,328 RX_BYTE 6D
2026-10-09 18:39:06,328 RX 8B F1 B1 61 01 90 D2 A6 93 94 B0 FB 04 00 6D
2026-10-09 18:39:06,328 RX_BYTE 8B
2026-10-09 18:39:06,328 RX_BYTE F1
2026-10-09 18:39:06,328 RX_BYTE B1
2026-10-09 18:39:06,328 RX_BYTE 61
2026-10-09 18:39:06,328 RX_BYTE 01
2026-10-09 18:39:06,328 RX_BYTE 90
2026-10-09 18:39:06,328 RX_BYTE D2
2026-10-09 18:39:06,328 RX_BYTE A6
2026-10-09 18:39:06,328 RX_BYTE 93
2026-10-09 18:39:06,328 RX_BYTE 94
2026-10-09 18:39:06,328 RX_BYTE B0
2026-10-09 18:39:06,328 RX_BYTE FB
2026-10-09 18:39:06,328 RX_BYTE 04
2026-10-09 18:39:06,328 RX_BYTE 00
2026-10-09 18:39:06,328 RX_BYTE 6D
2026-10-09 18:39:06,328 RX 8B F1 B1 61 01 90 D2 A6 93 94 B0 FB 04 00 6D
2026-10-09 18:39:06,328 RX_BYTE 8B
2026-10-09 18:39:06,328 RX_BYTE F1
2026-10-09 18:39:06,328 RX_BYTE B1
2026-10-09 18:39:06,328 RX_BYTE 61
2026-10-09 18:39:06,328 RX_BYTE 01
2026-10-09 18:39:06,328 RX_BYTE 90
2026-10-09 18:39:06,328 RX_BYTE D2
2026-10-09 18:39:06,328 RX_BYTE A6
2026-10-09 18:39:06,328 RX_BYTE 93
2026-10-09 18:39:06,328 RX_BYTE 94
2026-10-09 18:39:06,328 RX_BYTE B0
2026-10-09 18:39:06,328 RX_BYTE FB
2026-10-09 18:39:06,329 RX_BYTE 04
2026-10-09 18:39:06,329 RX_BYTE 00
2026-10-09 18:39:06,329 RX_BYTE 6D
2026-10-09 18:39:06,329 RX 8B F1 B1 61 01 90 D2 A6 93 94 B0 FB 04 00 6D
2026-10-09 18:39:06,329 RX_BYTE 8B
2026-10-09 18:39:06,329 RX_BYTE F1
2026-10-09 18:39:06,329 RX_BYTE B1
2026-10-09 18:39:06,329 RX_BYTE 61
2026-10-09 18:39:06,329 RX_BYTE 01
2026-10-09 18:39:06,329 RX_BYTE 90
2026-10-09 18:39:06,329 RX_BYTE D2
2026-10-09 18:39:06,329 RX_BYTE A6
2026-10-09 18:39:06,329 RX_BYTE 93
2026-10-09 18:39:06,329 RX_BYTE 94
2026-10-09 18:39:06,329 RX_BYTE B0
2026-10-09 18:39:06,329 RX_BYTE FB
2026-10-09 18:39:06,329 RX_BYTE 04
2026-10-09 18:39:06,329 RX_BYTE 00
2026-10-09 18:39:06,329 RX_BYTE 6D
2026-10-09 18:39:06,329 RX 8B F1 B1 61 01 90 D2 A6 93 94 B0 FB 04 00 6D
2026-10-09 18:39:06,329 RX_BYTE 8B
2026-10-09 18:39:06,329 RX_BYTE F1
2026-10-09 18:39:06,329 RX_BYTE B1
2026-10-09 18:39:06,329 RX_BYTE 61
2026-10-09 18:39:06,329 RX_BYTE 01
2026-10-09 18:39:06,329 RX_BYTE 90
2026-10-09 18:39:06,329 RX_BYTE D2
2026-10-09 18:39:06,329 RX_BYTE A6
2026-10-09 18:39:06,329 RX_BYTE 93
2026-10-09 18:39:06,329 RX_BYTE 94
2026-10-09 18:39:06,329 RX_BYTE B0
2026-10-09 18:39:06,329 RX_BYTE FB
2026-10-09 18:39:06,329 RX_BYTE 04
2026-10-09 18:39:06,329 RX_BYTE 00
2026-10-09 18:39:06,329 RX_BYTE 6D
2026-10-09 18:39:06,329 RX 8B F1 B1 61 01 90 D2 A6 93 94 B0 FB 04 00 6D
2026-10-09 18:39:06,329 RX_BYTE 8B
2026-10-09 18:39:06,329 RX_BYTE F1
2026-10-09 18:39:06,329 RX_BYTE B1
2026-10-09 18:39:06,329 RX_BYTE 61
2026-10-09 18:39:06,329 RX_BYTE 01
2026-10-09 18:39:06,329 RX_BYTE 90
2026-10-09 18:39:06,329 RX_BYTE D2
2026-10-09 18:39:06,329 RX_BYTE A6
2026-10-09 18:39:06,329 RX_BYTE 93
2026-10-09 18:39:06,329 RX_BYTE 94
2026-10-09 18:39:06,329 RX_BYTE B0
2026-10-09 18:39:06,329 RX_BYTE FB
2026-10-09 18:39:06,329 RX_BYTE 04
2026-10-09 18:39:06,329 RX_BYTE 00
2026-10-09 18:39:06,329 RX_BYTE 6D
2026-10-09 18:39:06,329 RX 8B F1 B1 61 01 90 D2 A6 93 94 B0 FB 04 00 6D
2026-10-09 18:39:06,329 RX_BYTE 8B
2026-10-09 18:39:06,329 RX_BYTE F1
2026-10-09 18:39:06,329 RX_BYTE B1
2026-10-09 18:39:06,329 RX_BYTE 61
2026-10-09 18:39:06,329 RX_BYTE 01
2026-10-09 18:39:06,329 RX_BYTE 90
2026-10-09 18:39:06,329 RX_BYTE D2
2026-10-09 18:39:06,329 RX_BYTE A6
2026-10-09 18:39:06,329 RX_BYTE 93
2026-10-09 18:39:06,329 RX_BYTE 94
2026-10-09 18:39:06,330 RX_BYTE B0
2026-10-09 18:39:06,330 RX_BYTE FB
2026-10-09 18:39:06,330 RX_BYTE 04
2026-10-09 18:39:06,330 RX_BYTE 00
2026-10-09 18:39:06,330 RX_BYTE 6D
2026-10-09 18:39:06,330 RX 8B F1 B1 61 01 90 D2 A6 93 94 B0 FB 04 00 6D
2026-10-09 18:39:06,330 RX_BYTE 8B
2026-10-09 18:39:06,330 RX_BYTE F1
2026-10-09 18:39:06,330 RX_BYTE B1
2026-10-09 18:39:06,330 RX_BYTE 61
2026-10-09 18:39:06,330 RX_BYTE 01
2026-10-09 18:39:06,330 RX_BYTE 90
2026-10-09 18:39:06,330 RX_BYTE D2
2026-10-09 18:39:06,330 RX_BYTE A6
2026-10-09 18:39:06,330 RX_BYTE 93
2026-10-09 18:39:06,330 RX_BYTE 94
2026-10-09 18:39:06,330 RX_BYTE B0
2026-10-09 18:39:06,330 RX_BYTE FB
2026-10-09 18:39:06,330 RX_BYTE 04
2026-10-09 18:39:06,330 RX_BYTE 00
2026-10-09 18:39:06,330 RX_BYTE 6D
2026-10-09 18:39:06,330 RX 8B F1 B1 61 01 90 D2 A6 93 94 B0 FB 04 00 6D
2026-10-09 18:39:06,330 RX_BYTE 8B
2026-10-09 18:39:06,330 RX_BYTE F1
2026-10-09 18:39:06,330 RX_BYTE B1
2026-10-09 18:39:06,330 RX_BYTE 61
2026-10-09 18:39:06,330 RX_BYTE 01
2026-10-09 18:39:06,330 RX_BYTE 90
2026-10-09 18:39:06,330 RX_BYTE D2
2026-10-09 18:39:06,330 RX_BYTE A6
2026-10-09 18:39:06,330 RX_BYTE 93
2026-10-09 18:39:06,330 RX_BYTE 94
2026-10-09 18:39:06,330 RX_BYTE B0
2026-10-09 18:39:06,330 RX_BYTE FB
2026-10-09 18:39:06,330 RX_BYTE 04
2026-10-09 18:39:06,330 RX_BYTE 00
2026-10-09 18:39:06,330 RX_BYTE 6D
2026-10-09 18:39:06,330 RX 8B F1 B1 61 01 90 D2 A6 93 94 B0 FB 04 00 6D
2026-10-09 18:39:06,330 RX_BYTE 8B
2026-10-09 18:39:06,330 RX_BYTE F1
2026-10-09 18:39:06,330 RX_BYTE B1
2026-10-09 18:39:06,330 RX_BYTE 61
2026-10-09 18:39:06,330 RX_BYTE 01
2026-10-09 18:39:06,330 RX_BYTE 90
2026-10-09 18:39:06,330 RX_BYTE D2
2026-10-09 18:39:06,330 RX_BYTE A6
2026-10-09 18:39:06,330 RX_BYTE 93
2026-10-09 18:39:06,330 RX_BYTE 94
2026-10-09 18:39:06,330 RX_BYTE B0
2026-10-09 18:39:06,330 RX_BYTE FB
2026-10-09 18:39:06,330 RX_BYTE 04
2026-10-09 18:39:06,330 RX_BYTE 00
2026-10-09 18:39:06,330 RX_BYTE 6D
2026-10-09 18:39:06,330 RX 8B F1 B1 61 01 90 D2 A6 93 94 B0 FB 04 00 6D
2026-10-09 18:39:06,330 RX_BYTE 8B
2026-10-09 18:39:06,330 RX_BYTE F1
2026-10-09 18:39:06,330 RX_BYTE B1
2026-10-09 18:39:06,330 RX_BYTE 61
2026-10-09 18:39:06,330 RX_BYTE 01
2026-10-09 18:39:06,330 RX_BYTE 90
2026-10-09 18:39:06,330 RX_BYTE D2
2026-10-09 18:39:06,330 RX_BYTE A6
2026-10-09 18:39:06,330 RX_BYTE 93
2026-10-09 18:39:06,331 RX_BYTE 94
2026-10-09 18:39:06,331 RX_BYTE B0
2026-10-09 18:39:06,331 RX_BYTE FB
2026-10-09 18:39:06,331 RX_BYTE 04
2026-10-09 18:39:06,331 RX_BYTE 00
2026-10-09 18:39:06,331 RX_BYTE 6D
2026-10-09 18:39:06,331 RX 8B F1 B1 61 01 90 D2 A6 93 94 B0 FB 04 00 6D
2026-10-09 18:39:06,331 RX_BYTE 8B
2026-10-09 18:39:06,331 RX_BYTE F1
2026-10-09 18:39:06,331 RX_BYTE B1
2026-10-09 18:39:06,331 RX_BYTE 61
2026-10-09 18:39:06,331 RX_BYTE 01
2026-10-09 18:39:06,331 RX_BYTE 90
2026-10-09 18:39:06,331 RX_BYTE D2
2026-10-09 18:39:06,331 RX_BYTE A6
2026-10-09 18:39:06,331 RX_BYTE 93
2026-10-09 18:39:06,331 RX_BYTE 94
2026-10-09 18:39:06,331 RX_BYTE B0
2026-10-09 18:39:06,331 RX_BYTE FB
2026-10-09 18:39:06,331 RX_BYTE 04
2026-10-09 18:39:06,331 RX_BYTE 00
2026-10-09 18:39:06,331 RX_BYTE 6D
2026-10-09 18:39:06,331 RX 8B F1 B1 61 01 90 D2 A6 93 94 B0 FB 04 00 6D
2026-10-09 18:39:06,331 RX_BYTE 8B
2026-10-09 18:39:06,331 RX_BYTE F1
2026-10-09 18:39:06,331 RX_BYTE B1
2026-10-09 18:39:06,331 RX_BYTE 61
2026-10-09 18:39:06,331 RX_BYTE 01
2026-10-09 18:39:06,331 RX_BYTE 90
2026-10-09 18:39:06,331 RX_BYTE D2
2026-10-09 18:39:06,331 RX_BYTE A6
2026-10-09 18:39:06,331 RX_BYTE 93
2026-10-09 18:39:06,331 RX_BYTE 94
2026-10-09 18:39:06,331 RX_BYTE B0
2026-10-09 18:39:06,331 RX_BYTE FB
2026-10-09 18:39:06,331 RX_BYTE 04
2026-10-09 18:39:06,331 RX_BYTE 00
2026-10-09 18:39:06,331 RX_BYTE 6D
2026-10-09 18:39:06,331 RX 8B F1 B1 61 01 90 D2 A6 93 94 B0 FB 04 00 6D
2026-10-09 18:39:06,331 RX_BYTE 8B
2026-10-09 18:39:06,331 RX_BYTE F1
2026-10-09 18:39:06,331 RX_BYTE B1
2026-10-09 18:39:06,331 RX_BYTE 61
2026-10-09 18:39:06,331 RX_BYTE 01
2026-10-09 18:39:06,331 RX_BYTE 90
2026-10-09 18:39:06,331 RX_BYTE D2
2026-10-09 18:39:06,331 RX_BYTE A6
2026-10-09 18:39:06,331 RX_BYTE 93
2026-10-09 18:39:06,331 RX_BYTE 94
2026-10-09 18:39:06,331 RX_BYTE B0
2026-10-09 18:39:06,331 RX_BYTE FB
2026-10-09 18:39:06,331 RX_BYTE 04
2026-10-09 18:39:06,331 RX_BYTE 00
2026-10-09 18:39:06,331 RX_BYTE 6D
2026-10-09 18:39:06,331 RX 8B F1 B1 61 01 90 D2 A6 93 94 B0 FB 04 00 6D
2026-10-09 18:39:06,331 RX_BYTE 8B
2026-10-09 18:39:06,331 RX_BYTE F1
2026-10-09 18:39:06,331 RX_BYTE B1
2026-10-09 18:39:06,331 RX_BYTE 61
2026-10-09 18:39:06,331 RX_BYTE 01
2026-10-09 18:39:06,332 RX_BYTE 90
2026-10-09 18:39:06,332 RX_BYTE D2
2026-10-09 18:39:06,332 RX_BYTE A6
2026-10-09 18:39:06,332 RX_BYTE 93
2026-10-09 18:39:06,332 RX_BYTE 94
2026-10-09 18:39:06,332 RX_BYTE B0
2026-10-09 18:39:06,332 RX_BYTE FB
2026-10-09 18:39:06,332 RX_BYTE 04
2026-10-09 18:39:06,332 RX_BYTE 00
2026-10-09 18:39:06,332 RX_BYTE 6D
2026-10-09 18:39:06,332 RX 8B F1 B1 61 01 90 D2 A6 93 94 B0 FB 04 00 6D
2026-10-09 18:39:06,332 RX_BYTE 8B
2026-10-09 18:39:06,332 RX_BYTE F1
2026-10-09 18:39:06,332 RX_BYTE B1
2026-10-09 18:39:06,332 RX_BYTE 61
2026-10-09 18:39:06,332 RX_BYTE 01
2026-10-09 18:39:06,332 RX_BYTE 90
2026-10-09 18:39:06,332 RX_BYTE D2
2026-10-09 18:39:06,332 RX_BYTE A6
2026-10-09 18:39:06,332 RX_BYTE 93
2026-10-09 18:39:06,332 RX_BYTE 94
2026-10-09 18:39:06,332 RX_BYTE B0
2026-10-09 18:39:06,332 RX_BYTE FB
2026-10-09 18:39:06,332 RX_BYTE 04
2026-10-09 18:39:06,332 RX_BYTE 00
2026-10-09 18:39:06,332 RX_BYTE 6D
2026-10-09 18:39:06,332 RX 8B F1 B1 61 01 90 D2 A6 93 94 B0 FB 04 00 6D
2026-10-09 18:39:06,332 RX_BYTE 8B
2026-10-09 18:39:06,332 RX_BYTE F1
2026-10-09 18:39:06,332 RX_BYTE B1
2026-10-09 18:39:06,332 RX_BYTE 61
2026-10-09 18:39:06,332 RX_BYTE 01
2026-10-09 18:39:06,332 RX_BYTE 90
2026-10-09 18:39:06,332 RX_BYTE D2
2026-10-09 18:39:06,332 RX_BYTE A6
2026-10-09 18:39:06,332 RX_BYTE 93
2026-10-09 18:39:06,332 RX_BYTE 94
2026-10-09 18:39:06,332 RX_BYTE B0
2026-10-09 18:39:06,332 RX_BYTE FB
2026-10-09 18:39:06,332 RX_BYTE 04
2026-10-09 18:39:06,332 RX_BYTE 00
2026-10-09 18:39:06,332 RX_BYTE 6D
2026-10-09 18:39:06,332 RX 8B F1 B1 61 01 90 D2 A6 93 94 B0 FB 04 00 6D
2026-10-09 18:39:06,332 RX_BYTE 8B
2026-10-09 18:39:06,332 RX_BYTE F1
2026-10-09 18:39:06,332 RX_BYTE B1
2026-10-09 18:39:06,332 RX_BYTE 61
2026-10-09 18:39:06,332 RX_BYTE 01
2026-10-09 18:39:06,332 RX_BYTE 90
2026-10-09 18:39:06,332 RX_BYTE D2
2026-10-09 18:39:06,332 RX_BYTE A6
2026-10-09 18:39:06,332 RX_BYTE 93
2026-10-09 18:39:06,332 RX_BYTE 94
2026-10-09 18:39:06,332 RX_BYTE B0
2026-10-09 18:39:06,332 RX_BYTE FB
2026-10-09 18:39:06,332 RX_BYTE 04
2026-10-09 18:39:06,332 RX_BYTE 00
2026-10-09 18:39:06,332 RX_BYTE 6D
2026-10-09 18:39:06,332 RX 8B F1 B1 61 01 90 D2 A6 93 94 B0 FB 04 00 6D
2026-10-09 18:39:06,332 RX_BYTE 8B
2026-10-09 18:39:06,333 RX_BYTE F1
2026-10-09 18:39:06,333 RX_BYTE B1
2026-10-09 18:39:06,333 RX_BYTE 61
2026-10-09 18:39:06,333 RX_BYTE 01
2026-10-09 18:39:06,333 RX_BYTE 90
2026-10-09 18:39:06,333 RX_BYTE D2
2026-10-09 18:39:06,333 RX_BYTE A6
2026-10-09 18:39:06,333 RX_BYTE 93
2026-10-09 18:39:06,333 RX_BYTE 94
2026-10-09 18:39:06,333 RX_BYTE B0
2026-10-09 18:39:06,333 RX_BYTE FB
2026-10-09 18:39:06,333 RX_BYTE 04
2026-10-09 18:39:06,333 RX_BYTE 00
2026-10-09 18:39:06,333 RX_BYTE 6D
2026-10-09 18:39:06,333 RX 8B F1 B1 61 01 90 D2 A6 93 94 B0 FB 04 00 6D
2026-10-09 18:39:06,333 RX_BYTE 8B
2026-10-09 18:39:06,333 RX_BYTE F1
2026-10-09 18:39:06,333 RX_BYTE B1
2026-10-09 18:39:06,333 RX_BYTE 61
2026-10-09 18:39:06,333 RX_BYTE 01
2026-10-09 18:39:06,333 RX_BYTE 90
2026-10-09 18:39:06,333 RX_BYTE D2
2026-10-09 18:39:06,333 RX_BYTE A6
2026-10-09 18:39:06,333 RX_BYTE 93
2026-10-09 18:39:06,333 RX_BYTE 94
2026-10-09 18:39:06,333 RX_BYTE B0
2026-10-09 18:39:06,333 RX_BYTE FB
2026-10-09 18:39:06,333 RX_BYTE 04
2026-10-09 18:39:06,333 RX_BYTE 00
2026-10-09 18:39:06,333 RX_BYTE 6D
2026-10-09 18:39:06,333 RX 8B F1 B1 61 01 90 D2 A6 93 94 B0 FB 04 00 6D
2026-10-09 18:39:06,333 RX_BYTE 8B
2026-10-09 18:39:06,333 RX_BYTE F1
2026-10-09 18:39:06,333 RX_BYTE B1
2026-10-09 18:39:06,333 RX_BYTE 61
2026-10-09 18:39:06,333 RX_BYTE 01
2026-10-09 18:39:06,333 RX_BYTE 90
2026-10-09 18:39:06,333 RX_BYTE D2
2026-10-09 18:39:06,333 RX_BYTE A6
2026-10-09 18:39:06,333 RX_BYTE 93
2026-10-09 18:39:06,333 RX_BYTE 94
2026-10-09 18:39:06,333 RX_BYTE B0
2026-10-09 18:39:06,333 RX_BYTE FB
2026-10-09 18:39:06,333 RX_BYTE 04
2026-10-09 18:39:06,333 RX_BYTE 00
2026-10-09 18:39:06,333 RX_BYTE 6D
2026-10-09 18:39:06,333 RX 8B F1 B1 61 01 90 D2 A6 93 94 B0 FB 04 00 6D
2026-10-09 18:39:06,333 RX_BYTE 8B
2026-10-09 18:39:06,333 RX_BYTE F1
2026-10-09 18:39:06,333 RX_BYTE B1
2026-10-09 18:39:06,333 RX_BYTE 61
2026-10-09 18:39:06,333 RX_BYTE 01
2026-10-09 18:39:06,333 RX_BYTE 90
2026-10-09 18:39:06,333 RX_BYTE D2
2026-10-09 18:39:06,333 RX_BYTE A6
2026-10-09 18:39:06,333 RX_BYTE 93
2026-10-09 18:39:06,333 RX_BYTE 94
2026-10-09 18:39:06,333 RX_BYTE B0
2026-10-09 18:39:06,333 RX_BYTE FB
2026-10-09 18:39:06,333 RX_BYTE 04
2026-10-09 18:39:06,333 RX_BYTE 00
2026-10-09 18:39:06,333 RX_BYTE 6D
2026-10-09 18:39:06,333 RX 8B F1 B1 61 01 90 D2 A6 93 94 B0 FB 04 00 6D
2026-10-09 18:39:06,334 RX_BYTE 8B
2026-10-09 18:39:06,334 RX_BYTE F1
2026-10-09 18:39:06,334 RX_BYTE B1
2026-10-09 18:39:06,334 RX_BYTE 61
2026-10-09 18:39:06,334 RX_BYTE 01
2026-10-09 18:39:06,334 RX_BYTE 90
2026-10-09 18:39:06,334 RX_BYTE D2
2026-10-09 18:39:06,334 RX_BYTE A6
2026-10-09 18:39:06,334 RX_BYTE 93
2026-10-09 18:39:06,334 RX_BYTE 94
2026-10-09 18:39:06,334 RX_BYTE B0
2026-10-09 18:39:06,334 RX_BYTE FB
2026-10-09 18:39:06,334 RX_BYTE 04
2026-10-09 18:39:06,334 RX_BYTE 00
2026-10-09 18:39:06,334 RX_BYTE 6D
2026-10-09 18:39:06,334 RX 8B F1 B1 61 01 90 D2 A6 93 94 B0 FB 04 00 6D
2026-10-09 18:39:06,334 RX_BYTE 8B
2026-10-09 18:39:06,334 RX_BYTE F1
2026-10-09 18:39:06,334 RX_BYTE B1
2026-10-09 18:39:06,334 RX_BYTE 61
2026-10-09 18:39:06,334 RX_BYTE 01
2026-10-09 18:39:06,334 RX_BYTE 90
2026-10-09 18:39:06,334 RX_BYTE D2
2026-10-09 18:39:06,334 RX_BYTE A6
2026-10-09 18:39:06,334 RX_BYTE 93
2026-10-09 18:39:06,334 RX_BYTE 94
2026-10-09 18:39:06,334 RX_BYTE B0
2026-10-09 18:39:06,334 RX_BYTE FB
2026-10-09 18:39:06,334 RX_BYTE 04
2026-10-09 18:39:06,334 RX_BYTE 00
2026-10-09 18:39:06,334 RX_BYTE 6D
2026-10-09 18:39:06,334 RX 8B F1 B1 61 01 90 D2 A6 93 94 B0 FB 04 00 6D
2026-10-09 18:39:06,334 RX_BYTE 8B
2026-10-09 18:39:06,334 RX_BYTE F1
2026-10-09 18:39:06,334 RX_BYTE B1
2026-10-09 18:39:06,334 RX_BYTE 61
2026-10-09 18:39:06,334 RX_BYTE 01
2026-10-09 18:39:06,334 RX_BYTE 90
2026-10-09 18:39:06,334 RX_BYTE D2
2026-10-09 18:39:06,334 RX_BYTE A6
2026-10-09 18:39:06,334 RX_BYTE 93
2026-10-09 18:39:06,334 RX_BYTE 94
2026-10-09 18:39:06,334 RX_BYTE B0
2026-10-09 18:39:06,334 RX_BYTE FB
2026-10-09 18:39:06,334 RX_BYTE 04
2026-10-09 18:39:06,334 RX_BYTE 00
2026-10-09 18:39:06,334 RX_BYTE 6D
2026-10-09 18:39:06,334 RX 8B F1 B1 61 01 90 D2 A6 93 94 B0 FB 04 00 6D
2026-10-09 18:39:06,334 RX_BYTE 8B
2026-10-09 18:39:06,334 RX_BYTE F1
2026-10-09 18:39:06,334 RX_BYTE B1
2026-10-09 18:39:06,334 RX_BYTE 61
2026-10-09 18:39:06,334 RX_BYTE 01
2026-10-09 18:39:06,334 RX_BYTE 90
2026-10-09 18:39:06,334 RX_BYTE D2
2026-10-09 18:39:06,334 RX_BYTE A6
2026-10-09 18:39:06,334 RX_BYTE 93
2026-10-09 18:39:06,334 RX_BYTE 94
2026-10-09 18:39:06,334 RX_BYTE B0
2026-10-09 18:39:06,334 RX_BYTE FB
2026-10-09 18:39:06,334 RX_BYTE 04
2026-10-09 18:39:06,335 RX_BYTE 00
2026-10-09 18:39:06,335 RX_BYTE 6D
2026-10-09 18:39:06,335 RX 8B F1 B1 61 01 90 D2 A6 93 94 B0 FB 04 00 6D
2026-10-09 18:39:06,335 RX_BYTE 8B
2026-10-09 18:39:06,335 RX_BYTE F1
2026-10-09 18:39:06,335 RX_BYTE B1
2026-10-09 18:39:06,335 RX_BYTE 61
2026-10-09 18:39:06,335 RX_BYTE 01
2026-10-09 18:39:06,335 RX_BYTE 90
2026-10-09 18:39:06,335 RX_BYTE D2
2026-10-09 18:39:06,335 RX_BYTE A6
2026-10-09 18:39:06,335 RX_BYTE 93
2026-10-09 18:39:06,335 RX_BYTE 94
2026-10-09 18:39:06,335 RX_BYTE B0
2026-10-09 18:39:06,335 RX_BYTE FB
2026-10-09 18:39:06,335 RX_BYTE 04
2026-10-09 18:39:06,335 RX_BYTE 00
2026-10-09 18:39:06,335 RX_BYTE 6D
2026-10-09 18:39:06,335 RX 8B F1 B1 61 01 90 D2 A6 93 94 B0 FB 04 00 6D
2026-10-09 18:39:06,335 RX_BYTE 8B
2026-10-09 18:39:06,335 RX_BYTE F1
2026-10-09 18:39:06,335 RX_BYTE B1
2026-10-09 18:39:06,335 RX_BYTE 61
2026-10-09 18:39:06,335 RX_BYTE 01
2026-10-09 18:39:06,335 RX_BYTE 90
2026-10-09 18:39:06,335 RX_BYTE D2
2026-10-09 18:39:06,335 RX_BYTE A6
2026-10-09 18:39:06,335 RX_BYTE 93
2026-10-09 18:39:06,335 RX_BYTE 94
2026-10-09 18:39:06,335 RX_BYTE B0
2026-10-09 18:39:06,335 RX_BYTE FB
2026-10-09 18:39:06,335 RX_BYTE 04
2026-10-09 18:39:06,335 RX_BYTE 00
2026-10-09 18:39:06,335 RX_BYTE 6D
2026-10-09 18:39:06,335 RX 8B F1 B1 61 01 90 D2 A6 93 94 B0 FB 04 00 6D
2026-10-09 18:39:06,335 RX_BYTE 8B
2026-10-09 18:39:06,335 RX_BYTE F1
2026-10-09 18:39:06,335 RX_BYTE B1
2026-10-09 18:39:06,335 RX_BYTE 61
2026-10-09 18:39:06,335 RX_BYTE 01
2026-10-09 18:39:06,335 RX_BYTE 90
2026-10-09 18:39:06,335 RX_BYTE D2
2026-10-09 18:39:06,335 RX_BYTE A6
2026-10-09 18:39:06,335 RX_BYTE 93
2026-10-09 18:39:06,335 RX_BYTE 94
2026-10-09 18:39:06,335 RX_BYTE B0
2026-10-09 18:39:06,335 RX_BYTE FB
2026-10-09 18:39:06,335 RX_BYTE 04
2026-10-09 18:39:06,335 RX_BYTE 00
2026-10-09 18:39:06,335 RX_BYTE 6D
2026-10-09 18:39:06,335 RX 8B F1 B1 61 01 90 D2 A6 93 94 B0 FB 04 00 6D
2026-10-09 18:39:06,335 RX_BYTE 8B
2026-10-09 18:39:06,335 RX_BYTE F1
2026-10-09 18:39:06,335 RX_BYTE B1
2026-10-09 18:39:06,335 RX_BYTE 61
2026-10-09 18:39:06,335 RX_BYTE 01
2026-10-09 18:39:06,335 RX_BYTE 90
2026-10-09 18:39:06,335 RX_BYTE D2
2026-10-09 18:39:06,335 RX_BYTE A6
2026-10-09 18:39:06,335 RX_BYTE 93
2026-10-09 18:39:06,335 RX_BYTE 94
2026-10-09 18:39:06,335 RX_BYTE B0
2026-10-09 18:39:06,335 RX_BYTE FB
2026-10-09 18:39:06,336 RX_BYTE 04
2026-10-09 18:39:06,336 RX_BYTE 00
2026-10-09 18:39:06,336 RX_BYTE 6D
2026-10-09 18:39:06,336 RX 8B F1 B1 61 01 90 D2 A6 93 94 B0 FB 04 00 6D
2026-10-09 18:39:06,336 RX_BYTE 8B
2026-10-09 18:39:06,336 RX_BYTE F1
2026-10-09 18:39:06,336 RX_BYTE B1
2026-10-09 18:39:06,336 RX_BYTE 61
2026-10-09 18:39:06,336 RX_BYTE 01
2026-10-09 18:39:06,336 RX_BYTE 90
2026-10-09 18:39:06,336 RX_BYTE D2
2026-10-09 18:39:06,336 RX_BYTE A6
2026-10-09 18:39:06,336 RX_BYTE 93
2026-10-09 18:39:06,336 RX_BYTE 94
2026-10-09 18:39:06,336 RX_BYTE B0
2026-10-09 18:39:06,336 RX_BYTE FB
2026-10-09 18:39:06,336 RX_BYTE 04
2026-10-09 18:39:06,336 RX_BYTE 00
2026-10-09 18:39:06,336 RX_BYTE 6D
2026-10-09 18:39:06,336 RX 8B F1 B1 61 01 90 D2 A6 93 94 B0 FB 04 00 6D
2026-10-09 18:39:06,336 RX_BYTE 8B
2026-10-09 18:39:06,336 RX_BYTE F1
2026-10-09 18:39:06,336 RX_BYTE B1
2026-10-09 18:39:06,336 RX_BYTE 61
2026-10-09 18:39:06,336 RX_BYTE 01
2026-10-09 18:39:06,336 RX_BYTE 90
2026-10-09 18:39:06,336 RX_BYTE D2
2026-10-09 18:39:06,336 RX_BYTE A6
2026-10-09 18:39:06,336 RX_BYTE 93
2026-10-09 18:39:06,336 RX_BYTE 94
2026-10-09 18:39:06,336 RX_BYTE B0
2026-10-09 18:39:06,336 RX_BYTE FB
2026-10-09 18:39:06,336 RX_BYTE 04
2026-10-09 18:39:06,336 RX_BYTE 00
2026-10-09 18:39:06,336 RX_BYTE 6D
2026-10-09 18:39:06,336 RX 8B F1 B1 61 01 90 D2 A6 93 94 B0 FB 04 00 6D
2026-10-09 18:39:06,336 RX_BYTE 8B
2026-10-09 18:39:06,336 RX_BYTE F1
2026-10-09 18:39:06,336 RX_BYTE B1
2026-10-09 18:39:06,336 RX_BYTE 61
2026-10-09 18:39:06,336 RX_BYTE 01
2026-10-09 18:39:06,336 RX_BYTE 90
2026-10-09 18:39:06,336 RX_BYTE D2
2026-10-09 18:39:06,336 RX_BYTE A6
2026-10-09 18:39:06,336 RX_BYTE 93
2026-10-09 18:39:06,336 RX_BYTE 94
2026-10-09 18:39:06,336 RX_BYTE B0
2026-10-09 18:39:06,336 RX_BYTE FB
2026-10-09 18:39:06,336 RX_BYTE 04
2026-10-09 18:39:06,336 RX_BYTE 00
2026-10-09 18:39:06,336 RX_BYTE 6D
2026-10-09 18:39:06,336 RX 8B F1 B1 61 01 90 D2 A6 93 94 B0 FB 04 00 6D
2026-10-09 18:39:06,336 RX_BYTE 8B
2026-10-09 18:39:06,336 RX_BYTE F1
2026-10-09 18:39:06,336 RX_BYTE B1
2026-10-09 18:39:06,336 RX_BYTE 61
2026-10-09 18:39:06,336 RX_BYTE 01
2026-10-09 18:39:06,336 RX_BYTE 90
2026-10-09 18:39:06,336 RX_BYTE D2
2026-10-09 18:39:06,336 RX_BYTE A6
2026-10-09 18:39:06,336 RX_BYTE 93
2026-10-09 18:39:06,336 RX_BYTE 94
2026-10-09 18:39:06,337 RX_BYTE B0
2026-10-09 18:39:06,337 RX_BYTE FB
2026-10-09 18:39:06,337 RX_BYTE 04
2026-10-09 18:39:06,337 RX_BYTE 00
2026-10-09 18:39:06,337 RX_BYTE 6D
2026-10-09 18:39:06,337 RX 8B F1 B1 61 01 90 D2 A6 93 94 B0 FB 04 00 6D
2026-10-09 18:39:06,337 RX_BYTE 8B
2026-10-09 18:39:06,337 RX_BYTE F1
2026-10-09 18:39:06,337 RX_BYTE B1
2026-10-09 18:39:06,337 RX_BYTE 61
2026-10-09 18:39:06,337 RX_BYTE 01
2026-10-09 18:39:06,337 RX_BYTE 90
2026-10-09 18:39:06,337 RX_BYTE D2
2026-10-09 18:39:06,337 RX_BYTE A6
2026-10-09 18:39:06,337 RX_BYTE 93
2026-10-09 18:39:06,337 RX_BYTE 94
2026-10-09 18:39:06,337 RX_BYTE B0
2026-10-09 18:39:06,337 RX_BYTE FB
2026-10-09 18:39:06,337 RX_BYTE 04
2026-10-09 18:39:06,337 RX_BYTE 00
2026-10-09 18:39:06,337 RX_BYTE 6D
2026-10-09 18:39:06,337 RX 8B F1 B1 61 01 90 D2 A6 93 94 B0 FB 04 00 6D
2026-10-09 18:39:06,337 RX_BYTE 8B
2026-10-09 18:39:06,337 RX_BYTE F1
2026-10-09 18:39:06,337 RX_BYTE B1
2026-10-09 18:39:06,337 RX_BYTE 61
2026-10-09 18:39:06,337 RX_BYTE 01
2026-10-09 18:39:06,337 RX_BYTE 90
2026-10-09 18:39:06,337 RX_BYTE D2
2026-10-09 18:39:06,337 RX_BYTE A6
2026-10-09 18:39:06,337 RX_BYTE 93
2026-10-09 18:39:06,337 RX_BYTE 94
2026-10-09 18:39:06,337 RX_BYTE B0
2026-10-09 18:39:06,337 RX_BYTE FB
2026-10-09 18:39:06,337 RX_BYTE 04
2026-10-09 18:39:06,337 RX_BYTE 00
2026-10-09 18:39:06,337 RX_BYTE 6D
2026-10-09 18:39:06,337 RX 8B F1 B1 61 01 90 D2 A6 93 94 B0 FB 04 00 6D
2026-10-09 18:39:06,337 RX_BYTE 8B
2026-10-09 18:39:06,337 RX_BYTE F1
2026-10-09 18:39:06,337 RX_BYTE B1
2026-10-09 18:39:06,337 RX_BYTE 61
2026-10-09 18:39:06,337 RX_BYTE 01
2026-10-09 18:39:06,337 RX_BYTE 90
2026-10-09 18:39:06,337 RX_BYTE D2
2026-10-09 18:39:06,337 RX_BYTE A6
2026-10-09 18:39:06,337 RX_BYTE 93
2026-10-09 18:39:06,337 RX_BYTE 94
2026-10-09 18:39:06,337 RX_BYTE B0
2026-10-09 18:39:06,337 RX_BYTE FB
2026-10-09 18:39:06,337 RX_BYTE 04
2026-10-09 18:39:06,337 RX_BYTE 00
2026-10-09 18:39:06,337 RX_BYTE 6D
2026-10-09 18:39:06,337 RX 8B F1 B1 61 01 90 D2 A6 93 94 B0 FB 04 00 6D
2026-10-09 18:39:06,337 RX_BYTE 8B
2026-10-09 18:39:06,337 RX_BYTE F1
2026-10-09 18:39:06,337 RX_BYTE B1
2026-10-09 18:39:06,337 RX_BYTE 61
2026-10-09 18:39:06,337 RX_BYTE 01
2026-10-09 18:39:06,337 RX_BYTE 90
2026-10-09 18:39:06,337 RX_BYTE D2
2026-10-09 18:39:06,337 RX_BYTE A6
2026-10-09 18:39:06,337 RX_BYTE 93
2026-10-09 18:39:06,338 RX_BYTE 94
2026-10-09 18:39:06,338 RX_BYTE B0
2026-10-09 18:39:06,338 RX_BYTE FB
2026-10-09 18:39:06,338 RX_BYTE 04
2026-10-09 18:39:06,338 RX_BYTE 00
2026-10-09 18:39:06,338 RX_BYTE 6D
2026-10-09 18:39:06,338 RX 8B F1 B1 61 01 90 D2 A6 93 94 B0 FB 04 00 6D
2026-10-09 18:39:06,338 RX_BYTE 8B
2026-10-09 18:39:06,338 RX_BYTE F1
2026-10-09 18:39:06,338 RX_BYTE B1
2026-10-09 18:39:06,338 RX_BYTE 61
2026-10-09 18:39:06,338 RX_BYTE 01
2026-10-09 18:39:06,338 RX_BYTE 90
2026-10-09 18:39:06,338 RX_BYTE D2
2026-10-09 18:39:06,338 RX_BYTE A6
2026-10-09 18:39:06,338 RX_BYTE 93
2026-10-09 18:39:06,338 RX_BYTE 94
2026-10-09 18:39:06,338 RX_BYTE B0
2026-10-09 18:39:06,338 RX_BYTE FB
2026-10-09 18:39:06,338 RX_BYTE 04
2026-10-09 18:39:06,338 RX_BYTE 00
2026-10-09 18:39:06,338 RX_BYTE 6D
2026-10-09 18:39:06,338 RX 8B F1 B1 61 01 90 D2 A6 93 94 B0 FB 04 00 6D
2026-10-09 18:39:06,338 RX_BYTE 8B
2026-10-09 18:39:06,338 RX_BYTE F1
2026-10-09 18:39:06,338 RX_BYTE B1
2026-10-09 18:39:06,338 RX_BYTE 61
2026-10-09 18:39:06,338 RX_BYTE 01
2026-10-09 18:39:06,338 RX_BYTE 90
2026-10-09 18:39:06,338 RX_BYTE D2
2026-10-09 18:39:06,338 RX_BYTE A6
2026-10-09 18:39:06,338 RX_BYTE 93
2026-10-09 18:39:06,338 RX_BYTE 94
2026-10-09 18:39:06,338 RX_BYTE B0
2026-10-09 18:39:06,338 RX_BYTE FB
2026-10-09 18:39:06,338 RX_BYTE 04
2026-10-09 18:39:06,338 RX_BYTE 00
2026-10-09 18:39:06,338 RX_BYTE 6D
2026-10-09 18:39:06,338 RX 8B F1 B1 61 01 90 D2 A6 93 94 B0 FB 04 00 6D
2026-10-09 18:39:06,338 RX_BYTE 8B
2026-10-09 18:39:06,338 RX_BYTE F1
2026-10-09 18:39:06,338 RX_BYTE B1
2026-10-09 18:39:06,338 RX_BYTE 61
2026-10-09 18:39:06,338 RX_BYTE 01
2026-10-09 18:39:06,338 RX_BYTE 90
2026-10-09 18:39:06,338 RX_BYTE D2
2026-10-09 18:39:06,338 RX_BYTE A6
2026-10-09 18:39:06,338 RX_BYTE 93
2026-10-09 18:39:06,338 RX_BYTE 94
2026-10-09 18:39:06,338 RX_BYTE B0
2026-10-09 18:39:06,338 RX_BYTE FB
2026-10-09 18:39:06,338 RX_BYTE 04
2026-10-09 18:39:06,338 RX_BYTE 00
2026-10-09 18:39:06,339 RX_BYTE 6D
2026-10-09 18:39:06,339 RX 8B F1 B1 61 01 90 D2 A6 93 94 B0 FB 04 00 6D
2026-10-09 18:39:06,339 RX_BYTE 8B
2026-10-09 18:39:06,339 RX_BYTE F1
2026-10-09 18:39:06,339 RX_BYTE B1
2026-10-09 18:39:06,339 RX_BYTE 61
2026-10-09 18:39:06,339 RX_BYTE 01
2026-10-09 18:39:06,339 RX_BYTE 90
2026-10-09 18:39:06,339 RX_BYTE D2
2026-10-09 18:39:06,339 RX_BYTE A6
2026-10-09 18:39:06,339 RX_BYTE 93
2026-10-09 18:39:06,339 RX_BYTE 94
2026-10-09 18:39:06,339 RX_BYTE B0
2026-10-09 18:39:06,339 RX_BYTE FB
2026-10-09 18:39:06,339 RX_BYTE 04
2026-10-09 18:39:06,339 RX_BYTE 00
2026-10-09 18:39:06,339 RX_BYTE 6D
2026-10-09 18:39:06,339 RX 8B F1 B1 61 01 90 D2 A6 93 94 B0 FB 04 00 6D
2026-10-09 18:39:06,339 RX_BYTE 8B
2026-10-09 18:39:06,339 RX_BYTE F1
2026-10-09 18:39:06,339 RX_BYTE B1
2026-10-09 18:39:06,339 RX_BYTE 61
2026-10-09 18:39:06,339 RX_BYTE 01
2026-10-09 18:39:06,339 RX_BYTE 90
2026-10-09 18:39:06,339 RX_BYTE D2
2026-10-09 18:39:06,339 RX_BYTE A6
2026-10-09 18:39:06,339 RX_BYTE 93
2026-10-09 18:39:06,339 RX_BYTE 94
2026-10-09 18:39:06,339 RX_BYTE B0
2026-10-09 18:39:06,339 RX_BYTE FB
2026-10-09 18:39:06,339 RX_BYTE 04
2026-10-09 18:39:06,339 RX_BYTE 00
2026-10-09 18:39:06,339 RX_BYTE 6D
2026-10-09 18:39:06,339 RX 8B F1 B1 61 01 90 D2 A6 93 94 B0 FB 04 00 6D
2026-10-09 18:39:06,339 RX_BYTE 8B
2026-10-09 18:39:06,339 RX_BYTE F1
2026-10-09 18:39:06,339 RX_BYTE B1
2026-10-09 18:39:06,339 RX_BYTE 61
2026-10-09 18:39:06,339 RX_BYTE 01
2026-10-09 18:39:06,339 RX_BYTE 90
2026-10-09 18:39:06,339 RX_BYTE D2
2026-10-09 18:39:06,340 RX_BYTE A6
2026-10-09 18:39:06,340 RX_BYTE 93
2026-10-09 18:39:06,340 RX_BYTE 94
2026-10-09 18:39:06,340 RX_BYTE B0
2026-10-09 18:39:06,340 RX_BYTE FB
2026-10-09 18:39:06,340 RX_BYTE 04
2026-10-09 18:39:06,340 RX_BYTE 00
2026-10-09 18:39:06,340 RX_BYTE 6D
2026-10-09 18:39:06,340 RX 8B F1 B1 61 01 90 D2 A6 93 94 B0 FB 04 00 6D
2026-10-09 18:39:06,340 RX_BYTE 8B
2026-10-09 18:39:06,340 RX_BYTE F1
2026-10-09 18:39:06,340 RX_BYTE B1
2026-10-09 18:39:06,340 RX_BYTE 61
2026-10-09 18:39:06,340 RX_BYTE 01
2026-10-09 18:39:06,340 RX_BYTE 90
2026-10-09 18:39:06,340 RX_BYTE D2
2026-10-09 18:39:06,340 RX_BYTE A6
2026-10-09 18:39:06,340 RX_BYTE 93
2026-10-09 18:39:06,340 RX_BYTE 94
2026-10-09 18:39:06,340 RX_BYTE B0
2026-10-09 18:39:06,340 RX_BYTE FB
2026-10-09 18:39:06,340 RX_BYTE 04
2026-10-09 18:39:06,340 RX_BYTE 00
2026-10-09 18:39:06,340 RX_BYTE 6D
2026-10-09 18:39:06,340 RX 8B F1 B1 61 01 90 D2 A6 93 94 B0 FB 04 00 6D
2026-10-09 18:39:06,340 RX_BYTE 8B
2026-10-09 18:39:06,340 RX_BYTE F1
2026-10-09 18:39:06,340 RX_BYTE B1
2026-10-09 18:39:06,340 RX_BYTE 61
2026-10-09 18:39:06,340 RX_BYTE 01
2026-10-09 18:39:06,340 RX_BYTE 90
2026-10-09 18:39:06,340 RX_BYTE D2
2026-10-09 18:39:06,340 RX_BYTE A6
2026-10-09 18:39:06,340 RX_BYTE 93
2026-10-09 18:39:06,340 RX_BYTE 94
2026-10-09 18:39:06,340 RX_BYTE B0
2026-10-09 18:39:06,340 RX_BYTE FB
2026-10-09 18:39:06,340 RX_BYTE 04
2026-10-09 18:39:06,340 RX_BYTE 00
2026-10-09 18:39:06,340 RX_BYTE 6D
2026-10-09 18:39:06,340 RX 8B F1 B1 61 01 90 D2 A6 93 94 B0 FB 04 00 6D
2026-10-09 18:39:06,340 RX_BYTE 8B
2026-10-09 18:39:06,340 RX_BYTE F1
2026-10-09 18:39:06,340 RX_BYTE B1
2026-10-09 18:39:06,340 RX_BYTE 61
2026-10-09 18:39:06,340 RX_BYTE 01
2026-10-09 18:39:06,340 RX_BYTE 90
2026-10-09 18:39:06,340 RX_BYTE D2
2026-10-09 18:39:06,340 RX_BYTE A6
2026-10-09 18:39:06,340 RX_BYTE 93
2026-10-09 18:39:06,340 RX_BYTE 94
2026-10-09 18:39:06,340 RX_BYTE B0
2026-10-09 18:39:06,340 RX_BYTE FB
2026-10-09 18:39:06,340 RX_BYTE 04
2026-10-09 18:39:06,340 RX_BYTE 00
2026-10-09 18:39:06,340 RX_BYTE 6D
2026-10-09 18:39:06,340 RX 8B F1 B1 61 01 90 D2 A6 93 94 B0 FB 04 00 6D
2026-10-09 18:39:06,340 RX_BYTE 8B
2026-10-09 18:39:06,341 RX_BYTE F1
2026-10-09 18:39:06,341 RX_BYTE B1
2026-10-09 18:39:06,341 RX_BYTE 61
2026-10-09 18:39:06,341 RX_BYTE 01
2026-10-09 18:39:06,341 RX_BYTE 90
2026-10-09 18:39:06,341 RX_BYTE D2
2026-10-09 18:39:06,341 RX_BYTE A6
2026-10-09 18:39:06,341 RX_BYTE 93
2026-10-09 18:39:06,341 RX_BYTE 94
2026-10-09 18:39:06,341 RX_BYTE B0
2026-10-09 18:39:06,341 RX_BYTE FB
2026-10-09 18:39:06,341 RX_BYTE 04
2026-10-09 18:39:06,341 RX_BYTE 00
2026-10-09 18:39:06,341 RX_BYTE 6D
2026-10-09 18:39:06,341 RX 8B F1 B1 61 01 90 D2 A6 93 94 B0 FB 04 00 6D
2026-10-09 18:39:06,341 RX_BYTE 8B
2026-10-09 18:39:06,341 RX_BYTE F1
2026-10-09 18:39:06,341 RX_BYTE B1
2026-10-09 18:39:06,341 RX_BYTE 61
2026-10-09 18:39:06,341 RX_BYTE 01
2026-10-09 18:39:06,341 RX_BYTE 90
2026-10-09 18:39:06,341 RX_BYTE D2
2026-10-09 18:39:06,341 RX_BYTE A6
2026-10-09 18:39:06,341 RX_BYTE 93
2026-10-09 18:39:06,341 RX_BYTE 94
2026-10-09 18:39:06,341 RX_BYTE B0
2026-10-09 18:39:06,341 RX_BYTE FB
2026-10-09 18:39:06,341 RX_BYTE 04
2026-10-09 18:39:06,341 RX_BYTE 00
2026-10-09 18:39:06,341 RX_BYTE 6D
2026-10-09 18:39:06,341 RX 8B F1 B1 61 01 90 D2 A6 93 94 B0 FB 04 00 6D
2026-10-09 18:39:06,341 RX_BYTE 8B
2026-10-09 18:39:06,341 RX_BYTE F1
2026-10-09 18:39:06,341 RX_BYTE B1
2026-10-09 18:39:06,341 RX_BYTE 61
2026-10-09 18:39:06,341 RX_BYTE 01
2026-10-09 18:39:06,341 RX_BYTE 90
2026-10-09 18:39:06,341 RX_BYTE D2
2026-10-09 18:39:06,341 RX_BYTE A6
2026-10-09 18:39:06,341 RX_BYTE 93
2026-10-09 18:39:06,341 RX_BYTE 94
2026-10-09 18:39:06,341 RX_BYTE B0
2026-10-09 18:39:06,341 RX_BYTE FB
2026-10-09 18:39:06,341 RX_BYTE 04
2026-10-09 18:39:06,341 RX_BYTE 00
2026-10-09 18:39:06,341 RX_BYTE 6D
2026-10-09 18:39:06,341 RX 8B F1 B1 61 01 90 D2 A6 93 94 B0 FB 04 00 6D
2026-10-09 18:39:06,341 RX_BYTE 8B
2026-10-09 18:39:06,341 RX_BYTE F1
2026-10-09 18:39:06,341 RX_BYTE B1
2026-10-09 18:39:06,341 RX_BYTE 61
2026-10-09 18:39:06,341 RX_BYTE 01
2026-10-09 18:39:06,341 RX_BYTE 90
2026-10-09 18:39:06,341 RX_BYTE D2
2026-10-09 18:39:06,341 RX_BYTE A6
2026-10-09 18:39:06,341 RX_BYTE 93
2026-10-09 18:39:06,341 RX_BYTE 94
2026-10-09 18:39:06,341 RX_BYTE B0
2026-10-09 18:39:06,341 RX_BYTE FB
2026-10-09 18:39:06,341 RX_BYTE 04
2026-10-09 18:39:06,341 RX_BYTE 00
2026-10-09 18:39:06,341 RX_BYTE 6D
2026-10-09 18:39:06,342 RX 8B F1 B1 61 01 90 D2 A6 93 94 B0 FB 04 00 6D
2026-10-09 18:39:06,342 RX_BYTE 8B
2026-10-09 18:39:06,342 RX_BYTE F1
2026-10-09 18:39:06,342 RX_BYTE B1
2026-10-09 18:39:06,342 RX_BYTE 61
2026-10-09 18:39:06,342 RX_BYTE 01
2026-10-09 18:39:06,342 RX_BYTE 90
2026-10-09 18:39:06,342 RX_BYTE D2
2026-10-09 18:39:06,342 RX_BYTE A6
2026-10-09 18:39:06,342 RX_BYTE 93
2026-10-09 18:39:06,342 RX_BYTE 94
2026-10-09 18:39:06,342 RX_BYTE B0
2026-10-09 18:39:06,342 RX_BYTE FB
2026-10-09 18:39:06,342 RX_BYTE 04
2026-10-09 18:39:06,342 RX_BYTE 00
2026-10-09 18:39:06,342 RX_BYTE 6D
2026-10-09 18:39:06,342 RX 8B F1 B1 61 01 90 D2 A6 93 94 B0 FB 04 00 6D
2026-10-09 18:39:06,342 RX_BYTE 8B
2026-10-09 18:39:06,342 RX_BYTE F1
2026-10-09 18:39:06,342 RX_BYTE B1
2026-10-09 18:39:06,342 RX_BYTE 61
2026-10-09 18:39:06,342 RX_BYTE 01
2026-10-09 18:39:06,342 RX_BYTE 90
2026-10-09 18:39:06,342 RX_BYTE D2
2026-10-09 18:39:06,342 RX_BYTE A6
2026-10-09 18:39:06,342 RX_BYTE 93
2026-10-09 18:39:06,342 RX_BYTE 94
2026-10-09 18:39:06,342 RX_BYTE B0
2026-10-09 18:39:06,342 RX_BYTE FB
2026-10-09 18:39:06,342 RX_BYTE 04
2026-10-09 18:39:06,342 RX_BYTE 00
2026-10-09 18:39:06,342 RX_BYTE 6D
2026-10-09 18:39:06,342 RX 8B F1 B1 61 01 90 D2 A6 93 94 B0 FB 04 00 6D
2026-10-09 18:39:06,342 RX_BYTE 8B
2026-10-09 18:39:06,342 RX_BYTE F1
2026-10-09 18:39:06,342 RX_BYTE B1
2026-10-09 18:39:06,342 RX_BYTE 61
2026-10-09 18:39:06,342 RX_BYTE 01
2026-10-09 18:39:06,342 RX_BYTE 90
2026-10-09 18:39:06,342 RX_BYTE D2
2026-10-09 18:39:06,342 RX_BYTE A6
2026-10-09 18:39:06,342 RX_BYTE 93
2026-10-09 18:39:06,342 RX_BYTE 94
2026-10-09 18:39:06,342 RX_BYTE B0
2026-10-09 18:39:06,342 RX_BYTE FB
2026-10-09 18:39:06,342 RX_BYTE 04
2026-10-09 18:39:06,342 RX_BYTE 00
2026-10-09 18:39:06,342 RX_BYTE 6D
2026-10-09 18:39:06,342 RX 8B F1 B1 61 01 90 D2 A6 93 94 B0 FB 04 00 6D
2026-10-09 18:39:06,342 RX_BYTE 8B
2026-10-09 18:39:06,342 RX_BYTE F1
2026-10-09 18:39:06,342 RX_BYTE B1
2026-10-09 18:39:06,342 RX_BYTE 61
2026-10-09 18:39:06,342 RX_BYTE 01
2026-10-09 18:39:06,342 RX_BYTE 90
2026-10-09 18:39:06,342 RX_BYTE D2
2026-10-09 18:39:06,342 RX_BYTE A6
2026-10-09 18:39:06,342 RX_BYTE 93
2026-10-09 18:39:06,342 RX_BYTE 94
2026-10-09 18:39:06,342 RX_BYTE B0
2026-10-09 18:39:06,343 RX_BYTE FB
2026-10-09 18:39:06,343 RX_BYTE 04
2026-10-09 18:39:06,343 RX_BYTE 00
2026-10-09 18:39:06,343 RX_BYTE 6D
2026-10-09 18:39:06,343 RX 8B F1 B1 61 01 90 D2 A6 93 94 B0 FB 04 00 6D
2026-10-09 18:39:06,343 RX_BYTE 8B
2026-10-09 18:39:06,343 RX_BYTE F1
2026-10-09 18:39:06,343 RX_BYTE B1
2026-10-09 18:39:06,343 RX_BYTE 61
2026-10-09 18:39:06,343 RX_BYTE 01
2026-10-09 18:39:06,343 RX_BYTE 90
2026-10-09 18:39:06,343 RX_BYTE D2
2026-10-09 18:39:06,343 RX_BYTE A6
2026-10-09 18:39:06,343 RX_BYTE 93
2026-10-09 18:39:06,343 RX_BYTE 94
2026-10-09 18:39:06,343 RX_BYTE B0
2026-10-09 18:39:06,343 RX_BYTE FB
2026-10-09 18:39:06,343 RX_BYTE 04
2026-10-09 18:39:06,343 RX_BYTE 00
2026-10-09 18:39:06,343 RX_BYTE 6D
2026-10-09 18:39:06,343 RX 8B F1 B1 61 01 90 D2 A6 93 94 B0 FB 04 00 6D
2026-10-09 18:39:06,343 RX_BYTE 8B
2026-10-09 18:39:06,343 RX_BYTE F1
2026-10-09 18:39:06,343 RX_BYTE B1
2026-10-09 18:39:06,343 RX_BYTE 61
2026-10-09 18:39:06,343 RX_BYTE 01
2026-10-09 18:39:06,343 RX_BYTE 90
2026-10-09 18:39:06,343 RX_BYTE D2
2026-10-09 18:39:06,343 RX_BYTE A6
2026-10-09 18:39:06,343 RX_BYTE 93
2026-10-09 18:39:06,343 RX_BYTE 94
2026-10-09 18:39:06,343 RX_BYTE B0
2026-10-09 18:39:06,343 RX_BYTE FB
2026-10-09 18:39:06,343 RX_BYTE 04
2026-10-09 18:39:06,343 RX_BYTE 00
2026-10-09 18:39:06,343 RX_BYTE 6D
2026-10-09 18:39:06,343 RX 8B F1 B1 61 01 90 D2 A6 93 94 B0 FB 04 00 6D
2026-10-09 18:39:06,343 RX_BYTE 8B
2026-10-09 18:39:06,343 RX_BYTE F1
2026-10-09 18:39:06,343 RX_BYTE B1
2026-10-09 18:39:06,343 RX_BYTE 61
2026-10-09 18:39:06,343 RX_BYTE 01
2026-10-09 18:39:06,343 RX_BYTE 90
2026-10-09 18:39:06,343 RX_BYTE D2
2026-10-09 18:39:06,343 RX_BYTE A6
2026-10-09 18:39:06,343 RX_BYTE 93
2026-10-09 18:39:06,343 RX_BYTE 94
2026-10-09 18:39:06,343 RX_BYTE B0
2026-10-09 18:39:06,343 RX_BYTE FB
2026-10-09 18:39:06,343 RX_BYTE 04
2026-10-09 18:39:06,343 RX_BYTE 00
2026-10-09 18:39:06,343 RX_BYTE 6D
2026-10-09 18:39:06,343 RX 8B F1 B1 61 01 90 D2 A6 93 94 B0 FB 04 00 6D
2026-10-09 18:39:06,343 RX_BYTE 8B
2026-10-09 18:39:06,343 RX_BYTE F1
2026-10-09 18:39:06,343 RX_BYTE B1
2026-10-09 18:39:06,343 RX_BYTE 61
2026-10-09 18:39:06,343 RX_BYTE 01
2026-10-09 18:39:06,343 RX_BYTE 90
2026-10-09 18:39:06,343 RX_BYTE D2
2026-10-09 18:39:06,344 RX_BYTE A6
2026-10-09 18:39:06,344 RX_BYTE 93
2026-10-09 18:39:06,344 RX_BYTE 94
2026-10-09 18:39:06,344 RX_BYTE B0
2026-10-09 18:39:06,344 RX_BYTE FB
2026-10-09 18:39:06,344 RX_BYTE 04
2026-10-09 18:39:06,344 RX_BYTE 00
2026-10-09 18:39:06,344 RX_BYTE 6D
2026-10-09 18:39:06,344 RX 8B F1 B1 61 01 90 D2 A6 93 94 B0 FB 04 00 6D
2026-10-09 18:39:06,344 RX_BYTE 8B
2026-10-09 18:39:06,344 RX_BYTE F1
2026-10-09 18:39:06,344 RX_BYTE B1
2026-10-09 18:39:06,344 RX_BYTE 61
2026-10-09 18:39:06,344 RX_BYTE 01
2026-10-09 18:39:06,344 RX_BYTE 90
2026-10-09 18:39:06,344 RX_BYTE D2
2026-10-09 18:39:06,344 RX_BYTE A6
2026-10-09 18:39:06,344 RX_BYTE 93
2026-10-09 18:39:06,344 RX_BYTE 94
2026-10-09 18:39:06,344 RX_BYTE B0
2026-10-09 18:39:06,344 RX_BYTE FB
2026-10-09 18:39:06,344 RX_BYTE 04
2026-10-09 18:39:06,344 RX_BYTE 00
2026-10-09 18:39:06,344 RX_BYTE 6D
2026-10-09 18:39:06,344 RX 8B F1 B1 61 01 90 D2 A6 93 94 B0 FB 04 00 6D
2026-10-09 18:39:06,344 RX_BYTE 8B
2026-10-09 18:39:06,344 RX_BYTE F1
2026-10-09 18:39:06,344 RX_BYTE B1
2026-10-09 18:39:06,344 RX_BYTE 61
2026-10-09 18:39:06,344 RX_BYTE 01
2026-10-09 18:39:06,344 RX_BYTE 90
2026-10-09 18:39:06,344 RX_BYTE D2
2026-10-09 18:39:06,344 RX_BYTE A6
2026-10-09 18:39:06,344 RX_BYTE 93
2026-10-09 18:39:06,344 RX_BYTE 94
2026-10-09 18:39:06,344 RX_BYTE B0
2026-10-09 18:39:06,344 RX_BYTE FB
2026-10-09 18:39:06,344 RX_BYTE 04
2026-10-09 18:39:06,344 RX_BYTE 00
2026-10-09 18:39:06,344 RX_BYTE 6D
2026-10-09 18:39:06,344 RX 8B F1 B1 61 01 90 D2 A6 93 94 B0 FB 04 00 6D
2026-10-09 18:39:06,344 RX_BYTE 8B
2026-10-09 18:39:06,344 RX_BYTE F1
2026-10-09 18:39:06,344 RX_BYTE B1
2026-10-09 18:39:06,344 RX_BYTE 61
2026-10-09 18:39:06,344 RX_BYTE 01
2026-10-09 18:39:06,344 RX_BYTE 90
2026-10-09 18:39:06,344 RX_BYTE D2
2026-10-09 18:39:06,344 RX_BYTE A6
2026-10-09 18:39:06,344 RX_BYTE 93
2026-10-09 18:39:06,344 RX_BYTE 94
2026-10-09 18:39:06,344 RX_BYTE B0
2026-10-09 18:39:06,344 RX_BYTE FB
2026-10-09 18:39:06,344 RX_BYTE 04
2026-10-09 18:39:06,344 RX_BYTE 00
2026-10-09 18:39:06,344 RX_BYTE 6D
2026-10-09 18:39:06,344 RX 8B F1 B1 61 01 90 D2 A6 93 94 B0 FB 04 00 6D
2026-10-09 18:39:06,344 RX_BYTE 8B
2026-10-09 18:39:06,344 RX_BYTE F1
2026-10-09 18:39:06,344 RX_BYTE B1
2026-10-09 18:39:06,344 RX_BYTE 61
2026-10-09 18:39:06,344 RX_BYTE 01
2026-10-09 18:39:06,344 RX_BYTE 90
2026-10-09 18:39:06,345 RX_BYTE D2
2026-10-09 18:39:06,345 RX_BYTE A6
2026-10-09 18:39:06,345 RX_BYTE 93
2026-10-09 18:39:06,345 RX_BYTE 94
2026-10-09 18:39:06,345 RX_BYTE B0
2026-10-09 18:39:06,345 RX_BYTE FB
2026-10-09 18:39:06,345 RX_BYTE 04
2026-10-09 18:39:06,345 RX_BYTE 00
2026-10-09 18:39:06,345 RX_BYTE 6D
2026-10-09 18:39:06,345 RX 8B F1 B1 61 01 90 D2 A6 93 94 B0 FB 04 00 6D
2026-10-09 18:39:06,345 RX_BYTE 8B
2026-10-09 18:39:06,345 RX_BYTE F1
2026-10-09 18:39:06,345 RX_BYTE B1
2026-10-09 18:39:06,345 RX_BYTE 61
2026-10-09 18:39:06,345 RX_BYTE 01
2026-10-09 18:39:06,345 RX_BYTE 90
2026-10-09 18:39:06,345 RX_BYTE D2
2026-10-09 18:39:06,345 RX_BYTE A6
2026-10-09 18:39:06,345 RX_BYTE 93
2026-10-09 18:39:06,345 RX_BYTE 94
2026-10-09 18:39:06,345 RX_BYTE B0
2026-10-09 18:39:06,345 RX_BYTE FB
2026-10-09 18:39:06,345 RX_BYTE 04
2026-10-09 18:39:06,345 RX_BYTE 00
2026-10-09 18:39:06,345 RX_BYTE 6D
2026-10-09 18:39:06,345 RX 8B F1 B1 61 01 90 D2 A6 93 94 B0 FB 04 00 6D
2026-10-09 18:39:06,345 RX_BYTE 8B
2026-10-09 18:39:06,345 RX_BYTE F1
2026-10-09 18:39:06,345 RX_BYTE B1
2026-10-09 18:39:06,345 RX_BYTE 61
2026-10-09 18:39:06,345 RX_BYTE 01
2026-10-09 18:39:06,345 RX_BYTE 90
2026-10-09 18:39:06,345 RX_BYTE D2
2026-10-09 18:39:06,345 RX_BYTE A6
2026-10-09 18:39:06,345 RX_BYTE 93
2026-10-09 18:39:06,345 RX_BYTE 94
2026-10-09 18:39:06,345 RX_BYTE B0
2026-10-09 18:39:06,345 RX_BYTE FB
2026-10-09 18:39:06,345 RX_BYTE 04
2026-10-09 18:39:06,345 RX_BYTE 00
2026-10-09 18:39:06,345 RX_BYTE 6D
2026-10-09 18:39:06,345 RX 8B F1 B1 61 01 90 D2 A6 93 94 B0 FB 04 00 6D
2026-10-09 18:39:06,345 RX_BYTE 8B
2026-10-09 18:39:06,345 RX_BYTE F1
2026-10-09 18:39:06,345 RX_BYTE B1
2026-10-09 18:39:06,345 RX_BYTE 61
2026-10-09 18:39:06,345 RX_BYTE 01
2026-10-09 18:39:06,345 RX_BYTE 90
2026-10-09 18:39:06,345 RX_BYTE D2
2026-10-09 18:39:06,345 RX_BYTE A6
2026-10-09 18:39:06,345 RX_BYTE 93
2026-10-09 18:39:06,345 RX_BYTE 94
2026-10-09 18:39:06,345 RX_BYTE B0
2026-10-09 18:39:06,345 RX_BYTE FB
2026-10-09 18:39:06,345 RX_BYTE 04
2026-10-09 18:39:06,345 RX_BYTE 00
2026-10-09 18:39:06,345 RX_BYTE 6D
2026-10-09 18:39:06,345 RX 8B F1 B1 61 01 90 D2 A6 93 94 B0 FB 04 00 6D
2026-10-09 18:39:06,345 RX_BYTE 8B
2026-10-09 18:39:06,345 RX_BYTE F1
2026-10-09 18:39:06,345 RX_BYTE B1
2026-10-09 18:39:06,345 RX_BYTE 61
2026-10-09 18:39:06,346 RX_BYTE 01
2026-10-09 18:39:06,346 RX_BYTE 90
2026-10-09 18:39:06,346 RX_BYTE D2
2026-10-09 18:39:06,346 RX_BYTE A6
2026-10-09 18:39:06,346 RX_BYTE 93
2026-10-09 18:39:06,346 RX_BYTE 94
2026-10-09 18:39:06,346 RX_BYTE B0
2026-10-09 18:39:06,346 RX_BYTE FB
2026-10-09 18:39:06,346 RX_BYTE 04
2026-10-09 18:39:06,346 RX_BYTE 00
2026-10-09 18:39:06,346 RX_BYTE 6D
2026-10-09 18:39:06,346 RX 8B F1 B1 61 01 90 D2 A6 93 94 B0 FB 04 00 6D
2026-10-09 18:39:06,346 RX_BYTE 8B
2026-10-09 18:39:06,346 RX_BYTE F1
2026-10-09 18:39:06,346 RX_BYTE B1
2026-10-09 18:39:06,346 RX_BYTE 61
2026-10-09 18:39:06,346 RX_BYTE 01
2026-10-09 18:39:06,346 RX_BYTE 90
2026-10-09 18:39:06,346 RX_BYTE D2
2026-10-09 18:39:06,346 RX_BYTE A6
2026-10-09 18:39:06,346 RX_BYTE 93
2026-10-09 18:39:06,346 RX_BYTE 94
2026-10-09 18:39:06,346 RX_BYTE B0
2026-10-09 18:39:06,346 RX_BYTE FB
2026-10-09 18:39:06,346 RX_BYTE 04
2026-10-09 18:39:06,346 RX_BYTE 00
2026-10-09 18:39:06,346 RX_BYTE 6D
2026-10-09 18:39:06,346 RX 8B F1 B1 61 01 90 D2 A6 93 94 B0 FB 04 00 6D
2026-10-09 18:39:06,346 RX_BYTE 8B
2026-10-09 18:39:06,346 RX_BYTE F1
2026-10-09 18:39:06,346 RX_BYTE B1
2026-10-09 18:39:06,346 RX_BYTE 61
2026-10-09 18:39:06,346 RX_BYTE 01
2026-10-09 18:39:06,346 RX_BYTE 90
2026-10-09 18:39:06,346 RX_BYTE D2
2026-10-09 18:39:06,346 RX_BYTE A6
2026-10-09 18:39:06,346 RX_BYTE 93
2026-10-09 18:39:06,346 RX_BYTE 94
2026-10-09 18:39:06,346 RX_BYTE B0
2026-10-09 18:39:06,346 RX_BYTE FB
2026-10-09 18:39:06,346 RX_BYTE 04
2026-10-09 18:39:06,346 RX_BYTE 00
2026-10-09 18:39:06,346 RX_BYTE 6D
2026-10-09 18:39:06,346 RX 8B F1 B1 61 01 90 D2 A6 93 94 B0 FB 04 00 6D
2026-10-09 18:39:06,346 RX_BYTE 8B
2026-10-09 18:39:06,346 RX_BYTE F1
2026-10-09 18:39:06,346 RX_BYTE B1
2026-10-09 18:39:06,346 RX_BYTE 61
2026-10-09 18:39:06,346 RX_BYTE 01
2026-10-09 18:39:06,346 RX_BYTE 90
2026-10-09 18:39:06,346 RX_BYTE D2
2026-10-09 18:39:06,346 RX_BYTE A6
2026-10-09 18:39:06,346 RX_BYTE 93
2026-10-09 18:39:06,346 RX_BYTE 94
2026-10-09 18:39:06,346 RX_BYTE B0
2026-10-09 18:39:06,346 RX_BYTE FB
2026-10-09 18:39:06,346 RX_BYTE 04
2026-10-09 18:39:06,346 RX_BYTE 00
2026-10-09 18:39:06,346 RX_BYTE 6D
2026-10-09 18:39:06,346 RX 8B F1 B1 61 01 90 D2 A6 93 94 B0 FB 04 00 6D
2026-10-09 18:39:06,346 RX_BYTE 8B
2026-10-09 18:39:06,346 RX_BYTE F1
2026-10-09 18:39:06,346 RX_BYTE B1
2026-10-09 18:39:06,347 RX_BYTE 61
2026-10-09 18:39:06,347 RX_BYTE 01
2026-10-09 18:39:06,347 RX_BYTE 90
2026-10-09 18:39:06,347 RX_BYTE D2
2026-10-09 18:39:06,347 RX_BYTE A6
2026-10-09 18:39:06,347 RX_BYTE 93
2026-10-09 18:39:06,347 RX_BYTE 94
2026-10-09 18:39:06,347 RX_BYTE B0
2026-10-09 18:39:06,347 RX_BYTE FB
2026-10-09 18:39:06,347 RX_BYTE 04
2026-10-09 18:39:06,347 RX_BYTE 00
2026-10-09 18:39:06,347 RX_BYTE 6D
2026-10-09 18:39:06,347 RX 8B F1 B1 61 01 90 D2 A6 93 94 B0 FB 04 00 6D
2026-10-09 18:39:06,347 RX_BYTE 8B
2026-10-09 18:39:06,347 RX_BYTE F1
2026-10-09 18:39:06,347 RX_BYTE B1
2026-10-09 18:39:06,347 RX_BYTE 61
2026-10-09 18:39:06,347 RX_BYTE 01
2026-10-09 18:39:06,347 RX_BYTE 90
2026-10-09 18:39:06,347 RX_BYTE D2
2026-10-09 18:39:06,347 RX_BYTE A6
2026-10-09 18:39:06,347 RX_BYTE 93
2026-10-09 18:39:06,347 RX_BYTE 94
2026-10-09 18:39:06,347 RX_BYTE B0
2026-10-09 18:39:06,347 RX_BYTE FB
2026-10-09 18:39:06,347 RX_BYTE 04
2026-10-09 18:39:06,347 RX_BYTE 00
2026-10-09 18:39:06,347 RX_BYTE 6D
2026-10-09 18:39:06,347 RX 8B F1 B1 61 01 90 D2 A6 93 94 B0 FB 04 00 6D
2026-10-09 18:39:06,347 RX_BYTE 8B
2026-10-09 18:39:06,347 RX_BYTE F1
2026-10-09 18:39:06,347 RX_BYTE B1
2026-10-09 18:39:06,347 RX_BYTE 61
2026-10-09 18:39:06,347 RX_BYTE 01
2026-10-09 18:39:06,347 RX_BYTE 90
2026-10-09 18:39:06,347 RX_BYTE D2
2026-10-09 18:39:06,347 RX_BYTE A6
2026-10-09 18:39:06,347 RX_BYTE 93
2026-10-09 18:39:06,347 RX_BYTE 94
2026-10-09 18:39:06,347 RX_BYTE B0
2026-10-09 18:39:06,347 RX_BYTE FB
2026-10-09 18:39:06,347 RX_BYTE 04
2026-10-09 18:39:06,347 RX_BYTE 00
2026-10-09 18:39:06,347 RX_BYTE 6D
2026-10-09 18:39:06,347 RX 8B F1 B1 61 01 90 D2 A6 93 94 B0 FB 04 00 6D
2026-10-09 18:39:06,347 RX_BYTE 8B
2026-10-09 18:39:06,347 RX_BYTE F1
2026-10-09 18:39:06,347 RX_BYTE B1
2026-10-09 18:39:06,347 RX_BYTE 61
2026-10-09 18:39:06,347 RX_BYTE 01
2026-10-09 18:39:06,347 RX_BYTE 90
2026-10-09 18:39:06,347 RX_BYTE D2
2026-10-09 18:39:06,347 RX_BYTE A6
2026-10-09 18:39:06,347 RX_BYTE 93
2026-10-09 18:39:06,347 RX_BYTE 94
2026-10-09 18:39:06,347 RX_BYTE B0
2026-10-09 18:39:06,347 RX_BYTE FB
2026-10-09 18:39:06,347 RX_BYTE 04
2026-10-09 18:39:06,347 RX_BYTE 00
2026-10-09 18:39:06,347 RX_BYTE 6D
2026-10-09 18:39:06,347 RX 8B F1 B1 61 01 90 D2 A6 93 94 B0 FB 04 00 6D
2026-10-09 18:39:06,347 RX_BYTE 8B
2026-10-09 18:39:06,348 RX_BYTE F1
2026-10-09 18:39:06,348 RX_BYTE B1
2026-10-09 18:39:06,348 RX_BYTE 61
2026-10-09 18:39:06,348 RX_BYTE 01
2026-10-09 18:39:06,348 RX_BYTE 90
2026-10-09 18:39:06,348 RX_BYTE D2
2026-10-09 18:39:06,348 RX_BYTE A6
2026-10-09 18:39:06,348 RX_BYTE 93
2026-10-09 18:39:06,348 RX_BYTE 94
2026-10-09 18:39:06,348 RX_BYTE B0
2026-10-09 18:39:06,348 RX_BYTE FB
2026-10-09 18:39:06,348 RX_BYTE 04
2026-10-09 18:39:06,348 RX_BYTE 00
2026-10-09 18:39:06,348 RX_BYTE 6D
2026-10-09 18:39:06,348 RX 8B F1 B1 61 01 90 D2 A6 93 94 B0 FB 04 00 6D
2026-10-09 18:39:06,348 RX_BYTE 8B
2026-10-09 18:39:06,348 RX_BYTE F1
2026-10-09 18:39:06,348 RX_BYTE B1
2026-10-09 18:39:06,348 RX_BYTE 61
2026-10-09 18:39:06,348 RX_BYTE 01
2026-10-09 18:39:06,348 RX_BYTE 90
2026-10-09 18:39:06,348 RX_BYTE D2
2026-10-09 18:39:06,348 RX_BYTE A6
2026-10-09 18:39:06,348 RX_BYTE 93
2026-10-09 18:39:06,348 RX_BYTE 94
2026-10-09 18:39:06,348 RX_BYTE B0
2026-10-09 18:39:06,348 RX_BYTE FB
2026-10-09 18:39:06,348 RX_BYTE 04
2026-10-09 18:39:06,348 RX_BYTE 00
2026-10-09 18:39:06,348 RX_BYTE 6D
2026-10-09 18:39:06,348 RX 8B F1 B1 61 01 90 D2 A6 93 94 B0 FB 04 00 6D
2026-10-09 18:39:06,348 RX_BYTE 8B
2026-10-09 18:39:06,348 RX_BYTE F1
2026-10-09 18:39:06,348 RX_BYTE B1
2026-10-09 18:39:06,348 RX_BYTE 61
2026-10-09 18:39:06,348 RX_BYTE 01
2026-10-09 18:39:06,348 RX_BYTE 90
2026-10-09 18:39:06,348 RX_BYTE D2
2026-10-09 18:39:06,348 RX_BYTE A6
2026-10-09 18:39:06,348 RX_BYTE 93
2026-10-09 18:39:06,348 RX_BYTE 94
2026-10-09 18:39:06,348 RX_BYTE B0
2026-10-09 18:39:06,348 RX_BYTE FB
2026-10-09 18:39:06,348 RX_BYTE 04
2026-10-09 18:39:06,348 RX_BYTE 00
2026-10-09 18:39:06,348 RX_BYTE 6D
2026-10-09 18:39:06,348 RX 8B F1 B1 61 01 90 D2 A6 93 94 B0 FB 04 00 6D
2026-10-09 18:39:06,348 RX_BYTE 8B
2026-10-09 18:39:06,348 RX_BYTE F1
2026-10-09 18:39:06,348 RX_BYTE B1
2026-10-09 18:39:06,348 RX_BYTE 61
2026-10-09 18:39:06,348 RX_BYTE 01
2026-10-09 18:39:06,348 RX_BYTE 90
2026-10-09 18:39:06,348 RX_BYTE D2
2026-10-09 18:39:06,348 RX_BYTE A6
2026-10-09 18:39:06,348 RX_BYTE 93
2026-10-09 18:39:06,348 RX_BYTE 94
2026-10-09 18:39:06,348 RX_BYTE B0
2026-10-09 18:39:06,348 RX_BYTE FB
2026-10-09 18:39:06,348 RX_BYTE 04
2026-10-09 18:39:06,348 RX_BYTE 00
2026-10-09 18:39:06,348 RX_BYTE 6D
2026-10-09 18:39:06,348 RX 8B F1 B1 61 01 90 D2 A6 93 94 B0 FB 04 00 6D
2026-10-09 18:39:06,349 RX_BYTE 8B
2026-10-09 18:39:06,349 RX_BYTE F1
2026-10-09 18:39:06,349 RX_BYTE B1
2026-10-09 18:39:06,349 RX_BYTE 61
2026-10-09 18:39:06,349 RX_BYTE 01
2026-10-09 18:39:06,349 RX_BYTE 90
2026-10-09 18:39:06,349 RX_BYTE D2
2026-10-09 18:39:06,349 RX_BYTE A6
2026-10-09 18:39:06,349 RX_BYTE 93
2026-10-09 18:39:06,349 RX_BYTE 94
2026-10-09 18:39:06,349 RX_BYTE B0
2026-10-09 18:39:06,349 RX_BYTE FB
2026-10-09 18:39:06,349 RX_BYTE 04
2026-10-09 18:39:06,349 RX_BYTE 00
2026-10-09 18:39:06,349 RX_BYTE 6D
2026-10-09 18:39:06,349 RX 8B F1 B1 61 01 90 D2 A6 93 94 B0 FB 04 00 6D
2026-10-09 18:39:06,349 RX_BYTE 8B
2026-10-09 18:39:06,349 RX_BYTE F1
2026-10-09 18:39:06,349 RX_BYTE B1
2026-10-09 18:39:06,349 RX_BYTE 61
2026-10-09 18:39:06,349 RX_BYTE 01
2026-10-09 18:39:06,349 RX_BYTE 90
2026-10-09 18:39:06,349 RX_BYTE D2
2026-10-09 18:39:06,349 RX_BYTE A6
2026-10-09 18:39:06,349 RX_BYTE 93
2026-10-09 18:39:06,349 RX_BYTE 94
2026-10-09 18:39:06,349 RX_BYTE B0
2026-10-09 18:39:06,349 RX_BYTE FB
2026-10-09 18:39:06,349 RX_BYTE 04
2026-10-09 18:39:06,349 RX_BYTE 00
2026-10-09 18:39:06,349 RX_BYTE 6D
2026-10-09 18:39:06,349 RX 8B F1 B1 61 01 90 D2 A6 93 94 B0 FB 04 00 6D
2026-10-09 18:39:06,349 RX_BYTE 8B
2026-10-09 18:39:06,349 RX_BYTE F1
2026-10-09 18:39:06,349 RX_BYTE B1
2026-10-09 18:39:06,349 RX_BYTE 61
2026-10-09 18:39:06,349 RX_BYTE 01
2026-10-09 18:39:06,349 RX_BYTE 90
2026-10-09 18:39:06,349 RX_BYTE D2
2026-10-09 18:39:06,349 RX_BYTE A6
2026-10-09 18:39:06,349 RX_BYTE 93
2026-10-09 18:39:06,349 RX_BYTE 94
2026-10-09 18:39:06,349 RX_BYTE B0
2026-10-09 18:39:06,349 RX_BYTE FB
2026-10-09 18:39:06,349 RX_BYTE 04
2026-10-09 18:39:06,349 RX_BYTE 00
2026-10-09 18:39:06,349 RX_BYTE 6D
2026-10-09 18:39:06,349 RX 8B F1 B1 61 01 90 D2 A6 93 94 B0 FB 04 00 6D
2026-10-09 18:39:06,349 RX_BYTE 8B
2026-10-09 18:39:06,349 RX_BYTE F1
2026-10-09 18:39:06,349 RX_BYTE B1
2026-10-09 18:39:06,349 RX_BYTE 61
2026-10-09 18:39:06,349 RX_BYTE 01
2026-10-09 18:39:06,349 RX_BYTE 90
2026-10-09 18:39:06,349 RX_BYTE D2
2026-10-09 18:39:06,349 RX_BYTE A6
2026-10-09 18:39:06,349 RX_BYTE 93
2026-10-09 18:39:06,349 RX_BYTE 94
2026-10-09 18:39:06,349 RX_BYTE B0
2026-10-09 18:39:06,349 RX_BYTE FB
2026-10-09 18:39:06,349 RX_BYTE 04
2026-10-09 18:39:06,350 RX_BYTE 00
2026-10-09 18:39:06,350 RX_BYTE 6D
2026-10-09 18:39:06,350 RX 8B F1 B1 61 01 90 D2 A6 93 94 B0 FB 04 00 6D
2026-10-09 18:39:06,350 RX_BYTE 8B
2026-10-09 18:39:06,350 RX_BYTE F1
2026-10-09 18:39:06,350 RX_BYTE B1
2026-10-09 18:39:06,350 RX_BYTE 61
2026-10-09 18:39:06,350 RX_BYTE 01
2026-10-09 18:39:06,350 RX_BYTE 90
2026-10-09 18:39:06,350 RX_BYTE D2
2026-10-09 18:39:06,350 RX_BYTE A6
2026-10-09 18:39:06,350 RX_BYTE 93
2026-10-09 18:39:06,350 RX_BYTE 94
2026-10-09 18:39:06,350 RX_BYTE B0
2026-10-09 18:39:06,350 RX_BYTE FB
2026-10-09 18:39:06,350 RX_BYTE 04
2026-10-09 18:39:06,350 RX_BYTE 00
2026-10-09 18:39:06,350 RX_BYTE 6D
2026-10-09 18:39:06,350 RX 8B F1 B1 61 01 90 D2 A6 93 94 B0 FB 04 00 6D
2026-10-09 18:39:06,350 RX_BYTE 8B
2026-10-09 18:39:06,350 RX_BYTE F1
2026-10-09 18:39:06,350 RX_BYTE B1
2026-10-09 18:39:06,350 RX_BYTE 61
2026-10-09 18:39:06,350 RX_BYTE 01
2026-10-09 18:39:06,350 RX_BYTE 90
2026-10-09 18:39:06,350 RX_BYTE D2
2026-10-09 18:39:06,350 RX_BYTE A6
2026-10-09 18:39:06,350 RX_BYTE 93
2026-10-09 18:39:06,350 RX_BYTE 94
2026-10-09 18:39:06,350 RX_BYTE B0
2026-10-09 18:39:06,350 RX_BYTE FB
2026-10-09 18:39:06,350 RX_BYTE 04
2026-10-09 18:39:06,350 RX_BYTE 00
2026-10-09 18:39:06,350 RX_BYTE 6D
2026-10-09 18:39:06,350 RX 8B F1 B1 61 01 90 D2 A6 93 94 B0 FB 04 00 6D
2026-10-09 18:39:06,350 RX_BYTE 8B
2026-10-09 18:39:06,350 RX_BYTE F1
2026-10-09 18:39:06,350 RX_BYTE B1
2026-10-09 18:39:06,350 RX_BYTE 61
2026-10-09 18:39:06,350 RX_BYTE 01
2026-10-09 18:39:06,350 RX_BYTE 90
2026-10-09 18:39:06,350 RX_BYTE D2
2026-10-09 18:39:06,350 RX_BYTE A6
2026-10-09 18:39:06,350 RX_BYTE 93
2026-10-09 18:39:06,350 RX_BYTE 94
2026-10-09 18:39:06,350 RX_BYTE B0
2026-10-09 18:39:06,350 RX_BYTE FB
2026-10-09 18:39:06,350 RX_BYTE 04
2026-10-09 18:39:06,350 RX_BYTE 00
2026-10-09 18:39:06,350 RX_BYTE 6D
2026-10-09 18:39:06,350 RX 8B F1 B1 61 01 90 D2 A6 93 94 B0 FB 04 00 6D
2026-10-09 18:39:06,350 RX_BYTE 8B
2026-10-09 18:39:06,350 RX_BYTE F1
2026-10-09 18:39:06,350 RX_BYTE B1
2026-10-09 18:39:06,350 RX_BYTE 61
2026-10-09 18:39:06,350 RX_BYTE 01
2026-10-09 18:39:06,350 RX_BYTE 90
2026-10-09 18:39:06,350 RX_BYTE D2
2026-10-09 18:39:06,350 RX_BYTE A6
2026-10-09 18:39:06,350 RX_BYTE 93
2026-10-09 18:39:06,350 RX_BYTE 94
2026-10-09 18:39:06,351 RX_BYTE B0
2026-10-09 18:39:06,351 RX_BYTE FB
2026-10-09 18:39:06,351 RX_BYTE 04
2026-10-09 18:39:06,351 RX_BYTE 00
2026-10-09 18:39:06,351 RX_BYTE 6D
2026-10-09 18:39:06,351 RX 8B F1 B1 61 01 90 D2 A6 93 94 B0 FB 04 00 6D
2026-10-09 18:39:06,351 RX_BYTE 8B
2026-10-09 18:39:06,351 RX_BYTE F1
2026-10-09 18:39:06,351 RX_BYTE B1
2026-10-09 18:39:06,351 RX_BYTE 61
2026-10-09 18:39:06,351 RX_BYTE 01
2026-10-09 18:39:06,351 RX_BYTE 90
2026-10-09 18:39:06,351 RX_BYTE D2
2026-10-09 18:39:06,351 RX_BYTE A6
2026-10-09 18:39:06,351 RX_BYTE 93
2026-10-09 18:39:06,351 RX_BYTE 94
2026-10-09 18:39:06,351 RX_BYTE B0
2026-10-09 18:39:06,351 RX_BYTE FB
2026-10-09 18:39:06,351 RX_BYTE 04
2026-10-09 18:39:06,351 RX_BYTE 00
2026-10-09 18:39:06,351 RX_BYTE 6D
2026-10-09 18:39:06,351 RX 8B F1 B1 61 01 90 D2 A6 93 94 B0 FB 04 00 6D
2026-10-09 18:39:06,351 RX_BYTE 8B
2026-10-09 18:39:06,351 RX_BYTE F1
2026-10-09 18:39:06,351 RX_BYTE B1
2026-10-09 18:39:06,351 RX_BYTE 61
2026-10-09 18:39:06,351 RX_BYTE 01
2026-10-09 18:39:06,351 RX_BYTE 90
2026-10-09 18:39:06,351 RX_BYTE D2
2026-10-09 18:39:06,351 RX_BYTE A6
2026-10-09 18:39:06,351 RX_BYTE 93
2026-10-09 18:39:06,351 RX_BYTE 94
2026-10-09 18:39:06,351 RX_BYTE B0
2026-10-09 18:39:06,351 RX_BYTE FB
2026-10-09 18:39:06,351 RX_BYTE 04
2026-10-09 18:39:06,351 RX_BYTE 00
2026-10-09 18:39:06,351 RX_BYTE 6D
2026-10-09 18:39:06,351 RX 8B F1 B1 61 01 90 D2 A6 93 94 B0 FB 04 00 6D
2026-10-09 18:39:06,351 RX_BYTE 8B
2026-10-09 18:39:06,351 RX_BYTE F1
2026-10-09 18:39:06,351 RX_BYTE B1
2026-10-09 18:39:06,351 RX_BYTE 61
2026-10-09 18:39:06,351 RX_BYTE 01
2026-10-09 18:39:06,351 RX_BYTE 90
2026-10-09 18:39:06,351 RX_BYTE D2
2026-10-09 18:39:06,351 RX_BYTE A6
2026-10-09 18:39:06,351 RX_BYTE 93
2026-10-09 18:39:06,351 RX_BYTE 94
2026-10-09 18:39:06,351 RX_BYTE B0
2026-10-09 18:39:06,351 RX_BYTE FB
2026-10-09 18:39:06,351 RX_BYTE 04
2026-10-09 18:39:06,351 RX_BYTE 00
2026-10-09 18:39:06,351 RX_BYTE 6D
2026-10-09 18:39:06,351 RX 8B F1 B1 61 01 90 D2 A6 93 94 B0 FB 04 00 6D
2026-10-09 18:39:06,351 RX_BYTE 8B
2026-10-09 18:39:06,351 RX_BYTE F1
2026-10-09 18:39:06,351 RX_BYTE B1
2026-10-09 18:39:06,351 RX_BYTE 61
2026-10-09 18:39:06,351 RX_BYTE 01
2026-10-09 18:39:06,351 RX_BYTE 90
2026-10-09 18:39:06,351 RX_BYTE D2
2026-10-09 18:39:06,352 RX_BYTE A6
2026-10-09 18:39:06,352 RX_BYTE 93
2026-10-09 18:39:06,352 RX_BYTE 94
2026-10-09 18:39:06,352 RX_BYTE B0
2026-10-09 18:39:06,352 RX_BYTE FB
2026-10-09 18:39:06,352 RX_BYTE 04
2026-10-09 18:39:06,352 RX_BYTE 00
2026-10-09 18:39:06,352 RX_BYTE 6D
2026-10-09 18:39:06,352 RX 8B F1 B1 61 01 90 D2 A6 93 94 B0 FB 04 00 6D
2026-10-09 18:39:06,352 RX_BYTE 8B
2026-10-09 18:39:06,352 RX_BYTE F1
2026-10-09 18:39:06,352 RX_BYTE B1
2026-10-09 18:39:06,352 RX_BYTE 61
2026-10-09 18:39:06,352 RX_BYTE 01
2026-10-09 18:39:06,352 RX_BYTE 90
2026-10-09 18:39:06,352 RX_BYTE D2
2026-10-09 18:39:06,352 RX_BYTE A6
2026-10-09 18:39:06,352 RX_BYTE 93
2026-10-09 18:39:06,352 RX_BYTE 94
2026-10-09 18:39:06,352 RX_BYTE B0
2026-10-09 18:39:06,352 RX_BYTE FB
2026-10-09 18:39:06,352 RX_BYTE 04
2026-10-09 18:39:06,352 RX_BYTE 00
2026-10-09 18:39:06,352 RX_BYTE 6D
2026-10-09 18:39:06,352 RX 8B F1 B1 61 01 90 D2 A6 93 94 B0 FB 04 00 6D
2026-10-09 18:39:06,352 RX_BYTE 8B
2026-10-09 18:39:06,352 RX_BYTE F1
2026-10-09 18:39:06,352 RX_BYTE B1
2026-10-09 18:39:06,352 RX_BYTE 61
2026-10-09 18:39:06,352 RX_BYTE 01
2026-10-09 18:39:06,352 RX_BYTE 90
2026-10-09 18:39:06,352 RX_BYTE D2
2026-10-09 18:39:06,352 RX_BYTE A6
2026-10-09 18:39:06,352 RX_BYTE 93
2026-10-09 18:39:06,352 RX_BYTE 94
2026-10-09 18:39:06,352 RX_BYTE B0
2026-10-09 18:39:06,352 RX_BYTE FB
2026-10-09 18:39:06,352 RX_BYTE 04
2026-10-09 18:39:06,352 RX_BYTE 00
2026-10-09 18:39:06,352 RX_BYTE 6D
2026-10-09 18:39:06,352 RX 8B F1 B1 61 01 90 D2 A6 93 94 B0 FB 04 00 6D
2026-10-09 18:39:06,352 RX_BYTE 8B
2026-10-09 18:39:06,352 RX_BYTE F1
2026-10-09 18:39:06,352 RX_BYTE B1
2026-10-09 18:39:06,352 RX_BYTE 61
2026-10-09 18:39:06,352 RX_BYTE 01
2026-10-09 18:39:06,352 RX_BYTE 90
2026-10-09 18:39:06,352 RX_BYTE D2
2026-10-09 18:39:06,352 RX_BYTE A6
2026-10-09 18:39:06,352 RX_BYTE 93
2026-10-09 18:39:06,352 RX_BYTE 94
2026-10-09 18:39:06,352 RX_BYTE B0
2026-10-09 18:39:06,352 RX_BYTE FB
2026-10-09 18:39:06,352 RX_BYTE 04
2026-10-09 18:39:06,352 RX_BYTE 00
2026-10-09 18:39:06,352 RX_BYTE 6D
2026-10-09 18:39:06,352 RX 8B F1 B1 61 01 90 D2 A6 93 94 B0 FB 04 00 6D
2026-10-09 18:39:06,352 RX_BYTE 8B
2026-10-09 18:39:06,352 RX_BYTE F1
2026-10-09 18:39:06,352 RX_BYTE B1
2026-10-09 18:39:06,352 RX_BYTE 61
2026-10-09 18:39:06,352 RX_BYTE 01
2026-10-09 18:39:06,353 RX_BYTE 90
2026-10-09 18:39:06,353 RX_BYTE D2
2026-10-09 18:39:06,353 RX_BYTE A6
2026-10-09 18:39:06,353 RX_BYTE 93
2026-10-09 18:39:06,353 RX_BYTE 94
2026-10-09 18:39:06,353 RX_BYTE B0
2026-10-09 18:39:06,353 RX_BYTE FB
2026-10-09 18:39:06,353 RX_BYTE 04
2026-10-09 18:39:06,353 RX_BYTE 00
2026-10-09 18:39:06,353 RX_BYTE 6D
2026-10-09 18:39:06,353 RX 8B F1 B1 61 01 90 D2 A6 93 94 B0 FB 04 00 6D
2026-10-09 18:39:06,353 RX_BYTE 8B
2026-10-09 18:39:06,353 RX_BYTE F1
2026-10-09 18:39:06,353 RX_BYTE B1
2026-10-09 18:39:06,353 RX_BYTE 61
2026-10-09 18:39:06,353 RX_BYTE 01
2026-10-09 18:39:06,353 RX_BYTE 90
2026-10-09 18:39:06,353 RX_BYTE D2
2026-10-09 18:39:06,353 RX_BYTE A6
2026-10-09 18:39:06,353 RX_BYTE 93
2026-10-09 18:39:06,353 RX_BYTE 94
2026-10-09 18:39:06,353 RX_BYTE B0
2026-10-09 18:39:06,353 RX_BYTE FB
2026-10-09 18:39:06,353 RX_BYTE 04
2026-10-09 18:39:06,353 RX_BYTE 00
2026-10-09 18:39:06,353 RX_BYTE 6D
2026-10-09 18:39:06,353 RX 8B F1 B1 61 01 90 D2 A6 93 94 B0 FB 04 00 6D
2026-10-09 18:39:06,353 RX_BYTE 8B
2026-10-09 18:39:06,353 RX_BYTE F1
2026-10-09 18:39:06,353 RX_BYTE B1
2026-10-09 18:39:06,353 RX_BYTE 61
2026-10-09 18:39:06,353 RX_BYTE 01
2026-10-09 18:39:06,353 RX_BYTE 90
2026-10-09 18:39:06,353 RX_BYTE D2
2026-10-09 18:39:06,353 RX_BYTE A6
2026-10-09 18:39:06,353 RX_BYTE 93
2026-10-09 18:39:06,353 RX_BYTE 94
2026-10-09 18:39:06,353 RX_BYTE B0
2026-10-09 18:39:06,353 RX_BYTE FB
2026-10-09 18:39:06,353 RX_BYTE 04
2026-10-09 18:39:06,353 RX_BYTE 00
2026-10-09 18:39:06,353 RX_BYTE 6D
2026-10-09 18:39:06,353 RX 8B F1 B1 61 01 90 D2 A6 93 94 B0 FB 04 00 6D
2026-10-09 18:39:06,353 RX_BYTE 8B
2026-10-09 18:39:06,353 RX_BYTE F1
2026-10-09 18:39:06,353 RX_BYTE B1
2026-10-09 18:39:06,353 RX_BYTE 61
2026-10-09 18:39:06,353 RX_BYTE 01
2026-10-09 18:39:06,353 RX_BYTE 90
2026-10-09 18:39:06,353 RX_BYTE D2
2026-10-09 18:39:06,353 RX_BYTE A6
2026-10-09 18:39:06,353 RX_BYTE 93
2026-10-09 18:39:06,353 RX_BYTE 94
2026-10-09 18:39:06,353 RX_BYTE B0
2026-10-09 18:39:06,353 RX_BYTE FB
2026-10-09 18:39:06,353 RX_BYTE 04
2026-10-09 18:39:06,353 RX_BYTE 00
2026-10-09 18:39:06,353 RX_BYTE 6D
2026-10-09 18:39:06,353 RX 8B F1 B1 61 01 90 D2 A6 93 94 B0 FB 04 00 6D
2026-10-09 18:39:06,354 RX_BYTE 8B
2026-10-09 18:39:06,354 RX_BYTE F1
2026-10-09 18:39:06,354 RX_BYTE B1
2026-10-09 18:39:06,354 RX_BYTE 61
2026-10-09 18:39:06,354 RX_BYTE 01
2026-10-09 18:39:06,354 RX_BYTE 90
2026-10-09 18:39:06,354 RX_BYTE D2
2026-10-09 18:39:06,354 RX_BYTE A6
2026-10-09 18:39:06,354 RX_BYTE 93
2026-10-09 18:39:06,354 RX_BYTE 94
2026-10-09 18:39:06,354 RX_BYTE B0
2026-10-09 18:39:06,354 RX_BYTE FB
2026-10-09 18:39:06,354 RX_BYTE 04
2026-10-09 18:39:06,354 RX_BYTE 00
2026-10-09 18:39:06,354 RX_BYTE 6D
2026-10-09 18:39:06,354 RX 8B F1 B1 61 01 90 D2 A6 93 94 B0 FB 04 00 6D
2026-10-09 18:39:06,354 RX_BYTE 8B
2026-10-09 18:39:06,354 RX_BYTE F1
2026-10-09 18:39:06,354 RX_BYTE B1
2026-10-09 18:39:06,354 RX_BYTE 61
2026-10-09 18:39:06,354 RX_BYTE 01
2026-10-09 18:39:06,354 RX_BYTE 90
2026-10-09 18:39:06,354 RX_BYTE D2
2026-10-09 18:39:06,354 RX_BYTE A6
2026-10-09 18:39:06,354 RX_BYTE 93
2026-10-09 18:39:06,354 RX_BYTE 94
2026-10-09 18:39:06,354 RX_BYTE B0
2026-10-09 18:39:06,354 RX_BYTE FB
2026-10-09 18:39:06,354 RX_BYTE 04
2026-10-09 18:39:06,354 RX_BYTE 00
2026-10-09 18:39:06,354 RX_BYTE 6D
2026-10-09 18:39:06,354 RX 8B F1 B1 61 01 90 D2 A6 93 94 B0 FB 04 00 6D
2026-10-09 18:39:06,354 RX_BYTE 8B
2026-10-09 18:39:06,354 RX_BYTE F1
2026-10-09 18:39:06,354 RX_BYTE B1
2026-10-09 18:39:06,354 RX_BYTE 61
2026-10-09 18:39:06,354 RX_BYTE 01
2026-10-09 18:39:06,354 RX_BYTE 90
2026-10-09 18:39:06,354 RX_BYTE D2
2026-10-09 18:39:06,354 RX_BYTE A6
2026-10-09 18:39:06,354 RX_BYTE 93
2026-10-09 18:39:06,354 RX_BYTE 94
2026-10-09 18:39:06,354 RX_BYTE B0
2026-10-09 18:39:06,354 RX_BYTE FB
2026-10-09 18:39:06,354 RX_BYTE 04
2026-10-09 18:39:06,354 RX_BYTE 00
2026-10-09 18:39:06,354 RX_BYTE 6D
2026-10-09 18:39:06,354 RX 8B F1 B1 61 01 90 D2 A6 93 94 B0 FB 04 00 6D
2026-10-09 18:39:06,354 RX_BYTE 8B
2026-10-09 18:39:06,354 RX_BYTE F1
2026-10-09 18:39:06,354 RX_BYTE B1
2026-10-09 18:39:06,354 RX_BYTE 61
2026-10-09 18:39:06,354 RX_BYTE 01
2026-10-09 18:39:06,354 RX_BYTE 90
2026-10-09 18:39:06,354 RX_BYTE D2
2026-10-09 18:39:06,354 RX_BYTE A6
2026-10-09 18:39:06,354 RX_BYTE 93
2026-10-09 18:39:06,354 RX_BYTE 94
2026-10-09 18:39:06,354 RX_BYTE B0
2026-10-09 18:39:06,354 RX_BYTE FB
2026-10-09 18:39:06,354 RX_BYTE 04
2026-10-09 18:39:06,354 RX_BYTE 00
2026-10-09 18:39:06,355 RX_BYTE 6D
2026-10-09 18:39:06,355 RX 8B F1 B1 61 01 90 D2 A6 93 94 B0 FB 04 00 6D
2026-10-09 18:39:06,355 RX_BYTE 8B
2026-10-09 18:39:06,355 RX_BYTE F1
2026-10-09 18:39:06,355 RX_BYTE B1
2026-10-09 18:39:06,355 RX_BYTE 61
2026-10-09 18:39:06,355 RX_BYTE 01
2026-10-09 18:39:06,355 RX_BYTE 90
2026-10-09 18:39:06,355 RX_BYTE D2
2026-10-09 18:39:06,355 RX_BYTE A6
2026-10-09 18:39:06,355 RX_BYTE 93
2026-10-09 18:39:06,355 RX_BYTE 94
2026-10-09 18:39:06,355 RX_BYTE B0
2026-10-09 18:39:06,355 RX_BYTE FB
2026-10-09 18:39:06,355 RX_BYTE 04
2026-10-09 18:39:06,355 RX_BYTE 00
2026-10-09 18:39:06,355 RX_BYTE 6D
2026-10-09 18:39:06,355 RX 8B F1 B1 61 01 90 D2 A6 93 94 B0 FB 04 00 6D
2026-10-09 18:39:06,355 RX_BYTE 8B
2026-10-09 18:39:06,355 RX_BYTE F1
2026-10-09 18:39:06,355 RX_BYTE B1
2026-10-09 18:39:06,355 RX_BYTE 61
2026-10-09 18:39:06,355 RX_BYTE 01
2026-10-09 18:39:06,355 RX_BYTE 90
2026-10-09 18:39:06,355 RX_BYTE D2
2026-10-09 18:39:06,355 RX_BYTE A6
2026-10-09 18:39:06,355 RX_BYTE 93
2026-10-09 18:39:06,355 RX_BYTE 94
2026-10-09 18:39:06,355 RX_BYTE B0
2026-10-09 18:39:06,355 RX_BYTE FB
2026-10-09 18:39:06,355 RX_BYTE 04
2026-10-09 18:39:06,355 RX_BYTE 00
2026-10-09 18:39:06,355 RX_BYTE 6D
2026-10-09 18:39:06,355 RX 8B F1 B1 61 01 90 D2 A6 93 94 B0 FB 04 00 6D
2026-10-09 18:39:06,355 RX_BYTE 8B
2026-10-09 18:39:06,355 RX_BYTE F1
2026-10-09 18:39:06,355 RX_BYTE B1
2026-10-09 18:39:06,355 RX_BYTE 61
2026-10-09 18:39:06,355 RX_BYTE 01
2026-10-09 18:39:06,355 RX_BYTE 90
2026-10-09 18:39:06,355 RX_BYTE D2
2026-10-09 18:39:06,355 RX_BYTE A6
2026-10-09 18:39:06,356 RX_BYTE 93
2026-10-09 18:39:06,356 RX_BYTE 94
2026-10-09 18:39:06,356 RX_BYTE B0
2026-10-09 18:39:06,356 RX_BYTE FB
2026-10-09 18:39:06,356 RX_BYTE 04
2026-10-09 18:39:06,356 RX_BYTE 00
2026-10-09 18:39:06,356 RX_BYTE 6D
2026-10-09 18:39:06,356 RX 8B F1 B1 61 01 90 D2 A6 93 94 B0 FB 04 00 6D
2026-10-09 18:39:06,356 RX_BYTE 8B
2026-10-09 18:39:06,356 RX_BYTE F1
2026-10-09 18:39:06,356 RX_BYTE B1
2026-10-09 18:39:06,356 RX_BYTE 61
2026-10-09 18:39:06,356 RX_BYTE 01
2026-10-09 18:39:06,356 RX_BYTE 90
2026-10-09 18:39:06,356 RX_BYTE D2
2026-10-09 18:39:06,356 RX_BYTE A6
2026-10-09 18:39:06,356 RX_BYTE 93
2026-10-09 18:39:06,356 RX_BYTE 94
2026-10-09 18:39:06,356 RX_BYTE B0
2026-10-09 18:39:06,356 RX_BYTE FB
2026-10-09 18:39:06,356 RX_BYTE 04
2026-10-09 18:39:06,356 RX_BYTE 00
2026-10-09 18:39:06,356 RX_BYTE 6D
2026-10-09 18:39:06,356 RX 8B F1 B1 61 01 90 D2 A6 93 94 B0 FB 04 00 6D
2026-10-09 18:39:06,356 RX_BYTE 8B
2026-10-09 18:39:06,356 RX_BYTE F1
2026-10-09 18:39:06,356 RX_BYTE B1
2026-10-09 18:39:06,356 RX_BYTE 61
2026-10-09 18:39:06,356 RX_BYTE 01
2026-10-09 18:39:06,356 RX_BYTE 90
2026-10-09 18:39:06,356 RX_BYTE D2
2026-10-09 18:39:06,356 RX_BYTE A6
2026-10-09 18:39:06,356 RX_BYTE 93
2026-10-09 18:39:06,356 RX_BYTE 94
2026-10-09 18:39:06,356 RX_BYTE B0
2026-10-09 18:39:06,356 RX_BYTE FB
2026-10-09 18:39:06,356 RX_BYTE 04
2026-10-09 18:39:06,356 RX_BYTE 00
2026-10-09 18:39:06,356 RX_BYTE 6D
2026-10-09 18:39:06,356 RX 8B F1 B1 61 01 90 D2 A6 93 94 B0 FB 04 00 6D
2026-10-09 18:39:06,356 RX_BYTE 8B
2026-10-09 18:39:06,356 RX_BYTE F1
2026-10-09 18:39:06,356 RX_BYTE B1
2026-10-09 18:39:06,356 RX_BYTE 61
2026-10-09 18:39:06,356 RX_BYTE 01
2026-10-09 18:39:06,356 RX_BYTE 90
2026-10-09 18:39:06,356 RX_BYTE D2
2026-10-09 18:39:06,356 RX_BYTE A6
2026-10-09 18:39:06,356 RX_BYTE 93
2026-10-09 18:39:06,356 RX_BYTE 94
2026-10-09 18:39:06,356 RX_BYTE B0
2026-10-09 18:39:06,356 RX_BYTE FB
2026-10-09 18:39:06,357 RX_BYTE 04
2026-10-09 18:39:06,357 RX_BYTE 00
2026-10-09 18:39:06,357 RX_BYTE 6D
2026-10-09 18:39:06,357 RX 8B F1 B1 61 01 90 D2 A6 93 94 B0 FB 04 00 6D
2026-10-09 18:39:06,357 RX_BYTE 8B
2026-10-09 18:39:06,357 RX_BYTE F1
2026-10-09 18:39:06,357 RX_BYTE B1
2026-10-09 18:39:06,357 RX_BYTE 61
2026-10-09 18:39:06,357 RX_BYTE 01
2026-10-09 18:39:06,357 RX_BYTE 90
2026-10-09 18:39:06,357 RX_BYTE D2
2026-10-09 18:39:06,357 RX_BYTE A6
2026-10-09 18:39:06,357 RX_BYTE 93
2026-10-09 18:39:06,357 RX_BYTE 94
2026-10-09 18:39:06,357 RX_BYTE B0
2026-10-09 18:39:06,357 RX_BYTE FB
2026-10-09 18:39:06,357 RX_BYTE 04
2026-10-09 18:39:06,357 RX_BYTE 00
2026-10-09 18:39:06,357 RX_BYTE 6D
2026-10-09 18:39:06,357 RX 8B F1 B1 61 01 90 D2 A6 93 94 B0 FB 04 00 6D
2026-10-09 18:39:06,357 RX_BYTE 8B
2026-10-09 18:39:06,357 RX_BYTE F1
2026-10-09 18:39:06,357 RX_BYTE B1
2026-10-09 18:39:06,357 RX_BYTE 61
2026-10-09 18:39:06,357 RX_BYTE 01
2026-10-09 18:39:06,357 RX_BYTE 90
2026-10-09 18:39:06,357 RX_BYTE D2
2026-10-09 18:39:06,357 RX_BYTE A6
2026-10-09 18:39:06,357 RX_BYTE 93
2026-10-09 18:39:06,357 RX_BYTE 94
2026-10-09 18:39:06,357 RX_BYTE B0
2026-10-09 18:39:06,357 RX_BYTE FB
2026-10-09 18:39:06,357 RX_BYTE 04
2026-10-09 18:39:06,357 RX_BYTE 00
2026-10-09 18:39:06,357 RX_BYTE 6D
2026-10-09 18:39:06,357 RX 8B F1 B1 61 01 90 D2 A6 93 94 B0 FB 04 00 6D
2026-10-09 18:39:06,357 RX_BYTE 8B
2026-10-09 18:39:06,357 RX_BYTE F1
2026-10-09 18:39:06,357 RX_BYTE B1
2026-10-09 18:39:06,357 RX_BYTE 61
2026-10-09 18:39:06,357 RX_BYTE 01
2026-10-09 18:39:06,357 RX_BYTE 90
2026-10-09 18:39:06,357 RX_BYTE D2
2026-10-09 18:39:06,357 RX_BYTE A6
2026-10-09 18:39:06,357 RX_BYTE 93
2026-10-09 18:39:06,357 RX_BYTE 94
2026-10-09 18:39:06,357 RX_BYTE B0
2026-10-09 18:39:06,357 RX_BYTE FB
2026-10-09 18:39:06,357 RX_BYTE 04
2026-10-09 18:39:06,357 RX_BYTE 00
2026-10-09 18:39:06,357 RX_BYTE 6D
2026-10-09 18:39:06,357 RX 8B F1 B1 61 01 90 D2 A6 93 94 B0 FB 04 00 6D
2026-10-09 18:39:06,357 RX_BYTE 8B
2026-10-09 18:39:06,357 RX_BYTE F1
2026-10-09 18:39:06,357 RX_BYTE B1
2026-10-09 18:39:06,357 RX_BYTE 61
2026-10-09 18:39:06,357 RX_BYTE 01
2026-10-09 18:39:06,357 RX_BYTE 90
2026-10-09 18:39:06,357 RX_BYTE D2
2026-10-09 18:39:06,357 RX_BYTE A6
2026-10-09 18:39:06,357 RX_BYTE 93
2026-10-09 18:39:06,357 RX_BYTE 94
2026-10-09 18:39:06,358 RX_BYTE B0
2026-10-09 18:39:06,358 RX_BYTE FB
2026-10-09 18:39:06,358 RX_BYTE 04
2026-10-09 18:39:06,358 RX_BYTE 00
2026-10-09 18:39:06,358 RX_BYTE 6D
2026-10-09 18:39:06,358 RX 8B F1 B1 61 01 90 D2 A6 93 94 B0 FB 04 00 6D
2026-10-09 18:39:06,358 RX_BYTE 8B
2026-10-09 18:39:06,358 RX_BYTE F1
2026-10-09 18:39:06,358 RX_BYTE B1
2026-10-09 18:39:06,358 RX_BYTE 61
2026-10-09 18:39:06,358 RX_BYTE 01
2026-10-09 18:39:06,358 RX_BYTE 90
2026-10-09 18:39:06,358 RX_BYTE D2
2026-10-09 18:39:06,358 RX_BYTE A6
2026-10-09 18:39:06,358 RX_BYTE 93
2026-10-09 18:39:06,358 RX_BYTE 94
2026-10-09 18:39:06,358 RX_BYTE B0
2026-10-09 18:39:06,358 RX_BYTE FB
2026-10-09 18:39:06,358 RX_BYTE 04
2026-10-09 18:39:06,358 RX_BYTE 00
2026-10-09 18:39:06,358 RX_BYTE 6D
2026-10-09 18:39:06,358 RX 8B F1 B1 61 01 90 D2 A6 93 94 B0 FB 04 00 6D
2026-10-09 18:39:06,358 RX_BYTE 8B
2026-10-09 18:39:06,358 RX_BYTE F1
2026-10-09 18:39:06,358 RX_BYTE B1
2026-10-09 18:39:06,358 RX_BYTE 61
2026-10-09 18:39:06,358 RX_BYTE 01
2026-10-09 18:39:06,358 RX_BYTE 90
2026-10-09 18:39:06,358 RX_BYTE D2
2026-10-09 18:39:06,358 RX_BYTE A6
2026-10-09 18:39:06,358 RX_BYTE 93
2026-10-09 18:39:06,358 RX_BYTE 94
2026-10-09 18:39:06,358 RX_BYTE B0
2026-10-09 18:39:06,358 RX_BYTE FB
2026-10-09 18:39:06,358 RX_BYTE 04
2026-10-09 18:39:06,358 RX_BYTE 00
2026-10-09 18:39:06,358 RX_BYTE 6D
2026-10-09 18:39:06,358 RX 8B F1 B1 61 01 90 D2 A6 93 94 B0 FB 04 00 6D
2026-10-09 18:39:06,358 RX_BYTE 8B
2026-10-09 18:39:06,358 RX_BYTE F1
2026-10-09 18:39:06,358 RX_BYTE B1
2026-10-09 18:39:06,358 RX_BYTE 61
2026-10-09 18:39:06,358 RX_BYTE 01
2026-10-09 18:39:06,358 RX_BYTE 90
2026-10-09 18:39:06,358 RX_BYTE D2
2026-10-09 18:39:06,358 RX_BYTE A6
2026-10-09 18:39:06,358 RX_BYTE 93
2026-10-09 18:39:06,358 RX_BYTE 94
2026-10-09 18:39:06,358 RX_BYTE B0
2026-10-09 18:39:06,358 RX_BYTE FB
2026-10-09 18:39:06,358 RX_BYTE 04
2026-10-09 18:39:06,358 RX_BYTE 00
2026-10-09 18:39:06,358 RX_BYTE 6D
2026-10-09 18:39:06,358 RX 8B F1 B1 61 01 90 D2 A6 93 94 B0 FB 04 00 6D
2026-10-09 18:39:06,358 RX_BYTE 8B
2026-10-09 18:39:06,358 RX_BYTE F1
2026-10-09 18:39:06,358 RX_BYTE B1
2026-10-09 18:39:06,358 RX_BYTE 61
2026-10-09 18:39:06,359 RX_BYTE 01
2026-10-09 18:39:06,359 RX_BYTE 90
2026-10-09 18:39:06,359 RX_BYTE D2
2026-10-09 18:39:06,359 RX_BYTE A6
2026-10-09 18:39:06,359 RX_BYTE 93
2026-10-09 18:39:06,359 RX_BYTE 94
2026-10-09 18:39:06,359 RX_BYTE B0
2026-10-09 18:39:06,359 RX_BYTE FB
2026-10-09 18:39:06,359 RX_BYTE 04
2026-10-09 18:39:06,359 RX_BYTE 00
2026-10-09 18:39:06,359 RX_BYTE 6D
2026-10-09 18:39:06,359 RX 8B F1 B1 61 01 90 D2 A6 93 94 B0 FB 04 00 6D
2026-10-09 18:39:06,359 RX_BYTE 8B
2026-10-09 18:39:06,359 RX_BYTE F1
2026-10-09 18:39:06,359 RX_BYTE B1
2026-10-09 18:39:06,359 RX_BYTE 61
2026-10-09 18:39:06,359 RX_BYTE 01
2026-10-09 18:39:06,359 RX_BYTE 90
2026-10-09 18:39:06,359 RX_BYTE D2
2026-10-09 18:39:06,359 RX_BYTE A6
2026-10-09 18:39:06,359 RX_BYTE 93
2026-10-09 18:39:06,359 RX_BYTE 94
2026-10-09 18:39:06,359 RX_BYTE B0
2026-10-09 18:39:06,359 RX_BYTE FB
2026-10-09 18:39:06,359 RX_BYTE 04
2026-10-09 18:39:06,359 RX_BYTE 00
2026-10-09 18:39:06,359 RX_BYTE 6D
2026-10-09 18:39:06,359 RX 8B F1 B1 61 01 90 D2 A6 93 94 B0 FB 04 00 6D
2026-10-09 18:39:06,359 RX_BYTE 8B
2026-10-09 18:39:06,359 RX_BYTE F1
2026-10-09 18:39:06,359 RX_BYTE B1
2026-10-09 18:39:06,359 RX_BYTE 61
2026-10-09 18:39:06,359 RX_BYTE 01
2026-10-09 18:39:06,359 RX_BYTE 90
2026-10-09 18:39:06,359 RX_BYTE D2
2026-10-09 18:39:06,359 RX_BYTE A6
2026-10-09 18:39:06,359 RX_BYTE 93
2026-10-09 18:39:06,359 RX_BYTE 94
2026-10-09 18:39:06,359 RX_BYTE B0
2026-10-09 18:39:06,359 RX_BYTE FB
2026-10-09 18:39:06,359 RX_BYTE 04
2026-10-09 18:39:06,359 RX_BYTE 00
2026-10-09 18:39:06,359 RX_BYTE 6D
2026-10-09 18:39:06,359 RX 8B F1 B1 61 01 90 D2 A6 93 94 B0 FB 04 00 6D
2026-10-09 18:39:06,359 RX_BYTE 8B
2026-10-09 18:39:06,359 RX_BYTE F1
2026-10-09 18:39:06,359 RX_BYTE B1
2026-10-09 18:39:06,359 RX_BYTE 61
2026-10-09 18:39:06,359 RX_BYTE 01
2026-10-09 18:39:06,359 RX_BYTE 90
2026-10-09 18:39:06,359 RX_BYTE D2
2026-10-09 18:39:06,359 RX_BYTE A6
2026-10-09 18:39:06,359 RX_BYTE 93
2026-10-09 18:39:06,359 RX_BYTE 94
2026-10-09 18:39:06,359 RX_BYTE B0
2026-10-09 18:39:06,359 RX_BYTE FB
2026-10-09 18:39:06,359 RX_BYTE 04
2026-10-09 18:39:06,359 RX_BYTE 00
2026-10-09 18:39:06,359 RX_BYTE 6D
2026-10-09 18:39:06,359 RX 8B F1 B1 61 01 90 D2 A6 93 94 B0 FB 04 00 6D
2026-10-09 18:39:06,359 RX_BYTE 8B
2026-10-09 18:39:06,360 RX_BYTE F1
2026-10-09 18:39:06,360 RX_BYTE B1
2026-10-09 18:39:06,360 RX_BYTE 61
2026-10-09 18:39:06,360 RX_BYTE 01
2026-10-09 18:39:06,360 RX_BYTE 90
2026-10-09 18:39:06,360 RX_BYTE D2
2026-10-09 18:39:06,360 RX_BYTE A6
2026-10-09 18:39:06,360 RX_BYTE 93
2026-10-09 18:39:06,360 RX_BYTE 94
2026-10-09 18:39:06,360 RX_BYTE B0
2026-10-09 18:39:06,360 RX_BYTE FB
2026-10-09 18:39:06,360 RX_BYTE 04
2026-10-09 18:39:06,360 RX_BYTE 00
2026-10-09 18:39:06,360 RX_BYTE 6D
2026-10-09 18:39:06,360 RX 8B F1 B1 61 01 90 D2 A6 93 94 B0 FB 04 00 6D
2026-10-09 18:39:06,360 RX_BYTE 8B
2026-10-09 18:39:06,360 RX_BYTE F1
2026-10-09 18:39:06,360 RX_BYTE B1
2026-10-09 18:39:06,360 RX_BYTE 61
2026-10-09 18:39:06,360 RX_BYTE 01
2026-10-09 18:39:06,360 RX_BYTE 90
2026-10-09 18:39:06,360 RX_BYTE D2
2026-10-09 18:39:06,360 RX_BYTE A6
2026-10-09 18:39:06,360 RX_BYTE 93
2026-10-09 18:39:06,360 RX_BYTE 94
2026-10-09 18:39:06,360 RX_BYTE B0
2026-10-09 18:39:06,360 RX_BYTE FB
2026-10-09 18:39:06,360 RX_BYTE 04
2026-10-09 18:39:06,360 RX_BYTE 00
2026-10-09 18:39:06,360 RX_BYTE 6D
2026-10-09 18:39:06,360 RX 8B F1 B1 61 01 90 D2 A6 93 94 B0 FB 04 00 6D
2026-10-09 18:39:06,360 RX_BYTE 8B
2026-10-09 18:39:06,360 RX_BYTE F1
2026-10-09 18:39:06,360 RX_BYTE B1
2026-10-09 18:39:06,360 RX_BYTE 61
2026-10-09 18:39:06,360 RX_BYTE 01
2026-10-09 18:39:06,360 RX_BYTE 90
2026-10-09 18:39:06,360 RX_BYTE D2
2026-10-09 18:39:06,360 RX_BYTE A6
2026-10-09 18:39:06,360 RX_BYTE 93
2026-10-09 18:39:06,360 RX_BYTE 94
2026-10-09 18:39:06,360 RX_BYTE B0
2026-10-09 18:39:06,360 RX_BYTE FB
2026-10-09 18:39:06,360 RX_BYTE 04
2026-10-09 18:39:06,360 RX_BYTE 00
2026-10-09 18:39:06,360 RX_BYTE 6D
2026-10-09 18:39:06,360 RX 8B F1 B1 61 01 90 D2 A6 93 94 B0 FB 04 00 6D
2026-10-09 18:39:06,360 RX_BYTE 8B
2026-10-09 18:39:06,360 RX_BYTE F1
2026-10-09 18:39:06,360 RX_BYTE B1
2026-10-09 18:39:06,360 RX_BYTE 61
2026-10-09 18:39:06,360 RX_BYTE 01
2026-10-09 18:39:06,360 RX_BYTE 90
2026-10-09 18:39:06,360 RX_BYTE D2
2026-10-09 18:39:06,360 RX_BYTE A6
2026-10-09 18:39:06,360 RX_BYTE 93
2026-10-09 18:39:06,360 RX_BYTE 94
2026-10-09 18:39:06,360 RX_BYTE B0
2026-10-09 18:39:06,360 RX_BYTE FB
2026-10-09 18:39:06,360 RX_BYTE 04
2026-10-09 18:39:06,360 RX_BYTE 00
2026-10-09 18:39:06,360 RX_BYTE 6D
2026-10-09 18:39:06,361 RX 8B F1 B1 61 01 90 D2 A6 93 94 B0 FB 04 00 6D
2026-10-09 18:39:06,361 RX_BYTE 8B
2026-10-09 18:39:06,361 RX_BYTE F1
2026-10-09 18:39:06,361 RX_BYTE B1
2026-10-09 18:39:06,361 RX_BYTE 61
2026-10-09 18:39:06,361 RX_BYTE 01
2026-10-09 18:39:06,361 RX_BYTE 90
2026-10-09 18:39:06,361 RX_BYTE D2
2026-10-09 18:39:06,361 RX_BYTE A6
2026-10-09 18:39:06,361 RX_BYTE 93
2026-10-09 18:39:06,361 RX_BYTE 94
2026-10-09 18:39:06,361 RX_BYTE B0
2026-10-09 18:39:06,361 RX_BYTE FB
2026-10-09 18:39:06,361 RX_BYTE 04
2026-10-09 18:39:06,361 RX_BYTE 00
2026-10-09 18:39:06,361 RX_BYTE 6D
2026-10-09 18:39:06,361 RX 8B F1 B1 61 01 90 D2 A6 93 94 B0 FB 04 00 6D
2026-10-09 18:39:06,361 RX_BYTE 8B
2026-10-09 18:39:06,361 RX_BYTE F1
2026-10-09 18:39:06,361 RX_BYTE B1
2026-10-09 18:39:06,361 RX_BYTE 61
2026-10-09 18:39:06,361 RX_BYTE 01
2026-10-09 18:39:06,361 RX_BYTE 90
2026-10-09 18:39:06,361 RX_BYTE D2
2026-10-09 18:39:06,361 RX_BYTE A6
2026-10-09 18:39:06,361 RX_BYTE 93
2026-10-09 18:39:06,361 RX_BYTE 94
2026-10-09 18:39:06,361 RX_BYTE B0
2026-10-09 18:39:06,361 RX_BYTE FB
2026-10-09 18:39:06,361 RX_BYTE 04
2026-10-09 18:39:06,361 RX_BYTE 00
2026-10-09 18:39:06,361 RX_BYTE 6D
2026-10-09 18:39:06,361 RX 8B F1 B1 61 01 90 D2 A6 93 94 B0 FB 04 00 6D
2026-10-09 18:39:06,361 RX_BYTE 8B
2026-10-09 18:39:06,361 RX_BYTE F1
2026-10-09 18:39:06,361 RX_BYTE B1
2026-10-09 18:39:06,361 RX_BYTE 61
2026-10-09 18:39:06,361 RX_BYTE 01
2026-10-09 18:39:06,361 RX_BYTE 90
2026-10-09 18:39:06,361 RX_BYTE D2
2026-10-09 18:39:06,361 RX_BYTE A6
2026-10-09 18:39:06,361 RX_BYTE 93
2026-10-09 18:39:06,361 RX_BYTE 94
2026-10-09 18:39:06,361 RX_BYTE B0
2026-10-09 18:39:06,361 RX_BYTE FB
2026-10-09 18:39:06,361 RX_BYTE 04
2026-10-09 18:39:06,361 RX_BYTE 00
2026-10-09 18:39:06,361 RX_BYTE 6D
2026-10-09 18:39:06,361 RX 8B F1 B1 61 01 90 D2 A6 93 94 B0 FB 04 00 6D
2026-10-09 18:39:06,361 RX_BYTE 8B
2026-10-09 18:39:06,361 RX_BYTE F1
2026-10-09 18:39:06,361 RX_BYTE B1
2026-10-09 18:39:06,361 RX_BYTE 61
2026-10-09 18:39:06,361 RX_BYTE 01
2026-10-09 18:39:06,361 RX_BYTE 90
2026-10-09 18:39:06,361 RX_BYTE D2
2026-10-09 18:39:06,361 RX_BYTE A6
2026-10-09 18:39:06,361 RX_BYTE 93
2026-10-09 18:39:06,361 RX_BYTE 94
2026-10-09 18:39:06,361 RX_BYTE B0
2026-10-09 18:39:06,361 RX_BYTE FB
2026-10-09 18:39:06,361 RX_BYTE 04
2026-10-09 18:39:06,361 RX_BYTE 00
2026-10-09 18:39:06,362 RX_BYTE 6D
2026-10-09 18:39:06,362 RX 8B F1 B1 61 01 90 D2 A6 93 94 B0 FB 04 00 6D
2026-10-09 18:39:06,362 RX_BYTE 8B
2026-10-09 18:39:06,362 RX_BYTE F1
2026-10-09 18:39:06,362 RX_BYTE B1
2026-10-09 18:39:06,362 RX_BYTE 61
2026-10-09 18:39:06,362 RX_BYTE 01
2026-10-09 18:39:06,362 RX_BYTE 90
2026-10-09 18:39:06,362 RX_BYTE D2
2026-10-09 18:39:06,362 RX_BYTE A6
2026-10-09 18:39:06,362 RX_BYTE 93
2026-10-09 18:39:06,362 RX_BYTE 94
2026-10-09 18:39:06,362 RX_BYTE B0
2026-10-09 18:39:06,362 RX_BYTE FB
2026-10-09 18:39:06,362 RX_BYTE 04
2026-10-09 18:39:06,362 RX_BYTE 00
2026-10-09 18:39:06,362 RX_BYTE 6D
2026-10-09 18:39:06,362 RX 8B F1 B1 61 01 90 D2 A6 93 94 B0 FB 04 00 6D
2026-10-09 18:39:06,362 RX_BYTE 8B
2026-10-09 18:39:06,362 RX_BYTE F1
2026-10-09 18:39:06,362 RX_BYTE B1
2026-10-09 18:39:06,362 RX_BYTE 61
2026-10-09 18:39:06,362 RX_BYTE 01
2026-10-09 18:39:06,362 RX_BYTE 90
2026-10-09 18:39:06,362 RX_BYTE D2
2026-10-09 18:39:06,362 RX_BYTE A6
2026-10-09 18:39:06,362 RX_BYTE 93
2026-10-09 18:39:06,362 RX_BYTE 94
2026-10-09 18:39:06,362 RX_BYTE B0
2026-10-09 18:39:06,362 RX_BYTE FB
2026-10-09 18:39:06,362 RX_BYTE 04
2026-10-09 18:39:06,362 RX_BYTE 00
2026-10-09 18:39:06,362 RX_BYTE 6D
2026-10-09 18:39:06,362 RX 8B F1 B1 61 01 90 D2 A6 93 94 B0 FB 04 00 6D
2026-10-09 18:39:06,362 RX_BYTE 8B
2026-10-09 18:39:06,362 RX_BYTE F1
2026-10-09 18:39:06,362 RX_BYTE B1
2026-10-09 18:39:06,362 RX_BYTE 61
2026-10-09 18:39:06,362 RX_BYTE 01
2026-10-09 18:39:06,362 RX_BYTE 90
2026-10-09 18:39:06,362 RX_BYTE D2
2026-10-09 18:39:06,362 RX_BYTE A6
2026-10-09 18:39:06,362 RX_BYTE 93
2026-10-09 18:39:06,362 RX_BYTE 94
2026-10-09 18:39:06,362 RX_BYTE B0
2026-10-09 18:39:06,362 RX_BYTE FB
2026-10-09 18:39:06,362 RX_BYTE 04
2026-10-09 18:39:06,362 RX_BYTE 00
2026-10-09 18:39:06,362 RX_BYTE 6D
2026-10-09 18:39:06,362 RX 8B F1 B1 61 01 90 D2 A6 93 94 B0 FB 04 00 6D
2026-10-09 18:39:06,362 RX_BYTE 8B
2026-10-09 18:39:06,362 RX_BYTE F1
2026-10-09 18:39:06,362 RX_BYTE B1
2026-10-09 18:39:06,362 RX_BYTE 61
2026-10-09 18:39:06,362 RX_BYTE 01
2026-10-09 18:39:06,362 RX_BYTE 90
2026-10-09 18:39:06,362 RX_BYTE D2
2026-10-09 18:39:06,362 RX_BYTE A6
2026-10-09 18:39:06,362 RX_BYTE 93
2026-10-09 18:39:06,362 RX_BYTE 94
2026-10-09 18:39:06,362 RX_BYTE B0
2026-10-09 18:39:06,362 RX_BYTE FB
2026-10-09 18:39:06,363 RX_BYTE 04
2026-10-09 18:39:06,363 RX_BYTE 00
2026-10-09 18:39:06,363 RX_BYTE 6D
2026-10-09 18:39:06,363 RX 8B F1 B1 61 01 90 D2 A6 93 94 B0 FB 04 00 6D
2026-10-09 18:39:06,363 RX_BYTE 8B
2026-10-09 18:39:06,363 RX_BYTE F1
2026-10-09 18:39:06,363 RX_BYTE B1
2026-10-09 18:39:06,363 RX_BYTE 61
2026-10-09 18:39:06,363 RX_BYTE 01
2026-10-09 18:39:06,363 RX_BYTE 90
2026-10-09 18:39:06,363 RX_BYTE D2
2026-10-09 18:39:06,363 RX_BYTE A6
2026-10-09 18:39:06,363 RX_BYTE 93
2026-10-09 18:39:06,363 RX_BYTE 94
2026-10-09 18:39:06,363 RX_BYTE B0
2026-10-09 18:39:06,363 RX_BYTE FB
2026-10-09 18:39:06,363 RX_BYTE 04
2026-10-09 18:39:06,363 RX_BYTE 00
2026-10-09 18:39:06,363 RX_BYTE 6D
2026-10-09 18:39:06,363 RX 8B F1 B1 61 01 90 D2 A6 93 94 B0 FB 04 00 6D
2026-10-09 18:39:06,363 RX_BYTE 8B
2026-10-09 18:39:06,363 RX_BYTE F1
2026-10-09 18:39:06,363 RX_BYTE B1
2026-10-09 18:39:06,363 RX_BYTE 61
2026-10-09 18:39:06,363 RX_BYTE 01
2026-10-09 18:39:06,363 RX_BYTE 90
2026-10-09 18:39:06,363 RX_BYTE D2
2026-10-09 18:39:06,363 RX_BYTE A6
2026-10-09 18:39:06,363 RX_BYTE 93
2026-10-09 18:39:06,363 RX_BYTE 94
2026-10-09 18:39:06,363 RX_BYTE B0
2026-10-09 18:39:06,363 RX_BYTE FB
2026-10-09 18:39:06,363 RX_BYTE 04
2026-10-09 18:39:06,363 RX_BYTE 00
2026-10-09 18:39:06,363 RX_BYTE 6D
2026-10-09 18:39:06,363 RX 8B F1 B1 61 01 90 D2 A6 93 94 B0 FB 04 00 6D
2026-10-09 18:39:06,363 RX_BYTE 8B
2026-10-09 18:39:06,363 RX_BYTE F1
2026-10-09 18:39:06,363 RX_BYTE B1
2026-10-09 18:39:06,363 RX_BYTE 61
2026-10-09 18:39:06,363 RX_BYTE 01
2026-10-09 18:39:06,363 RX_BYTE 90
2026-10-09 18:39:06,363 RX_BYTE D2
2026-10-09 18:39:06,363 RX_BYTE A6
2026-10-09 18:39:06,363 RX_BYTE 93
2026-10-09 18:39:06,363 RX_BYTE 94
2026-10-09 18:39:06,363 RX_BYTE B0
2026-10-09 18:39:06,363 RX_BYTE FB
2026-10-09 18:39:06,363 RX_BYTE 04
2026-10-09 18:39:06,363 RX_BYTE 00
2026-10-09 18:39:06,363 RX_BYTE 6D
2026-10-09 18:39:06,363 RX 8B F1 B1 61 01 90 D2 A6 93 94 B0 FB 04 00 6D
2026-10-09 18:39:06,363 RX_BYTE 8B
2026-10-09 18:39:06,363 RX_BYTE F1
2026-10-09 18:39:06,363 RX_BYTE B1
2026-10-09 18:39:06,363 RX_BYTE 61
2026-10-09 18:39:06,363 RX_BYTE 01
2026-10-09 18:39:06,363 RX_BYTE 90
2026-10-09 18:39:06,363 RX_BYTE D2
2026-10-09 18:39:06,363 RX_BYTE A6
2026-10-09 18:39:06,363 RX_BYTE 93
2026-10-09 18:39:06,363 RX_BYTE 94
2026-10-09 18:39:06,363 RX_BYTE B0
2026-10-09 18:39:06,364 RX_BYTE FB
2026-10-09 18:39:06,364 RX_BYTE 04
2026-10-09 18:39:06,364 RX_BYTE 00
2026-10-09 18:39:06,364 RX_BYTE 6D
2026-10-09 18:39:06,364 RX 8B F1 B1 61 01 90 D2 A6 93 94 B0 FB 04 00 6D
2026-10-09 18:39:06,364 RX_BYTE 8B
2026-10-09 18:39:06,364 RX_BYTE F1
2026-10-09 18:39:06,364 RX_BYTE B1
2026-10-09 18:39:06,364 RX_BYTE 61
2026-10-09 18:39:06,364 RX_BYTE 01
2026-10-09 18:39:06,364 RX_BYTE 90
2026-10-09 18:39:06,364 RX_BYTE D2
2026-10-09 18:39:06,364 RX_BYTE A6
2026-10-09 18:39:06,364 RX_BYTE 93
2026-10-09 18:39:06,364 RX_BYTE 94
2026-10-09 18:39:06,364 RX_BYTE B0
2026-10-09 18:39:06,364 RX_BYTE FB
2026-10-09 18:39:06,364 RX_BYTE 04
2026-10-09 18:39:06,364 RX_BYTE 00
2026-10-09 18:39:06,364 RX_BYTE 6D
2026-10-09 18:39:06,364 RX 8B F1 B1 61 01 90 D2 A6 93 94 B0 FB 04 00 6D
2026-10-09 18:39:06,364 RX_BYTE 8B
2026-10-09 18:39:06,364 RX_BYTE F1
2026-10-09 18:39:06,364 RX_BYTE B1
2026-10-09 18:39:06,364 RX_BYTE 61
2026-10-09 18:39:06,364 RX_BYTE 01
2026-10-09 18:39:06,364 RX_BYTE 90
2026-10-09 18:39:06,364 RX_BYTE D2
2026-10-09 18:39:06,364 RX_BYTE A6
2026-10-09 18:39:06,364 RX_BYTE 93
2026-10-09 18:39:06,364 RX_BYTE 94
2026-10-09 18:39:06,364 RX_BYTE B0
2026-10-09 18:39:06,364 RX_BYTE FB
2026-10-09 18:39:06,364 RX_BYTE 04
2026-10-09 18:39:06,364 RX_BYTE 00
2026-10-09 18:39:06,364 RX_BYTE 6D
2026-10-09 18:39:06,364 RX 8B F1 B1 61 01 90 D2 A6 93 94 B0 FB 04 00 6D
2026-10-09 18:39:06,364 RX_BYTE 8B
2026-10-09 18:39:06,364 RX_BYTE F1
2026-10-09 18:39:06,364 RX_BYTE B1
2026-10-09 18:39:06,364 RX_BYTE 61
2026-10-09 18:39:06,364 RX_BYTE 01
2026-10-09 18:39:06,364 RX_BYTE 90
2026-10-09 18:39:06,364 RX_BYTE D2
2026-10-09 18:39:06,364 RX_BYTE A6
2026-10-09 18:39:06,364 RX_BYTE 93
2026-10-09 18:39:06,364 RX_BYTE 94
2026-10-09 18:39:06,364 RX_BYTE B0
2026-10-09 18:39:06,364 RX_BYTE FB
2026-10-09 18:39:06,364 RX_BYTE 04
2026-10-09 18:39:06,364 RX_BYTE 00
2026-10-09 18:39:06,364 RX_BYTE 6D
2026-10-09 18:39:06,364 RX 8B F1 B1 61 01 90 D2 A6 93 94 B0 FB 04 00 6D
2026-10-09 18:39:06,364 RX_BYTE 8B
2026-10-09 18:39:06,364 RX_BYTE F1
2026-10-09 18:39:06,364 RX_BYTE B1
2026-10-09 18:39:06,364 RX_BYTE 61
2026-10-09 18:39:06,364 RX_BYTE 01
2026-10-09 18:39:06,364 RX_BYTE 90
2026-10-09 18:39:06,365 RX_BYTE D2
2026-10-09 18:39:06,365 RX_BYTE A6
2026-10-09 18:39:06,365 RX_BYTE 93
2026-10-09 18:39:06,365 RX_BYTE 94
2026-10-09 18:39:06,365 RX_BYTE B0
2026-10-09 18:39:06,365 RX_BYTE FB
2026-10-09 18:39:06,365 RX_BYTE 04
2026-10-09 18:39:06,365 RX_BYTE 00
2026-10-09 18:39:06,365 RX_BYTE 6D
2026-10-09 18:39:06,365 RX 8B F1 B1 61 01 90 D2 A6 93 94 B0 FB 04 00 6D
2026-10-09 18:39:06,365 RX_BYTE 8B
2026-10-09 18:39:06,365 RX_BYTE F1
2026-10-09 18:39:06,365 RX_BYTE B1
2026-10-09 18:39:06,365 RX_BYTE 61
2026-10-09 18:39:06,365 RX_BYTE 01
2026-10-09 18:39:06,365 RX_BYTE 90
2026-10-09 18:39:06,365 RX_BYTE D2
2026-10-09 18:39:06,365 RX_BYTE A6
2026-10-09 18:39:06,365 RX_BYTE 93
2026-10-09 18:39:06,365 RX_BYTE 94
2026-10-09 18:39:06,365 RX_BYTE B0
2026-10-09 18:39:06,365 RX_BYTE FB
2026-10-09 18:39:06,365 RX_BYTE 04
2026-10-09 18:39:06,365 RX_BYTE 00
2026-10-09 18:39:06,365 RX_BYTE 6D
2026-10-09 18:39:06,365 RX 8B F1 B1 61 01 90 D2 A6 93 94 B0 FB 04 00 6D
2026-10-09 18:39:06,365 RX_BYTE 8B
2026-10-09 18:39:06,365 RX_BYTE F1
2026-10-09 18:39:06,365 RX_BYTE B1
2026-10-09 18:39:06,365 RX_BYTE 61
2026-10-09 18:39:06,365 RX_BYTE 01
2026-10-09 18:39:06,365 RX_BYTE 90
2026-10-09 18:39:06,365 RX_BYTE D2
2026-10-09 18:39:06,365 RX_BYTE A6
2026-10-09 18:39:06,365 RX_BYTE 93
2026-10-09 18:39:06,365 RX_BYTE 94
2026-10-09 18:39:06,365 RX_BYTE B0
2026-10-09 18:39:06,365 RX_BYTE FB
2026-10-09 18:39:06,365 RX_BYTE 04
2026-10-09 18:39:06,365 RX_BYTE 00
2026-10-09 18:39:06,365 RX_BYTE 6D
2026-10-09 18:39:06,365 RX 8B F1 B1 61 01 90 D2 A6 93 94 B0 FB 04 00 6D
2026-10-09 18:39:06,365 RX_BYTE 8B
2026-10-09 18:39:06,365 RX_BYTE F1
2026-10-09 18:39:06,365 RX_BYTE B1
2026-10-09 18:39:06,365 RX_BYTE 61
2026-10-09 18:39:06,365 RX_BYTE 01
2026-10-09 18:39:06,365 RX_BYTE 90
2026-10-09 18:39:06,365 RX_BYTE D2
2026-10-09 18:39:06,365 RX_BYTE A6
2026-10-09 18:39:06,365 RX_BYTE 93
2026-10-09 18:39:06,365 RX_BYTE 94
2026-10-09 18:39:06,365 RX_BYTE B0
2026-10-09 18:39:06,365 RX_BYTE FB
2026-10-09 18:39:06,365 RX_BYTE 04
2026-10-09 18:39:06,365 RX_BYTE 00
2026-10-09 18:39:06,365 RX_BYTE 6D
2026-10-09 18:39:06,365 RX 8B F1 B1 61 01 90 D2 A6 93 94 B0 FB 04 00 6D
2026-10-09 18:39:06,365 RX_BYTE 8B
2026-10-09 18:39:06,365 RX_BYTE F1
2026-10-09 18:39:06,365 RX_BYTE B1
2026-10-09 18:39:06,365 RX_BYTE 61
2026-10-09 18:39:06,365 RX_BYTE 01
2026-10-09 18:39:06,366 RX_BYTE 90
2026-10-09 18:39:06,366 RX_BYTE D2
2026-10-09 18:39:06,366 RX_BYTE A6
2026-10-09 18:39:06,366 RX_BYTE 93
2026-10-09 18:39:06,366 RX_BYTE 94
2026-10-09 18:39:06,366 RX_BYTE B0
2026-10-09 18:39:06,366 RX_BYTE FB
2026-10-09 18:39:06,366 RX_BYTE 04
2026-10-09 18:39:06,366 RX_BYTE 00
2026-10-09 18:39:06,366 RX_BYTE 6D
2026-10-09 18:39:06,366 RX 8B F1 B1 61 01 90 D2 A6 93 94 B0 FB 04 00 6D
2026-10-09 18:39:06,366 RX_BYTE 8B
2026-10-09 18:39:06,366 RX_BYTE F1
2026-10-09 18:39:06,366 RX_BYTE B1
2026-10-09 18:39:06,366 RX_BYTE 61
2026-10-09 18:39:06,366 RX_BYTE 01
2026-10-09 18:39:06,366 RX_BYTE 90
2026-10-09 18:39:06,366 RX_BYTE D2
2026-10-09 18:39:06,366 RX_BYTE A6
2026-10-09 18:39:06,366 RX_BYTE 93
2026-10-09 18:39:06,366 RX_BYTE 94
2026-10-09 18:39:06,366 RX_BYTE B0
2026-10-09 18:39:06,366 RX_BYTE FB
2026-10-09 18:39:06,366 RX_BYTE 04
2026-10-09 18:39:06,366 RX_BYTE 00
2026-10-09 18:39:06,366 RX_BYTE 6D
2026-10-09 18:39:06,366 RX 8B F1 B1 61 01 90 D2 A6 93 94 B0 FB 04 00 6D
2026-10-09 18:39:06,366 RX_BYTE 8B
2026-10-09 18:39:06,366 RX_BYTE F1
2026-10-09 18:39:06,366 RX_BYTE B1
2026-10-09 18:39:06,366 RX_BYTE 61
2026-10-09 18:39:06,366 RX_BYTE 01
2026-10-09 18:39:06,366 RX_BYTE 90
2026-10-09 18:39:06,366 RX_BYTE D2
2026-10-09 18:39:06,366 RX_BYTE A6
2026-10-09 18:39:06,366 RX_BYTE 93
2026-10-09 18:39:06,366 RX_BYTE 94
2026-10-09 18:39:06,366 RX_BYTE B0
2026-10-09 18:39:06,366 RX_BYTE FB
2026-10-09 18:39:06,366 RX_BYTE 04
2026-10-09 18:39:06,366 RX_BYTE 00
2026-10-09 18:39:06,366 RX_BYTE 6D
2026-10-09 18:39:06,366 RX 8B F1 B1 61 01 90 D2 A6 93 94 B0 FB 04 00 6D
2026-10-09 18:39:06,366 RX_BYTE 8B
2026-10-09 18:39:06,366 RX_BYTE F1
2026-10-09 18:39:06,366 RX_BYTE B1
2026-10-09 18:39:06,366 RX_BYTE 61
2026-10-09 18:39:06,366 RX_BYTE 01
2026-10-09 18:39:06,366 RX_BYTE 90
2026-10-09 18:39:06,366 RX_BYTE D2
2026-10-09 18:39:06,366 RX_BYTE A6
2026-10-09 18:39:06,366 RX_BYTE 93
2026-10-09 18:39:06,366 RX_BYTE 94
2026-10-09 18:39:06,366 RX_BYTE B0
2026-10-09 18:39:06,366 RX_BYTE FB
2026-10-09 18:39:06,366 RX_BYTE 04
2026-10-09 18:39:06,366 RX_BYTE 00
2026-10-09 18:39:06,366 RX_BYTE 6D
2026-10-09 18:39:06,366 RX 8B F1 B1 61 01 90 D2 A6 93 94 B0 FB 04 00 6D
2026-10-09 18:39:06,366 RX_BYTE 8B
2026-10-09 18:39:06,366 RX_BYTE F1
2026-10-09 18:39:06,366 RX_BYTE B1
2026-10-09 18:39:06,366 RX_BYTE 61
2026-10-09 18:39:06,367 RX_BYTE 01
2026-10-09 18:39:06,367 RX_BYTE 90
2026-10-09 18:39:06,367 RX_BYTE D2
2026-10-09 18:39:06,367 RX_BYTE A6
2026-10-09 18:39:06,367 RX_BYTE 93
2026-10-09 18:39:06,367 RX_BYTE 94
2026-10-09 18:39:06,367 RX_BYTE B0
2026-10-09 18:39:06,367 RX_BYTE FB
2026-10-09 18:39:06,367 RX_BYTE 04
2026-10-09 18:39:06,367 RX_BYTE 00
2026-10-09 18:39:06,367 RX_BYTE 6D
2026-10-09 18:39:06,367 RX 8B F1 B1 61 01 90 D2 A6 93 94 B0 FB 04 00 6D
2026-10-09 18:39:06,367 RX_BYTE 8B
2026-10-09 18:39:06,367 RX_BYTE F1
2026-10-09 18:39:06,367 RX_BYTE B1
2026-10-09 18:39:06,367 RX_BYTE 61
2026-10-09 18:39:06,367 RX_BYTE 01
2026-10-09 18:39:06,367 RX_BYTE 90
2026-10-09 18:39:06,367 RX_BYTE D2
2026-10-09 18:39:06,367 RX_BYTE A6
2026-10-09 18:39:06,367 RX_BYTE 93
2026-10-09 18:39:06,367 RX_BYTE 94
2026-10-09 18:39:06,367 RX_BYTE B0
2026-10-09 18:39:06,367 RX_BYTE FB
2026-10-09 18:39:06,367 RX_BYTE 04
2026-10-09 18:39:06,367 RX_BYTE 00
2026-10-09 18:39:06,367 RX_BYTE 6D
2026-10-09 18:39:06,367 RX 8B F1 B1 61 01 90 D2 A6 93 94 B0 FB 04 00 6D
2026-10-09 18:39:06,367 RX_BYTE 8B
2026-10-09 18:39:06,367 RX_BYTE F1
2026-10-09 18:39:06,367 RX_BYTE B1
2026-10-09 18:39:06,367 RX_BYTE 61
2026-10-09 18:39:06,367 RX_BYTE 01
2026-10-09 18:39:06,367 RX_BYTE 90
2026-10-09 18:39:06,367 RX_BYTE D2
2026-10-09 18:39:06,367 RX_BYTE A6
2026-10-09 18:39:06,367 RX_BYTE 93
2026-10-09 18:39:06,367 RX_BYTE 94
2026-10-09 18:39:06,367 RX_BYTE B0
2026-10-09 18:39:06,367 RX_BYTE FB
2026-10-09 18:39:06,367 RX_BYTE 04
2026-10-09 18:39:06,367 RX_BYTE 00
2026-10-09 18:39:06,367 RX_BYTE 6D
2026-10-09 18:39:06,367 RX 8B F1 B1 61 01 90 D2 A6 93 94 B0 FB 04 00 6D
2026-10-09 18:39:06,367 RX_BYTE 8B
2026-10-09 18:39:06,367 RX_BYTE F1
2026-10-09 18:39:06,367 RX_BYTE B1
2026-10-09 18:39:06,367 RX_BYTE 61
2026-10-09 18:39:06,367 RX_BYTE 01
2026-10-09 18:39:06,367 RX_BYTE 90
2026-10-09 18:39:06,367 RX_BYTE D2
2026-10-09 18:39:06,367 RX_BYTE A6
2026-10-09 18:39:06,367 RX_BYTE 93
2026-10-09 18:39:06,367 RX_BYTE 94
2026-10-09 18:39:06,367 RX_BYTE B0
2026-10-09 18:39:06,367 RX_BYTE FB
2026-10-09 18:39:06,367 RX_BYTE 04
2026-10-09 18:39:06,367 RX_BYTE 00
2026-10-09 18:39:06,367 RX_BYTE 6D
2026-10-09 18:39:06,367 RX 8B F1 B1 61 01 90 D2 A6 93 94 B0 FB 04 00 6D
2026-10-09 18:39:06,367 RX_BYTE 8B
2026-10-09 18:39:06,367 RX_BYTE F1
2026-10-09 18:39:06,367 RX_BYTE B1
2026-10-09 18:39:06,368 RX_BYTE 61
2026-10-09 18:39:06,368 RX_BYTE 01
2026-10-09 18:39:06,368 RX_BYTE 90
2026-10-09 18:39:06,368 RX_BYTE D2
2026-10-09 18:39:06,368 RX_BYTE A6
2026-10-09 18:39:06,368 RX_BYTE 93
2026-10-09 18:39:06,368 RX_BYTE 94
2026-10-09 18:39:06,368 RX_BYTE B0
2026-10-09 18:39:06,368 RX_BYTE FB
2026-10-09 18:39:06,368 RX_BYTE 04
2026-10-09 18:39:06,368 RX_BYTE 00
2026-10-09 18:39:06,368 RX_BYTE 6D
2026-10-09 18:39:06,368 RX 8B F1 B1 61 01 90 D2 A6 93 94 B0 FB 04 00 6D
2026-10-09 18:39:06,368 RX_BYTE 8B
2026-10-09 18:39:06,368 RX_BYTE F1
2026-10-09 18:39:06,368 RX_BYTE B1
2026-10-09 18:39:06,368 RX_BYTE 61
2026-10-09 18:39:06,368 RX_BYTE 01
2026-10-09 18:39:06,368 RX_BYTE 90
2026-10-09 18:39:06,368 RX_BYTE D2
2026-10-09 18:39:06,368 RX_BYTE A6
2026-10-09 18:39:06,368 RX_BYTE 93
2026-10-09 18:39:06,368 RX_BYTE 94
2026-10-09 18:39:06,368 RX_BYTE B0
2026-10-09 18:39:06,368 RX_BYTE FB
2026-10-09 18:39:06,368 RX_BYTE 04
2026-10-09 18:39:06,368 RX_BYTE 00
2026-10-09 18:39:06,368 RX_BYTE 6D
2026-10-09 18:39:06,368 RX 8B F1 B1 61 01 90 D2 A6 93 94 B0 FB 04 00 6D
2026-10-09 18:39:06,368 RX_BYTE 8B
2026-10-09 18:39:06,368 RX_BYTE F1
2026-10-09 18:39:06,368 RX_BYTE B1
2026-10-09 18:39:06,368 RX_BYTE 61
2026-10-09 18:39:06,368 RX_BYTE 01
2026-10-09 18:39:06,368 RX_BYTE 90
2026-10-09 18:39:06,368 RX_BYTE D2
2026-10-09 18:39:06,368 RX_BYTE A6
2026-10-09 18:39:06,368 RX_BYTE 93
2026-10-09 18:39:06,368 RX_BYTE 94
2026-10-09 18:39:06,368 RX_BYTE B0
2026-10-09 18:39:06,368 RX_BYTE FB
2026-10-09 18:39:06,368 RX_BYTE 04
2026-10-09 18:39:06,368 RX_BYTE 00
2026-10-09 18:39:06,368 RX_BYTE 6D
2026-10-09 18:39:06,368 RX 8B F1 B1 61 01 90 D2 A6 93 94 B0 FB 04 00 6D
2026-10-09 18:39:06,368 RX_BYTE 8B
2026-10-09 18:39:06,368 RX_BYTE F1
2026-10-09 18:39:06,368 RX_BYTE B1
2026-10-09 18:39:06,368 RX_BYTE 61
2026-10-09 18:39:06,368 RX_BYTE 01
2026-10-09 18:39:06,368 RX_BYTE 90
2026-10-09 18:39:06,368 RX_BYTE D2
2026-10-09 18:39:06,368 RX_BYTE A6
2026-10-09 18:39:06,368 RX_BYTE 93
2026-10-09 18:39:06,368 RX_BYTE 94
2026-10-09 18:39:06,368 RX_BYTE B0
2026-10-09 18:39:06,368 RX_BYTE FB
2026-10-09 18:39:06,368 RX_BYTE 04
2026-10-09 18:39:06,368 RX_BYTE 00
2026-10-09 18:39:06,368 RX_BYTE 6D
2026-10-09 18:39:06,368 RX 8B F1 B1 61 01 90 D2 A6 93 94 B0 FB 04 00 6D
2026-10-09 18:39:06,368 RX_BYTE 8B
2026-10-09 18:39:06,369 RX_BYTE F1
2026-10-09 18:39:06,369 RX_BYTE B1
2026-10-09 18:39:06,369 RX_BYTE 61
2026-10-09 18:39:06,369 RX_BYTE 01
2026-10-09 18:39:06,369 RX_BYTE 90
2026-10-09 18:39:06,369 RX_BYTE D2
2026-10-09 18:39:06,369 RX_BYTE A6
2026-10-09 18:39:06,369 RX_BYTE 93
2026-10-09 18:39:06,369 RX_BYTE 94
2026-10-09 18:39:06,369 RX_BYTE B0
2026-10-09 18:39:06,369 RX_BYTE FB
2026-10-09 18:39:06,369 RX_BYTE 04
2026-10-09 18:39:06,369 RX_BYTE 00
2026-10-09 18:39:06,369 RX_BYTE 6D
2026-10-09 18:39:06,369 RX 8B F1 B1 61 01 90 D2 A6 93 94 B0 FB 04 00 6D
2026-10-09 18:39:06,369 RX_BYTE 8B
2026-10-09 18:39:06,369 RX_BYTE F1
2026-10-09 18:39:06,369 RX_BYTE B1
2026-10-09 18:39:06,369 RX_BYTE 61
2026-10-09 18:39:06,369 RX_BYTE 01
2026-10-09 18:39:06,369 RX_BYTE 90
2026-10-09 18:39:06,369 RX_BYTE D2
2026-10-09 18:39:06,369 RX_BYTE A6
2026-10-09 18:39:06,369 RX_BYTE 93
2026-10-09 18:39:06,369 RX_BYTE 94
2026-10-09 18:39:06,369 RX_BYTE B0
2026-10-09 18:39:06,369 RX_BYTE FB
2026-10-09 18:39:06,369 RX_BYTE 04
2026-10-09 18:39:06,369 RX_BYTE 00
2026-10-09 18:39:06,369 RX_BYTE 6D
2026-10-09 18:39:06,369 RX 8B F1 B1 61 01 90 D2 A6 93 94 B0 FB 04 00 6D
2026-10-09 18:39:06,369 RX_BYTE 8B
2026-10-09 18:39:06,369 RX_BYTE F1
2026-10-09 18:39:06,369 RX_BYTE B1
2026-10-09 18:39:06,369 RX_BYTE 61
2026-10-09 18:39:06,369 RX_BYTE 01
2026-10-09 18:39:06,369 RX_BYTE 90
2026-10-09 18:39:06,369 RX_BYTE D2
2026-10-09 18:39:06,369 RX_BYTE A6
2026-10-09 18:39:06,369 RX_BYTE 93
2026-10-09 18:39:06,369 RX_BYTE 94
2026-10-09 18:39:06,369 RX_BYTE B0
2026-10-09 18:39:06,369 RX_BYTE FB
2026-10-09 18:39:06,369 RX_BYTE 04
2026-10-09 18:39:06,369 RX_BYTE 00
2026-10-09 18:39:06,369 RX_BYTE 6D
2026-10-09 18:39:06,369 RX 8B F1 B1 61 01 90 D2 A6 93 94 B0 FB 04 00 6D
2026-10-09 18:39:06,369 RX_BYTE 8B
2026-10-09 18:39:06,369 RX_BYTE F1
2026-10-09 18:39:06,369 RX_BYTE B1
2026-10-09 18:39:06,369 RX_BYTE 61
2026-10-09 18:39:06,369 RX_BYTE 01
2026-10-09 18:39:06,369 RX_BYTE 90
2026-10-09 18:39:06,369 RX_BYTE D2
2026-10-09 18:39:06,369 RX_BYTE A6
2026-10-09 18:39:06,369 RX_BYTE 93
2026-10-09 18:39:06,369 RX_BYTE 94
2026-10-09 18:39:06,369 RX_BYTE B0
2026-10-09 18:39:06,369 RX_BYTE FB
2026-10-09 18:39:06,369 RX_BYTE 04
2026-10-09 18:39:06,369 RX_BYTE 00
2026-10-09 18:39:06,369 RX_BYTE 6D
2026-10-09 18:39:06,370 RX 8B F1 B1 61 01 90 D2 A6 93 94 B0 FB 04 00 6D
2026-10-09 18:39:06,370 RX_BYTE 8B
2026-10-09 18:39:06,370 RX_BYTE F1
2026-10-09 18:39:06,370 RX_BYTE B1
2026-10-09 18:39:06,370 RX_BYTE 61
2026-10-09 18:39:06,370 RX_BYTE 01
2026-10-09 18:39:06,370 RX_BYTE 90
2026-10-09 18:39:06,370 RX_BYTE D2
2026-10-09 18:39:06,370 RX_BYTE A6
2026-10-09 18:39:06,370 RX_BYTE 93
2026-10-09 18:39:06,370 RX_BYTE 94
2026-10-09 18:39:06,370 RX_BYTE B0
2026-10-09 18:39:06,370 RX_BYTE FB
2026-10-09 18:39:06,370 RX_BYTE 04
2026-10-09 18:39:06,370 RX_BYTE 00
2026-10-09 18:39:06,370 RX_BYTE 6D
2026-10-09 18:39:06,370 RX 8B F1 B1 61 01 90 D2 A6 93 94 B0 FB 04 00 6D
2026-10-09 18:39:06,370 RX_BYTE 8B
2026-10-09 18:39:06,370 RX_BYTE F1
2026-10-09 18:39:06,370 RX_BYTE B1
2026-10-09 18:39:06,370 RX_BYTE 61
2026-10-09 18:39:06,370 RX_BYTE 01
2026-10-09 18:39:06,370 RX_BYTE 90
2026-10-09 18:39:06,370 RX_BYTE D2
2026-10-09 18:39:06,370 RX_BYTE A6
2026-10-09 18:39:06,370 RX_BYTE 93
2026-10-09 18:39:06,370 RX_BYTE 94
2026-10-09 18:39:06,370 RX_BYTE B0
2026-10-09 18:39:06,370 RX_BYTE FB
2026-10-09 18:39:06,370 RX_BYTE 04
2026-10-09 18:39:06,370 RX_BYTE 00
2026-10-09 18:39:06,370 RX_BYTE 6D
2026-10-09 18:39:06,370 RX 8B F1 B1 61 01 90 D2 A6 93 94 B0 FB 04 00 6D
2026-10-09 18:39:06,370 RX_BYTE 8B
2026-10-09 18:39:06,370 RX_BYTE F1
2026-10-09 18:39:06,370 RX_BYTE B1
2026-10-09 18:39:06,370 RX_BYTE 61
2026-10-09 18:39:06,370 RX_BYTE 01
2026-10-09 18:39:06,370 RX_BYTE 90
2026-10-09 18:39:06,370 RX_BYTE D2
2026-10-09 18:39:06,370 RX_BYTE A6
2026-10-09 18:39:06,370 RX_BYTE 93
2026-10-09 18:39:06,370 RX_BYTE 94
2026-10-09 18:39:06,370 RX_BYTE B0
2026-10-09 18:39:06,370 RX_BYTE FB
2026-10-09 18:39:06,370 RX_BYTE 04
2026-10-09 18:39:06,370 RX_BYTE 00
2026-10-09 18:39:06,370 RX_BYTE 6D
2026-10-09 18:39:06,370 RX 8B F1 B1 61 01 90 D2 A6 93 94 B0 FB 04 00 6D
2026-10-09 18:39:06,370 RX_BYTE 8B
2026-10-09 18:39:06,370 RX_BYTE F1
2026-10-09 18:39:06,370 RX_BYTE B1
2026-10-09 18:39:06,370 RX_BYTE 61
2026-10-09 18:39:06,370 RX_BYTE 01
2026-10-09 18:39:06,370 RX_BYTE 90
2026-10-09 18:39:06,370 RX_BYTE D2
2026-10-09 18:39:06,370 RX_BYTE A6
2026-10-09 18:39:06,370 RX_BYTE 93
2026-10-09 18:39:06,370 RX_BYTE 94
2026-10-09 18:39:06,370 RX_BYTE B0
2026-10-09 18:39:06,371 RX_BYTE FB
2026-10-09 18:39:06,371 RX_BYTE 04
2026-10-09 18:39:06,371 RX_BYTE 00
2026-10-09 18:39:06,371 RX_BYTE 6D
2026-10-09 18:39:06,371 RX 8B F1 B1 61 01 90 D2 A6 93 94 B0 FB 04 00 6D
2026-10-09 18:39:06,371 RX_BYTE 8B
2026-10-09 18:39:06,371 RX_BYTE F1
2026-10-09 18:39:06,371 RX_BYTE B1
2026-10-09 18:39:06,371 RX_BYTE 61
2026-10-09 18:39:06,371 RX_BYTE 01
2026-10-09 18:39:06,371 RX_BYTE 90
2026-10-09 18:39:06,371 RX_BYTE D2
2026-10-09 18:39:06,371 RX_BYTE A6
2026-10-09 18:39:06,371 RX_BYTE 93
2026-10-09 18:39:06,371 RX_BYTE 94
2026-10-09 18:39:06,371 RX_BYTE B0
2026-10-09 18:39:06,371 RX_BYTE FB
2026-10-09 18:39:06,371 RX_BYTE 04
2026-10-09 18:39:06,371 RX_BYTE 00
2026-10-09 18:39:06,371 RX_BYTE 6D
2026-10-09 18:39:06,371 RX 8B F1 B1 61 01 90 D2 A6 93 94 B0 FB 04 00 6D
2026-10-09 18:39:06,371 RX_BYTE 8B
2026-10-09 18:39:06,371 RX_BYTE F1
2026-10-09 18:39:06,371 RX_BYTE B1
2026-10-09 18:39:06,371 RX_BYTE 61
2026-10-09 18:39:06,371 RX_BYTE 01
2026-10-09 18:39:06,371 RX_BYTE 90
2026-10-09 18:39:06,371 RX_BYTE D2
2026-10-09 18:39:06,371 RX_BYTE A6
2026-10-09 18:39:06,371 RX_BYTE 93
2026-10-09 18:39:06,371 RX_BYTE 94
2026-10-09 18:39:06,371 RX_BYTE B0
2026-10-09 18:39:06,371 RX_BYTE FB
2026-10-09 18:39:06,371 RX_BYTE 04
2026-10-09 18:39:06,371 RX_BYTE 00
2026-10-09 18:39:06,371 RX_BYTE 6D
2026-10-09 18:39:06,371 RX 8B F1 B1 61 01 90 D2 A6 93 94 B0 FB 04 00 6D
2026-10-09 18:39:06,371 RX_BYTE 8B
2026-10-09 18:39:06,371 RX_BYTE F1
2026-10-09 18:39:06,371 RX_BYTE B1
2026-10-09 18:39:06,371 RX_BYTE 61
2026-10-09 18:39:06,371 RX_BYTE 01
2026-10-09 18:39:06,371 RX_BYTE 90
2026-10-09 18:39:06,371 RX_BYTE D2
2026-10-09 18:39:06,371 RX_BYTE A6
2026-10-09 18:39:06,371 RX_BYTE 93
2026-10-09 18:39:06,371 RX_BYTE 94
2026-10-09 18:39:06,371 RX_BYTE B0
2026-10-09 18:39:06,371 RX_BYTE FB
2026-10-09 18:39:06,371 RX_BYTE 04
2026-10-09 18:39:06,371 RX_BYTE 00
2026-10-09 18:39:06,371 RX_BYTE 6D
2026-10-09 18:39:06,371 RX 8B F1 B1 61 01 90 D2 A6 93 94 B0 FB 04 00 6D
2026-10-09 18:39:06,371 RX_BYTE 8B
2026-10-09 18:39:06,371 RX_BYTE F1
2026-10-09 18:39:06,371 RX_BYTE B1
2026-10-09 18:39:06,371 RX_BYTE 61
2026-10-09 18:39:06,371 RX_BYTE 01
2026-10-09 18:39:06,371 RX_BYTE 90
2026-10-09 18:39:06,371 RX_BYTE D2
2026-10-09 18:39:06,371 RX_BYTE A6
2026-10-09 18:39:06,372 RX_BYTE 93
2026-10-09 18:39:06,372 RX_BYTE 94
2026-10-09 18:39:06,372 RX_BYTE B0
2026-10-09 18:39:06,372 RX_BYTE FB
2026-10-09 18:39:06,372 RX_BYTE 04
2026-10-09 18:39:06,372 RX_BYTE 00
2026-10-09 18:39:06,372 RX_BYTE 6D
2026-10-09 18:39:06,372 RX 8B F1 B1 61 01 90 D2 A6 93 94 B0 FB 04 00 6D
2026-10-09 18:39:06,372 RX_BYTE 8B
2026-10-09 18:39:06,372 RX_BYTE F1
2026-10-09 18:39:06,372 RX_BYTE B1
2026-10-09 18:39:06,372 RX_BYTE 61
2026-10-09 18:39:06,372 RX_BYTE 01
2026-10-09 18:39:06,372 RX_BYTE 90
2026-10-09 18:39:06,372 RX_BYTE D2
2026-10-09 18:39:06,372 RX_BYTE A6
2026-10-09 18:39:06,372 RX_BYTE 93
2026-10-09 18:39:06,372 RX_BYTE 94
2026-10-09 18:39:06,372 RX_BYTE B0
2026-10-09 18:39:06,372 RX_BYTE FB
2026-10-09 18:39:06,372 RX_BYTE 04
2026-10-09 18:39:06,372 RX_BYTE 00
2026-10-09 18:39:06,372 RX_BYTE 6D
2026-10-09 18:39:06,372 RX 8B F1 B1 61 01 90 D2 A6 93 94 B0 FB 04 00 6D
2026-10-09 18:39:06,372 RX_BYTE 8B
2026-10-09 18:39:06,372 RX_BYTE F1
2026-10-09 18:39:06,372 RX_BYTE B1
2026-10-09 18:39:06,372 RX_BYTE 61
2026-10-09 18:39:06,372 RX_BYTE 01
2026-10-09 18:39:06,372 RX_BYTE 90
2026-10-09 18:39:06,372 RX_BYTE D2
2026-10-09 18:39:06,372 RX_BYTE A6
2026-10-09 18:39:06,372 RX_BYTE 93
2026-10-09 18:39:06,372 RX_BYTE 94
2026-10-09 18:39:06,372 RX_BYTE B0
2026-10-09 18:39:06,372 RX_BYTE FB
2026-10-09 18:39:06,372 RX_BYTE 04
2026-10-09 18:39:06,372 RX_BYTE 00
2026-10-09 18:39:06,372 RX_BYTE 6D
2026-10-09 18:39:06,373 RX 8B F1 B1 61 01 90 D2 A6 93 94 B0 FB 04 00 6D
2026-10-09 18:39:06,373 RX_BYTE 8B
2026-10-09 18:39:06,373 RX_BYTE F1
2026-10-09 18:39:06,373 RX_BYTE B1
2026-10-09 18:39:06,373 RX_BYTE 61
2026-10-09 18:39:06,373 RX_BYTE 01
2026-10-09 18:39:06,373 RX_BYTE 90
2026-10-09 18:39:06,373 RX_BYTE D2
2026-10-09 18:39:06,373 RX_BYTE A6
2026-10-09 18:39:06,373 RX_BYTE 93
2026-10-09 18:39:06,373 RX_BYTE 94
2026-10-09 18:39:06,373 RX_BYTE B0
2026-10-09 18:39:06,373 RX_BYTE FB
2026-10-09 18:39:06,373 RX_BYTE 04
2026-10-09 18:39:06,373 RX_BYTE 00
2026-10-09 18:39:06,373 RX_BYTE 6D
2026-10-09 18:39:06,373 RX 8B F1 B1 61 01 90 D2 A6 93 94 B0 FB 04 00 6D
2026-10-09 18:39:06,373 RX_BYTE 8B
2026-10-09 18:39:06,373 RX_BYTE F1
2026-10-09 18:39:06,373 RX_BYTE B1
2026-10-09 18:39:06,373 RX_BYTE 61
2026-10-09 18:39:06,373 RX_BYTE 01
2026-10-09 18:39:06,373 RX_BYTE 90
2026-10-09 18:39:06,373 RX_BYTE D2
2026-10-09 18:39:06,373 RX_BYTE A6
2026-10-09 18:39:06,373 RX_BYTE 93
2026-10-09 18:39:06,373 RX_BYTE 94
2026-10-09 18:39:06,373 RX_BYTE B0
2026-10-09 18:39:06,373 RX_BYTE FB
2026-10-09 18:39:06,373 RX_BYTE 04
2026-10-09 18:39:06,373 RX_BYTE 00
2026-10-09 18:39:06,373 RX_BYTE 6D
2026-10-09 18:39:06,373 RX 8B F1 B1 61 01 90 D2 A6 93 94 B0 FB 04 00 6D
2026-10-09 18:39:06,373 RX_BYTE 8B
2026-10-09 18:39:06,373 RX_BYTE F1
2026-10-09 18:39:06,373 RX_BYTE B1
2026-10-09 18:39:06,373 RX_BYTE 61
2026-10-09 18:39:06,373 RX_BYTE 01
2026-10-09 18:39:06,373 RX_BYTE 90
2026-10-09 18:39:06,373 RX_BYTE D2
2026-10-09 18:39:06,373 RX_BYTE A6
2026-10-09 18:39:06,373 RX_BYTE 93
2026-10-09 18:39:06,373 RX_BYTE 94
2026-10-09 18:39:06,373 RX_BYTE B0
2026-10-09 18:39:06,373 RX_BYTE FB
2026-10-09 18:39:06,373 RX_BYTE 04
2026-10-09 18:39:06,373 RX_BYTE 00
2026-10-09 18:39:06,373 RX_BYTE 6D
2026-10-09 18:39:06,373 RX 8B F1 B1 61 01 90 D2 A6 93 94 B0 FB 04 00 6D
2026-10-09 18:39:06,373 RX_BYTE 8B
2026-10-09 18:39:06,374 RX_BYTE F1
2026-10-09 18:39:06,374 RX_BYTE B1
2026-10-09 18:39:06,374 RX_BYTE 61
2026-10-09 18:39:06,374 RX_BYTE 01
2026-10-09 18:39:06,374 RX_BYTE 90
2026-10-09 18:39:06,374 RX_BYTE D2
2026-10-09 18:39:06,374 RX_BYTE A6
2026-10-09 18:39:06,374 RX_BYTE 93
2026-10-09 18:39:06,374 RX_BYTE 94
2026-10-09 18:39:06,374 RX_BYTE B0
2026-10-09 18:39:06,374 RX_BYTE FB
2026-10-09 18:39:06,374 RX_BYTE 04
2026-10-09 18:39:06,374 RX_BYTE 00
2026-10-09 18:39:06,374 RX_BYTE 6D
2026-10-09 18:39:06,374 RX 8B F1 B1 61 01 90 D2 A6 93 94 B0 FB 04 00 6D
2026-10-09 18:39:06,374 RX_BYTE 8B
2026-10-09 18:39:06,374 RX_BYTE F1
2026-10-09 18:39:06,374 RX_BYTE B1
2026-10-09 18:39:06,374 RX_BYTE 61
2026-10-09 18:39:06,374 RX_BYTE 01
2026-10-09 18:39:06,374 RX_BYTE 90
2026-10-09 18:39:06,374 RX_BYTE D2
2026-10-09 18:39:06,374 RX_BYTE A6
2026-10-09 18:39:06,374 RX_BYTE 93
2026-10-09 18:39:06,374 RX_BYTE 94
2026-10-09 18:39:06,374 RX_BYTE B0
2026-10-09 18:39:06,374 RX_BYTE FB
2026-10-09 18:39:06,374 RX_BYTE 04
2026-10-09 18:39:06,374 RX_BYTE 00
2026-10-09 18:39:06,374 RX_BYTE 6D
2026-10-09 18:39:06,374 RX 8B F1 B1 61 01 90 D2 A6 93 94 B0 FB 04 00 6D
2026-10-09 18:39:06,374 RX_BYTE 8B
2026-10-09 18:39:06,374 RX_BYTE F1
2026-10-09 18:39:06,374 RX_BYTE B1
2026-10-09 18:39:06,374 RX_BYTE 61
2026-10-09 18:39:06,374 RX_BYTE 01
2026-10-09 18:39:06,374 RX_BYTE 90
2026-10-09 18:39:06,374 RX_BYTE D2
2026-10-09 18:39:06,374 RX_BYTE A6
2026-10-09 18:39:06,374 RX_BYTE 93
2026-10-09 18:39:06,374 RX_BYTE 94
2026-10-09 18:39:06,374 RX_BYTE B0
2026-10-09 18:39:06,374 RX_BYTE FB
2026-10-09 18:39:06,374 RX_BYTE 04
2026-10-09 18:39:06,374 RX_BYTE 00
2026-10-09 18:39:06,374 RX_BYTE 6D
2026-10-09 18:39:06,374 RX 8B F1 B1 61 01 90 D2 A6 93 94 B0 FB 04 00 6D
2026-10-09 18:39:06,374 RX_BYTE 8B
2026-10-09 18:39:06,374 RX_BYTE F1
2026-10-09 18:39:06,374 RX_BYTE B1
2026-10-09 18:39:06,374 RX_BYTE 61
2026-10-09 18:39:06,374 RX_BYTE 01
2026-10-09 18:39:06,374 RX_BYTE 90
2026-10-09 18:39:06,374 RX_BYTE D2
2026-10-09 18:39:06,374 RX_BYTE A6
2026-10-09 18:39:06,374 RX_BYTE 93
2026-10-09 18:39:06,374 RX_BYTE 94
2026-10-09 18:39:06,374 RX_BYTE B0
2026-10-09 18:39:06,374 RX_BYTE FB
2026-10-09 18:39:06,374 RX_BYTE 04
2026-10-09 18:39:06,375 RX_BYTE 00
2026-10-09 18:39:06,375 RX_BYTE 6D
2026-10-09 18:39:06,375 RX 8B F1 B1 61 01 90 D2 A6 93 94 B0 FB 04 00 6D
2026-10-09 18:39:06,375 RX_BYTE 8B
2026-10-09 18:39:06,375 RX_BYTE F1
2026-10-09 18:39:06,375 RX_BYTE B1
2026-10-09 18:39:06,375 RX_BYTE 61
2026-10-09 18:39:06,375 RX_BYTE 01
2026-10-09 18:39:06,375 RX_BYTE 90
2026-10-09 18:39:06,375 RX_BYTE D2
2026-10-09 18:39:06,375 RX_BYTE A6
2026-10-09 18:39:06,375 RX_BYTE 93
2026-10-09 18:39:06,375 RX_BYTE 94
2026-10-09 18:39:06,375 RX_BYTE B0
2026-10-09 18:39:06,375 RX_BYTE FB
2026-10-09 18:39:06,375 RX_BYTE 04
2026-10-09 18:39:06,375 RX_BYTE 00
2026-10-09 18:39:06,375 RX_BYTE 6D
2026-10-09 18:39:06,375 RX 8B F1 B1 61 01 90 D2 A6 93 94 B0 FB 04 00 6D
2026-10-09 18:39:06,375 RX_BYTE 8B
2026-10-09 18:39:06,375 RX_BYTE F1
2026-10-09 18:39:06,375 RX_BYTE B1
2026-10-09 18:39:06,375 RX_BYTE 61
2026-10-09 18:39:06,375 RX_BYTE 01
2026-10-09 18:39:06,375 RX_BYTE 90
2026-10-09 18:39:06,375 RX_BYTE D2
2026-10-09 18:39:06,375 RX_BYTE A6
2026-10-09 18:39:06,375 RX_BYTE 93
2026-10-09 18:39:06,375 RX_BYTE 94
2026-10-09 18:39:06,375 RX_BYTE B0
2026-10-09 18:39:06,375 RX_BYTE FB
2026-10-09 18:39:06,375 RX_BYTE 04
2026-10-09 18:39:06,375 RX_BYTE 00
2026-10-09 18:39:06,375 RX_BYTE 6D
2026-10-09 18:39:06,375 RX 8B F1 B1 61 01 90 D2 A6 93 94 B0 FB 04 00 6D
2026-10-09 18:39:06,375 RX_BYTE 8B
2026-10-09 18:39:06,375 RX_BYTE F1
2026-10-09 18:39:06,375 RX_BYTE B1
2026-10-09 18:39:06,375 RX_BYTE 61
2026-10-09 18:39:06,375 RX_BYTE 01
2026-10-09 18:39:06,375 RX_BYTE 90
2026-10-09 18:39:06,375 RX_BYTE D2
2026-10-09 18:39:06,375 RX_BYTE A6
2026-10-09 18:39:06,375 RX_BYTE 93
2026-10-09 18:39:06,375 RX_BYTE 94
2026-10-09 18:39:06,375 RX_BYTE B0
2026-10-09 18:39:06,375 RX_BYTE FB
2026-10-09 18:39:06,375 RX_BYTE 04
2026-10-09 18:39:06,375 RX_BYTE 00
2026-10-09 18:39:06,375 RX_BYTE 6D
2026-10-09 18:39:06,375 RX 8B F1 B1 61 01 90 D2 A6 93 94 B0 FB 04 00 6D
2026-10-09 18:39:06,375 RX_BYTE 8B
2026-10-09 18:39:06,375 RX_BYTE F1
2026-10-09 18:39:06,375 RX_BYTE B1
2026-10-09 18:39:06,375 RX_BYTE 61
2026-10-09 18:39:06,375 RX_BYTE 01
2026-10-09 18:39:06,375 RX_BYTE 90
2026-10-09 18:39:06,375 RX_BYTE D2
2026-10-09 18:39:06,375 RX_BYTE A6
2026-10-09 18:39:06,375 RX_BYTE 93
2026-10-09 18:39:06,375 RX_BYTE 94
2026-10-09 18:39:06,376 RX_BYTE B0
2026-10-09 18:39:06,376 RX_BYTE FB
2026-10-09 18:39:06,376 RX_BYTE 04
2026-10-09 18:39:06,376 RX_BYTE 00
2026-10-09 18:39:06,376 RX_BYTE 6D
2026-10-09 18:39:06,376 RX 8B F1 B1 61 01 90 D2 A6 93 94 B0 FB 04 00 6D
2026-10-09 18:39:06,376 RX_BYTE 8B
2026-10-09 18:39:06,376 RX_BYTE F1
2026-10-09 18:39:06,376 RX_BYTE B1
2026-10-09 18:39:06,376 RX_BYTE 61
2026-10-09 18:39:06,376 RX_BYTE 01
2026-10-09 18:39:06,376 RX_BYTE 90
2026-10-09 18:39:06,376 RX_BYTE D2
2026-10-09 18:39:06,376 RX_BYTE A6
2026-10-09 18:39:06,376 RX_BYTE 93
2026-10-09 18:39:06,376 RX_BYTE 94
2026-10-09 18:39:06,376 RX_BYTE B0
2026-10-09 18:39:06,376 RX_BYTE FB
2026-10-09 18:39:06,376 RX_BYTE 04
2026-10-09 18:39:06,376 RX_BYTE 00
2026-10-09 18:39:06,376 RX_BYTE 6D
2026-10-09 18:39:06,376 RX 8B F1 B1 61 01 90 D2 A6 93 94 B0 FB 04 00 6D
2026-10-09 18:39:06,376 RX_BYTE 8B
2026-10-09 18:39:06,376 RX_BYTE F1
2026-10-09 18:39:06,376 RX_BYTE B1
2026-10-09 18:39:06,376 RX_BYTE 61
2026-10-09 18:39:06,376 RX_BYTE 01
2026-10-09 18:39:06,376 RX_BYTE 90
2026-10-09 18:39:06,376 RX_BYTE D2
2026-10-09 18:39:06,376 RX_BYTE A6
2026-10-09 18:39:06,376 RX_BYTE 93
2026-10-09 18:39:06,376 RX_BYTE 94
2026-10-09 18:39:06,376 RX_BYTE B0
2026-10-09 18:39:06,376 RX_BYTE FB
2026-10-09 18:39:06,376 RX_BYTE 04
2026-10-09 18:39:06,376 RX_BYTE 00
2026-10-09 18:39:06,376 RX_BYTE 6D
2026-10-09 18:39:06,376 RX 8B F1 B1 61 01 90 D2 A6 93 94 B0 FB 04 00 6D
2026-10-09 18:39:06,376 RX_BYTE 8B
2026-10-09 18:39:06,376 RX_BYTE F1
2026-10-09 18:39:06,376 RX_BYTE B1
2026-10-09 18:39:06,376 RX_BYTE 61
2026-10-09 18:39:06,376 RX_BYTE 01
2026-10-09 18:39:06,376 RX_BYTE 90
2026-10-09 18:39:06,376 RX_BYTE D2
2026-10-09 18:39:06,376 RX_BYTE A6
2026-10-09 18:39:06,376 RX_BYTE 93
2026-10-09 18:39:06,376 RX_BYTE 94
2026-10-09 18:39:06,376 RX_BYTE B0
2026-10-09 18:39:06,376 RX_BYTE FB
2026-10-09 18:39:06,376 RX_BYTE 04
2026-10-09 18:39:06,376 RX_BYTE 00
2026-10-09 18:39:06,376 RX_BYTE 6D
2026-10-09 18:39:06,376 RX 8B F1 B1 61 01 90 D2 A6 93 94 B0 FB 04 00 6D
2026-10-09 18:39:06,376 RX_BYTE 8B
2026-10-09 18:39:06,376 RX_BYTE F1
2026-10-09 18:39:06,376 RX_BYTE B1
2026-10-09 18:39:06,376 RX_BYTE 61
2026-10-09 18:39:06,376 RX_BYTE 01
2026-10-09 18:39:06,376 RX_BYTE 90
2026-10-09 18:39:06,376 RX_BYTE D2
2026-10-09 18:39:06,376 RX_BYTE A6
2026-10-09 18:39:06,377 RX_BYTE 93
2026-10-09 18:39:06,377 RX_BYTE 94
2026-10-09 18:39:06,377 RX_BYTE B0
2026-10-09 18:39:06,377 RX_BYTE FB
2026-10-09 18:39:06,377 RX_BYTE 04
2026-10-09 18:39:06,377 RX_BYTE 00
2026-10-09 18:39:06,377 RX_BYTE 6D
2026-10-09 18:39:06,377 RX 8B F1 B1 61 01 90 D2 A6 93 94 B0 FB 04 00 6D
2026-10-09 18:39:06,377 RX_BYTE 8B
2026-10-09 18:39:06,377 RX_BYTE F1
2026-10-09 18:39:06,377 RX_BYTE B1
2026-10-09 18:39:06,377 RX_BYTE 61
2026-10-09 18:39:06,377 RX_BYTE 01
2026-10-09 18:39:06,377 RX_BYTE 90
2026-10-09 18:39:06,377 RX_BYTE D2
2026-10-09 18:39:06,377 RX_BYTE A6
2026-10-09 18:39:06,377 RX_BYTE 93
2026-10-09 18:39:06,377 RX_BYTE 94
2026-10-09 18:39:06,377 RX_BYTE B0
2026-10-09 18:39:06,377 RX_BYTE FB
2026-10-09 18:39:06,377 RX_BYTE 04
2026-10-09 18:39:06,377 RX_BYTE 00
2026-10-09 18:39:06,377 RX_BYTE 6D
2026-10-09 18:39:06,377 RX 8B F1 B1 61 01 90 D2 A6 93 94 B0 FB 04 00 6D
2026-10-09 18:39:06,377 RX_BYTE 8B
2026-10-09 18:39:06,377 RX_BYTE F1
2026-10-09 18:39:06,377 RX_BYTE B1
2026-10-09 18:39:06,377 RX_BYTE 61
2026-10-09 18:39:06,377 RX_BYTE 01
2026-10-09 18:39:06,377 RX_BYTE 90
2026-10-09 18:39:06,377 RX_BYTE D2
2026-10-09 18:39:06,377 RX_BYTE A6
2026-10-09 18:39:06,377 RX_BYTE 93
2026-10-09 18:39:06,377 RX_BYTE 94
2026-10-09 18:39:06,377 RX_BYTE B0
2026-10-09 18:39:06,377 RX_BYTE FB
2026-10-09 18:39:06,377 RX_BYTE 04
2026-10-09 18:39:06,377 RX_BYTE 00
2026-10-09 18:39:06,377 RX_BYTE 6D
2026-10-09 18:39:06,377 RX 8B F1 B1 61 01 90 D2 A6 93 94 B0 FB 04 00 6D
2026-10-09 18:39:06,377 RX_BYTE 8B
2026-10-09 18:39:06,377 RX_BYTE F1
2026-10-09 18:39:06,377 RX_BYTE B1
2026-10-09 18:39:06,377 RX_BYTE 61
2026-10-09 18:39:06,377 RX_BYTE 01
2026-10-09 18:39:06,377 RX_BYTE 90
2026-10-09 18:39:06,377 RX_BYTE D2
2026-10-09 18:39:06,377 RX_BYTE A6
2026-10-09 18:39:06,377 RX_BYTE 93
2026-10-09 18:39:06,377 RX_BYTE 94
2026-10-09 18:39:06,377 RX_BYTE B0
2026-10-09 18:39:06,377 RX_BYTE FB
2026-10-09 18:39:06,377 RX_BYTE 04
2026-10-09 18:39:06,377 RX_BYTE 00
2026-10-09 18:39:06,377 RX_BYTE 6D
2026-10-09 18:39:06,377 RX 8B F1 B1 61 01 90 D2 A6 93 94 B0 FB 04 00 6D
2026-10-09 18:39:06,377 RX_BYTE 8B
2026-10-09 18:39:06,377 RX_BYTE F1
2026-10-09 18:39:06,377 RX_BYTE B1
2026-10-09 18:39:06,377 RX_BYTE 61
2026-10-09 18:39:06,377 RX_BYTE 01
2026-10-09 18:39:06,377 RX_BYTE 90
2026-10-09 18:39:06,377 RX_BYTE D2
2026-10-09 18:39:06,378 RX_BYTE A6
2026-10-09 18:39:06,378 RX_BYTE 93
2026-10-09 18:39:06,378 RX_BYTE 94
2026-10-09 18:39:06,378 RX_BYTE B0
2026-10-09 18:39:06,378 RX_BYTE FB
2026-10-09 18:39:06,378 RX_BYTE 04
2026-10-09 18:39:06,378 RX_BYTE 00
2026-10-09 18:39:06,378 RX_BYTE 6D
2026-10-09 18:39:06,378 RX 8B F1 B1 61 01 90 D2 A6 93 94 B0 FB 04 00 6D
2026-10-09 18:39:06,378 RX_BYTE 8B
2026-10-09 18:39:06,378 RX_BYTE F1
2026-10-09 18:39:06,378 RX_BYTE B1
2026-10-09 18:39:06,378 RX_BYTE 61
2026-10-09 18:39:06,378 RX_BYTE 01
2026-10-09 18:39:06,378 RX_BYTE 90
2026-10-09 18:39:06,378 RX_BYTE D2
2026-10-09 18:39:06,378 RX_BYTE A6
2026-10-09 18:39:06,378 RX_BYTE 93
2026-10-09 18:39:06,378 RX_BYTE 94
2026-10-09 18:39:06,378 RX_BYTE B0
2026-10-09 18:39:06,378 RX_BYTE FB
2026-10-09 18:39:06,378 RX_BYTE 04
2026-10-09 18:39:06,378 RX_BYTE 00
2026-10-09 18:39:06,378 RX_BYTE 6D
2026-10-09 18:39:06,378 RX 8B F1 B1 61 01 90 D2 A6 93 94 B0 FB 04 00 6D
2026-10-09 18:39:06,378 RX_BYTE 8B
2026-10-09 18:39:06,378 RX_BYTE F1
2026-10-09 18:39:06,378 RX_BYTE B1
2026-10-09 18:39:06,378 RX_BYTE 61
2026-10-09 18:39:06,378 RX_BYTE 01
2026-10-09 18:39:06,378 RX_BYTE 90
2026-10-09 18:39:06,378 RX_BYTE D2
2026-10-09 18:39:06,378 RX_BYTE A6
2026-10-09 18:39:06,378 RX_BYTE 93
2026-10-09 18:39:06,378 RX_BYTE 94
2026-10-09 18:39:06,378 RX_BYTE B0
2026-10-09 18:39:06,378 RX_BYTE FB
2026-10-09 18:39:06,378 RX_BYTE 04
2026-10-09 18:39:06,378 RX_BYTE 00
2026-10-09 18:39:06,378 RX_BYTE 6D
2026-10-09 18:39:06,378 RX 8B F1 B1 61 01 90 D2 A6 93 94 B0 FB 04 00 6D
2026-10-09 18:39:06,378 RX_BYTE 8B
2026-10-09 18:39:06,378 RX_BYTE F1
2026-10-09 18:39:06,378 RX_BYTE B1
2026-10-09 18:39:06,378 RX_BYTE 61
2026-10-09 18:39:06,378 RX_BYTE 01
2026-10-09 18:39:06,378 RX_BYTE 90
2026-10-09 18:39:06,378 RX_BYTE D2
2026-10-09 18:39:06,378 RX_BYTE A6
2026-10-09 18:39:06,378 RX_BYTE 93
2026-10-09 18:39:06,378 RX_BYTE 94
2026-10-09 18:39:06,378 RX_BYTE B0
2026-10-09 18:39:06,378 RX_BYTE FB
2026-10-09 18:39:06,378 RX_BYTE 04
2026-10-09 18:39:06,378 RX_BYTE 00
2026-10-09 18:39:06,378 RX_BYTE 6D
2026-10-09 18:39:06,378 RX 8B F1 B1 61 01 90 D2 A6 93 94 B0 FB 04 00 6D
2026-10-09 18:39:06,378 RX_BYTE 8B
2026-10-09 18:39:06,378 RX_BYTE F1
2026-10-09 18:39:06,378 RX_BYTE B1
2026-10-09 18:39:06,378 RX_BYTE 61
2026-10-09 18:39:06,378 RX_BYTE 01
2026-10-09 18:39:06,379 RX_BYTE 90
2026-10-09 18:39:06,379 RX_BYTE D2
2026-10-09 18:39:06,379 RX_BYTE A6
2026-10-09 18:39:06,379 RX_BYTE 93
2026-10-09 18:39:06,379 RX_BYTE 94
2026-10-09 18:39:06,379 RX_BYTE B0
2026-10-09 18:39:06,379 RX_BYTE FB
2026-10-09 18:39:06,379 RX_BYTE 04
2026-10-09 18:39:06,379 RX_BYTE 00
2026-10-09 18:39:06,379 RX_BYTE 6D
2026-10-09 18:39:06,379 RX 8B F1 B1 61 01 90 D2 A6 93 94 B0 FB 04 00 6D
2026-10-09 18:39:06,379 RX_BYTE 8B
2026-10-09 18:39:06,379 RX_BYTE F1
2026-10-09 18:39:06,379 RX_BYTE B1
2026-10-09 18:39:06,379 RX_BYTE 61
2026-10-09 18:39:06,379 RX_BYTE 01
2026-10-09 18:39:06,379 RX_BYTE 90
2026-10-09 18:39:06,379 RX_BYTE D2
2026-10-09 18:39:06,379 RX_BYTE A6
2026-10-09 18:39:06,379 RX_BYTE 93
2026-10-09 18:39:06,379 RX_BYTE 94
2026-10-09 18:39:06,379 RX_BYTE B0
2026-10-09 18:39:06,379 RX_BYTE FB
2026-10-09 18:39:06,379 RX_BYTE 04
2026-10-09 18:39:06,379 RX_BYTE 00
2026-10-09 18:39:06,379 RX_BYTE 6D
2026-10-09 18:39:06,379 RX 8B F1 B1 61 01 90 D2 A6 93 94 B0 FB 04 00 6D
2026-10-09 18:39:06,379 RX_BYTE 8B
2026-10-09 18:39:06,379 RX_BYTE F1
2026-10-09 18:39:06,379 RX_BYTE B1
2026-10-09 18:39:06,379 RX_BYTE 61
2026-10-09 18:39:06,379 RX_BYTE 01
2026-10-09 18:39:06,379 RX_BYTE 90
2026-10-09 18:39:06,379 RX_BYTE D2
2026-10-09 18:39:06,379 RX_BYTE A6
2026-10-09 18:39:06,379 RX_BYTE 93
2026-10-09 18:39:06,379 RX_BYTE 94
2026-10-09 18:39:06,379 RX_BYTE B0
2026-10-09 18:39:06,379 RX_BYTE FB
2026-10-09 18:39:06,379 RX_BYTE 04
2026-10-09 18:39:06,379 RX_BYTE 00
2026-10-09 18:39:06,379 RX_BYTE 6D
2026-10-09 18:39:06,379 RX 8B F1 B1 61 01 90 D2 A6 93 94 B0 FB 04 00 6D
2026-10-09 18:39:06,379 RX_BYTE 8B
2026-10-09 18:39:06,379 RX_BYTE F1
2026-10-09 18:39:06,379 RX_BYTE B1
2026-10-09 18:39:06,379 RX_BYTE 61
2026-10-09 18:39:06,379 RX_BYTE 01
2026-10-09 18:39:06,379 RX_BYTE 90
2026-10-09 18:39:06,379 RX_BYTE D2
2026-10-09 18:39:06,379 RX_BYTE A6
2026-10-09 18:39:06,379 RX_BYTE 93
2026-10-09 18:39:06,379 RX_BYTE 94
2026-10-09 18:39:06,379 RX_BYTE B0
2026-10-09 18:39:06,379 RX_BYTE FB
2026-10-09 18:39:06,379 RX_BYTE 04
2026-10-09 18:39:06,379 RX_BYTE 00
2026-10-09 18:39:06,379 RX_BYTE 6D
2026-10-09 18:39:06,379 RX 8B F1 B1 61 01 90 D2 A6 93 94 B0 FB 04 00 6D
2026-10-09 18:39:06,379 RX_BYTE 8B
2026-10-09 18:39:06,379 RX_BYTE F1
2026-10-09 18:39:06,379 RX_BYTE B1
2026-10-09 18:39:06,380 RX_BYTE 61
2026-10-09 18:39:06,380 RX_BYTE 01
2026-10-09 18:39:06,380 RX_BYTE 90
2026-10-09 18:39:06,380 RX_BYTE D2
2026-10-09 18:39:06,380 RX_BYTE A6
2026-10-09 18:39:06,380 RX_BYTE 93
2026-10-09 18:39:06,380 RX_BYTE 94
2026-10-09 18:39:06,380 RX_BYTE B0
2026-10-09 18:39:06,380 RX_BYTE FB
2026-10-09 18:39:06,380 RX_BYTE 04
2026-10-09 18:39:06,380 RX_BYTE 00
2026-10-09 18:39:06,380 RX_BYTE 6D
2026-10-09 18:39:06,380 RX 8B F1 B1 61 01 90 D2 A6 93 94 B0 FB 04 00 6D
2026-10-09 18:39:06,380 RX_BYTE 8B
2026-10-09 18:39:06,380 RX_BYTE F1
2026-10-09 18:39:06,380 RX_BYTE B1
2026-10-09 18:39:06,380 RX_BYTE 61
2026-10-09 18:39:06,380 RX_BYTE 01
2026-10-09 18:39:06,380 RX_BYTE 90
2026-10-09 18:39:06,380 RX_BYTE D2
2026-10-09 18:39:06,380 RX_BYTE A6
2026-10-09 18:39:06,380 RX_BYTE 93
2026-10-09 18:39:06,380 RX_BYTE 94
2026-10-09 18:39:06,380 RX_BYTE B0
2026-10-09 18:39:06,380 RX_BYTE FB
2026-10-09 18:39:06,380 RX_BYTE 04
2026-10-09 18:39:06,380 RX_BYTE 00
2026-10-09 18:39:06,380 RX_BYTE 6D
2026-10-09 18:39:06,380 RX 8B F1 B1 61 01 90 D2 A6 93 94 B0 FB 04 00 6D
2026-10-09 18:39:06,380 RX_BYTE 8B
2026-10-09 18:39:06,380 RX_BYTE F1
2026-10-09 18:39:06,380 RX_BYTE B1
2026-10-09 18:39:06,380 RX_BYTE 61
2026-10-09 18:39:06,380 RX_BYTE 01
2026-10-09 18:39:06,380 RX_BYTE 90
2026-10-09 18:39:06,380 RX_BYTE D2
2026-10-09 18:39:06,380 RX_BYTE A6
2026-10-09 18:39:06,380 RX_BYTE 93
2026-10-09 18:39:06,380 RX_BYTE 94
2026-10-09 18:39:06,380 RX_BYTE B0
2026-10-09 18:39:06,380 RX_BYTE FB
2026-10-09 18:39:06,380 RX_BYTE 04
2026-10-09 18:39:06,380 RX_BYTE 00
2026-10-09 18:39:06,380 RX_BYTE 6D
2026-10-09 18:39:06,380 RX 8B F1 B1 61 01 90 D2 A6 93 94 B0 FB 04 00 6D
2026-10-09 18:39:06,380 RX_BYTE 8B
2026-10-09 18:39:06,380 RX_BYTE F1
2026-10-09 18:39:06,380 RX_BYTE B1
2026-10-09 18:39:06,380 RX_BYTE 61
2026-10-09 18:39:06,380 RX_BYTE 01
2026-10-09 18:39:06,380 RX_BYTE 90
2026-10-09 18:39:06,380 RX_BYTE D2
2026-10-09 18:39:06,380 RX_BYTE A6
2026-10-09 18:39:06,380 RX_BYTE 93
2026-10-09 18:39:06,380 RX_BYTE 94
2026-10-09 18:39:06,380 RX_BYTE B0
2026-10-09 18:39:06,380 RX_BYTE FB
2026-10-09 18:39:06,380 RX_BYTE 04
2026-10-09 18:39:06,380 RX_BYTE 00
2026-10-09 18:39:06,380 RX_BYTE 6D
2026-10-09 18:39:06,380 RX 8B F1 B1 61 01 90 D2 A6 93 94 B0 FB 04 00 6D
2026-10-09 18:39:06,380 RX_BYTE 8B
2026-10-09 18:39:06,380 RX_BYTE F1
2026-10-09 18:39:06,381 RX_BYTE B1
2026-10-09 18:39:06,381 RX_BYTE 61
2026-10-09 18:39:06,381 RX_BYTE 01
2026-10-09 18:39:06,381 RX_BYTE 90
2026-10-09 18:39:06,381 RX_BYTE D2
2026-10-09 18:39:06,381 RX_BYTE A6
2026-10-09 18:39:06,381 RX_BYTE 93
2026-10-09 18:39:06,381 RX_BYTE 94
2026-10-09 18:39:06,381 RX_BYTE B0
2026-10-09 18:39:06,381 RX_BYTE FB
2026-10-09 18:39:06,381 RX_BYTE 04
2026-10-09 18:39:06,381 RX_BYTE 00
2026-10-09 18:39:06,381 RX_BYTE 6D
2026-10-09 18:39:06,381 RX 8B F1 B1 61 01 90 D2 A6 93 94 B0 FB 04 00 6D
2026-10-09 18:39:06,381 RX_BYTE 8B
2026-10-09 18:39:06,381 RX_BYTE F1
2026-10-09 18:39:06,381 RX_BYTE B1
2026-10-09 18:39:06,381 RX_BYTE 61
2026-10-09 18:39:06,381 RX_BYTE 01
2026-10-09 18:39:06,381 RX_BYTE 90
2026-10-09 18:39:06,381 RX_BYTE D2
2026-10-09 18:39:06,381 RX_BYTE A6
2026-10-09 18:39:06,381 RX_BYTE 93
2026-10-09 18:39:06,381 RX_BYTE 94
2026-10-09 18:39:06,381 RX_BYTE B0
2026-10-09 18:39:06,381 RX_BYTE FB
2026-10-09 18:39:06,381 RX_BYTE 04
2026-10-09 18:39:06,381 RX_BYTE 00
2026-10-09 18:39:06,381 RX_BYTE 6D
2026-10-09 18:39:06,381 RX 8B F1 B1 61 01 90 D2 A6 93 94 B0 FB 04 00 6D
2026-10-09 18:39:06,381 RX_BYTE 8B
2026-10-09 18:39:06,381 RX_BYTE F1
2026-10-09 18:39:06,381 RX_BYTE B1
2026-10-09 18:39:06,381 RX_BYTE 61
2026-10-09 18:39:06,381 RX_BYTE 01
2026-10-09 18:39:06,381 RX_BYTE 90
2026-10-09 18:39:06,381 RX_BYTE D2
2026-10-09 18:39:06,381 RX_BYTE A6
2026-10-09 18:39:06,381 RX_BYTE 93
2026-10-09 18:39:06,381 RX_BYTE 94
2026-10-09 18:39:06,381 RX_BYTE B0
2026-10-09 18:39:06,381 RX_BYTE FB
2026-10-09 18:39:06,381 RX_BYTE 04
2026-10-09 18:39:06,381 RX_BYTE 00
2026-10-09 18:39:06,381 RX_BYTE 6D
2026-10-09 18:39:06,381 RX 8B F1 B1 61 01 90 D2 A6 93 94 B0 FB 04 00 6D
2026-10-09 18:39:06,381 RX_BYTE 8B
2026-10-09 18:39:06,381 RX_BYTE F1
2026-10-09 18:39:06,381 RX_BYTE B1
2026-10-09 18:39:06,381 RX_BYTE 61
2026-10-09 18:39:06,381 RX_BYTE 01
2026-10-09 18:39:06,381 RX_BYTE 90
2026-10-09 18:39:06,381 RX_BYTE D2
2026-10-09 18:39:06,381 RX_BYTE A6
2026-10-09 18:39:06,381 RX_BYTE 93
2026-10-09 18:39:06,381 RX_BYTE 94
2026-10-09 18:39:06,381 RX_BYTE B0
2026-10-09 18:39:06,381 RX_BYTE FB
2026-10-09 18:39:06,381 RX_BYTE 04
2026-10-09 18:39:06,381 RX_BYTE 00
2026-10-09 18:39:06,381 RX_BYTE 6D
2026-10-09 18:39:06,381 RX 8B F1 B1 61 01 90 D2 A6 93 94 B0 FB 04 00 6D
2026-10-09 18:39:06,381 RX_BYTE 8B
2026-10-09 18:39:06,382 RX_BYTE F1
2026-10-09 18:39:06,382 RX_BYTE B1
2026-10-09 18:39:06,382 RX_BYTE 61
2026-10-09 18:39:06,382 RX_BYTE 01
2026-10-09 18:39:06,382 RX_BYTE 90
2026-10-09 18:39:06,382 RX_BYTE D2
2026-10-09 18:39:06,382 RX_BYTE A6
2026-10-09 18:39:06,382 RX_BYTE 93
2026-10-09 18:39:06,382 RX_BYTE 94
2026-10-09 18:39:06,382 RX_BYTE B0
2026-10-09 18:39:06,382 RX_BYTE FB
2026-10-09 18:39:06,382 RX_BYTE 04
2026-10-09 18:39:06,382 RX_BYTE 00
2026-10-09 18:39:06,382 RX_BYTE 6D
2026-10-09 18:39:06,382 RX 8B F1 B1 61 01 90 D2 A6 93 94 B0 FB 04 00 6D
2026-10-09 18:39:06,382 RX_BYTE 8B
2026-10-09 18:39:06,382 RX_BYTE F1
2026-10-09 18:39:06,382 RX_BYTE B1
2026-10-09 18:39:06,382 RX_BYTE 61
2026-10-09 18:39:06,382 RX_BYTE 01
2026-10-09 18:39:06,382 RX_BYTE 90
2026-10-09 18:39:06,382 RX_BYTE D2
2026-10-09 18:39:06,382 RX_BYTE A6
2026-10-09 18:39:06,382 RX_BYTE 93
2026-10-09 18:39:06,382 RX_BYTE 94
2026-10-09 18:39:06,382 RX_BYTE B0
2026-10-09 18:39:06,382 RX_BYTE FB
2026-10-09 18:39:06,382 RX_BYTE 04
2026-10-09 18:39:06,382 RX_BYTE 00
2026-10-09 18:39:06,382 RX_BYTE 6D
2026-10-09 18:39:06,382 RX 8B F1 B1 61 01 90 D2 A6 93 94 B0 FB 04 00 6D
2026-10-09 18:39:06,382 RX_BYTE 8B
2026-10-09 18:39:06,382 RX_BYTE F1
2026-10-09 18:39:06,382 RX_BYTE B1
2026-10-09 18:39:06,382 RX_BYTE 61
2026-10-09 18:39:06,382 RX_BYTE 01
2026-10-09 18:39:06,382 RX_BYTE 90
2026-10-09 18:39:06,382 RX_BYTE D2
2026-10-09 18:39:06,382 RX_BYTE A6
2026-10-09 18:39:06,382 RX_BYTE 93
2026-10-09 18:39:06,382 RX_BYTE 94
2026-10-09 18:39:06,382 RX_BYTE B0
2026-10-09 18:39:06,382 RX_BYTE FB
2026-10-09 18:39:06,382 RX_BYTE 04
2026-10-09 18:39:06,382 RX_BYTE 00
2026-10-09 18:39:06,382 RX_BYTE 6D
2026-10-09 18:39:06,382 RX 8B F1 B1 61 01 90 D2 A6 93 94 B0 FB 04 00 6D
2026-10-09 18:39:06,382 RX_BYTE 8B
2026-10-09 18:39:06,382 RX_BYTE F1
2026-10-09 18:39:06,382 RX_BYTE B1
2026-10-09 18:39:06,382 RX_BYTE 61
2026-10-09 18:39:06,382 RX_BYTE 01
2026-10-09 18:39:06,382 RX_BYTE 90
2026-10-09 18:39:06,382 RX_BYTE D2
2026-10-09 18:39:06,382 RX_BYTE A6
2026-10-09 18:39:06,382 RX_BYTE 93
2026-10-09 18:39:06,382 RX_BYTE 94
2026-10-09 18:39:06,382 RX_BYTE B0
2026-10-09 18:39:06,382 RX_BYTE FB
2026-10-09 18:39:06,382 RX_BYTE 04
2026-10-09 18:39:06,382 RX_BYTE 00
2026-10-09 18:39:06,382 RX_BYTE 6D
2026-10-09 18:39:06,382 RX 8B F1 B1 61 01 90 D2 A6 93 94 B0 FB 04 00 6D
2026-10-09 18:39:06,383 RX_BYTE 8B
2026-10-09 18:39:06,383 RX_BYTE F1
2026-10-09 18:39:06,383 RX_BYTE B1
2026-10-09 18:39:06,383 RX_BYTE 61
2026-10-09 18:39:06,383 RX_BYTE 01
2026-10-09 18:39:06,383 RX_BYTE 90
2026-10-09 18:39:06,383 RX_BYTE D2
2026-10-09 18:39:06,383 RX_BYTE A6
2026-10-09 18:39:06,383 RX_BYTE 93
2026-10-09 18:39:06,383 RX_BYTE 94
2026-10-09 18:39:06,383 RX_BYTE B0
2026-10-09 18:39:06,383 RX_BYTE FB
2026-10-09 18:39:06,383 RX_BYTE 04
2026-10-09 18:39:06,383 RX_BYTE 00
2026-10-09 18:39:06,383 RX_BYTE 6D
2026-10-09 18:39:06,383 RX 8B F1 B1 61 01 90 D2 A6 93 94 B0 FB 04 00 6D
2026-10-09 18:39:06,383 RX_BYTE 8B
2026-10-09 18:39:06,383 RX_BYTE F1
2026-10-09 18:39:06,383 RX_BYTE B1
2026-10-09 18:39:06,383 RX_BYTE 61
2026-10-09 18:39:06,383 RX_BYTE 01
2026-10-09 18:39:06,383 RX_BYTE 90
2026-10-09 18:39:06,383 RX_BYTE D2
2026-10-09 18:39:06,383 RX_BYTE A6
2026-10-09 18:39:06,383 RX_BYTE 93
2026-10-09 18:39:06,383 RX_BYTE 94
2026-10-09 18:39:06,383 RX_BYTE B0
2026-10-09 18:39:06,383 RX_BYTE FB
2026-10-09 18:39:06,383 RX_BYTE 04
2026-10-09 18:39:06,383 RX_BYTE 00
2026-10-09 18:39:06,383 RX_BYTE 6D
2026-10-09 18:39:06,383 RX 8B F1 B1 61 01 90 D2 A6 93 94 B0 FB 04 00 6D
2026-10-09 18:39:06,383 RX_BYTE 8B
2026-10-09 18:39:06,383 RX_BYTE F1
2026-10-09 18:39:06,383 RX_BYTE B1
2026-10-09 18:39:06,383 RX_BYTE 61
2026-10-09 18:39:06,383 RX_BYTE 01
2026-10-09 18:39:06,383 RX_BYTE 90
2026-10-09 18:39:06,383 RX_BYTE D2
2026-10-09 18:39:06,383 RX_BYTE A6
2026-10-09 18:39:06,383 RX_BYTE 93
2026-10-09 18:39:06,383 RX_BYTE 94
2026-10-09 18:39:06,383 RX_BYTE B0
2026-10-09 18:39:06,383 RX_BYTE FB
2026-10-09 18:39:06,383 RX_BYTE 04
2026-10-09 18:39:06,383 RX_BYTE 00
2026-10-09 18:39:06,383 RX_BYTE 6D
2026-10-09 18:39:06,383 RX 8B F1 B1 61 01 90 D2 A6 93 94 B0 FB 04 00 6D
2026-10-09 18:39:06,383 RX_BYTE 8B
2026-10-09 18:39:06,383 RX_BYTE F1
2026-10-09 18:39:06,383 RX_BYTE B1
2026-10-09 18:39:06,383 RX_BYTE 61
2026-10-09 18:39:06,383 RX_BYTE 01
2026-10-09 18:39:06,383 RX_BYTE 90
2026-10-09 18:39:06,383 RX_BYTE D2
2026-10-09 18:39:06,383 RX_BYTE A6
2026-10-09 18:39:06,383 RX_BYTE 93
2026-10-09 18:39:06,383 RX_BYTE 94
2026-10-09 18:39:06,383 RX_BYTE B0
2026-10-09 18:39:06,383 RX_BYTE FB
2026-10-09 18:39:06,383 RX_BYTE 04
2026-10-09 18:39:06,383 RX_BYTE 00
2026-10-09 18:39:06,384 RX_BYTE 6D
2026-10-09 18:39:06,384 RX 8B F1 B1 61 01 90 D2 A6 93 94 B0 FB 04 00 6D
2026-10-09 18:39:06,384 RX_BYTE 8B
2026-10-09 18:39:06,384 RX_BYTE F1
2026-10-09 18:39:06,384 RX_BYTE B1
2026-10-09 18:39:06,384 RX_BYTE 61
2026-10-09 18:39:06,384 RX_BYTE 01
2026-10-09 18:39:06,384 RX_BYTE 90
2026-10-09 18:39:06,384 RX_BYTE D2
2026-10-09 18:39:06,384 RX_BYTE A6
2026-10-09 18:39:06,384 RX_BYTE 93
2026-10-09 18:39:06,384 RX_BYTE 94
2026-10-09 18:39:06,384 RX_BYTE B0
2026-10-09 18:39:06,384 RX_BYTE FB
2026-10-09 18:39:06,384 RX_BYTE 04
2026-10-09 18:39:06,384 RX_BYTE 00
2026-10-09 18:39:06,384 RX_BYTE 6D
2026-10-09 18:39:06,384 RX 8B F1 B1 61 01 90 D2 A6 93 94 B0 FB 04 00 6D
2026-10-09 18:39:06,384 RX_BYTE 8B
2026-10-09 18:39:06,384 RX_BYTE F1
2026-10-09 18:39:06,384 RX_BYTE B1
2026-10-09 18:39:06,384 RX_BYTE 61
2026-10-09 18:39:06,384 RX_BYTE 01
2026-10-09 18:39:06,384 RX_BYTE 90
2026-10-09 18:39:06,384 RX_BYTE D2
2026-10-09 18:39:06,384 RX_BYTE A6
2026-10-09 18:39:06,384 RX_BYTE 93
2026-10-09 18:39:06,384 RX_BYTE 94
2026-10-09 18:39:06,384 RX_BYTE B0
2026-10-09 18:39:06,384 RX_BYTE FB
2026-10-09 18:39:06,384 RX_BYTE 04
2026-10-09 18:39:06,384 RX_BYTE 00
2026-10-09 18:39:06,384 RX_BYTE 6D
2026-10-09 18:39:06,384 RX 8B F1 B1 61 01 90 D2 A6 93 94 B0 FB 04 00 6D
2026-10-09 18:39:06,384 RX_BYTE 8B
2026-10-09 18:39:06,384 RX_BYTE F1
2026-10-09 18:39:06,384 RX_BYTE B1
2026-10-09 18:39:06,384 RX_BYTE 61
2026-10-09 18:39:06,384 RX_BYTE 01
2026-10-09 18:39:06,384 RX_BYTE 90
2026-10-09 18:39:06,384 RX_BYTE D2
2026-10-09 18:39:06,384 RX_BYTE A6
2026-10-09 18:39:06,384 RX_BYTE 93
2026-10-09 18:39:06,384 RX_BYTE 94
2026-10-09 18:39:06,384 RX_BYTE B0
2026-10-09 18:39:06,384 RX_BYTE FB
2026-10-09 18:39:06,384 RX_BYTE 04
2026-10-09 18:39:06,384 RX_BYTE 00
2026-10-09 18:39:06,384 RX_BYTE 6D
2026-10-09 18:39:06,384 RX 8B F1 B1 61 01 90 D2 A6 93 94 B0 FB 04 00 6D
2026-10-09 18:39:06,384 RX_BYTE 8B
2026-10-09 18:39:06,384 RX_BYTE F1
2026-10-09 18:39:06,384 RX_BYTE B1
2026-10-09 18:39:06,384 RX_BYTE 61
2026-10-09 18:39:06,384 RX_BYTE 01
2026-10-09 18:39:06,384 RX_BYTE 90
2026-10-09 18:39:06,384 RX_BYTE D2
2026-10-09 18:39:06,384 RX_BYTE A6
2026-10-09 18:39:06,384 RX_BYTE 93
2026-10-09 18:39:06,384 RX_BYTE 94
2026-10-09 18:39:06,384 RX_BYTE B0
2026-10-09 18:39:06,384 RX_BYTE FB
2026-10-09 18:39:06,384 RX_BYTE 04
2026-10-09 18:39:06,385 RX_BYTE 00
2026-10-09 18:39:06,385 RX_BYTE 6D
2026-10-09 18:39:06,385 RX 8B F1 B1 61 01 90 D2 A6 93 94 B0 FB 04 00 6D
2026-10-09 18:39:06,385 RX_BYTE 8B
2026-10-09 18:39:06,385 RX_BYTE F1
2026-10-09 18:39:06,385 RX_BYTE B1
2026-10-09 18:39:06,385 RX_BYTE 61
2026-10-09 18:39:06,385 RX_BYTE 01
2026-10-09 18:39:06,385 RX_BYTE 90
2026-10-09 18:39:06,385 RX_BYTE D2
2026-10-09 18:39:06,385 RX_BYTE A6
2026-10-09 18:39:06,385 RX_BYTE 93
2026-10-09 18:39:06,385 RX_BYTE 94
2026-10-09 18:39:06,385 RX_BYTE B0
2026-10-09 18:39:06,385 RX_BYTE FB
2026-10-09 18:39:06,385 RX_BYTE 04
2026-10-09 18:39:06,385 RX_BYTE 00
2026-10-09 18:39:06,385 RX_BYTE 6D
2026-10-09 18:39:06,385 RX 8B F1 B1 61 01 90 D2 A6 93 94 B0 FB 04 00 6D
2026-10-09 18:39:06,385 RX_BYTE 8B
2026-10-09 18:39:06,385 RX_BYTE F1
2026-10-09 18:39:06,385 RX_BYTE B1
2026-10-09 18:39:06,385 RX_BYTE 61
2026-10-09 18:39:06,385 RX_BYTE 01
2026-10-09 18:39:06,385 RX_BYTE 90
2026-10-09 18:39:06,385 RX_BYTE D2
2026-10-09 18:39:06,385 RX_BYTE A6
2026-10-09 18:39:06,385 RX_BYTE 93
2026-10-09 18:39:06,385 RX_BYTE 94
2026-10-09 18:39:06,385 RX_BYTE B0
2026-10-09 18:39:06,385 RX_BYTE FB
2026-10-09 18:39:06,385 RX_BYTE 04
2026-10-09 18:39:06,385 RX_BYTE 00
2026-10-09 18:39:06,385 RX_BYTE 6D
2026-10-09 18:39:06,385 RX 8B F1 B1 61 01 90 D2 A6 93 94 B0 FB 04 00 6D
2026-10-09 18:39:06,385 RX_BYTE 8B
2026-10-09 18:39:06,385 RX_BYTE F1
2026-10-09 18:39:06,385 RX_BYTE B1
2026-10-09 18:39:06,385 RX_BYTE 61
2026-10-09 18:39:06,385 RX_BYTE 01
2026-10-09 18:39:06,385 RX_BYTE 90
2026-10-09 18:39:06,385 RX_BYTE D2
2026-10-09 18:39:06,385 RX_BYTE A6
2026-10-09 18:39:06,385 RX_BYTE 93
2026-10-09 18:39:06,385 RX_BYTE 94
2026-10-09 18:39:06,385 RX_BYTE B0
2026-10-09 18:39:06,385 RX_BYTE FB
2026-10-09 18:39:06,385 RX_BYTE 04
2026-10-09 18:39:06,385 RX_BYTE 00
2026-10-09 18:39:06,385 RX_BYTE 6D
2026-10-09 18:39:06,385 RX 8B F1 B1 61 01 90 D2 A6 93 94 B0 FB 04 00 6D
2026-10-09 18:39:06,385 RX_BYTE 8B
2026-10-09 18:39:06,385 RX_BYTE F1
2026-10-09 18:39:06,385 RX_BYTE B1
2026-10-09 18:39:06,385 RX_BYTE 61
2026-10-09 18:39:06,385 RX_BYTE 01
2026-10-09 18:39:06,385 RX_BYTE 90
2026-10-09 18:39:06,385 RX_BYTE D2
2026-10-09 18:39:06,385 RX_BYTE A6
2026-10-09 18:39:06,385 RX_BYTE 93
2026-10-09 18:39:06,385 RX_BYTE 94
2026-10-09 18:39:06,385 RX_BYTE B0
2026-10-09 18:39:06,386 RX_BYTE FB
2026-10-09 18:39:06,386 RX_BYTE 04
2026-10-09 18:39:06,386 RX_BYTE 00
2026-10-09 18:39:06,386 RX_BYTE 6D
2026-10-09 18:39:06,386 RX 8B F1 B1 61 01 90 D2 A6 93 94 B0 FB 04 00 6D
2026-10-09 18:39:06,386 RX_BYTE 8B
2026-10-09 18:39:06,386 RX_BYTE F1
2026-10-09 18:39:06,386 RX_BYTE B1
2026-10-09 18:39:06,386 RX_BYTE 61
2026-10-09 18:39:06,386 RX_BYTE 01
2026-10-09 18:39:06,386 RX_BYTE 90
2026-10-09 18:39:06,386 RX_BYTE D2
2026-10-09 18:39:06,386 RX_BYTE A6
2026-10-09 18:39:06,386 RX_BYTE 93
2026-10-09 18:39:06,386 RX_BYTE 94
2026-10-09 18:39:06,386 RX_BYTE B0
2026-10-09 18:39:06,386 RX_BYTE FB
2026-10-09 18:39:06,386 RX_BYTE 04
2026-10-09 18:39:06,386 RX_BYTE 00
2026-10-09 18:39:06,386 RX_BYTE 6D
2026-10-09 18:39:06,386 RX 8B F1 B1 61 01 90 D2 A6 93 94 B0 FB 04 00 6D
2026-10-09 18:39:06,386 RX_BYTE 8B
2026-10-09 18:39:06,386 RX_BYTE F1
2026-10-09 18:39:06,386 RX_BYTE B1
2026-10-09 18:39:06,386 RX_BYTE 61
2026-10-09 18:39:06,386 RX_BYTE 01
2026-10-09 18:39:06,386 RX_BYTE 90
2026-10-09 18:39:06,386 RX_BYTE D2
2026-10-09 18:39:06,386 RX_BYTE A6
2026-10-09 18:39:06,386 RX_BYTE 93
2026-10-09 18:39:06,386 RX_BYTE 94
2026-10-09 18:39:06,386 RX_BYTE B0
2026-10-09 18:39:06,386 RX_BYTE FB
2026-10-09 18:39:06,386 RX_BYTE 04
2026-10-09 18:39:06,386 RX_BYTE 00
2026-10-09 18:39:06,386 RX_BYTE 6D
2026-10-09 18:39:06,386 RX 8B F1 B1 61 01 90 D2 A6 93 94 B0 FB 04 00 6D
2026-10-09 18:39:06,386 RX_BYTE 8B
2026-10-09 18:39:06,386 RX_BYTE F1
2026-10-09 18:39:06,386 RX_BYTE B1
2026-10-09 18:39:06,386 RX_BYTE 61
2026-10-09 18:39:06,386 RX_BYTE 01
2026-10-09 18:39:06,386 RX_BYTE 90
2026-10-09 18:39:06,386 RX_BYTE D2
2026-10-09 18:39:06,386 RX_BYTE A6
2026-10-09 18:39:06,386 RX_BYTE 93
2026-10-09 18:39:06,386 RX_BYTE 94
2026-10-09 18:39:06,386 RX_BYTE B0
2026-10-09 18:39:06,386 RX_BYTE FB
2026-10-09 18:39:06,386 RX_BYTE 04
2026-10-09 18:39:06,386 RX_BYTE 00
2026-10-09 18:39:06,386 RX_BYTE 6D
2026-10-09 18:39:06,386 RX 8B F1 B1 61 01 90 D2 A6 93 94 B0 FB 04 00 6D
2026-10-09 18:39:06,386 RX_BYTE 8B
2026-10-09 18:39:06,386 RX_BYTE F1
2026-10-09 18:39:06,386 RX_BYTE B1
2026-10-09 18:39:06,386 RX_BYTE 61
2026-10-09 18:39:06,386 RX_BYTE 01
2026-10-09 18:39:06,386 RX_BYTE 90
2026-10-09 18:39:06,386 RX_BYTE D2
2026-10-09 18:39:06,386 RX_BYTE A6
2026-10-09 18:39:06,387 RX_BYTE 93
2026-10-09 18:39:06,387 RX_BYTE 94
2026-10-09 18:39:06,387 RX_BYTE B0
2026-10-09 18:39:06,387 RX_BYTE FB
2026-10-09 18:39:06,387 RX_BYTE 04
2026-10-09 18:39:06,387 RX_BYTE 00
2026-10-09 18:39:06,387 RX_BYTE 6D
2026-10-09 18:39:06,387 RX 8B F1 B1 61 01 90 D2 A6 93 94 B0 FB 04 00 6D
2026-10-09 18:39:06,387 RX_BYTE 8B
2026-10-09 18:39:06,387 RX_BYTE F1
2026-10-09 18:39:06,387 RX_BYTE B1
2026-10-09 18:39:06,387 RX_BYTE 61
2026-10-09 18:39:06,387 RX_BYTE 01
2026-10-09 18:39:06,387 RX_BYTE 90
2026-10-09 18:39:06,387 RX_BYTE D2
2026-10-09 18:39:06,387 RX_BYTE A6
2026-10-09 18:39:06,387 RX_BYTE 93
2026-10-09 18:39:06,387 RX_BYTE 94
2026-10-09 18:39:06,387 RX_BYTE B0
2026-10-09 18:39:06,387 RX_BYTE FB
2026-10-09 18:39:06,387 RX_BYTE 04
2026-10-09 18:39:06,387 RX_BYTE 00
2026-10-09 18:39:06,387 RX_BYTE 6D
2026-10-09 18:39:06,387 RX 8B F1 B1 61 01 90 D2 A6 93 94 B0 FB 04 00 6D
2026-10-09 18:39:06,387 RX_BYTE 8B
2026-10-09 18:39:06,387 RX_BYTE F1
2026-10-09 18:39:06,387 RX_BYTE B1
2026-10-09 18:39:06,387 RX_BYTE 61
2026-10-09 18:39:06,387 RX_BYTE 01
2026-10-09 18:39:06,387 RX_BYTE 90
2026-10-09 18:39:06,387 RX_BYTE D2
2026-10-09 18:39:06,387 RX_BYTE A6
2026-10-09 18:39:06,387 RX_BYTE 93
2026-10-09 18:39:06,387 RX_BYTE 94
2026-10-09 18:39:06,387 RX_BYTE B0
2026-10-09 18:39:06,387 RX_BYTE FB
2026-10-09 18:39:06,387 RX_BYTE 04
2026-10-09 18:39:06,387 RX_BYTE 00
2026-10-09 18:39:06,387 RX_BYTE 6D
2026-10-09 18:39:06,387 RX 8B F1 B1 61 01 90 D2 A6 93 94 B0 FB 04 00 6D
2026-10-09 18:39:06,387 RX_BYTE 8B
2026-10-09 18:39:06,387 RX_BYTE F1
2026-10-09 18:39:06,387 RX_BYTE B1
2026-10-09 18:39:06,387 RX_BYTE 61
2026-10-09 18:39:06,387 RX_BYTE 01
2026-10-09 18:39:06,387 RX_BYTE 90
2026-10-09 18:39:06,387 RX_BYTE D2
2026-10-09 18:39:06,387 RX_BYTE A6
2026-10-09 18:39:06,387 RX_BYTE 93
2026-10-09 18:39:06,387 RX_BYTE 94
2026-10-09 18:39:06,387 RX_BYTE B0
2026-10-09 18:39:06,387 RX_BYTE FB
2026-10-09 18:39:06,387 RX_BYTE 04
2026-10-09 18:39:06,387 RX_BYTE 00
2026-10-09 18:39:06,387 RX_BYTE 6D
2026-10-09 18:39:06,387 RX 8B F1 B1 61 01 90 D2 A6 93 94 B0 FB 04 00 6D
2026-10-09 18:39:06,387 RX_BYTE 8B
2026-10-09 18:39:06,387 RX_BYTE F1
2026-10-09 18:39:06,387 RX_BYTE B1
2026-10-09 18:39:06,387 RX_BYTE 61
2026-10-09 18:39:06,387 RX_BYTE 01
2026-10-09 18:39:06,387 RX_BYTE 90
2026-10-09 18:39:06,387 RX_BYTE D2
2026-10-09 18:39:06,388 RX_BYTE A6
2026-10-09 18:39:06,388 RX_BYTE 93
2026-10-09 18:39:06,388 RX_BYTE 94
2026-10-09 18:39:06,388 RX_BYTE B0
2026-10-09 18:39:06,388 RX_BYTE FB
2026-10-09 18:39:06,388 RX_BYTE 04
2026-10-09 18:39:06,388 RX_BYTE 00
2026-10-09 18:39:06,388 RX_BYTE 6D
2026-10-09 18:39:06,388 RX 8B F1 B1 61 01 90 D2 A6 93 94 B0 FB 04 00 6D
2026-10-09 18:39:06,388 RX_BYTE 8B
2026-10-09 18:39:06,388 RX_BYTE F1
2026-10-09 18:39:06,388 RX_BYTE B1
2026-10-09 18:39:06,388 RX_BYTE 61
2026-10-09 18:39:06,388 RX_BYTE 01
2026-10-09 18:39:06,388 RX_BYTE 90
2026-10-09 18:39:06,388 RX_BYTE D2
2026-10-09 18:39:06,388 RX_BYTE A6
2026-10-09 18:39:06,388 RX_BYTE 93
2026-10-09 18:39:06,388 RX_BYTE 94
2026-10-09 18:39:06,388 RX_BYTE B0
2026-10-09 18:39:06,388 RX_BYTE FB
2026-10-09 18:39:06,388 RX_BYTE 04
2026-10-09 18:39:06,388 RX_BYTE 00
2026-10-09 18:39:06,388 RX_BYTE 6D
2026-10-09 18:39:06,388 RX 8B F1 B1 61 01 90 D2 A6 93 94 B0 FB 04 00 6D
2026-10-09 18:39:06,388 RX_BYTE 8B
2026-10-09 18:39:06,388 RX_BYTE F1
2026-10-09 18:39:06,388 RX_BYTE B1
2026-10-09 18:39:06,388 RX_BYTE 61
2026-10-09 18:39:06,388 RX_BYTE 01
2026-10-09 18:39:06,388 RX_BYTE 90
2026-10-09 18:39:06,388 RX_BYTE D2
2026-10-09 18:39:06,388 RX_BYTE A6
2026-10-09 18:39:06,388 RX_BYTE 93
2026-10-09 18:39:06,388 RX_BYTE 94
2026-10-09 18:39:06,388 RX_BYTE B0
2026-10-09 18:39:06,388 RX_BYTE FB
2026-10-09 18:39:06,388 RX_BYTE 04
2026-10-09 18:39:06,388 RX_BYTE 00
2026-10-09 18:39:06,388 RX_BYTE 6D
2026-10-09 18:39:06,388 RX 8B F1 B1 61 01 90 D2 A6 93 94 B0 FB 04 00 6D
2026-10-09 18:39:06,388 RX_BYTE 8B
2026-10-09 18:39:06,388 RX_BYTE F1
2026-10-09 18:39:06,388 RX_BYTE B1
2026-10-09 18:39:06,388 RX_BYTE 61
2026-10-09 18:39:06,388 RX_BYTE 01
2026-10-09 18:39:06,388 RX_BYTE 90
2026-10-09 18:39:06,388 RX_BYTE D2
2026-10-09 18:39:06,388 RX_BYTE A6
2026-10-09 18:39:06,388 RX_BYTE 93
2026-10-09 18:39:06,388 RX_BYTE 94
2026-10-09 18:39:06,388 RX_BYTE B0
2026-10-09 18:39:06,389 RX_BYTE FB
2026-10-09 18:39:06,389 RX_BYTE 04
2026-10-09 18:39:06,389 RX_BYTE 00
2026-10-09 18:39:06,389 RX_BYTE 6D
2026-10-09 18:39:06,389 RX 8B F1 B1 61 01 90 D2 A6 93 94 B0 FB 04 00 6D
2026-10-09 18:39:06,389 RX_BYTE 8B
2026-10-09 18:39:06,389 RX_BYTE F1
2026-10-09 18:39:06,389 RX_BYTE B1
2026-10-09 18:39:06,389 RX_BYTE 61
2026-10-09 18:39:06,389 RX_BYTE 01
2026-10-09 18:39:06,389 RX_BYTE 90
2026-10-09 18:39:06,389 RX_BYTE D2
2026-10-09 18:39:06,389 RX_BYTE A6
2026-10-09 18:39:06,389 RX_BYTE 93
2026-10-09 18:39:06,389 RX_BYTE 94
2026-10-09 18:39:06,389 RX_BYTE B0
2026-10-09 18:39:06,389 RX_BYTE FB
2026-10-09 18:39:06,389 RX_BYTE 04
2026-10-09 18:39:06,389 RX_BYTE 00
2026-10-09 18:39:06,389 RX_BYTE 6D
2026-10-09 18:39:06,389 RX 8B F1 B1 61 01 90 D2 A6 93 94 B0 FB 04 00 6D
2026-10-09 18:39:06,389 RX_BYTE 8B
2026-10-09 18:39:06,389 RX_BYTE F1
2026-10-09 18:39:06,389 RX_BYTE B1
2026-10-09 18:39:06,389 RX_BYTE 61
2026-10-09 18:39:06,389 RX_BYTE 01
2026-10-09 18:39:06,389 RX_BYTE 90
2026-10-09 18:39:06,389 RX_BYTE D2
2026-10-09 18:39:06,389 RX_BYTE A6
2026-10-09 18:39:06,389 RX_BYTE 93
2026-10-09 18:39:06,389 RX_BYTE 94
2026-10-09 18:39:06,389 RX_BYTE B0
2026-10-09 18:39:06,389 RX_BYTE FB
2026-10-09 18:39:06,389 RX_BYTE 04
2026-10-09 18:39:06,389 RX_BYTE 00
2026-10-09 18:39:06,389 RX_BYTE 6D
2026-10-09 18:39:06,389 RX 8B F1 B1 61 01 90 D2 A6 93 94 B0 FB 04 00 6D
2026-10-09 18:39:06,389 RX_BYTE 8B
2026-10-09 18:39:06,389 RX_BYTE F1
2026-10-09 18:39:06,389 RX_BYTE B1
2026-10-09 18:39:06,390 RX_BYTE 61
2026-10-09 18:39:06,390 RX_BYTE 01
2026-10-09 18:39:06,390 RX_BYTE 90
2026-10-09 18:39:06,390 RX_BYTE D2
2026-10-09 18:39:06,390 RX_BYTE A6
2026-10-09 18:39:06,390 RX_BYTE 93
2026-10-09 18:39:06,390 RX_BYTE 94
2026-10-09 18:39:06,390 RX_BYTE B0
2026-10-09 18:39:06,390 RX_BYTE FB
2026-10-09 18:39:06,390 RX_BYTE 04
2026-10-09 18:39:06,390 RX_BYTE 00
2026-10-09 18:39:06,390 RX_BYTE 6D
2026-10-09 18:39:06,390 RX 8B F1 B1 61 01 90 D2 A6 93 94 B0 FB 04 00 6D
2026-10-09 18:39:06,390 RX_BYTE 8B
2026-10-09 18:39:06,390 RX_BYTE F1
2026-10-09 18:39:06,390 RX_BYTE B1
2026-10-09 18:39:06,390 RX_BYTE 61
2026-10-09 18:39:06,390 RX_BYTE 01
2026-10-09 18:39:06,390 RX_BYTE 90
2026-10-09 18:39:06,390 RX_BYTE D2
2026-10-09 18:39:06,390 RX_BYTE A6
2026-10-09 18:39:06,390 RX_BYTE 93
2026-10-09 18:39:06,390 RX_BYTE 94
2026-10-09 18:39:06,390 RX_BYTE B0
2026-10-09 18:39:06,390 RX_BYTE FB
2026-10-09 18:39:06,390 RX_BYTE 04
2026-10-09 18:39:06,390 RX_BYTE 00
2026-10-09 18:39:06,390 RX_BYTE 6D
2026-10-09 18:39:06,390 RX 8B F1 B1 61 01 90 D2 A6 93 94 B0 FB 04 00 6D
2026-10-09 18:39:06,390 RX_BYTE 8B
2026-10-09 18:39:06,390 RX_BYTE F1
2026-10-09 18:39:06,390 RX_BYTE B1
2026-10-09 18:39:06,390 RX_BYTE 61
2026-10-09 18:39:06,390 RX_BYTE 01
2026-10-09 18:39:06,390 RX_BYTE 90
2026-10-09 18:39:06,390 RX_BYTE D2
2026-10-09 18:39:06,390 RX_BYTE A6
2026-10-09 18:39:06,390 RX_BYTE 93
2026-10-09 18:39:06,390 RX_BYTE 94
2026-10-09 18:39:06,390 RX_BYTE B0
2026-10-09 18:39:06,390 RX_BYTE FB
2026-10-09 18:39:06,390 RX_BYTE 04
2026-10-09 18:39:06,390 RX_BYTE 00
2026-10-09 18:39:06,390 RX_BYTE 6D
2026-10-09 18:39:06,390 RX 8B F1 B1 61 01 90 D2 A6 93 94 B0 FB 04 00 6D
2026-10-09 18:39:06,390 RX_BYTE 8B
2026-10-09 18:39:06,390 RX_BYTE F1
2026-10-09 18:39:06,390 RX_BYTE B1
2026-10-09 18:39:06,390 RX_BYTE 61
2026-10-09 18:39:06,390 RX_BYTE 01
2026-10-09 18:39:06,390 RX_BYTE 90
2026-10-09 18:39:06,390 RX_BYTE D2
2026-10-09 18:39:06,390 RX_BYTE A6
2026-10-09 18:39:06,390 RX_BYTE 93
2026-10-09 18:39:06,390 RX_BYTE 94
2026-10-09 18:39:06,390 RX_BYTE B0
2026-10-09 18:39:06,390 RX_BYTE FB
2026-10-09 18:39:06,391 RX_BYTE 04
2026-10-09 18:39:06,391 RX_BYTE 00
2026-10-09 18:39:06,391 RX_BYTE 6D
2026-10-09 18:39:06,391 RX 8B F1 B1 61 01 90 D2 A6 93 94 B0 FB 04 00 6D
2026-10-09 18:39:06,391 RX_BYTE 8B
2026-10-09 18:39:06,391 RX_BYTE F1
2026-10-09 18:39:06,391 RX_BYTE B1
2026-10-09 18:39:06,391 RX_BYTE 61
2026-10-09 18:39:06,391 RX_BYTE 01
2026-10-09 18:39:06,391 RX_BYTE 90
2026-10-09 18:39:06,391 RX_BYTE D2
2026-10-09 18:39:06,391 RX_BYTE A6
2026-10-09 18:39:06,391 RX_BYTE 93
2026-10-09 18:39:06,391 RX_BYTE 94
2026-10-09 18:39:06,391 RX_BYTE B0
2026-10-09 18:39:06,391 RX_BYTE FB
2026-10-09 18:39:06,391 RX_BYTE 04
2026-10-09 18:39:06,391 RX_BYTE 00
2026-10-09 18:39:06,391 RX_BYTE 6D
2026-10-09 18:39:06,391 RX 8B F1 B1 61 01 90 D2 A6 93 94 B0 FB 04 00 6D
2026-10-09 18:39:06,391 RX_BYTE 8B
2026-10-09 18:39:06,391 RX_BYTE F1
2026-10-09 18:39:06,391 RX_BYTE B1
2026-10-09 18:39:06,391 RX_BYTE 61
2026-10-09 18:39:06,391 RX_BYTE 01
2026-10-09 18:39:06,391 RX_BYTE 90
2026-10-09 18:39:06,391 RX_BYTE D2
2026-10-09 18:39:06,391 RX_BYTE A6
2026-10-09 18:39:06,391 RX_BYTE 93
2026-10-09 18:39:06,391 RX_BYTE 94
2026-10-09 18:39:06,391 RX_BYTE B0
2026-10-09 18:39:06,391 RX_BYTE FB
2026-10-09 18:39:06,391 RX_BYTE 04
2026-10-09 18:39:06,391 RX_BYTE 00
2026-10-09 18:39:06,391 RX_BYTE 6D
2026-10-09 18:39:06,391 RX 8B F1 B1 61 01 90 D2 A6 93 94 B0 FB 04 00 6D
2026-10-09 18:39:06,391 RX_BYTE 8B
2026-10-09 18:39:06,391 RX_BYTE F1
2026-10-09 18:39:06,391 RX_BYTE B1
2026-10-09 18:39:06,391 RX_BYTE 61
2026-10-09 18:39:06,391 RX_BYTE 01
2026-10-09 18:39:06,391 RX_BYTE 90
2026-10-09 18:39:06,391 RX_BYTE D2
2026-10-09 18:39:06,391 RX_BYTE A6
2026-10-09 18:39:06,391 RX_BYTE 93
2026-10-09 18:39:06,391 RX_BYTE 94
2026-10-09 18:39:06,391 RX_BYTE B0
2026-10-09 18:39:06,391 RX_BYTE FB
2026-10-09 18:39:06,391 RX_BYTE 04
2026-10-09 18:39:06,391 RX_BYTE 00
2026-10-09 18:39:06,391 RX_BYTE 6D
2026-10-09 18:39:06,391 RX 8B F1 B1 61 01 90 D2 A6 93 94 B0 FB 04 00 6D
2026-10-09 18:39:06,391 RX_BYTE 8B
2026-10-09 18:39:06,391 RX_BYTE F1
2026-10-09 18:39:06,391 RX_BYTE B1
2026-10-09 18:39:06,391 RX_BYTE 61
2026-10-09 18:39:06,391 RX_BYTE 01
2026-10-09 18:39:06,391 RX_BYTE 90
2026-10-09 18:39:06,391 RX_BYTE D2
2026-10-09 18:39:06,391 RX_BYTE A6
2026-10-09 18:39:06,391 RX_BYTE 93
2026-10-09 18:39:06,391 RX_BYTE 94
2026-10-09 18:39:06,392 RX_BYTE B0
2026-10-09 18:39:06,392 RX_BYTE FB
2026-10-09 18:39:06,392 RX_BYTE 04
2026-10-09 18:39:06,392 RX_BYTE 00
2026-10-09 18:39:06,392 RX_BYTE 6D
2026-10-09 18:39:06,392 RX 8B F1 B1 61 01 90 D2 A6 93 94 B0 FB 04 00 6D
2026-10-09 18:39:06,392 RX_BYTE 8B
2026-10-09 18:39:06,392 RX_BYTE F1
2026-10-09 18:39:06,392 RX_BYTE B1
2026-10-09 18:39:06,392 RX_BYTE 61
2026-10-09 18:39:06,392 RX_BYTE 01
2026-10-09 18:39:06,392 RX_BYTE 90
2026-10-09 18:39:06,392 RX_BYTE D2
2026-10-09 18:39:06,392 RX_BYTE A6
2026-10-09 18:39:06,392 RX_BYTE 93
2026-10-09 18:39:06,392 RX_BYTE 94
2026-10-09 18:39:06,392 RX_BYTE B0
2026-10-09 18:39:06,392 RX_BYTE FB
2026-10-09 18:39:06,392 RX_BYTE 04
2026-10-09 18:39:06,392 RX_BYTE 00
2026-10-09 18:39:06,392 RX_BYTE 6D
2026-10-09 18:39:06,392 RX 8B F1 B1 61 01 90 D2 A6 93 94 B0 FB 04 00 6D
2026-10-09 18:39:06,392 RX_BYTE 8B
2026-10-09 18:39:06,392 RX_BYTE F1
2026-10-09 18:39:06,392 RX_BYTE B1
2026-10-09 18:39:06,392 RX_BYTE 61
2026-10-09 18:39:06,392 RX_BYTE 01
2026-10-09 18:39:06,392 RX_BYTE 90
2026-10-09 18:39:06,392 RX_BYTE D2
2026-10-09 18:39:06,392 RX_BYTE A6
2026-10-09 18:39:06,392 RX_BYTE 93
2026-10-09 18:39:06,392 RX_BYTE 94
2026-10-09 18:39:06,392 RX_BYTE B0
2026-10-09 18:39:06,392 RX_BYTE FB
2026-10-09 18:39:06,392 RX_BYTE 04
2026-10-09 18:39:06,392 RX_BYTE 00
2026-10-09 18:39:06,392 RX_BYTE 6D
2026-10-09 18:39:06,392 RX 8B F1 B1 61 01 90 D2 A6 93 94 B0 FB 04 00 6D
2026-10-09 18:39:06,392 RX_BYTE 8B
2026-10-09 18:39:06,392 RX_BYTE F1
2026-10-09 18:39:06,392 RX_BYTE B1
2026-10-09 18:39:06,392 RX_BYTE 61
2026-10-09 18:39:06,392 RX_BYTE 01
2026-10-09 18:39:06,392 RX_BYTE 90
2026-10-09 18:39:06,392 RX_BYTE D2
2026-10-09 18:39:06,392 RX_BYTE A6
2026-10-09 18:39:06,392 RX_BYTE 93
2026-10-09 18:39:06,392 RX_BYTE 94
2026-10-09 18:39:06,392 RX_BYTE B0
2026-10-09 18:39:06,392 RX_BYTE FB
2026-10-09 18:39:06,392 RX_BYTE 04
2026-10-09 18:39:06,392 RX_BYTE 00
2026-10-09 18:39:06,392 RX_BYTE 6D
2026-10-09 18:39:06,392 RX 8B F1 B1 61 01 90 D2 A6 93 94 B0 FB 04 00 6D
2026-10-09 18:39:06,392 RX_BYTE 8B
2026-10-09 18:39:06,392 RX_BYTE F1
2026-10-09 18:39:06,392 RX_BYTE B1
2026-10-09 18:39:06,392 RX_BYTE 61
2026-10-09 18:39:06,392 RX_BYTE 01
2026-10-09 18:39:06,392 RX_BYTE 90
2026-10-09 18:39:06,392 RX_BYTE D2
2026-10-09 18:39:06,392 RX_BYTE A6
2026-10-09 18:39:06,393 RX_BYTE 93
2026-10-09 18:39:06,393 RX_BYTE 94
2026-10-09 18:39:06,393 RX_BYTE B0
2026-10-09 18:39:06,393 RX_BYTE FB
2026-10-09 18:39:06,393 RX_BYTE 04
2026-10-09 18:39:06,393 RX_BYTE 00
2026-10-09 18:39:06,393 RX_BYTE 6D
2026-10-09 18:39:06,393 RX 8B F1 B1 61 01 90 D2 A6 93 94 B0 FB 04 00 6D
2026-10-09 18:39:06,393 RX_BYTE 8B
2026-10-09 18:39:06,393 RX_BYTE F1
2026-10-09 18:39:06,393 RX_BYTE B1
2026-10-09 18:39:06,393 RX_BYTE 61
2026-10-09 18:39:06,393 RX_BYTE 01
2026-10-09 18:39:06,393 RX_BYTE 90
2026-10-09 18:39:06,393 RX_BYTE D2
2026-10-09 18:39:06,393 RX_BYTE A6
2026-10-09 18:39:06,393 RX_BYTE 93
2026-10-09 18:39:06,393 RX_BYTE 94
2026-10-09 18:39:06,393 RX_BYTE B0
2026-10-09 18:39:06,393 RX_BYTE FB
2026-10-09 18:39:06,393 RX_BYTE 04
2026-10-09 18:39:06,393 RX_BYTE 00
2026-10-09 18:39:06,393 RX_BYTE 6D
2026-10-09 18:39:06,393 RX 8B F1 B1 61 01 90 D2 A6 93 94 B0 FB 04 00 6D
2026-10-09 18:39:06,393 RX_BYTE 8B
2026-10-09 18:39:06,393 RX_BYTE F1
2026-10-09 18:39:06,393 RX_BYTE B1
2026-10-09 18:39:06,393 RX_BYTE 61
2026-10-09 18:39:06,393 RX_BYTE 01
2026-10-09 18:39:06,393 RX_BYTE 90
2026-10-09 18:39:06,393 RX_BYTE D2
2026-10-09 18:39:06,393 RX_BYTE A6
2026-10-09 18:39:06,393 RX_BYTE 93
2026-10-09 18:39:06,393 RX_BYTE 94
2026-10-09 18:39:06,393 RX_BYTE B0
2026-10-09 18:39:06,393 RX_BYTE FB
2026-10-09 18:39:06,393 RX_BYTE 04
2026-10-09 18:39:06,393 RX_BYTE 00
2026-10-09 18:39:06,393 RX_BYTE 6D
2026-10-09 18:39:06,393 RX 8B F1 B1 61 01 90 D2 A6 93 94 B0 FB 04 00 6D
2026-10-09 18:39:06,393 RX_BYTE 8B
2026-10-09 18:39:06,393 RX_BYTE F1
2026-10-09 18:39:06,393 RX_BYTE B1
2026-10-09 18:39:06,393 RX_BYTE 61
2026-10-09 18:39:06,393 RX_BYTE 01
2026-10-09 18:39:06,393 RX_BYTE 90
2026-10-09 18:39:06,393 RX_BYTE D2
2026-10-09 18:39:06,393 RX_BYTE A6
2026-10-09 18:39:06,393 RX_BYTE 93
2026-10-09 18:39:06,393 RX_BYTE 94
2026-10-09 18:39:06,393 RX_BYTE B0
2026-10-09 18:39:06,393 RX_BYTE FB
2026-10-09 18:39:06,393 RX_BYTE 04
2026-10-09 18:39:06,393 RX_BYTE 00
2026-10-09 18:39:06,393 RX_BYTE 6D
2026-10-09 18:39:06,393 RX 8B F1 B1 61 01 90 D2 A6 93 94 B0 FB 04 00 6D
2026-10-09 18:39:06,393 RX_BYTE 8B
2026-10-09 18:39:06,393 RX_BYTE F1
2026-10-09 18:39:06,393 RX_BYTE B1
2026-10-09 18:39:06,393 RX_BYTE 61
2026-10-09 18:39:06,393 RX_BYTE 01
2026-10-09 18:39:06,393 RX_BYTE 90
2026-10-09 18:39:06,393 RX_BYTE D2
2026-10-09 18:39:06,394 RX_BYTE A6
2026-10-09 18:39:06,394 RX_BYTE 93
2026-10-09 18:39:06,394 RX_BYTE 94
2026-10-09 18:39:06,394 RX_BYTE B0
2026-10-09 18:39:06,394 RX_BYTE FB
2026-10-09 18:39:06,394 RX_BYTE 04
2026-10-09 18:39:06,394 RX_BYTE 00
2026-10-09 18:39:06,394 RX_BYTE 6D
2026-10-09 18:39:06,394 RX 8B F1 B1 61 01 90 D2 A6 93 94 B0 FB 04 00 6D
2026-10-09 18:39:06,394 RX_BYTE 8B
2026-10-09 18:39:06,394 RX_BYTE F1
2026-10-09 18:39:06,394 RX_BYTE B1
2026-10-09 18:39:06,394 RX_BYTE 61
2026-10-09 18:39:06,394 RX_BYTE 01
2026-10-09 18:39:06,394 RX_BYTE 90
2026-10-09 18:39:06,394 RX_BYTE D2
2026-10-09 18:39:06,394 RX_BYTE A6
2026-10-09 18:39:06,394 RX_BYTE 93
2026-10-09 18:39:06,394 RX_BYTE 94
2026-10-09 18:39:06,394 RX_BYTE B0
2026-10-09 18:39:06,394 RX_BYTE FB
2026-10-09 18:39:06,394 RX_BYTE 04
2026-10-09 18:39:06,394 RX_BYTE 00
2026-10-09 18:39:06,394 RX_BYTE 6D
2026-10-09 18:39:06,394 RX 8B F1 B1 61 01 90 D2 A6 93 94 B0 FB 04 00 6D
2026-10-09 18:39:06,394 RX_BYTE 8B
2026-10-09 18:39:06,394 RX_BYTE F1
2026-10-09 18:39:06,394 RX_BYTE B1
2026-10-09 18:39:06,394 RX_BYTE 61
2026-10-09 18:39:06,394 RX_BYTE 01
2026-10-09 18:39:06,394 RX_BYTE 90
2026-10-09 18:39:06,394 RX_BYTE D2
2026-10-09 18:39:06,394 RX_BYTE A6
2026-10-09 18:39:06,394 RX_BYTE 93
2026-10-09 18:39:06,394 RX_BYTE 94
2026-10-09 18:39:06,394 RX_BYTE B0
2026-10-09 18:39:06,394 RX_BYTE FB
2026-10-09 18:39:06,394 RX_BYTE 04
2026-10-09 18:39:06,394 RX_BYTE 00
2026-10-09 18:39:06,394 RX_BYTE 6D
2026-10-09 18:39:06,394 RX 8B F1 B1 61 01 90 D2 A6 93 94 B0 FB 04 00 6D
2026-10-09 18:39:06,394 RX_BYTE 8B
2026-10-09 18:39:06,394 RX_BYTE F1
2026-10-09 18:39:06,394 RX_BYTE B1
2026-10-09 18:39:06,394 RX_BYTE 61
2026-10-09 18:39:06,394 RX_BYTE 01
2026-10-09 18:39:06,394 RX_BYTE 90
2026-10-09 18:39:06,394 RX_BYTE D2
2026-10-09 18:39:06,394 RX_BYTE A6
2026-10-09 18:39:06,394 RX_BYTE 93
2026-10-09 18:39:06,394 RX_BYTE 94
2026-10-09 18:39:06,394 RX_BYTE B0
2026-10-09 18:39:06,394 RX_BYTE FB
2026-10-09 18:39:06,394 RX_BYTE 04
2026-10-09 18:39:06,394 RX_BYTE 00
2026-10-09 18:39:06,394 RX_BYTE 6D
2026-10-09 18:39:06,394 RX 8B F1 B1 61 01 90 D2 A6 93 94 B0 FB 04 00 6D
2026-10-09 18:39:06,394 RX_BYTE 8B
2026-10-09 18:39:06,394 RX_BYTE F1
2026-10-09 18:39:06,394 RX_BYTE B1
2026-10-09 18:39:06,394 RX_BYTE 61
2026-10-09 18:39:06,395 RX_BYTE 01
2026-10-09 18:39:06,395 RX_BYTE 90
2026-10-09 18:39:06,395 RX_BYTE D2
2026-10-09 18:39:06,395 RX_BYTE A6
2026-10-09 18:39:06,395 RX_BYTE 93
2026-10-09 18:39:06,395 RX_BYTE 94
2026-10-09 18:39:06,395 RX_BYTE B0
2026-10-09 18:39:06,395 RX_BYTE FB
2026-10-09 18:39:06,395 RX_BYTE 04
2026-10-09 18:39:06,395 RX_BYTE 00
2026-10-09 18:39:06,395 RX_BYTE 6D
2026-10-09 18:39:06,395 RX 8B F1 B1 61 01 90 D2 A6 93 94 B0 FB 04 00 6D
2026-10-09 18:39:06,395 RX_BYTE 8B
2026-10-09 18:39:06,395 RX_BYTE F1
2026-10-09 18:39:06,395 RX_BYTE B1
2026-10-09 18:39:06,395 RX_BYTE 61
2026-10-09 18:39:06,395 RX_BYTE 01
2026-10-09 18:39:06,395 RX_BYTE 90
2026-10-09 18:39:06,395 RX_BYTE D2
2026-10-09 18:39:06,395 RX_BYTE A6
2026-10-09 18:39:06,395 RX_BYTE 93
2026-10-09 18:39:06,395 RX_BYTE 94
2026-10-09 18:39:06,395 RX_BYTE B0
2026-10-09 18:39:06,395 RX_BYTE FB
2026-10-09 18:39:06,395 RX_BYTE 04
2026-10-09 18:39:06,395 RX_BYTE 00
2026-10-09 18:39:06,395 RX_BYTE 6D
2026-10-09 18:39:06,395 RX 8B F1 B1 61 01 90 D2 A6 93 94 B0 FB 04 00 6D
2026-10-09 18:39:06,395 RX_BYTE 8B
2026-10-09 18:39:06,395 RX_BYTE F1
2026-10-09 18:39:06,395 RX_BYTE B1
2026-10-09 18:39:06,395 RX_BYTE 61
2026-10-09 18:39:06,395 RX_BYTE 01
2026-10-09 18:39:06,395 RX_BYTE 90
2026-10-09 18:39:06,395 RX_BYTE D2
2026-10-09 18:39:06,395 RX_BYTE A6
2026-10-09 18:39:06,395 RX_BYTE 93
2026-10-09 18:39:06,395 RX_BYTE 94
2026-10-09 18:39:06,395 RX_BYTE B0
2026-10-09 18:39:06,395 RX_BYTE FB
2026-10-09 18:39:06,395 RX_BYTE 04
2026-10-09 18:39:06,395 RX_BYTE 00
2026-10-09 18:39:06,395 RX_BYTE 6D
2026-10-09 18:39:06,395 RX 8B F1 B1 61 01 90 D2 A6 93 94 B0 FB 04 00 6D
2026-10-09 18:39:06,395 RX_BYTE 8B
2026-10-09 18:39:06,395 RX_BYTE F1
2026-10-09 18:39:06,395 RX_BYTE B1
2026-10-09 18:39:06,395 RX_BYTE 61
2026-10-09 18:39:06,395 RX_BYTE 01
2026-10-09 18:39:06,395 RX_BYTE 90
2026-10-09 18:39:06,395 RX_BYTE D2
2026-10-09 18:39:06,395 RX_BYTE A6
2026-10-09 18:39:06,395 RX_BYTE 93
2026-10-09 18:39:06,395 RX_BYTE 94
2026-10-09 18:39:06,395 RX_BYTE B0
2026-10-09 18:39:06,395 RX_BYTE FB
2026-10-09 18:39:06,395 RX_BYTE 04
2026-10-09 18:39:06,395 RX_BYTE 00
2026-10-09 18:39:06,395 RX_BYTE 6D
2026-10-09 18:39:06,395 RX 8B F1 B1 61 01 90 D2 A6 93 94 B0 FB 04 00 6D
2026-10-09 18:39:06,395 RX_BYTE 8B
2026-10-09 18:39:06,395 RX_BYTE F1
2026-10-09 18:39:06,395 RX_BYTE B1
2026-10-09 18:39:06,396 RX_BYTE 61
2026-10-09 18:39:06,396 RX_BYTE 01
2026-10-09 18:39:06,396 RX_BYTE 90
2026-10-09 18:39:06,396 RX_BYTE D2
2026-10-09 18:39:06,396 RX_BYTE A6
2026-10-09 18:39:06,396 RX_BYTE 93
2026-10-09 18:39:06,396 RX_BYTE 94
2026-10-09 18:39:06,396 RX_BYTE B0
2026-10-09 18:39:06,396 RX_BYTE FB
2026-10-09 18:39:06,396 RX_BYTE 04
2026-10-09 18:39:06,396 RX_BYTE 00
2026-10-09 18:39:06,396 RX_BYTE 6D
2026-10-09 18:39:06,396 RX 8B F1 B1 61 01 90 D2 A6 93 94 B0 FB 04 00 6D
2026-10-09 18:39:06,396 RX_BYTE 8B
2026-10-09 18:39:06,396 RX_BYTE F1
2026-10-09 18:39:06,396 RX_BYTE B1
2026-10-09 18:39:06,396 RX_BYTE 61
2026-10-09 18:39:06,396 RX_BYTE 01
2026-10-09 18:39:06,396 RX_BYTE 90
2026-10-09 18:39:06,396 RX_BYTE D2
2026-10-09 18:39:06,396 RX_BYTE A6
2026-10-09 18:39:06,396 RX_BYTE 93
2026-10-09 18:39:06,396 RX_BYTE 94
2026-10-09 18:39:06,396 RX_BYTE B0
2026-10-09 18:39:06,396 RX_BYTE FB
2026-10-09 18:39:06,396 RX_BYTE 04
2026-10-09 18:39:06,396 RX_BYTE 00
2026-10-09 18:39:06,396 RX_BYTE 6D
2026-10-09 18:39:06,396 RX 8B F1 B1 61 01 90 D2 A6 93 94 B0 FB 04 00 6D
2026-10-09 18:39:06,396 RX_BYTE 8B
2026-10-09 18:39:06,396 RX_BYTE F1
2026-10-09 18:39:06,396 RX_BYTE B1
2026-10-09 18:39:06,396 RX_BYTE 61
2026-10-09 18:39:06,396 RX_BYTE 01
2026-10-09 18:39:06,396 RX_BYTE 90
2026-10-09 18:39:06,396 RX_BYTE D2
2026-10-09 18:39:06,396 RX_BYTE A6
2026-10-09 18:39:06,396 RX_BYTE 93
2026-10-09 18:39:06,396 RX_BYTE 94
2026-10-09 18:39:06,396 RX_BYTE B0
2026-10-09 18:39:06,396 RX_BYTE FB
2026-10-09 18:39:06,396 RX_BYTE 04
2026-10-09 18:39:06,396 RX_BYTE 00
2026-10-09 18:39:06,396 RX_BYTE 6D
2026-10-09 18:39:06,396 RX 8B F1 B1 61 01 90 D2 A6 93 94 B0 FB 04 00 6D
2026-10-09 18:39:06,396 RX_BYTE 8B
2026-10-09 18:39:06,396 RX_BYTE F1
2026-10-09 18:39:06,396 RX_BYTE B1
2026-10-09 18:39:06,396 RX_BYTE 61
2026-10-09 18:39:06,396 RX_BYTE 01
2026-10-09 18:39:06,396 RX_BYTE 90
2026-10-09 18:39:06,396 RX_BYTE D2
2026-10-09 18:39:06,396 RX_BYTE A6
2026-10-09 18:39:06,396 RX_BYTE 93
2026-10-09 18:39:06,396 RX_BYTE 94
2026-10-09 18:39:06,396 RX_BYTE B0
2026-10-09 18:39:06,396 RX_BYTE FB
2026-10-09 18:39:06,396 RX_BYTE 04
2026-10-09 18:39:06,396 RX_BYTE 00
2026-10-09 18:39:06,396 RX_BYTE 6D
2026-10-09 18:39:06,396 RX 8B F1 B1 61 01 90 D2 A6 93 94 B0 FB 04 00 6D
2026-10-09 18:39:06,396 RX_BYTE 8B
2026-10-09 18:39:06,396 RX_BYTE F1
2026-10-09 18:39:06,397 RX_BYTE B1
2026-10-09 18:39:06,397 RX_BYTE 61
2026-10-09 18:39:06,397 RX_BYTE 01
2026-10-09 18:39:06,397 RX_BYTE 90
2026-10-09 18:39:06,397 RX_BYTE D2
2026-10-09 18:39:06,397 RX_BYTE A6
2026-10-09 18:39:06,397 RX_BYTE 93
2026-10-09 18:39:06,397 RX_BYTE 94
2026-10-09 18:39:06,397 RX_BYTE B0
2026-10-09 18:39:06,397 RX_BYTE FB
2026-10-09 18:39:06,397 RX_BYTE 04
2026-10-09 18:39:06,397 RX_BYTE 00
2026-10-09 18:39:06,397 RX_BYTE 6D
2026-10-09 18:39:06,397 RX 8B F1 B1 61 01 90 D2 A6 93 94 B0 FB 04 00 6D
2026-10-09 18:39:06,397 RX_BYTE 8B
2026-10-09 18:39:06,397 RX_BYTE F1
2026-10-09 18:39:06,397 RX_BYTE B1
2026-10-09 18:39:06,397 RX_BYTE 61
2026-10-09 18:39:06,397 RX_BYTE 01
2026-10-09 18:39:06,397 RX_BYTE 90
2026-10-09 18:39:06,397 RX_BYTE D2
2026-10-09 18:39:06,397 RX_BYTE A6
2026-10-09 18:39:06,397 RX_BYTE 93
2026-10-09 18:39:06,397 RX_BYTE 94
2026-10-09 18:39:06,397 RX_BYTE B0
2026-10-09 18:39:06,397 RX_BYTE FB
2026-10-09 18:39:06,397 RX_BYTE 04
2026-10-09 18:39:06,397 RX_BYTE 00
2026-10-09 18:39:06,397 RX_BYTE 6D
2026-10-09 18:39:06,397 RX 8B F1 B1 61 01 90 D2 A6 93 94 B0 FB 04 00 6D
2026-10-09 18:39:06,397 RX_BYTE 8B
2026-10-09 18:39:06,397 RX_BYTE F1
2026-10-09 18:39:06,397 RX_BYTE B1
2026-10-09 18:39:06,397 RX_BYTE 61
2026-10-09 18:39:06,397 RX_BYTE 01
2026-10-09 18:39:06,397 RX_BYTE 90
2026-10-09 18:39:06,397 RX_BYTE D2
2026-10-09 18:39:06,397 RX_BYTE A6
2026-10-09 18:39:06,397 RX_BYTE 93
2026-10-09 18:39:06,397 RX_BYTE 94
2026-10-09 18:39:06,397 RX_BYTE B0
2026-10-09 18:39:06,397 RX_BYTE FB
2026-10-09 18:39:06,397 RX_BYTE 04
2026-10-09 18:39:06,397 RX_BYTE 00
2026-10-09 18:39:06,397 RX_BYTE 6D
2026-10-09 18:39:06,397 RX 8B F1 B1 61 01 90 D2 A6 93 94 B0 FB 04 00 6D
2026-10-09 18:39:06,397 RX_BYTE 8B
2026-10-09 18:39:06,397 RX_BYTE F1
2026-10-09 18:39:06,397 RX_BYTE B1
2026-10-09 18:39:06,397 RX_BYTE 61
2026-10-09 18:39:06,397 RX_BYTE 01
2026-10-09 18:39:06,397 RX_BYTE 90
2026-10-09 18:39:06,397 RX_BYTE D2
2026-10-09 18:39:06,397 RX_BYTE A6
2026-10-09 18:39:06,397 RX_BYTE 93
2026-10-09 18:39:06,397 RX_BYTE 94
2026-10-09 18:39:06,397 RX_BYTE B0
2026-10-09 18:39:06,397 RX_BYTE FB
2026-10-09 18:39:06,397 RX_BYTE 04
2026-10-09 18:39:06,397 RX_BYTE 00
2026-10-09 18:39:06,397 RX_BYTE 6D
2026-10-09 18:39:06,397 RX 8B F1 B1 61 01 90 D2 A6 93 94 B0 FB 04 00 6D
2026-10-09 18:39:06,397 RX_BYTE 8B
2026-10-09 18:39:06,398 RX_BYTE F1
2026-10-09 18:39:06,398 RX_BYTE B1
2026-10-09 18:39:06,398 RX_BYTE 61
2026-10-09 18:39:06,398 RX_BYTE 01
2026-10-09 18:39:06,398 RX_BYTE 90
2026-10-09 18:39:06,398 RX_BYTE D2
2026-10-09 18:39:06,398 RX_BYTE A6
2026-10-09 18:39:06,398 RX_BYTE 93
2026-10-09 18:39:06,398 RX_BYTE 94
2026-10-09 18:39:06,398 RX_BYTE B0
2026-10-09 18:39:06,398 RX_BYTE FB
2026-10-09 18:39:06,398 RX_BYTE 04
2026-10-09 18:39:06,398 RX_BYTE 00
2026-10-09 18:39:06,398 RX_BYTE 6D
2026-10-09 18:39:06,398 RX 8B F1 B1 61 01 90 D2 A6 93 94 B0 FB 04 00 6D
2026-10-09 18:39:06,398 RX_BYTE 8B
2026-10-09 18:39:06,398 RX_BYTE F1
2026-10-09 18:39:06,398 RX_BYTE B1
2026-10-09 18:39:06,398 RX_BYTE 61
2026-10-09 18:39:06,398 RX_BYTE 01
2026-10-09 18:39:06,398 RX_BYTE 90
2026-10-09 18:39:06,398 RX_BYTE D2
2026-10-09 18:39:06,398 RX_BYTE A6
2026-10-09 18:39:06,398 RX_BYTE 93
2026-10-09 18:39:06,398 RX_BYTE 94
2026-10-09 18:39:06,398 RX_BYTE B0
2026-10-09 18:39:06,398 RX_BYTE FB
2026-10-09 18:39:06,398 RX_BYTE 04
2026-10-09 18:39:06,398 RX_BYTE 00
2026-10-09 18:39:06,398 RX_BYTE 6D
2026-10-09 18:39:06,398 RX 8B F1 B1 61 01 90 D2 A6 93 94 B0 FB 04 00 6D
2026-10-09 18:39:06,398 RX_BYTE 8B
2026-10-09 18:39:06,398 RX_BYTE F1
2026-10-09 18:39:06,398 RX_BYTE B1
2026-10-09 18:39:06,398 RX_BYTE 61
2026-10-09 18:39:06,398 RX_BYTE 01
2026-10-09 18:39:06,398 RX_BYTE 90
2026-10-09 18:39:06,398 RX_BYTE D2
2026-10-09 18:39:06,398 RX_BYTE A6
2026-10-09 18:39:06,398 RX_BYTE 93
2026-10-09 18:39:06,398 RX_BYTE 94
2026-10-09 18:39:06,398 RX_BYTE B0
2026-10-09 18:39:06,398 RX_BYTE FB
2026-10-09 18:39:06,398 RX_BYTE 04
2026-10-09 18:39:06,398 RX_BYTE 00
2026-10-09 18:39:06,398 RX_BYTE 6D
2026-10-09 18:39:06,398 RX 8B F1 B1 61 01 90 D2 A6 93 94 B0 FB 04 00 6D
2026-10-09 18:39:06,398 RX_BYTE 8B
2026-10-09 18:39:06,398 RX_BYTE F1
2026-10-09 18:39:06,398 RX_BYTE B1
2026-10-09 18:39:06,398 RX_BYTE 61
2026-10-09 18:39:06,398 RX_BYTE 01
2026-10-09 18:39:06,398 RX_BYTE 90
2026-10-09 18:39:06,398 RX_BYTE D2
2026-10-09 18:39:06,398 RX_BYTE A6
2026-10-09 18:39:06,398 RX_BYTE 93
2026-10-09 18:39:06,398 RX_BYTE 94
2026-10-09 18:39:06,398 RX_BYTE B0
2026-10-09 18:39:06,398 RX_BYTE FB
2026-10-09 18:39:06,398 RX_BYTE 04
2026-10-09 18:39:06,398 RX_BYTE 00
2026-10-09 18:39:06,398 RX_BYTE 6D
2026-10-09 18:39:06,398 RX 8B F1 B1 61 01 90 D2 A6 93 94 B0 FB 04 00 6D
2026-10-09 18:39:06,399 RX_BYTE 8B
2026-10-09 18:39:06,399 RX_BYTE F1
2026-10-09 18:39:06,399 RX_BYTE B1
2026-10-09 18:39:06,399 RX_BYTE 61
2026-10-09 18:39:06,399 RX_BYTE 01
2026-10-09 18:39:06,399 RX_BYTE 90
2026-10-09 18:39:06,399 RX_BYTE D2
2026-10-09 18:39:06,399 RX_BYTE A6
2026-10-09 18:39:06,399 RX_BYTE 93
2026-10-09 18:39:06,399 RX_BYTE 94
2026-10-09 18:39:06,399 RX_BYTE B0
2026-10-09 18:39:06,399 RX_BYTE FB
2026-10-09 18:39:06,399 RX_BYTE 04
2026-10-09 18:39:06,399 RX_BYTE 00
2026-10-09 18:39:06,399 RX_BYTE 6D
2026-10-09 18:39:06,399 RX 8B F1 B1 61 01 90 D2 A6 93 94 B0 FB 04 00 6D
2026-10-09 18:39:06,399 RX_BYTE 8B
2026-10-09 18:39:06,399 RX_BYTE F1
2026-10-09 18:39:06,399 RX_BYTE B1
2026-10-09 18:39:06,399 RX_BYTE 61
2026-10-09 18:39:06,399 RX_BYTE 01
2026-10-09 18:39:06,399 RX_BYTE 90
2026-10-09 18:39:06,399 RX_BYTE D2
2026-10-09 18:39:06,399 RX_BYTE A6
2026-10-09 18:39:06,399 RX_BYTE 93
2026-10-09 18:39:06,399 RX_BYTE 94
2026-10-09 18:39:06,399 RX_BYTE B0
2026-10-09 18:39:06,399 RX_BYTE FB
2026-10-09 18:39:06,399 RX_BYTE 04
2026-10-09 18:39:06,399 RX_BYTE 00
2026-10-09 18:39:06,399 RX_BYTE 6D
2026-10-09 18:39:06,399 RX 8B F1 B1 61 01 90 D2 A6 93 94 B0 FB 04 00 6D
2026-10-09 18:39:06,399 RX_BYTE 8B
2026-10-09 18:39:06,399 RX_BYTE F1
2026-10-09 18:39:06,399 RX_BYTE B1
2026-10-09 18:39:06,399 RX_BYTE 61
2026-10-09 18:39:06,399 RX_BYTE 01
2026-10-09 18:39:06,399 RX_BYTE 90
2026-10-09 18:39:06,399 RX_BYTE D2
2026-10-09 18:39:06,399 RX_BYTE A6
2026-10-09 18:39:06,399 RX_BYTE 93
2026-10-09 18:39:06,399 RX_BYTE 94
2026-10-09 18:39:06,399 RX_BYTE B0
2026-10-09 18:39:06,399 RX_BYTE FB
2026-10-09 18:39:06,399 RX_BYTE 04
2026-10-09 18:39:06,399 RX_BYTE 00
2026-10-09 18:39:06,399 RX_BYTE 6D
2026-10-09 18:39:06,399 RX 8B F1 B1 61 01 90 D2 A6 93 94 B0 FB 04 00 6D
2026-10-09 18:39:06,399 RX_BYTE 8B
2026-10-09 18:39:06,399 RX_BYTE F1
2026-10-09 18:39:06,399 RX_BYTE B1
2026-10-09 18:39:06,399 RX_BYTE 61
2026-10-09 18:39:06,399 RX_BYTE 01
2026-10-09 18:39:06,399 RX_BYTE 90
2026-10-09 18:39:06,399 RX_BYTE D2
2026-10-09 18:39:06,399 RX_BYTE A6
2026-10-09 18:39:06,399 RX_BYTE 93
2026-10-09 18:39:06,399 RX_BYTE 94
2026-10-09 18:39:06,399 RX_BYTE B0
2026-10-09 18:39:06,399 RX_BYTE FB
2026-10-09 18:39:06,399 RX_BYTE 04
2026-10-09 18:39:06,399 RX_BYTE 00
2026-10-09 18:39:06,400 RX_BYTE 6D
2026-10-09 18:39:06,400 RX 8B F1 B1 61 01 90 D2 A6 93 94 B0 FB 04 00 6D
2026-10-09 18:39:06,400 RX_BYTE 8B
2026-10-09 18:39:06,400 RX_BYTE F1
2026-10-09 18:39:06,400 RX_BYTE B1
2026-10-09 18:39:06,400 RX_BYTE 61
2026-10-09 18:39:06,400 RX_BYTE 01
2026-10-09 18:39:06,400 RX_BYTE 90
2026-10-09 18:39:06,400 RX_BYTE D2
2026-10-09 18:39:06,400 RX_BYTE A6
2026-10-09 18:39:06,400 RX_BYTE 93
2026-10-09 18:39:06,400 RX_BYTE 94
2026-10-09 18:39:06,400 RX_BYTE B0
2026-10-09 18:39:06,400 RX_BYTE FB
2026-10-09 18:39:06,400 RX_BYTE 04
2026-10-09 18:39:06,400 RX_BYTE 00
2026-10-09 18:39:06,400 RX_BYTE 6D
2026-10-09 18:39:06,400 RX 8B F1 B1 61 01 90 D2 A6 93 94 B0 FB 04 00 6D
2026-10-09 18:39:06,400 RX_BYTE 8B
2026-10-09 18:39:06,400 RX_BYTE F1
2026-10-09 18:39:06,400 RX_BYTE B1
2026-10-09 18:39:06,400 RX_BYTE 61
2026-10-09 18:39:06,400 RX_BYTE 01
2026-10-09 18:39:06,400 RX_BYTE 90
2026-10-09 18:39:06,400 RX_BYTE D2
2026-10-09 18:39:06,400 RX_BYTE A6
2026-10-09 18:39:06,400 RX_BYTE 93
2026-10-09 18:39:06,400 RX_BYTE 94
2026-10-09 18:39:06,400 RX_BYTE B0
2026-10-09 18:39:06,400 RX_BYTE FB
2026-10-09 18:39:06,400 RX_BYTE 04
2026-10-09 18:39:06,400 RX_BYTE 00
2026-10-09 18:39:06,400 RX_BYTE 6D
2026-10-09 18:39:06,400 RX 8B F1 B1 61 01 90 D2 A6 93 94 B0 FB 04 00 6D
2026-10-09 18:39:06,400 RX_BYTE 8B
2026-10-09 18:39:06,400 RX_BYTE F1
2026-10-09 18:39:06,400 RX_BYTE B1
2026-10-09 18:39:06,400 RX_BYTE 61
2026-10-09 18:39:06,400 RX_BYTE 01
2026-10-09 18:39:06,400 RX_BYTE 90
2026-10-09 18:39:06,400 RX_BYTE D2
2026-10-09 18:39:06,400 RX_BYTE A6
2026-10-09 18:39:06,400 RX_BYTE 93
2026-10-09 18:39:06,400 RX_BYTE 94
2026-10-09 18:39:06,400 RX_BYTE B0
2026-10-09 18:39:06,400 RX_BYTE FB
2026-10-09 18:39:06,400 RX_BYTE 04
2026-10-09 18:39:06,400 RX_BYTE 00
2026-10-09 18:39:06,400 RX_BYTE 6D
2026-10-09 18:39:06,400 RX 8B F1 B1 61 01 90 D2 A6 93 94 B0 FB 04 00 6D
2026-10-09 18:39:06,400 RX_BYTE 8B
2026-10-09 18:39:06,400 RX_BYTE F1
2026-10-09 18:39:06,400 RX_BYTE B1
2026-10-09 18:39:06,400 RX_BYTE 61
2026-10-09 18:39:06,400 RX_BYTE 01
2026-10-09 18:39:06,400 RX_BYTE 90
2026-10-09 18:39:06,400 RX_BYTE D2
2026-10-09 18:39:06,400 RX_BYTE A6
2026-10-09 18:39:06,400 RX_BYTE 93
2026-10-09 18:39:06,400 RX_BYTE 94
2026-10-09 18:39:06,400 RX_BYTE B0
2026-10-09 18:39:06,400 RX_BYTE FB
2026-10-09 18:39:06,400 RX_BYTE 04
2026-10-09 18:39:06,400 RX_BYTE 00
2026-10-09 18:39:06,401 RX_BYTE 6D
2026-10-09 18:39:06,401 RX 8B F1 B1 61 01 90 D2 A6 93 94 B0 FB 04 00 6D
2026-10-09 18:39:06,401 RX_BYTE 8B
2026-10-09 18:39:06,401 RX_BYTE F1
2026-10-09 18:39:06,401 RX_BYTE B1
2026-10-09 18:39:06,401 RX_BYTE 61
2026-10-09 18:39:06,401 RX_BYTE 01
2026-10-09 18:39:06,401 RX_BYTE 90
2026-10-09 18:39:06,401 RX_BYTE D2
2026-10-09 18:39:06,401 RX_BYTE A6
2026-10-09 18:39:06,401 RX_BYTE 93
2026-10-09 18:39:06,401 RX_BYTE 94
2026-10-09 18:39:06,401 RX_BYTE B0
2026-10-09 18:39:06,401 RX_BYTE FB
2026-10-09 18:39:06,401 RX_BYTE 04
2026-10-09 18:39:06,401 RX_BYTE 00
2026-10-09 18:39:06,401 RX_BYTE 6D
2026-10-09 18:39:06,401 RX 8B F1 B1 61 01 90 D2 A6 93 94 B0 FB 04 00 6D
2026-10-09 18:39:06,401 RX_BYTE 8B
2026-10-09 18:39:06,401 RX_BYTE F1
2026-10-09 18:39:06,401 RX_BYTE B1
2026-10-09 18:39:06,401 RX_BYTE 61
2026-10-09 18:39:06,401 RX_BYTE 01
2026-10-09 18:39:06,401 RX_BYTE 90
2026-10-09 18:39:06,401 RX_BYTE D2
2026-10-09 18:39:06,401 RX_BYTE A6
2026-10-09 18:39:06,401 RX_BYTE 93
2026-10-09 18:39:06,401 RX_BYTE 94
2026-10-09 18:39:06,401 RX_BYTE B0
2026-10-09 18:39:06,401 RX_BYTE FB
2026-10-09 18:39:06,401 RX_BYTE 04
2026-10-09 18:39:06,401 RX_BYTE 00
2026-10-09 18:39:06,401 RX_BYTE 6D
2026-10-09 18:39:06,401 RX 8B F1 B1 61 01 90 D2 A6 93 94 B0 FB 04 00 6D
2026-10-09 18:39:06,401 RX_BYTE 8B
2026-10-09 18:39:06,401 RX_BYTE F1
2026-10-09 18:39:06,401 RX_BYTE B1
2026-10-09 18:39:06,401 RX_BYTE 61
2026-10-09 18:39:06,401 RX_BYTE 01
2026-10-09 18:39:06,401 RX_BYTE 90
2026-10-09 18:39:06,401 RX_BYTE D2
2026-10-09 18:39:06,401 RX_BYTE A6
2026-10-09 18:39:06,401 RX_BYTE 93
2026-10-09 18:39:06,401 RX_BYTE 94
2026-10-09 18:39:06,401 RX_BYTE B0
2026-10-09 18:39:06,401 RX_BYTE FB
2026-10-09 18:39:06,401 RX_BYTE 04
2026-10-09 18:39:06,401 RX_BYTE 00
2026-10-09 18:39:06,401 RX_BYTE 6D
2026-10-09 18:39:06,401 RX 8B F1 B1 61 01 90 D2 A6 93 94 B0 FB 04 00 6D
2026-10-09 18:39:06,401 RX_BYTE 8B
2026-10-09 18:39:06,401 RX_BYTE F1
2026-10-09 18:39:06,401 RX_BYTE B1
2026-10-09 18:39:06,401 RX_BYTE 61
2026-10-09 18:39:06,401 RX_BYTE 01
2026-10-09 18:39:06,401 RX_BYTE 90
2026-10-09 18:39:06,401 RX_BYTE D2
2026-10-09 18:39:06,401 RX_BYTE A6
2026-10-09 18:39:06,401 RX_BYTE 93
2026-10-09 18:39:06,401 RX_BYTE 94
2026-10-09 18:39:06,401 RX_BYTE B0
2026-10-09 18:39:06,401 RX_BYTE FB
2026-10-09 18:39:06,402 RX_BYTE 04
2026-10-09 18:39:06,402 RX_BYTE 00
2026-10-09 18:39:06,402 RX_BYTE 6D
2026-10-09 18:39:06,402 RX 8B F1 B1 61 01 90 D2 A6 93 94 B0 FB 04 00 6D
2026-10-09 18:39:06,402 RX_BYTE 8B
2026-10-09 18:39:06,402 RX_BYTE F1
2026-10-09 18:39:06,402 RX_BYTE B1
2026-10-09 18:39:06,402 RX_BYTE 61
2026-10-09 18:39:06,402 RX_BYTE 01
2026-10-09 18:39:06,402 RX_BYTE 90
2026-10-09 18:39:06,402 RX_BYTE D2
2026-10-09 18:39:06,402 RX_BYTE A6
2026-10-09 18:39:06,402 RX_BYTE 93
2026-10-09 18:39:06,402 RX_BYTE 94
2026-10-09 18:39:06,402 RX_BYTE B0
2026-10-09 18:39:06,402 RX_BYTE FB
2026-10-09 18:39:06,402 RX_BYTE 04
2026-10-09 18:39:06,402 RX_BYTE 00
2026-10-09 18:39:06,402 RX_BYTE 6D
2026-10-09 18:39:06,402 RX 8B F1 B1 61 01 90 D2 A6 93 94 B0 FB 04 00 6D
2026-10-09 18:39:06,402 RX_BYTE 8B
2026-10-09 18:39:06,402 RX_BYTE F1
2026-10-09 18:39:06,402 RX_BYTE B1
2026-10-09 18:39:06,402 RX_BYTE 61
2026-10-09 18:39:06,402 RX_BYTE 01
2026-10-09 18:39:06,402 RX_BYTE 90
2026-10-09 18:39:06,402 RX_BYTE D2
2026-10-09 18:39:06,402 RX_BYTE A6
2026-10-09 18:39:06,402 RX_BYTE 93
2026-10-09 18:39:06,402 RX_BYTE 94
2026-10-09 18:39:06,402 RX_BYTE B0
2026-10-09 18:39:06,402 RX_BYTE FB
2026-10-09 18:39:06,402 RX_BYTE 04
2026-10-09 18:39:06,402 RX_BYTE 00
2026-10-09 18:39:06,402 RX_BYTE 6D
2026-10-09 18:39:06,402 RX 8B F1 B1 61 01 90 D2 A6 93 94 B0 FB 04 00 6D
2026-10-09 18:39:06,402 RX_BYTE 8B
2026-10-09 18:39:06,402 RX_BYTE F1
2026-10-09 18:39:06,402 RX_BYTE B1
2026-10-09 18:39:06,402 RX_BYTE 61
2026-10-09 18:39:06,402 RX_BYTE 01
2026-10-09 18:39:06,402 RX_BYTE 90
2026-10-09 18:39:06,402 RX_BYTE D2
2026-10-09 18:39:06,402 RX_BYTE A6
2026-10-09 18:39:06,402 RX_BYTE 93
2026-10-09 18:39:06,402 RX_BYTE 94
2026-10-09 18:39:06,402 RX_BYTE B0
2026-10-09 18:39:06,402 RX_BYTE FB
2026-10-09 18:39:06,402 RX_BYTE 04
2026-10-09 18:39:06,402 RX_BYTE 00
2026-10-09 18:39:06,402 RX_BYTE 6D
2026-10-09 18:39:06,402 RX 8B F1 B1 61 01 90 D2 A6 93 94 B0 FB 04 00 6D
2026-10-09 18:39:06,402 RX_BYTE 8B
2026-10-09 18:39:06,402 RX_BYTE F1
2026-10-09 18:39:06,402 RX_BYTE B1
2026-10-09 18:39:06,402 RX_BYTE 61
2026-10-09 18:39:06,402 RX_BYTE 01
2026-10-09 18:39:06,402 RX_BYTE 90
2026-10-09 18:39:06,402 RX_BYTE D2
2026-10-09 18:39:06,402 RX_BYTE A6
2026-10-09 18:39:06,402 RX_BYTE 93
2026-10-09 18:39:06,402 RX_BYTE 94
2026-10-09 18:39:06,402 RX_BYTE B0
2026-10-09 18:39:06,403 RX_BYTE FB
2026-10-09 18:39:06,403 RX_BYTE 04
2026-10-09 18:39:06,403 RX_BYTE 00
2026-10-09 18:39:06,403 RX_BYTE 6D
2026-10-09 18:39:06,403 RX 8B F1 B1 61 01 90 D2 A6 93 94 B0 FB 04 00 6D
2026-10-09 18:39:06,403 RX_BYTE 8B
2026-10-09 18:39:06,403 RX_BYTE F1
2026-10-09 18:39:06,403 RX_BYTE B1
2026-10-09 18:39:06,403 RX_BYTE 61
2026-10-09 18:39:06,403 RX_BYTE 01
2026-10-09 18:39:06,403 RX_BYTE 90
2026-10-09 18:39:06,403 RX_BYTE D2
2026-10-09 18:39:06,403 RX_BYTE A6
2026-10-09 18:39:06,403 RX_BYTE 93
2026-10-09 18:39:06,403 RX_BYTE 94
2026-10-09 18:39:06,403 RX_BYTE B0
2026-10-09 18:39:06,403 RX_BYTE FB
2026-10-09 18:39:06,403 RX_BYTE 04
2026-10-09 18:39:06,403 RX_BYTE 00
2026-10-09 18:39:06,403 RX_BYTE 6D
2026-10-09 18:39:06,403 RX 8B F1 B1 61 01 90 D2 A6 93 94 B0 FB 04 00 6D
2026-10-09 18:39:06,403 RX_BYTE 8B
2026-10-09 18:39:06,403 RX_BYTE F1
2026-10-09 18:39:06,403 RX_BYTE B1
2026-10-09 18:39:06,403 RX_BYTE 61
2026-10-09 18:39:06,403 RX_BYTE 01
2026-10-09 18:39:06,403 RX_BYTE 90
2026-10-09 18:39:06,403 RX_BYTE D2
2026-10-09 18:39:06,403 RX_BYTE A6
2026-10-09 18:39:06,403 RX_BYTE 93
2026-10-09 18:39:06,403 RX_BYTE 94
2026-10-09 18:39:06,403 RX_BYTE B0
2026-10-09 18:39:06,403 RX_BYTE FB
2026-10-09 18:39:06,403 RX_BYTE 04
2026-10-09 18:39:06,403 RX_BYTE 00
2026-10-09 18:39:06,403 RX_BYTE 6D
2026-10-09 18:39:06,403 RX 8B F1 B1 61 01 90 D2 A6 93 94 B0 FB 04 00 6D
2026-10-09 18:39:06,403 RX_BYTE 8B
2026-10-09 18:39:06,403 RX_BYTE F1
2026-10-09 18:39:06,403 RX_BYTE B1
2026-10-09 18:39:06,403 RX_BYTE 61
2026-10-09 18:39:06,403 RX_BYTE 01
2026-10-09 18:39:06,403 RX_BYTE 90
2026-10-09 18:39:06,403 RX_BYTE D2
2026-10-09 18:39:06,403 RX_BYTE A6
2026-10-09 18:39:06,403 RX_BYTE 93
2026-10-09 18:39:06,403 RX_BYTE 94
2026-10-09 18:39:06,403 RX_BYTE B0
2026-10-09 18:39:06,403 RX_BYTE FB
2026-10-09 18:39:06,403 RX_BYTE 04
2026-10-09 18:39:06,403 RX_BYTE 00
2026-10-09 18:39:06,403 RX_BYTE 6D
2026-10-09 18:39:06,403 RX 8B F1 B1 61 01 90 D2 A6 93 94 B0 FB 04 00 6D
2026-10-09 18:39:06,403 RX_BYTE 8B
2026-10-09 18:39:06,403 RX_BYTE F1
2026-10-09 18:39:06,403 RX_BYTE B1
2026-10-09 18:39:06,403 RX_BYTE 61
2026-10-09 18:39:06,403 RX_BYTE 01
2026-10-09 18:39:06,403 RX_BYTE 90
2026-10-09 18:39:06,403 RX_BYTE D2
2026-10-09 18:39:06,404 RX_BYTE A6
2026-10-09 18:39:06,404 RX_BYTE 93
2026-10-09 18:39:06,404 RX_BYTE 94
2026-10-09 18:39:06,404 RX_BYTE B0
2026-10-09 18:39:06,404 RX_BYTE FB
2026-10-09 18:39:06,404 RX_BYTE 04
2026-10-09 18:39:06,404 RX_BYTE 00
2026-10-09 18:39:06,404 RX_BYTE 6D
2026-10-09 18:39:06,404 RX 8B F1 B1 61 01 90 D2 A6 93 94 B0 FB 04 00 6D
2026-10-09 18:39:06,404 RX_BYTE 8B
2026-10-09 18:39:06,404 RX_BYTE F1
2026-10-09 18:39:06,404 RX_BYTE B1
2026-10-09 18:39:06,404 RX_BYTE 61
2026-10-09 18:39:06,404 RX_BYTE 01
2026-10-09 18:39:06,404 RX_BYTE 90
2026-10-09 18:39:06,404 RX_BYTE D2
2026-10-09 18:39:06,404 RX_BYTE A6
2026-10-09 18:39:06,404 RX_BYTE 93
2026-10-09 18:39:06,404 RX_BYTE 94
2026-10-09 18:39:06,404 RX_BYTE B0
2026-10-09 18:39:06,404 RX_BYTE FB
2026-10-09 18:39:06,404 RX_BYTE 04
2026-10-09 18:39:06,404 RX_BYTE 00
2026-10-09 18:39:06,404 RX_BYTE 6D
2026-10-09 18:39:06,404 RX 8B F1 B1 61 01 90 D2 A6 93 94 B0 FB 04 00 6D
2026-10-09 18:39:06,404 RX_BYTE 8B
2026-10-09 18:39:06,404 RX_BYTE F1
2026-10-09 18:39:06,404 RX_BYTE B1
2026-10-09 18:39:06,404 RX_BYTE 61
2026-10-09 18:39:06,404 RX_BYTE 01
2026-10-09 18:39:06,404 RX_BYTE 90
2026-10-09 18:39:06,404 RX_BYTE D2
2026-10-09 18:39:06,404 RX_BYTE A6
2026-10-09 18:39:06,404 RX_BYTE 93
2026-10-09 18:39:06,404 RX_BYTE 94
2026-10-09 18:39:06,404 RX_BYTE B0
2026-10-09 18:39:06,404 RX_BYTE FB
2026-10-09 18:39:06,404 RX_BYTE 04
2026-10-09 18:39:06,404 RX_BYTE 00
2026-10-09 18:39:06,404 RX_BYTE 6D
2026-10-09 18:39:06,404 RX 8B F1 B1 61 01 90 D2 A6 93 94 B0 FB 04 00 6D
2026-10-09 18:39:06,404 RX_BYTE 8B
2026-10-09 18:39:06,404 RX_BYTE F1
2026-10-09 18:39:06,404 RX_BYTE B1
2026-10-09 18:39:06,404 RX_BYTE 61
2026-10-09 18:39:06,404 RX_BYTE 01
2026-10-09 18:39:06,404 RX_BYTE 90
2026-10-09 18:39:06,404 RX_BYTE D2
2026-10-09 18:39:06,404 RX_BYTE A6
2026-10-09 18:39:06,404 RX_BYTE 93
2026-10-09 18:39:06,404 RX_BYTE 94
2026-10-09 18:39:06,404 RX_BYTE B0
2026-10-09 18:39:06,404 RX_BYTE FB
2026-10-09 18:39:06,404 RX_BYTE 04
2026-10-09 18:39:06,404 RX_BYTE 00
2026-10-09 18:39:06,404 RX_BYTE 6D
2026-10-09 18:39:06,404 RX 8B F1 B1 61 01 90 D2 A6 93 94 B0 FB 04 00 6D
2026-10-09 18:39:06,404 RX_BYTE 8B
2026-10-09 18:39:06,404 RX_BYTE F1
2026-10-09 18:39:06,404 RX_BYTE B1
2026-10-09 18:39:06,404 RX_BYTE 61
2026-10-09 18:39:06,404 RX_BYTE 01
2026-10-09 18:39:06,404 RX_BYTE 90
2026-10-09 18:39:06,404 RX_BYTE D2
2026-10-09 18:39:06,405 RX_BYTE A6
2026-10-09 18:39:06,405 RX_BYTE 93
2026-10-09 18:39:06,405 RX_BYTE 94
2026-10-09 18:39:06,405 RX_BYTE B0
2026-10-09 18:39:06,405 RX_BYTE FB
2026-10-09 18:39:06,405 RX_BYTE 04
2026-10-09 18:39:06,405 RX_BYTE 00
2026-10-09 18:39:06,405 RX_BYTE 6D
2026-10-09 18:39:06,405 RX 8B F1 B1 61 01 90 D2 A6 93 94 B0 FB 04 00 6D
2026-10-09 18:39:06,405 RX_BYTE 8B
2026-10-09 18:39:06,405 RX_BYTE F1
2026-10-09 18:39:06,405 RX_BYTE B1
2026-10-09 18:39:06,405 RX_BYTE 61
2026-10-09 18:39:06,405 RX_BYTE 01
2026-10-09 18:39:06,405 RX_BYTE 90
2026-10-09 18:39:06,405 RX_BYTE D2
2026-10-09 18:39:06,405 RX_BYTE A6
2026-10-09 18:39:06,405 RX_BYTE 93
2026-10-09 18:39:06,405 RX_BYTE 94
2026-10-09 18:39:06,405 RX_BYTE B0
2026-10-09 18:39:06,405 RX_BYTE FB
2026-10-09 18:39:06,405 RX_BYTE 04
2026-10-09 18:39:06,405 RX_BYTE 00
2026-10-09 18:39:06,405 RX_BYTE 6D
2026-10-09 18:39:06,405 RX 8B F1 B1 61 01 90 D2 A6 93 94 B0 FB 04 00 6D
2026-10-09 18:39:06,405 RX_BYTE 8B
2026-10-09 18:39:06,405 RX_BYTE F1
2026-10-09 18:39:06,405 RX_BYTE B1
2026-10-09 18:39:06,405 RX_BYTE 61
2026-10-09 18:39:06,405 RX_BYTE 01
2026-10-09 18:39:06,405 RX_BYTE 90
2026-10-09 18:39:06,405 RX_BYTE D2
2026-10-09 18:39:06,405 RX_BYTE A6
2026-10-09 18:39:06,405 RX_BYTE 93
2026-10-09 18:39:06,405 RX_BYTE 94
2026-10-09 18:39:06,405 RX_BYTE B0
2026-10-09 18:39:06,406 RX_BYTE FB
2026-10-09 18:39:06,406 RX_BYTE 04
2026-10-09 18:39:06,406 RX_BYTE 00
2026-10-09 18:39:06,406 RX_BYTE 6D
2026-10-09 18:39:06,406 RX 8B F1 B1 61 01 90 D2 A6 93 94 B0 FB 04 00 6D
2026-10-09 18:39:06,406 RX_BYTE 8B
2026-10-09 18:39:06,406 RX_BYTE F1
2026-10-09 18:39:06,406 RX_BYTE B1
2026-10-09 18:39:06,406 RX_BYTE 61
2026-10-09 18:39:06,406 RX_BYTE 01
2026-10-09 18:39:06,406 RX_BYTE 90
2026-10-09 18:39:06,406 RX_BYTE D2
2026-10-09 18:39:06,406 RX_BYTE A6
2026-10-09 18:39:06,406 RX_BYTE 93
2026-10-09 18:39:06,406 RX_BYTE 94
2026-10-09 18:39:06,406 RX_BYTE B0
2026-10-09 18:39:06,406 RX_BYTE FB
2026-10-09 18:39:06,406 RX_BYTE 04
2026-10-09 18:39:06,406 RX_BYTE 00
2026-10-09 18:39:06,406 RX_BYTE 6D
2026-10-09 18:39:06,406 RX 8B F1 B1 61 01 90 D2 A6 93 94 B0 FB 04 00 6D
2026-10-09 18:39:06,406 RX_BYTE 8B
2026-10-09 18:39:06,406 RX_BYTE F1
2026-10-09 18:39:06,406 RX_BYTE B1
2026-10-09 18:39:06,406 RX_BYTE 61
2026-10-09 18:39:06,406 RX_BYTE 01
2026-10-09 18:39:06,406 RX_BYTE 90
2026-10-09 18:39:06,406 RX_BYTE D2
2026-10-09 18:39:06,406 RX_BYTE A6
2026-10-09 18:39:06,406 RX_BYTE 93
2026-10-09 18:39:06,406 RX_BYTE 94
2026-10-09 18:39:06,406 RX_BYTE B0
2026-10-09 18:39:06,406 RX_BYTE FB
2026-10-09 18:39:06,406 RX_BYTE 04
2026-10-09 18:39:06,406 RX_BYTE 00
2026-10-09 18:39:06,406 RX_BYTE 6D
2026-10-09 18:39:06,406 RX 8B F1 B1 61 01 90 D2 A6 93 94 B0 FB 04 00 6D
2026-10-09 18:39:06,406 RX_BYTE 8B
2026-10-09 18:39:06,406 RX_BYTE F1
2026-10-09 18:39:06,406 RX_BYTE B1
2026-10-09 18:39:06,406 RX_BYTE 61
2026-10-09 18:39:06,406 RX_BYTE 01
2026-10-09 18:39:06,406 RX_BYTE 90
2026-10-09 18:39:06,406 RX_BYTE D2
2026-10-09 18:39:06,406 RX_BYTE A6
2026-10-09 18:39:06,406 RX_BYTE 93
2026-10-09 18:39:06,406 RX_BYTE 94
2026-10-09 18:39:06,407 RX_BYTE B0
2026-10-09 18:39:06,407 RX_BYTE FB
2026-10-09 18:39:06,407 RX_BYTE 04
2026-10-09 18:39:06,407 RX_BYTE 00
2026-10-09 18:39:06,407 RX_BYTE 6D
2026-10-09 18:39:06,407 RX 8B F1 B1 61 01 90 D2 A6 93 94 B0 FB 04 00 6D
2026-10-09 18:39:06,407 RX_BYTE 8B
2026-10-09 18:39:06,407 RX_BYTE F1
2026-10-09 18:39:06,407 RX_BYTE B1
2026-10-09 18:39:06,407 RX_BYTE 61
2026-10-09 18:39:06,407 RX_BYTE 01
2026-10-09 18:39:06,407 RX_BYTE 90
2026-10-09 18:39:06,407 RX_BYTE D2
2026-10-09 18:39:06,407 RX_BYTE A6
2026-10-09 18:39:06,407 RX_BYTE 93
2026-10-09 18:39:06,407 RX_BYTE 94
2026-10-09 18:39:06,407 RX_BYTE B0
2026-10-09 18:39:06,407 RX_BYTE FB
2026-10-09 18:39:06,407 RX_BYTE 04
2026-10-09 18:39:06,407 RX_BYTE 00
2026-10-09 18:39:06,407 RX_BYTE 6D
2026-10-09 18:39:06,407 RX 8B F1 B1 61 01 90 D2 A6 93 94 B0 FB 04 00 6D
2026-10-09 18:39:06,407 RX_BYTE 8B
2026-10-09 18:39:06,407 RX_BYTE F1
2026-10-09 18:39:06,407 RX_BYTE B1
2026-10-09 18:39:06,407 RX_BYTE 61
2026-10-09 18:39:06,407 RX_BYTE 01
2026-10-09 18:39:06,407 RX_BYTE 90
2026-10-09 18:39:06,407 RX_BYTE D2
2026-10-09 18:39:06,407 RX_BYTE A6
2026-10-09 18:39:06,407 RX_BYTE 93
2026-10-09 18:39:06,407 RX_BYTE 94
2026-10-09 18:39:06,407 RX_BYTE B0
2026-10-09 18:39:06,407 RX_BYTE FB
2026-10-09 18:39:06,407 RX_BYTE 04
2026-10-09 18:39:06,407 RX_BYTE 00
2026-10-09 18:39:06,407 RX_BYTE 6D
2026-10-09 18:39:06,407 RX 8B F1 B1 61 01 90 D2 A6 93 94 B0 FB 04 00 6D
2026-10-09 18:39:06,407 RX_BYTE 8B
2026-10-09 18:39:06,407 RX_BYTE F1
2026-10-09 18:39:06,407 RX_BYTE B1
2026-10-09 18:39:06,407 RX_BYTE 61
2026-10-09 18:39:06,407 RX_BYTE 01
2026-10-09 18:39:06,407 RX_BYTE 90
2026-10-09 18:39:06,407 RX_BYTE D2
2026-10-09 18:39:06,407 RX_BYTE A6
2026-10-09 18:39:06,407 RX_BYTE 93
2026-10-09 18:39:06,407 RX_BYTE 94
2026-10-09 18:39:06,407 RX_BYTE B0
2026-10-09 18:39:06,407 RX_BYTE FB
2026-10-09 18:39:06,407 RX_BYTE 04
2026-10-09 18:39:06,407 RX_BYTE 00
2026-10-09 18:39:06,407 RX_BYTE 6D
2026-10-09 18:39:06,407 RX 8B F1 B1 61 01 90 D2 A6 93 94 B0 FB 04 00 6D
2026-10-09 18:39:06,407 RX_BYTE 8B
2026-10-09 18:39:06,407 RX_BYTE F1
2026-10-09 18:39:06,407 RX_BYTE B1
2026-10-09 18:39:06,407 RX_BYTE 61
2026-10-09 18:39:06,408 RX_BYTE 01
2026-10-09 18:39:06,408 RX_BYTE 90
2026-10-09 18:39:06,408 RX_BYTE D2
2026-10-09 18:39:06,408 RX_BYTE A6
2026-10-09 18:39:06,408 RX_BYTE 93
2026-10-09 18:39:06,408 RX_BYTE 94
2026-10-09 18:39:06,408 RX_BYTE B0
2026-10-09 18:39:06,408 RX_BYTE FB
2026-10-09 18:39:06,408 RX_BYTE 04
2026-10-09 18:39:06,408 RX_BYTE 00
2026-10-09 18:39:06,408 RX_BYTE 6D
2026-10-09 18:39:06,408 RX 8B F1 B1 61 01 90 D2 A6 93 94 B0 FB 04 00 6D
2026-10-09 18:39:06,408 RX_BYTE 8B
2026-10-09 18:39:06,408 RX_BYTE F1
2026-10-09 18:39:06,408 RX_BYTE B1
2026-10-09 18:39:06,408 RX_BYTE 61
2026-10-09 18:39:06,408 RX_BYTE 01
2026-10-09 18:39:06,408 RX_BYTE 90
2026-10-09 18:39:06,408 RX_BYTE D2
2026-10-09 18:39:06,408 RX_BYTE A6
2026-10-09 18:39:06,408 RX_BYTE 93
2026-10-09 18:39:06,408 RX_BYTE 94
2026-10-09 18:39:06,408 RX_BYTE B0
2026-10-09 18:39:06,408 RX_BYTE FB
2026-10-09 18:39:06,408 RX_BYTE 04
2026-10-09 18:39:06,408 RX_BYTE 00
2026-10-09 18:39:06,408 RX_BYTE 6D
2026-10-09 18:39:06,408 RX 8B F1 B1 61 01 90 D2 A6 93 94 B0 FB 04 00 6D
2026-10-09 18:39:06,408 RX_BYTE 8B
2026-10-09 18:39:06,408 RX_BYTE F1
2026-10-09 18:39:06,408 RX_BYTE B1
2026-10-09 18:39:06,408 RX_BYTE 61
2026-10-09 18:39:06,408 RX_BYTE 01
2026-10-09 18:39:06,408 RX_BYTE 90
2026-10-09 18:39:06,408 RX_BYTE D2
2026-10-09 18:39:06,408 RX_BYTE A6
2026-10-09 18:39:06,408 RX_BYTE 93
2026-10-09 18:39:06,408 RX_BYTE 94
2026-10-09 18:39:06,408 RX_BYTE B0
2026-10-09 18:39:06,408 RX_BYTE FB
2026-10-09 18:39:06,408 RX_BYTE 04
2026-10-09 18:39:06,408 RX_BYTE 00
2026-10-09 18:39:06,408 RX_BYTE 6D
2026-10-09 18:39:06,408 RX 8B F1 B1 61 01 90 D2 A6 93 94 B0 FB 04 00 6D
2026-10-09 18:39:06,408 RX_BYTE 8B
2026-10-09 18:39:06,408 RX_BYTE F1
2026-10-09 18:39:06,408 RX_BYTE B1
2026-10-09 18:39:06,408 RX_BYTE 61
2026-10-09 18:39:06,408 RX_BYTE 01
2026-10-09 18:39:06,408 RX_BYTE 90
2026-10-09 18:39:06,408 RX_BYTE D2
2026-10-09 18:39:06,408 RX_BYTE A6
2026-10-09 18:39:06,408 RX_BYTE 93
2026-10-09 18:39:06,408 RX_BYTE 94
2026-10-09 18:39:06,408 RX_BYTE B0
2026-10-09 18:39:06,409 RX_BYTE FB
2026-10-09 18:39:06,409 RX_BYTE 04
2026-10-09 18:39:06,409 RX_BYTE 00
2026-10-09 18:39:06,409 RX_BYTE 6D
2026-10-09 18:39:06,409 RX 8B F1 B1 61 01 90 D2 A6 93 94 B0 FB 04 00 6D
2026-10-09 18:39:06,409 RX_BYTE 8B
2026-10-09 18:39:06,409 RX_BYTE F1
2026-10-09 18:39:06,409 RX_BYTE B1
2026-10-09 18:39:06,409 RX_BYTE 61
2026-10-09 18:39:06,409 RX_BYTE 01
2026-10-09 18:39:06,409 RX_BYTE 90
2026-10-09 18:39:06,409 RX_BYTE D2
2026-10-09 18:39:06,409 RX_BYTE A6
2026-10-09 18:39:06,409 RX_BYTE 93
2026-10-09 18:39:06,409 RX_BYTE 94
2026-10-09 18:39:06,409 RX_BYTE B0
2026-10-09 18:39:06,409 RX_BYTE FB
2026-10-09 18:39:06,409 RX_BYTE 04
2026-10-09 18:39:06,409 RX_BYTE 00
2026-10-09 18:39:06,409 RX_BYTE 6D
2026-10-09 18:39:06,409 RX 8B F1 B1 61 01 90 D2 A6 93 94 B0 FB 04 00 6D
2026-10-09 18:39:06,409 RX_BYTE 8B
2026-10-09 18:39:06,409 RX_BYTE F1
2026-10-09 18:39:06,409 RX_BYTE B1
2026-10-09 18:39:06,409 RX_BYTE 61
2026-10-09 18:39:06,409 RX_BYTE 01
2026-10-09 18:39:06,409 RX_BYTE 90
2026-10-09 18:39:06,409 RX_BYTE D2
2026-10-09 18:39:06,409 RX_BYTE A6
2026-10-09 18:39:06,409 RX_BYTE 93
2026-10-09 18:39:06,409 RX_BYTE 94
2026-10-09 18:39:06,409 RX_BYTE B0
2026-10-09 18:39:06,409 RX_BYTE FB
2026-10-09 18:39:06,409 RX_BYTE 04
2026-10-09 18:39:06,409 RX_BYTE 00
2026-10-09 18:39:06,409 RX_BYTE 6D
2026-10-09 18:39:06,409 RX 8B F1 B1 61 01 90 D2 A6 93 94 B0 FB 04 00 6D
2026-10-09 18:39:06,409 RX_BYTE 8B
2026-10-09 18:39:06,409 RX_BYTE F1
2026-10-09 18:39:06,409 RX_BYTE B1
2026-10-09 18:39:06,409 RX_BYTE 61
2026-10-09 18:39:06,409 RX_BYTE 01
2026-10-09 18:39:06,409 RX_BYTE 90
2026-10-09 18:39:06,409 RX_BYTE D2
2026-10-09 18:39:06,409 RX_BYTE A6
2026-10-09 18:39:06,409 RX_BYTE 93
2026-10-09 18:39:06,409 RX_BYTE 94
2026-10-09 18:39:06,409 RX_BYTE B0
2026-10-09 18:39:06,409 RX_BYTE FB
2026-10-09 18:39:06,409 RX_BYTE 04
2026-10-09 18:39:06,409 RX_BYTE 00
2026-10-09 18:39:06,409 RX_BYTE 6D
2026-10-09 18:39:06,409 RX 8B F1 B1 61 01 90 D2 A6 93 94 B0 FB 04 00 6D
2026-10-09 18:39:06,409 RX_BYTE 8B
2026-10-09 18:39:06,409 RX_BYTE F1
2026-10-09 18:39:06,409 RX_BYTE B1
2026-10-09 18:39:06,409 RX_BYTE 61
2026-10-09 18:39:06,409 RX_BYTE 01
2026-10-09 18:39:06,409 RX_BYTE 90
2026-10-09 18:39:06,409 RX_BYTE D2
2026-10-09 18:39:06,410 RX_BYTE A6
2026-10-09 18:39:06,410 RX_BYTE 93
2026-10-09 18:39:06,410 RX_BYTE 94
2026-10-09 18:39:06,410 RX_BYTE B0
2026-10-09 18:39:06,410 RX_BYTE FB
2026-10-09 18:39:06,410 RX_BYTE 04
2026-10-09 18:39:06,410 RX_BYTE 00
2026-10-09 18:39:06,410 RX_BYTE 6D
2026-10-09 18:39:06,410 RX 8B F1 B1 61 01 90 D2 A6 93 94 B0 FB 04 00 6D
2026-10-09 18:39:06,410 RX_BYTE 8B
2026-10-09 18:39:06,410 RX_BYTE F1
2026-10-09 18:39:06,410 RX_BYTE B1
2026-10-09 18:39:06,410 RX_BYTE 61
2026-10-09 18:39:06,410 RX_BYTE 01
2026-10-09 18:39:06,410 RX_BYTE 90
2026-10-09 18:39:06,410 RX_BYTE D2
2026-10-09 18:39:06,410 RX_BYTE A6
2026-10-09 18:39:06,410 RX_BYTE 93
2026-10-09 18:39:06,410 RX_BYTE 94
2026-10-09 18:39:06,410 RX_BYTE B0
2026-10-09 18:39:06,410 RX_BYTE FB
2026-10-09 18:39:06,410 RX_BYTE 04
2026-10-09 18:39:06,410 RX_BYTE 00
2026-10-09 18:39:06,410 RX_BYTE 6D
2026-10-09 18:39:06,410 RX 8B F1 B1 61 01 90 D2 A6 93 94 B0 FB 04 00 6D
2026-10-09 18:39:06,410 RX_BYTE 8B
2026-10-09 18:39:06,410 RX_BYTE F1
2026-10-09 18:39:06,410 RX_BYTE B1
2026-10-09 18:39:06,410 RX_BYTE 61
2026-10-09 18:39:06,410 RX_BYTE 01
2026-10-09 18:39:06,410 RX_BYTE 90
2026-10-09 18:39:06,410 RX_BYTE D2
2026-10-09 18:39:06,410 RX_BYTE A6
2026-10-09 18:39:06,410 RX_BYTE 93
2026-10-09 18:39:06,410 RX_BYTE 94
2026-10-09 18:39:06,410 RX_BYTE B0
2026-10-09 18:39:06,410 RX_BYTE FB
2026-10-09 18:39:06,410 RX_BYTE 04
2026-10-09 18:39:06,410 RX_BYTE 00
2026-10-09 18:39:06,410 RX_BYTE 6D
2026-10-09 18:39:06,410 RX 8B F1 B1 61 01 90 D2 A6 93 94 B0 FB 04 00 6D
2026-10-09 18:39:06,410 RX_BYTE 8B
2026-10-09 18:39:06,410 RX_BYTE F1
2026-10-09 18:39:06,410 RX_BYTE B1
2026-10-09 18:39:06,410 RX_BYTE 61
2026-10-09 18:39:06,410 RX_BYTE 01
2026-10-09 18:39:06,410 RX_BYTE 90
2026-10-09 18:39:06,410 RX_BYTE D2
2026-10-09 18:39:06,410 RX_BYTE A6
2026-10-09 18:39:06,410 RX_BYTE 93
2026-10-09 18:39:06,410 RX_BYTE 94
2026-10-09 18:39:06,410 RX_BYTE B0
2026-10-09 18:39:06,410 RX_BYTE FB
2026-10-09 18:39:06,410 RX_BYTE 04
2026-10-09 18:39:06,410 RX_BYTE 00
2026-10-09 18:39:06,410 RX_BYTE 6D
2026-10-09 18:39:06,410 RX 8B F1 B1 61 01 90 D2 A6 93 94 B0 FB 04 00 6D
2026-10-09 18:39:06,410 RX_BYTE 8B
2026-10-09 18:39:06,411 RX_BYTE F1
2026-10-09 18:39:06,411 RX_BYTE B1
2026-10-09 18:39:06,411 RX_BYTE 61
2026-10-09 18:39:06,411 RX_BYTE 01
2026-10-09 18:39:06,411 RX_BYTE 90
2026-10-09 18:39:06,411 RX_BYTE D2
2026-10-09 18:39:06,411 RX_BYTE A6
2026-10-09 18:39:06,411 RX_BYTE 93
2026-10-09 18:39:06,411 RX_BYTE 94
2026-10-09 18:39:06,411 RX_BYTE B0
2026-10-09 18:39:06,411 RX_BYTE FB
2026-10-09 18:39:06,411 RX_BYTE 04
2026-10-09 18:39:06,411 RX_BYTE 00
2026-10-09 18:39:06,411 RX_BYTE 6D
2026-10-09 18:39:06,411 RX 8B F1 B1 61 01 90 D2 A6 93 94 B0 FB 04 00 6D
2026-10-09 18:39:06,411 RX_BYTE 8B
2026-10-09 18:39:06,411 RX_BYTE F1
2026-10-09 18:39:06,411 RX_BYTE B1
2026-10-09 18:39:06,411 RX_BYTE 61
2026-10-09 18:39:06,411 RX_BYTE 01
2026-10-09 18:39:06,411 RX_BYTE 90
2026-10-09 18:39:06,411 RX_BYTE D2
2026-10-09 18:39:06,411 RX_BYTE A6
2026-10-09 18:39:06,411 RX_BYTE 93
2026-10-09 18:39:06,411 RX_BYTE 94
2026-10-09 18:39:06,411 RX_BYTE B0
2026-10-09 18:39:06,411 RX_BYTE FB
2026-10-09 18:39:06,411 RX_BYTE 04
2026-10-09 18:39:06,411 RX_BYTE 00
2026-10-09 18:39:06,411 RX_BYTE 6D
2026-10-09 18:39:06,411 RX 8B F1 B1 61 01 90 D2 A6 93 94 B0 FB 04 00 6D
2026-10-09 18:39:06,411 RX_BYTE 8B
2026-10-09 18:39:06,411 RX_BYTE F1
2026-10-09 18:39:06,411 RX_BYTE B1
2026-10-09 18:39:06,411 RX_BYTE 61
2026-10-09 18:39:06,411 RX_BYTE 01
2026-10-09 18:39:06,411 RX_BYTE 90
2026-10-09 18:39:06,411 RX_BYTE D2
2026-10-09 18:39:06,411 RX_BYTE A6
2026-10-09 18:39:06,411 RX_BYTE 93
2026-10-09 18:39:06,411 RX_BYTE 94
2026-10-09 18:39:06,411 RX_BYTE B0
2026-10-09 18:39:06,411 RX_BYTE FB
2026-10-09 18:39:06,411 RX_BYTE 04
2026-10-09 18:39:06,411 RX_BYTE 00
2026-10-09 18:39:06,411 RX_BYTE 6D
2026-10-09 18:39:06,411 RX 8B F1 B1 61 01 90 D2 A6 93 94 B0 FB 04 00 6D
2026-10-09 18:39:06,411 RX_BYTE 8B
2026-10-09 18:39:06,411 RX_BYTE F1
2026-10-09 18:39:06,411 RX_BYTE B1
2026-10-09 18:39:06,411 RX_BYTE 61
2026-10-09 18:39:06,411 RX_BYTE 01
2026-10-09 18:39:06,411 RX_BYTE 90
2026-10-09 18:39:06,411 RX_BYTE D2
2026-10-09 18:39:06,411 RX_BYTE A6
2026-10-09 18:39:06,411 RX_BYTE 93
2026-10-09 18:39:06,411 RX_BYTE 94
2026-10-09 18:39:06,411 RX_BYTE B0
2026-10-09 18:39:06,411 RX_BYTE FB
2026-10-09 18:39:06,412 RX_BYTE 04
2026-10-09 18:39:06,412 RX_BYTE 00
2026-10-09 18:39:06,412 RX_BYTE 6D
2026-10-09 18:39:06,412 RX 8B F1 B1 61 01 90 D2 A6 93 94 B0 FB 04 00 6D
2026-10-09 18:39:06,412 RX_BYTE 8B
2026-10-09 18:39:06,412 RX_BYTE F1
2026-10-09 18:39:06,412 RX_BYTE B1
2026-10-09 18:39:06,412 RX_BYTE 61
2026-10-09 18:39:06,412 RX_BYTE 01
2026-10-09 18:39:06,412 RX_BYTE 90
2026-10-09 18:39:06,412 RX_BYTE D2
2026-10-09 18:39:06,412 RX_BYTE A6
2026-10-09 18:39:06,412 RX_BYTE 93
2026-10-09 18:39:06,412 RX_BYTE 94
2026-10-09 18:39:06,412 RX_BYTE B0
2026-10-09 18:39:06,412 RX_BYTE FB
2026-10-09 18:39:06,412 RX_BYTE 04
2026-10-09 18:39:06,412 RX_BYTE 00
2026-10-09 18:39:06,412 RX_BYTE 6D
2026-10-09 18:39:06,412 RX 8B F1 B1 61 01 90 D2 A6 93 94 B0 FB 04 00 6D
2026-10-09 18:39:06,412 RX_BYTE 8B
2026-10-09 18:39:06,412 RX_BYTE F1
2026-10-09 18:39:06,412 RX_BYTE B1
2026-10-09 18:39:06,412 RX_BYTE 61
2026-10-09 18:39:06,412 RX_BYTE 01
2026-10-09 18:39:06,412 RX_BYTE 90
2026-10-09 18:39:06,412 RX_BYTE D2
2026-10-09 18:39:06,412 RX_BYTE A6
2026-10-09 18:39:06,412 RX_BYTE 93
2026-10-09 18:39:06,412 RX_BYTE 94
2026-10-09 18:39:06,412 RX_BYTE B0
2026-10-09 18:39:06,412 RX_BYTE FB
2026-10-09 18:39:06,412 RX_BYTE 04
2026-10-09 18:39:06,412 RX_BYTE 00
2026-10-09 18:39:06,412 RX_BYTE 6D
2026-10-09 18:39:06,412 RX 8B F1 B1 61 01 90 D2 A6 93 94 B0 FB 04 00 6D
2026-10-09 18:39:06,412 RX_BYTE 8B
2026-10-09 18:39:06,412 RX_BYTE F1
2026-10-09 18:39:06,412 RX_BYTE B1
2026-10-09 18:39:06,412 RX_BYTE 61
2026-10-09 18:39:06,412 RX_BYTE 01
2026-10-09 18:39:06,412 RX_BYTE 90
2026-10-09 18:39:06,412 RX_BYTE D2
2026-10-09 18:39:06,412 RX_BYTE A6
2026-10-09 18:39:06,412 RX_BYTE 93
2026-10-09 18:39:06,412 RX_BYTE 94
2026-10-09 18:39:06,412 RX_BYTE B0
2026-10-09 18:39:06,412 RX_BYTE FB
2026-10-09 18:39:06,412 RX_BYTE 04
2026-10-09 18:39:06,412 RX_BYTE 00
2026-10-09 18:39:06,412 RX_BYTE 6D
2026-10-09 18:39:06,413 RX 8B F1 B1 61 01 90 D2 A6 93 94 B0 FB 04 00 6D
2026-10-09 18:39:06,413 RX_BYTE 8B
2026-10-09 18:39:06,413 RX_BYTE F1
2026-10-09 18:39:06,413 RX_BYTE B1
2026-10-09 18:39:06,413 RX_BYTE 61
2026-10-09 18:39:06,413 RX_BYTE 01
2026-10-09 18:39:06,413 RX_BYTE 90
2026-10-09 18:39:06,413 RX_BYTE D2
2026-10-09 18:39:06,413 RX_BYTE A6
2026-10-09 18:39:06,413 RX_BYTE 93
2026-10-09 18:39:06,413 RX_BYTE 94
2026-10-09 18:39:06,413 RX_BYTE B0
2026-10-09 18:39:06,413 RX_BYTE FB
2026-10-09 18:39:06,413 RX_BYTE 04
2026-10-09 18:39:06,413 RX_BYTE 00
2026-10-09 18:39:06,413 RX_BYTE 6D
2026-10-09 18:39:06,413 RX 8B F1 B1 61 01 90 D2 A6 93 94 B0 FB 04 00 6D
2026-10-09 18:39:06,413 RX_BYTE 8B
2026-10-09 18:39:06,413 RX_BYTE F1
2026-10-09 18:39:06,413 RX_BYTE B1
2026-10-09 18:39:06,413 RX_BYTE 61
2026-10-09 18:39:06,413 RX_BYTE 01
2026-10-09 18:39:06,413 RX_BYTE 90
2026-10-09 18:39:06,413 RX_BYTE D2
2026-10-09 18:39:06,413 RX_BYTE A6
2026-10-09 18:39:06,413 RX_BYTE 93
2026-10-09 18:39:06,413 RX_BYTE 94
2026-10-09 18:39:06,413 RX_BYTE B0
2026-10-09 18:39:06,413 RX_BYTE FB
2026-10-09 18:39:06,413 RX_BYTE 04
2026-10-09 18:39:06,413 RX_BYTE 00
2026-10-09 18:39:06,413 RX_BYTE 6D
2026-10-09 18:39:06,413 RX 8B F1 B1 61 01 90 D2 A6 93 94 B0 FB 04 00 6D
2026-10-09 18:39:06,413 RX_BYTE 8B
2026-10-09 18:39:06,413 RX_BYTE F1
2026-10-09 18:39:06,413 RX_BYTE B1
2026-10-09 18:39:06,413 RX_BYTE 61
2026-10-09 18:39:06,413 RX_BYTE 01
2026-10-09 18:39:06,413 RX_BYTE 90
2026-10-09 18:39:06,413 RX_BYTE D2
2026-10-09 18:39:06,413 RX_BYTE A6
2026-10-09 18:39:06,413 RX_BYTE 93
2026-10-09 18:39:06,413 RX_BYTE 94
2026-10-09 18:39:06,413 RX_BYTE B0
2026-10-09 18:39:06,413 RX_BYTE FB
2026-10-09 18:39:06,413 RX_BYTE 04
2026-10-09 18:39:06,413 RX_BYTE 00
2026-10-09 18:39:06,413 RX_BYTE 6D
2026-10-09 18:39:06,413 RX 8B F1 B1 61 01 90 D2 A6 93 94 B0 FB 04 00 6D
2026-10-09 18:39:06,413 RX_BYTE 8B
2026-10-09 18:39:06,413 RX_BYTE F1
2026-10-09 18:39:06,413 RX_BYTE B1
2026-10-09 18:39:06,413 RX_BYTE 61
2026-10-09 18:39:06,413 RX_BYTE 01
2026-10-09 18:39:06,413 RX_BYTE 90
2026-10-09 18:39:06,413 RX_BYTE D2
2026-10-09 18:39:06,413 RX_BYTE A6
2026-10-09 18:39:06,413 RX_BYTE 93
2026-10-09 18:39:06,413 RX_BYTE 94
2026-10-09 18:39:06,413 RX_BYTE B0
2026-10-09 18:39:06,413 RX_BYTE FB
2026-10-09 18:39:06,414 RX_BYTE 04
2026-10-09 18:39:06,414 RX_BYTE 00
2026-10-09 18:39:06,414 RX_BYTE 6D
2026-10-09 18:39:06,414 RX 8B F1 B1 61 01 90 D2 A6 93 94 B0 FB 04 00 6D
2026-10-09 18:39:06,414 RX_BYTE 8B
2026-10-09 18:39:06,414 RX_BYTE F1
2026-10-09 18:39:06,414 RX_BYTE B1
2026-10-09 18:39:06,414 RX_BYTE 61
2026-10-09 18:39:06,414 RX_BYTE 01
2026-10-09 18:39:06,414 RX_BYTE 90
2026-10-09 18:39:06,414 RX_BYTE D2
2026-10-09 18:39:06,414 RX_BYTE A6
2026-10-09 18:39:06,414 RX_BYTE 93
2026-10-09 18:39:06,414 RX_BYTE 94
2026-10-09 18:39:06,414 RX_BYTE B0
2026-10-09 18:39:06,414 RX_BYTE FB
2026-10-09 18:39:06,414 RX_BYTE 04
2026-10-09 18:39:06,414 RX_BYTE 00
2026-10-09 18:39:06,414 RX_BYTE 6D
2026-10-09 18:39:06,414 RX 8B F1 B1 61 01 90 D2 A6 93 94 B0 FB 04 00 6D
2026-10-09 18:39:06,414 RX_BYTE 8B
2026-10-09 18:39:06,414 RX_BYTE F1
2026-10-09 18:39:06,414 RX_BYTE B1
2026-10-09 18:39:06,414 RX_BYTE 61
2026-10-09 18:39:06,414 RX_BYTE 01
2026-10-09 18:39:06,414 RX_BYTE 90
2026-10-09 18:39:06,414 RX_BYTE D2
2026-10-09 18:39:06,414 RX_BYTE A6
2026-10-09 18:39:06,414 RX_BYTE 93
2026-10-09 18:39:06,414 RX_BYTE 94
2026-10-09 18:39:06,414 RX_BYTE B0
2026-10-09 18:39:06,414 RX_BYTE FB
2026-10-09 18:39:06,414 RX_BYTE 04
2026-10-09 18:39:06,414 RX_BYTE 00
2026-10-09 18:39:06,414 RX_BYTE 6D
2026-10-09 18:39:06,414 RX 8B F1 B1 61 01 90 D2 A6 93 94 B0 FB 04 00 6D
2026-10-09 18:39:06,414 RX_BYTE 8B
2026-10-09 18:39:06,414 RX_BYTE F1
2026-10-09 18:39:06,414 RX_BYTE B1
2026-10-09 18:39:06,414 RX_BYTE 61
2026-10-09 18:39:06,414 RX_BYTE 01
2026-10-09 18:39:06,414 RX_BYTE 90
2026-10-09 18:39:06,414 RX_BYTE D2
2026-10-09 18:39:06,414 RX_BYTE A6
2026-10-09 18:39:06,414 RX_BYTE 93
2026-10-09 18:39:06,414 RX_BYTE 94
2026-10-09 18:39:06,414 RX_BYTE B0
2026-10-09 18:39:06,414 RX_BYTE FB
2026-10-09 18:39:06,414 RX_BYTE 04
2026-10-09 18:39:06,414 RX_BYTE 00
2026-10-09 18:39:06,414 RX_BYTE 6D
2026-10-09 18:39:06,414 RX 8B F1 B1 61 01 90 D2 A6 93 94 B0 FB 04 00 6D
2026-10-09 18:39:06,414 RX_BYTE 8B
2026-10-09 18:39:06,414 RX_BYTE F1
2026-10-09 18:39:06,414 RX_BYTE B1
2026-10-09 18:39:06,414 RX_BYTE 61
2026-10-09 18:39:06,414 RX_BYTE 01
2026-10-09 18:39:06,414 RX_BYTE 90
2026-10-09 18:39:06,414 RX_BYTE D2
2026-10-09 18:39:06,414 RX_BYTE A6
2026-10-09 18:39:06,414 RX_BYTE 93
2026-10-09 18:39:06,414 RX_BYTE 94
2026-10-09 18:39:06,415 RX_BYTE B0
2026-10-09 18:39:06,415 RX_BYTE FB
2026-10-09 18:39:06,415 RX_BYTE 04
2026-10-09 18:39:06,415 RX_BYTE 00
2026-10-09 18:39:06,415 RX_BYTE 6D
2026-10-09 18:39:06,415 RX 8B F1 B1 61 01 90 D2 A6 93 94 B0 FB 04 00 6D
2026-10-09 18:39:06,415 RX_BYTE 8B
2026-10-09 18:39:06,415 RX_BYTE F1
2026-10-09 18:39:06,415 RX_BYTE B1
2026-10-09 18:39:06,415 RX_BYTE 61
2026-10-09 18:39:06,415 RX_BYTE 01
2026-10-09 18:39:06,415 RX_BYTE 90
2026-10-09 18:39:06,415 RX_BYTE D2
2026-10-09 18:39:06,415 RX_BYTE A6
2026-10-09 18:39:06,415 RX_BYTE 93
2026-10-09 18:39:06,415 RX_BYTE 94
2026-10-09 18:39:06,415 RX_BYTE B0
2026-10-09 18:39:06,415 RX_BYTE FB
2026-10-09 18:39:06,415 RX_BYTE 04
2026-10-09 18:39:06,415 RX_BYTE 00
2026-10-09 18:39:06,415 RX_BYTE 6D
2026-10-09 18:39:06,415 RX 8B F1 B1 61 01 90 D2 A6 93 94 B0 FB 04 00 6D
2026-10-09 18:39:06,415 RX_BYTE 8B
2026-10-09 18:39:06,415 RX_BYTE F1
2026-10-09 18:39:06,415 RX_BYTE B1
2026-10-09 18:39:06,415 RX_BYTE 61
2026-10-09 18:39:06,415 RX_BYTE 01
2026-10-09 18:39:06,415 RX_BYTE 90
2026-10-09 18:39:06,415 RX_BYTE D2
2026-10-09 18:39:06,415 RX_BYTE A6
2026-10-09 18:39:06,415 RX_BYTE 93
2026-10-09 18:39:06,415 RX_BYTE 94
2026-10-09 18:39:06,415 RX_BYTE B0
2026-10-09 18:39:06,415 RX_BYTE FB
2026-10-09 18:39:06,415 RX_BYTE 04
2026-10-09 18:39:06,415 RX_BYTE 00
2026-10-09 18:39:06,415 RX_BYTE 6D
2026-10-09 18:39:06,415 RX 8B F1 B1 61 01 90 D2 A6 93 94 B0 FB 04 00 6D
2026-10-09 18:39:06,415 RX_BYTE 8B
2026-10-09 18:39:06,415 RX_BYTE F1
2026-10-09 18:39:06,415 RX_BYTE B1
2026-10-09 18:39:06,415 RX_BYTE 61
2026-10-09 18:39:06,415 RX_BYTE 01
2026-10-09 18:39:06,415 RX_BYTE 90
2026-10-09 18:39:06,415 RX_BYTE D2
2026-10-09 18:39:06,415 RX_BYTE A6
2026-10-09 18:39:06,415 RX_BYTE 93
2026-10-09 18:39:06,415 RX_BYTE 94
2026-10-09 18:39:06,415 RX_BYTE B0
2026-10-09 18:39:06,415 RX_BYTE FB
2026-10-09 18:39:06,415 RX_BYTE 04
2026-10-09 18:39:06,415 RX_BYTE 00
2026-10-09 18:39:06,415 RX_BYTE 6D
2026-10-09 18:39:06,415 RX 8B F1 B1 61 01 90 D2 A6 93 94 B0 FB 04 00 6D
2026-10-09 18:39:06,415 RX_BYTE 8B
2026-10-09 18:39:06,415 RX_BYTE F1
2026-10-09 18:39:06,415 RX_BYTE B1
2026-10-09 18:39:06,415 RX_BYTE 61
2026-10-09 18:39:06,415 RX_BYTE 01
2026-10-09 18:39:06,415 RX_BYTE 90
2026-10-09 18:39:06,415 RX_BYTE D2
2026-10-09 18:39:06,415 RX_BYTE A6
2026-10-09 18:39:06,416 RX_BYTE 93
2026-10-09 18:39:06,416 RX_BYTE 94
2026-10-09 18:39:06,416 RX_BYTE B0
2026-10-09 18:39:06,416 RX_BYTE FB
2026-10-09 18:39:06,416 RX_BYTE 04
2026-10-09 18:39:06,416 RX_BYTE 00
2026-10-09 18:39:06,416 RX_BYTE 6D
2026-10-09 18:39:06,416 RX 8B F1 B1 61 01 90 D2 A6 93 94 B0 FB 04 00 6D
2026-10-09 18:39:06,416 RX_BYTE 8B
2026-10-09 18:39:06,416 RX_BYTE F1
2026-10-09 18:39:06,416 RX_BYTE B1
2026-10-09 18:39:06,416 RX_BYTE 61
2026-10-09 18:39:06,416 RX_BYTE 01
2026-10-09 18:39:06,416 RX_BYTE 90
2026-10-09 18:39:06,416 RX_BYTE D2
2026-10-09 18:39:06,416 RX_BYTE A6
2026-10-09 18:39:06,416 RX_BYTE 93
2026-10-09 18:39:06,416 RX_BYTE 94
2026-10-09 18:39:06,416 RX_BYTE B0
2026-10-09 18:39:06,416 RX_BYTE FB
2026-10-09 18:39:06,416 RX_BYTE 04
2026-10-09 18:39:06,416 RX_BYTE 00
2026-10-09 18:39:06,416 RX_BYTE 6D
2026-10-09 18:39:06,416 RX 8B F1 B1 61 01 90 D2 A6 93 94 B0 FB 04 00 6D
2026-10-09 18:39:06,416 RX_BYTE 8B
2026-10-09 18:39:06,416 RX_BYTE F1
2026-10-09 18:39:06,416 RX_BYTE B1
2026-10-09 18:39:06,416 RX_BYTE 61
2026-10-09 18:39:06,416 RX_BYTE 01
2026-10-09 18:39:06,416 RX_BYTE 90
2026-10-09 18:39:06,416 RX_BYTE D2
2026-10-09 18:39:06,416 RX_BYTE A6
2026-10-09 18:39:06,416 RX_BYTE 93
2026-10-09 18:39:06,416 RX_BYTE 94
2026-10-09 18:39:06,416 RX_BYTE B0
2026-10-09 18:39:06,416 RX_BYTE FB
2026-10-09 18:39:06,416 RX_BYTE 04
2026-10-09 18:39:06,416 RX_BYTE 00
2026-10-09 18:39:06,416 RX_BYTE 6D
2026-10-09 18:39:06,416 RX 8B F1 B1 61 01 90 D2 A6 93 94 B0 FB 04 00 6D
2026-10-09 18:39:06,416 RX_BYTE 8B
2026-10-09 18:39:06,416 RX_BYTE F1
2026-10-09 18:39:06,416 RX_BYTE B1
2026-10-09 18:39:06,416 RX_BYTE 61
2026-10-09 18:39:06,416 RX_BYTE 01
2026-10-09 18:39:06,416 RX_BYTE 90
2026-10-09 18:39:06,416 RX_BYTE D2
2026-10-09 18:39:06,416 RX_BYTE A6
2026-10-09 18:39:06,416 RX_BYTE 93
2026-10-09 18:39:06,416 RX_BYTE 94
2026-10-09 18:39:06,416 RX_BYTE B0
2026-10-09 18:39:06,416 RX_BYTE FB
2026-10-09 18:39:06,416 RX_BYTE 04
2026-10-09 18:39:06,416 RX_BYTE 00
2026-10-09 18:39:06,416 RX_BYTE 6D
2026-10-09 18:39:06,416 RX 8B F1 B1 61 01 90 D2 A6 93 94 B0 FB 04 00 6D
2026-10-09 18:39:06,416 RX_BYTE 8B
2026-10-09 18:39:06,416 RX_BYTE F1
2026-10-09 18:39:06,416 RX_BYTE B1
2026-10-09 18:39:06,416 RX_BYTE 61
2026-10-09 18:39:06,416 RX_BYTE 01
2026-10-09 18:39:06,416 RX_BYTE 90
2026-10-09 18:39:06,417 RX_BYTE D2
2026-10-09 18:39:06,417 RX_BYTE A6
2026-10-09 18:39:06,417 RX_BYTE 93
2026-10-09 18:39:06,417 RX_BYTE 94
2026-10-09 18:39:06,417 RX_BYTE B0
2026-10-09 18:39:06,417 RX_BYTE FB
2026-10-09 18:39:06,417 RX_BYTE 04
2026-10-09 18:39:06,417 RX_BYTE 00
2026-10-09 18:39:06,417 RX_BYTE 6D
2026-10-09 18:39:06,417 RX 8B F1 B1 61 01 90 D2 A6 93 94 B0 FB 04 00 6D
2026-10-09 18:39:06,417 RX_BYTE 8B
2026-10-09 18:39:06,417 RX_BYTE F1
2026-10-09 18:39:06,417 RX_BYTE B1
2026-10-09 18:39:06,417 RX_BYTE 61
2026-10-09 18:39:06,417 RX_BYTE 01
2026-10-09 18:39:06,417 RX_BYTE 90
2026-10-09 18:39:06,417 RX_BYTE D2
2026-10-09 18:39:06,417 RX_BYTE A6
2026-10-09 18:39:06,417 RX_BYTE 93
2026-10-09 18:39:06,417 RX_BYTE 94
2026-10-09 18:39:06,417 RX_BYTE B0
2026-10-09 18:39:06,417 RX_BYTE FB
2026-10-09 18:39:06,417 RX_BYTE 04
2026-10-09 18:39:06,417 RX_BYTE 00
2026-10-09 18:39:06,417 RX_BYTE 6D
2026-10-09 18:39:06,417 RX 8B F1 B1 61 01 90 D2 A6 93 94 B0 FB 04 00 6D
2026-10-09 18:39:06,417 RX_BYTE 8B
2026-10-09 18:39:06,417 RX_BYTE F1
2026-10-09 18:39:06,417 RX_BYTE B1
2026-10-09 18:39:06,417 RX_BYTE 61
2026-10-09 18:39:06,417 RX_BYTE 01
2026-10-09 18:39:06,417 RX_BYTE 90
2026-10-09 18:39:06,417 RX_BYTE D2
2026-10-09 18:39:06,417 RX_BYTE A6
2026-10-09 18:39:06,417 RX_BYTE 93
2026-10-09 18:39:06,417 RX_BYTE 94
2026-10-09 18:39:06,417 RX_BYTE B0
2026-10-09 18:39:06,417 RX_BYTE FB
2026-10-09 18:39:06,417 RX_BYTE 04
2026-10-09 18:39:06,417 RX_BYTE 00
2026-10-09 18:39:06,417 RX_BYTE 6D
2026-10-09 18:39:06,417 RX 8B F1 B1 61 01 90 D2 A6 93 94 B0 FB 04 00 6D
2026-10-09 18:39:06,417 RX_BYTE 8B
2026-10-09 18:39:06,417 RX_BYTE F1
2026-10-09 18:39:06,417 RX_BYTE B1
2026-10-09 18:39:06,417 RX_BYTE 61
2026-10-09 18:39:06,417 RX_BYTE 01
2026-10-09 18:39:06,417 RX_BYTE 90
2026-10-09 18:39:06,417 RX_BYTE D2
2026-10-09 18:39:06,417 RX_BYTE A6
2026-10-09 18:39:06,417 RX_BYTE 93
2026-10-09 18:39:06,417 RX_BYTE 94
2026-10-09 18:39:06,417 RX_BYTE B0
2026-10-09 18:39:06,417 RX_BYTE FB
2026-10-09 18:39:06,417 RX_BYTE 04
2026-10-09 18:39:06,417 RX_BYTE 00
2026-10-09 18:39:06,417 RX_BYTE 6D
2026-10-09 18:39:06,417 RX 8B F1 B1 61 01 90 D2 A6 93 94 B0 FB 04 00 6D
2026-10-09 18:39:06,417 RX_BYTE 8B
2026-10-09 18:39:06,417 RX_BYTE F1
2026-10-09 18:39:06,417 RX_BYTE B1
2026-10-09 18:39:06,418 RX_BYTE 61
2026-10-09 18:39:06,418 RX_BYTE 01
2026-10-09 18:39:06,418 RX_BYTE 90
2026-10-09 18:39:06,418 RX_BYTE D2
2026-10-09 18:39:06,418 RX_BYTE A6
2026-10-09 18:39:06,418 RX_BYTE 93
2026-10-09 18:39:06,418 RX_BYTE 94
2026-10-09 18:39:06,418 RX_BYTE B0
2026-10-09 18:39:06,418 RX_BYTE FB
2026-10-09 18:39:06,418 RX_BYTE 04
2026-10-09 18:39:06,418 RX_BYTE 00
2026-10-09 18:39:06,418 RX_BYTE 6D
2026-10-09 18:39:06,418 RX 8B F1 B1 61 01 90 D2 A6 93 94 B0 FB 04 00 6D
2026-10-09 18:39:06,418 RX_BYTE 8B
2026-10-09 18:39:06,418 RX_BYTE F1
2026-10-09 18:39:06,418 RX_BYTE B1
2026-10-09 18:39:06,418 RX_BYTE 61
2026-10-09 18:39:06,418 RX_BYTE 01
2026-10-09 18:39:06,418 RX_BYTE 90
2026-10-09 18:39:06,418 RX_BYTE D2
2026-10-09 18:39:06,418 RX_BYTE A6
2026-10-09 18:39:06,418 RX_BYTE 93
2026-10-09 18:39:06,418 RX_BYTE 94
2026-10-09 18:39:06,418 RX_BYTE B0
2026-10-09 18:39:06,418 RX_BYTE FB
2026-10-09 18:39:06,418 RX_BYTE 04
2026-10-09 18:39:06,418 RX_BYTE 00
2026-10-09 18:39:06,418 RX_BYTE 6D
2026-10-09 18:39:06,418 RX 8B F1 B1 61 01 90 D2 A6 93 94 B0 FB 04 00 6D
2026-10-09 18:39:06,418 RX_BYTE 8B
2026-10-09 18:39:06,418 RX_BYTE F1
2026-10-09 18:39:06,418 RX_BYTE B1
2026-10-09 18:39:06,418 RX_BYTE 61
2026-10-09 18:39:06,418 RX_BYTE 01
2026-10-09 18:39:06,418 RX_BYTE 90
2026-10-09 18:39:06,418 RX_BYTE D2
2026-10-09 18:39:06,418 RX_BYTE A6
2026-10-09 18:39:06,418 RX_BYTE 93
2026-10-09 18:39:06,418 RX_BYTE 94
2026-10-09 18:39:06,418 RX_BYTE B0
2026-10-09 18:39:06,418 RX_BYTE FB
2026-10-09 18:39:06,418 RX_BYTE 04
2026-10-09 18:39:06,418 RX_BYTE 00
2026-10-09 18:39:06,418 RX_BYTE 6D
2026-10-09 18:39:06,418 RX 8B F1 B1 61 01 90 D2 A6 93 94 B0 FB 04 00 6D
2026-10-09 18:39:06,418 RX_BYTE 8B
2026-10-09 18:39:06,418 RX_BYTE F1
2026-10-09 18:39:06,418 RX_BYTE B1
2026-10-09 18:39:06,418 RX_BYTE 61
2026-10-09 18:39:06,418 RX_BYTE 01
2026-10-09 18:39:06,418 RX_BYTE 90
2026-10-09 18:39:06,418 RX_BYTE D2
2026-10-09 18:39:06,418 RX_BYTE A6
2026-10-09 18:39:06,418 RX_BYTE 93
2026-10-09 18:39:06,418 RX_BYTE 94
2026-10-09 18:39:06,418 RX_BYTE B0
2026-10-09 18:39:06,418 RX_BYTE FB
2026-10-09 18:39:06,418 RX_BYTE 04
2026-10-09 18:39:06,418 RX_BYTE 00
2026-10-09 18:39:06,418 RX_BYTE 6D
2026-10-09 18:39:06,418 RX 8B F1 B1 61 01 90 D2 A6 93 94 B0 FB 04 00 6D
2026-10-09 18:39:06,419 RX_BYTE 8B
2026-10-09 18:39:06,419 RX_BYTE F1
2026-10-09 18:39:06,419 RX_BYTE B1
2026-10-09 18:39:06,419 RX_BYTE 61
2026-10-09 18:39:06,419 RX_BYTE 01
2026-10-09 18:39:06,419 RX_BYTE 90
2026-10-09 18:39:06,419 RX_BYTE D2
2026-10-09 18:39:06,419 RX_BYTE A6
2026-10-09 18:39:06,419 RX_BYTE 93
2026-10-09 18:39:06,419 RX_BYTE 94
2026-10-09 18:39:06,419 RX_BYTE B0
2026-10-09 18:39:06,419 RX_BYTE FB
2026-10-09 18:39:06,419 RX_BYTE 04
2026-10-09 18:39:06,419 RX_BYTE 00
2026-10-09 18:39:06,419 RX_BYTE 6D
2026-10-09 18:39:06,419 RX 8B F1 B1 61 01 90 D2 A6 93 94 B0 FB 04 00 6D
2026-10-09 18:39:06,419 RX_BYTE 8B
2026-10-09 18:39:06,419 RX_BYTE F1
2026-10-09 18:39:06,419 RX_BYTE B1
2026-10-09 18:39:06,419 RX_BYTE 61
2026-10-09 18:39:06,419 RX_BYTE 01
2026-10-09 18:39:06,419 RX_BYTE 90
2026-10-09 18:39:06,419 RX_BYTE D2
2026-10-09 18:39:06,419 RX_BYTE A6
2026-10-09 18:39:06,419 RX_BYTE 93
2026-10-09 18:39:06,419 RX_BYTE 94
2026-10-09 18:39:06,419 RX_BYTE B0
2026-10-09 18:39:06,419 RX_BYTE FB
2026-10-09 18:39:06,419 RX_BYTE 04
2026-10-09 18:39:06,419 RX_BYTE 00
2026-10-09 18:39:06,419 RX_BYTE 6D
2026-10-09 18:39:06,419 RX 8B F1 B1 61 01 90 D2 A6 93 94 B0 FB 04 00 6D
2026-10-09 18:39:06,419 RX_BYTE 8B
2026-10-09 18:39:06,419 RX_BYTE F1
2026-10-09 18:39:06,419 RX_BYTE B1
2026-10-09 18:39:06,419 RX_BYTE 61
2026-10-09 18:39:06,419 RX_BYTE 01
2026-10-09 18:39:06,419 RX_BYTE 90
2026-10-09 18:39:06,419 RX_BYTE D2
2026-10-09 18:39:06,419 RX_BYTE A6
2026-10-09 18:39:06,419 RX_BYTE 93
2026-10-09 18:39:06,419 RX_BYTE 94
2026-10-09 18:39:06,419 RX_BYTE B0
2026-10-09 18:39:06,419 RX_BYTE FB
2026-10-09 18:39:06,419 RX_BYTE 04
2026-10-09 18:39:06,419 RX_BYTE 00
2026-10-09 18:39:06,419 RX_BYTE 6D
2026-10-09 18:39:06,419 RX 8B F1 B1 61 01 90 D2 A6 93 94 B0 FB 04 00 6D
2026-10-09 18:39:06,419 RX_BYTE 8B
2026-10-09 18:39:06,419 RX_BYTE F1
2026-10-09 18:39:06,419 RX_BYTE B1
2026-10-09 18:39:06,419 RX_BYTE 61
2026-10-09 18:39:06,419 RX_BYTE 01
2026-10-09 18:39:06,419 RX_BYTE 90
2026-10-09 18:39:06,419 RX_BYTE D2
2026-10-09 18:39:06,419 RX_BYTE A6
2026-10-09 18:39:06,419 RX_BYTE 93
2026-10-09 18:39:06,419 RX_BYTE 94
2026-10-09 18:39:06,419 RX_BYTE B0
2026-10-09 18:39:06,419 RX_BYTE FB
2026-10-09 18:39:06,420 RX_BYTE 04
2026-10-09 18:39:06,420 RX_BYTE 00
2026-10-09 18:39:06,420 RX_BYTE 6D
2026-10-09 18:39:06,420 RX 8B F1 B1 61 01 90 D2 A6 93 94 B0 FB 04 00 6D
2026-10-09 18:39:06,420 RX_BYTE 8B
2026-10-09 18:39:06,420 RX_BYTE F1
2026-10-09 18:39:06,420 RX_BYTE B1
2026-10-09 18:39:06,420 RX_BYTE 61
2026-10-09 18:39:06,420 RX_BYTE 01
2026-10-09 18:39:06,420 RX_BYTE 90
2026-10-09 18:39:06,420 RX_BYTE D2
2026-10-09 18:39:06,420 RX_BYTE A6
2026-10-09 18:39:06,420 RX_BYTE 93
2026-10-09 18:39:06,420 RX_BYTE 94
2026-10-09 18:39:06,420 RX_BYTE B0
2026-10-09 18:39:06,420 RX_BYTE FB
2026-10-09 18:39:06,420 RX_BYTE 04
2026-10-09 18:39:06,420 RX_BYTE 00
2026-10-09 18:39:06,420 RX_BYTE 6D
2026-10-09 18:39:06,420 RX 8B F1 B1 61 01 90 D2 A6 93 94 B0 FB 04 00 6D
2026-10-09 18:39:06,420 RX_BYTE 8B
2026-10-09 18:39:06,420 RX_BYTE F1
2026-10-09 18:39:06,420 RX_BYTE B1
2026-10-09 18:39:06,420 RX_BYTE 61
2026-10-09 18:39:06,420 RX_BYTE 01
2026-10-09 18:39:06,420 RX_BYTE 90
2026-10-09 18:39:06,420 RX_BYTE D2
2026-10-09 18:39:06,420 RX_BYTE A6
2026-10-09 18:39:06,420 RX_BYTE 93
2026-10-09 18:39:06,420 RX_BYTE 94
2026-10-09 18:39:06,420 RX_BYTE B0
2026-10-09 18:39:06,420 RX_BYTE FB
2026-10-09 18:39:06,420 RX_BYTE 04
2026-10-09 18:39:06,420 RX_BYTE 00
2026-10-09 18:39:06,420 RX_BYTE 6D
2026-10-09 18:39:06,420 RX 8B F1 B1 61 01 90 D2 A6 93 94 B0 FB 04 00 6D
2026-10-09 18:39:06,420 RX_BYTE 8B
2026-10-09 18:39:06,420 RX_BYTE F1
2026-10-09 18:39:06,420 RX_BYTE B1
2026-10-09 18:39:06,420 RX_BYTE 61
2026-10-09 18:39:06,420 RX_BYTE 01
2026-10-09 18:39:06,420 RX_BYTE 90
2026-10-09 18:39:06,420 RX_BYTE D2
2026-10-09 18:39:06,420 RX_BYTE A6
2026-10-09 18:39:06,420 RX_BYTE 93
2026-10-09 18:39:06,420 RX_BYTE 94
2026-10-09 18:39:06,420 RX_BYTE B0
2026-10-09 18:39:06,420 RX_BYTE FB
2026-10-09 18:39:06,420 RX_BYTE 04
2026-10-09 18:39:06,420 RX_BYTE 00
2026-10-09 18:39:06,420 RX_BYTE 6D
2026-10-09 18:39:06,420 RX 8B F1 B1 61 01 90 D2 A6 93 94 B0 FB 04 00 6D
2026-10-09 18:39:06,420 RX_BYTE 8B
2026-10-09 18:39:06,420 RX_BYTE F1
2026-10-09 18:39:06,420 RX_BYTE B1
2026-10-09 18:39:06,420 RX_BYTE 61
2026-10-09 18:39:06,420 RX_BYTE 01
2026-10-09 18:39:06,420 RX_BYTE 90
2026-10-09 18:39:06,420 RX_BYTE D2
2026-10-09 18:39:06,420 RX_BYTE A6
2026-10-09 18:39:06,421 RX_BYTE 93
2026-10-09 18:39:06,421 RX_BYTE 94
2026-10-09 18:39:06,421 RX_BYTE B0
2026-10-09 18:39:06,421 RX_BYTE FB
2026-10-09 18:39:06,421 RX_BYTE 04
2026-10-09 18:39:06,421 RX_BYTE 00
2026-10-09 18:39:06,421 RX_BYTE 6D
2026-10-09 18:39:06,421 RX 8B F1 B1 61 01 90 D2 A6 93 94 B0 FB 04 00 6D
2026-10-09 18:39:06,421 RX_BYTE 8B
2026-10-09 18:39:06,421 RX_BYTE F1
2026-10-09 18:39:06,421 RX_BYTE B1
2026-10-09 18:39:06,421 RX_BYTE 61
2026-10-09 18:39:06,421 RX_BYTE 01
2026-10-09 18:39:06,421 RX_BYTE 90
2026-10-09 18:39:06,421 RX_BYTE D2
2026-10-09 18:39:06,421 RX_BYTE A6
2026-10-09 18:39:06,421 RX_BYTE 93
2026-10-09 18:39:06,421 RX_BYTE 94
2026-10-09 18:39:06,421 RX_BYTE B0
2026-10-09 18:39:06,421 RX_BYTE FB
2026-10-09 18:39:06,421 RX_BYTE 04
2026-10-09 18:39:06,421 RX_BYTE 00
2026-10-09 18:39:06,421 RX_BYTE 6D
2026-10-09 18:39:06,421 RX 8B F1 B1 61 01 90 D2 A6 93 94 B0 FB 04 00 6D
2026-10-09 18:39:06,421 RX_BYTE 8B
2026-10-09 18:39:06,421 RX_BYTE F1
2026-10-09 18:39:06,421 RX_BYTE B1
2026-10-09 18:39:06,421 RX_BYTE 61
2026-10-09 18:39:06,421 RX_BYTE 01
2026-10-09 18:39:06,421 RX_BYTE 90
2026-10-09 18:39:06,421 RX_BYTE D2
2026-10-09 18:39:06,421 RX_BYTE A6
2026-10-09 18:39:06,421 RX_BYTE 93
2026-10-09 18:39:06,421 RX_BYTE 94
2026-10-09 18:39:06,421 RX_BYTE B0
2026-10-09 18:39:06,421 RX_BYTE FB
2026-10-09 18:39:06,421 RX_BYTE 04
2026-10-09 18:39:06,421 RX_BYTE 00
2026-10-09 18:39:06,421 RX_BYTE 6D
2026-10-09 18:39:06,421 RX 8B F1 B1 61 01 90 D2 A6 93 94 B0 FB 04 00 6D
2026-10-09 18:39:06,421 RX_BYTE 8B
2026-10-09 18:39:06,421 RX_BYTE F1
2026-10-09 18:39:06,421 RX_BYTE B1
2026-10-09 18:39:06,421 RX_BYTE 61
2026-10-09 18:39:06,421 RX_BYTE 01
2026-10-09 18:39:06,421 RX_BYTE 90
2026-10-09 18:39:06,421 RX_BYTE D2
2026-10-09 18:39:06,421 RX_BYTE A6
2026-10-09 18:39:06,421 RX_BYTE 93
2026-10-09 18:39:06,421 RX_BYTE 94
2026-10-09 18:39:06,421 RX_BYTE B0
2026-10-09 18:39:06,421 RX_BYTE FB
2026-10-09 18:39:06,421 RX_BYTE 04
2026-10-09 18:39:06,421 RX_BYTE 00
2026-10-09 18:39:06,421 RX_BYTE 6D
2026-10-09 18:39:06,421 RX 8B F1 B1 61 01 90 D2 A6 93 94 B0 FB 04 00 6D
2026-10-09 18:39:06,422 RX_BYTE 8B
2026-10-09 18:39:06,422 RX_BYTE F1
2026-10-09 18:39:06,422 RX_BYTE B1
2026-10-09 18:39:06,422 RX_BYTE 61
2026-10-09 18:39:06,422 RX_BYTE 01
2026-10-09 18:39:06,422 RX_BYTE 90
2026-10-09 18:39:06,422 RX_BYTE D2
2026-10-09 18:39:06,422 RX_BYTE A6
2026-10-09 18:39:06,422 RX_BYTE 93
2026-10-09 18:39:06,422 RX_BYTE 94
2026-10-09 18:39:06,422 RX_BYTE B0
2026-10-09 18:39:06,422 RX_BYTE FB
2026-10-09 18:39:06,422 RX_BYTE 04
2026-10-09 18:39:06,422 RX_BYTE 00
2026-10-09 18:39:06,422 RX_BYTE 6D
2026-10-09 18:39:06,422 RX 8B F1 B1 61 01 90 D2 A6 93 94 B0 FB 04 00 6D
2026-10-09 18:39:06,422 RX_BYTE 8B
2026-10-09 18:39:06,422 RX_BYTE F1
2026-10-09 18:39:06,422 RX_BYTE B1
2026-10-09 18:39:06,422 RX_BYTE 61
2026-10-09 18:39:06,422 RX_BYTE 01
2026-10-09 18:39:06,422 RX_BYTE 90
2026-10-09 18:39:06,422 RX_BYTE D2
2026-10-09 18:39:06,422 RX_BYTE A6
2026-10-09 18:39:06,422 RX_BYTE 93
2026-10-09 18:39:06,422 RX_BYTE 94
2026-10-09 18:39:06,422 RX_BYTE B0
2026-10-09 18:39:06,422 RX_BYTE FB
2026-10-09 18:39:06,422 RX_BYTE 04
2026-10-09 18:39:06,423 RX_BYTE 00
2026-10-09 18:39:06,423 RX_BYTE 6D
2026-10-09 18:39:06,423 RX 8B F1 B1 61 01 90 D2 A6 93 94 B0 FB 04 00 6D
2026-10-09 18:39:06,423 RX_BYTE 8B
2026-10-09 18:39:06,423 RX_BYTE F1
2026-10-09 18:39:06,423 RX_BYTE B1
2026-10-09 18:39:06,423 RX_BYTE 61
2026-10-09 18:39:06,423 RX_BYTE 01
2026-10-09 18:39:06,423 RX_BYTE 90
2026-10-09 18:39:06,423 RX_BYTE D2
2026-10-09 18:39:06,423 RX_BYTE A6
2026-10-09 18:39:06,423 RX_BYTE 93
2026-10-09 18:39:06,423 RX_BYTE 94
2026-10-09 18:39:06,423 RX_BYTE B0
2026-10-09 18:39:06,423 RX_BYTE FB
2026-10-09 18:39:06,423 RX_BYTE 04
2026-10-09 18:39:06,423 RX_BYTE 00
2026-10-09 18:39:06,423 RX_BYTE 6D
2026-10-09 18:39:06,423 RX 8B F1 B1 61 01 90 D2 A6 93 94 B0 FB 04 00 6D
2026-10-09 18:39:06,423 RX_BYTE 8B
2026-10-09 18:39:06,423 RX_BYTE F1
2026-10-09 18:39:06,423 RX_BYTE B1
2026-10-09 18:39:06,423 RX_BYTE 61
2026-10-09 18:39:06,423 RX_BYTE 01
2026-10-09 18:39:06,423 RX_BYTE 90
2026-10-09 18:39:06,423 RX_BYTE D2
2026-10-09 18:39:06,423 RX_BYTE A6
2026-10-09 18:39:06,423 RX_BYTE 93
2026-10-09 18:39:06,423 RX_BYTE 94
2026-10-09 18:39:06,423 RX_BYTE B0
2026-10-09 18:39:06,423 RX_BYTE FB
2026-10-09 18:39:06,423 RX_BYTE 04
2026-10-09 18:39:06,423 RX_BYTE 00
2026-10-09 18:39:06,423 RX_BYTE 6D
2026-10-09 18:39:06,423 RX 8B F1 B1 61 01 90 D2 A6 93 94 B0 FB 04 00 6D
2026-10-09 18:39:06,423 RX_BYTE 8B
2026-10-09 18:39:06,423 RX_BYTE F1
2026-10-09 18:39:06,423 RX_BYTE B1
2026-10-09 18:39:06,423 RX_BYTE 61
2026-10-09 18:39:06,423 RX_BYTE 01
2026-10-09 18:39:06,423 RX_BYTE 90
2026-10-09 18:39:06,423 RX_BYTE D2
2026-10-09 18:39:06,423 RX_BYTE A6
2026-10-09 18:39:06,423 RX_BYTE 93
2026-10-09 18:39:06,423 RX_BYTE 94
2026-10-09 18:39:06,423 RX_BYTE B0
2026-10-09 18:39:06,424 RX_BYTE FB
2026-10-09 18:39:06,424 RX_BYTE 04
2026-10-09 18:39:06,424 RX_BYTE 00
2026-10-09 18:39:06,424 RX_BYTE 6D
2026-10-09 18:39:06,424 RX 8B F1 B1 61 01 90 D2 A6 93 94 B0 FB 04 00 6D
2026-10-09 18:39:06,424 RX_BYTE 8B
2026-10-09 18:39:06,424 RX_BYTE F1
2026-10-09 18:39:06,424 RX_BYTE B1
2026-10-09 18:39:06,424 RX_BYTE 61
2026-10-09 18:39:06,424 RX_BYTE 01
2026-10-09 18:39:06,424 RX_BYTE 90
2026-10-09 18:39:06,424 RX_BYTE D2
2026-10-09 18:39:06,424 RX_BYTE A6
2026-10-09 18:39:06,424 RX_BYTE 93
2026-10-09 18:39:06,424 RX_BYTE 94
2026-10-09 18:39:06,424 RX_BYTE B0
2026-10-09 18:39:06,424 RX_BYTE FB
2026-10-09 18:39:06,424 RX_BYTE 04
2026-10-09 18:39:06,424 RX_BYTE 00
2026-10-09 18:39:06,424 RX_BYTE 6D
2026-10-09 18:39:06,424 RX 8B F1 B1 61 01 90 D2 A6 93 94 B0 FB 04 00 6D
2026-10-09 18:39:06,424 RX_BYTE 8B
2026-10-09 18:39:06,424 RX_BYTE F1
2026-10-09 18:39:06,424 RX_BYTE B1
2026-10-09 18:39:06,424 RX_BYTE 61
2026-10-09 18:39:06,424 RX_BYTE 01
2026-10-09 18:39:06,424 RX_BYTE 90
2026-10-09 18:39:06,424 RX_BYTE D2
2026-10-09 18:39:06,424 RX_BYTE A6
2026-10-09 18:39:06,424 RX_BYTE 93
2026-10-09 18:39:06,424 RX_BYTE 94
2026-10-09 18:39:06,424 RX_BYTE B0
2026-10-09 18:39:06,424 RX_BYTE FB
2026-10-09 18:39:06,424 RX_BYTE 04
2026-10-09 18:39:06,424 RX_BYTE 00
2026-10-09 18:39:06,424 RX_BYTE 6D
2026-10-09 18:39:06,424 RX 8B F1 B1 61 01 90 D2 A6 93 94 B0 FB 04 00 6D
2026-10-09 18:39:06,424 RX_BYTE 8B
2026-10-09 18:39:06,424 RX_BYTE F1
2026-10-09 18:39:06,424 RX_BYTE B1
2026-10-09 18:39:06,424 RX_BYTE 61
2026-10-09 18:39:06,424 RX_BYTE 01
2026-10-09 18:39:06,424 RX_BYTE 90
2026-10-09 18:39:06,424 RX_BYTE D2
2026-10-09 18:39:06,424 RX_BYTE A6
2026-10-09 18:39:06,424 RX_BYTE 93
2026-10-09 18:39:06,424 RX_BYTE 94
2026-10-09 18:39:06,424 RX_BYTE B0
2026-10-09 18:39:06,424 RX_BYTE FB
2026-10-09 18:39:06,424 RX_BYTE 04
2026-10-09 18:39:06,424 RX_BYTE 00
2026-10-09 18:39:06,424 RX_BYTE 6D
2026-10-09 18:39:06,424 RX 8B F1 B1 61 01 90 D2 A6 93 94 B0 FB 04 00 6D
2026-10-09 18:39:06,424 RX_BYTE 8B
2026-10-09 18:39:06,424 RX_BYTE F1
2026-10-09 18:39:06,424 RX_BYTE B1
2026-10-09 18:39:06,424 RX_BYTE 61
2026-10-09 18:39:06,424 RX_BYTE 01
2026-10-09 18:39:06,424 RX_BYTE 90
2026-10-09 18:39:06,424 RX_BYTE D2
2026-10-09 18:39:06,424 RX_BYTE A6
2026-10-09 18:39:06,424 RX_BYTE 93
2026-10-09 18:39:06,425 RX_BYTE 94
2026-10-09 18:39:06,425 RX_BYTE B0
2026-10-09 18:39:06,425 RX_BYTE FB
2026-10-09 18:39:06,425 RX_BYTE 04
2026-10-09 18:39:06,425 RX_BYTE 00
2026-10-09 18:39:06,425 RX_BYTE 6D
2026-10-09 18:39:06,425 RX 8B F1 B1 61 01 90 D2 A6 93 94 B0 FB 04 00 6D
2026-10-09 18:39:06,425 RX_BYTE 8B
2026-10-09 18:39:06,425 RX_BYTE F1
2026-10-09 18:39:06,425 RX_BYTE B1
2026-10-09 18:39:06,425 RX_BYTE 61
2026-10-09 18:39:06,425 RX_BYTE 01
2026-10-09 18:39:06,425 RX_BYTE 90
2026-10-09 18:39:06,425 RX_BYTE D2
2026-10-09 18:39:06,425 RX_BYTE A6
2026-10-09 18:39:06,425 RX_BYTE 93
2026-10-09 18:39:06,425 RX_BYTE 94
2026-10-09 18:39:06,425 RX_BYTE B0
2026-10-09 18:39:06,425 RX_BYTE FB
2026-10-09 18:39:06,425 RX_BYTE 04
2026-10-09 18:39:06,425 RX_BYTE 00
2026-10-09 18:39:06,425 RX_BYTE 6D
2026-10-09 18:39:06,425 RX 8B F1 B1 61 01 90 D2 A6 93 94 B0 FB 04 00 6D
2026-10-09 18:39:06,425 RX_BYTE 8B
2026-10-09 18:39:06,425 RX_BYTE F1
2026-10-09 18:39:06,425 RX_BYTE B1
2026-10-09 18:39:06,425 RX_BYTE 61
2026-10-09 18:39:06,425 RX_BYTE 01
2026-10-09 18:39:06,425 RX_BYTE 90
2026-10-09 18:39:06,425 RX_BYTE D2
2026-10-09 18:39:06,425 RX_BYTE A6
2026-10-09 18:39:06,425 RX_BYTE 93
2026-10-09 18:39:06,425 RX_BYTE 94
2026-10-09 18:39:06,425 RX_BYTE B0
2026-10-09 18:39:06,425 RX_BYTE FB
2026-10-09 18:39:06,425 RX_BYTE 04
2026-10-09 18:39:06,425 RX_BYTE 00
2026-10-09 18:39:06,425 RX_BYTE 6D
2026-10-09 18:39:06,425 RX 8B F1 B1 61 01 90 D2 A6 93 94 B0 FB 04 00 6D
2026-10-09 18:39:06,425 RX_BYTE 8B
2026-10-09 18:39:06,425 RX_BYTE F1
2026-10-09 18:39:06,425 RX_BYTE B1
2026-10-09 18:39:06,425 RX_BYTE 61
2026-10-09 18:39:06,425 RX_BYTE 01
2026-10-09 18:39:06,425 RX_BYTE 90
2026-10-09 18:39:06,425 RX_BYTE D2
2026-10-09 18:39:06,425 RX_BYTE A6
2026-10-09 18:39:06,425 RX_BYTE 93
2026-10-09 18:39:06,425 RX_BYTE 94
2026-10-09 18:39:06,425 RX_BYTE B0
2026-10-09 18:39:06,425 RX_BYTE FB
2026-10-09 18:39:06,425 RX_BYTE 04
2026-10-09 18:39:06,425 RX_BYTE 00
2026-10-09 18:39:06,425 RX_BYTE 6D
2026-10-09 18:39:06,425 RX 8B F1 B1 61 01 90 D2 A6 93 94 B0 FB 04 00 6D
2026-10-09 18:39:06,425 RX_BYTE 8B
2026-10-09 18:39:06,425 RX_BYTE F1
2026-10-09 18:39:06,425 RX_BYTE B1
2026-10-09 18:39:06,425 RX_BYTE 61
2026-10-09 18:39:06,425 RX_BYTE 01
2026-10-09 18:39:06,425 RX_BYTE 90
2026-10-09 18:39:06,426 RX_BYTE D2
2026-10-09 18:39:06,426 RX_BYTE A6
2026-10-09 18:39:06,426 RX_BYTE 93
2026-10-09 18:39:06,426 RX_BYTE 94
2026-10-09 18:39:06,426 RX_BYTE B0
2026-10-09 18:39:06,426 RX_BYTE FB
2026-10-09 18:39:06,426 RX_BYTE 04
2026-10-09 18:39:06,426 RX_BYTE 00
2026-10-09 18:39:06,426 RX_BYTE 6D
2026-10-09 18:39:06,426 RX 8B F1 B1 61 01 90 D2 A6 93 94 B0 FB 04 00 6D
2026-10-09 18:39:06,426 RX_BYTE 8B
2026-10-09 18:39:06,426 RX_BYTE F1
2026-10-09 18:39:06,426 RX_BYTE B1
2026-10-09 18:39:06,426 RX_BYTE 61
2026-10-09 18:39:06,426 RX_BYTE 01
2026-10-09 18:39:06,426 RX_BYTE 90
2026-10-09 18:39:06,426 RX_BYTE D2
2026-10-09 18:39:06,426 RX_BYTE A6
2026-10-09 18:39:06,426 RX_BYTE 93
2026-10-09 18:39:06,426 RX_BYTE 94
2026-10-09 18:39:06,426 RX_BYTE B0
2026-10-09 18:39:06,426 RX_BYTE FB
2026-10-09 18:39:06,426 RX_BYTE 04
2026-10-09 18:39:06,426 RX_BYTE 00
2026-10-09 18:39:06,426 RX_BYTE 6D
2026-10-09 18:39:06,426 RX 8B F1 B1 61 01 90 D2 A6 93 94 B0 FB 04 00 6D
2026-10-09 18:39:06,426 RX_BYTE 8B
2026-10-09 18:39:06,426 RX_BYTE F1
2026-10-09 18:39:06,426 RX_BYTE B1
2026-10-09 18:39:06,426 RX_BYTE 61
2026-10-09 18:39:06,426 RX_BYTE 01
2026-10-09 18:39:06,426 RX_BYTE 90
2026-10-09 18:39:06,426 RX_BYTE D2
2026-10-09 18:39:06,426 RX_BYTE A6
2026-10-09 18:39:06,426 RX_BYTE 93
2026-10-09 18:39:06,426 RX_BYTE 94
2026-10-09 18:39:06,426 RX_BYTE B0
2026-10-09 18:39:06,426 RX_BYTE FB
2026-10-09 18:39:06,426 RX_BYTE 04
2026-10-09 18:39:06,426 RX_BYTE 00
2026-10-09 18:39:06,426 RX_BYTE 6D
2026-10-09 18:39:06,426 RX 8B F1 B1 61 01 90 D2 A6 93 94 B0 FB 04 00 6D
2026-10-09 18:39:06,426 RX_BYTE 8B
2026-10-09 18:39:06,426 RX_BYTE F1
2026-10-09 18:39:06,426 RX_BYTE B1
2026-10-09 18:39:06,426 RX_BYTE 61
2026-10-09 18:39:06,426 RX_BYTE 01
2026-10-09 18:39:06,426 RX_BYTE 90
2026-10-09 18:39:06,426 RX_BYTE D2
2026-10-09 18:39:06,426 RX_BYTE A6
2026-10-09 18:39:06,426 RX_BYTE 93
2026-10-09 18:39:06,426 RX_BYTE 94
2026-10-09 18:39:06,426 RX_BYTE B0
2026-10-09 18:39:06,426 RX_BYTE FB
2026-10-09 18:39:06,426 RX_BYTE 04
2026-10-09 18:39:06,426 RX_BYTE 00
2026-10-09 18:39:06,426 RX_BYTE 6D
2026-10-09 18:39:06,426 RX 8B F1 B1 61 01 90 D2 A6 93 94 B0 FB 04 00 6D
2026-10-09 18:39:06,426 RX_BYTE 8B
2026-10-09 18:39:06,426 RX_BYTE F1
2026-10-09 18:39:06,426 RX_BYTE B1
2026-10-09 18:39:06,426 RX_BYTE 61
2026-10-09 18:39:06,426 RX_BYTE 01
2026-10-09 18:39:06,427 RX_BYTE 90
2026-10-09 18:39:06,427 RX_BYTE D2
2026-10-09 18:39:06,427 RX_BYTE A6
2026-10-09 18:39:06,427 RX_BYTE 93
2026-10-09 18:39:06,427 RX_BYTE 94
2026-10-09 18:39:06,427 RX_BYTE B0
2026-10-09 18:39:06,427 RX_BYTE FB
2026-10-09 18:39:06,427 RX_BYTE 04
2026-10-09 18:39:06,427 RX_BYTE 00
2026-10-09 18:39:06,427 RX_BYTE 6D
2026-10-09 18:39:06,427 RX 8B F1 B1 61 01 90 D2 A6 93 94 B0 FB 04 00 6D
2026-10-09 18:39:06,427 RX_BYTE 8B
2026-10-09 18:39:06,427 RX_BYTE F1
2026-10-09 18:39:06,427 RX_BYTE B1
2026-10-09 18:39:06,427 RX_BYTE 61
2026-10-09 18:39:06,427 RX_BYTE 01
2026-10-09 18:39:06,427 RX_BYTE 90
2026-10-09 18:39:06,427 RX_BYTE D2
2026-10-09 18:39:06,427 RX_BYTE A6
2026-10-09 18:39:06,427 RX_BYTE 93
2026-10-09 18:39:06,427 RX_BYTE 94
2026-10-09 18:39:06,427 RX_BYTE B0
2026-10-09 18:39:06,427 RX_BYTE FB
2026-10-09 18:39:06,427 RX_BYTE 04
2026-10-09 18:39:06,427 RX_BYTE 00
2026-10-09 18:39:06,427 RX_BYTE 6D
2026-10-09 18:39:06,427 RX 8B F1 B1 61 01 90 D2 A6 93 94 B0 FB 04 00 6D
2026-10-09 18:39:06,427 RX_BYTE 8B
2026-10-09 18:39:06,427 RX_BYTE F1
2026-10-09 18:39:06,427 RX_BYTE B1
2026-10-09 18:39:06,427 RX_BYTE 61
2026-10-09 18:39:06,427 RX_BYTE 01
2026-10-09 18:39:06,427 RX_BYTE 90
2026-10-09 18:39:06,427 RX_BYTE D2
2026-10-09 18:39:06,427 RX_BYTE A6
2026-10-09 18:39:06,427 RX_BYTE 93
2026-10-09 18:39:06,427 RX_BYTE 94
2026-10-09 18:39:06,427 RX_BYTE B0
2026-10-09 18:39:06,427 RX_BYTE FB
2026-10-09 18:39:06,427 RX_BYTE 04
2026-10-09 18:39:06,427 RX_BYTE 00
2026-10-09 18:39:06,427 RX_BYTE 6D
2026-10-09 18:39:06,427 RX 8B F1 B1 61 01 90 D2 A6 93 94 B0 FB 04 00 6D
2026-10-09 18:39:06,427 RX_BYTE 8B
2026-10-09 18:39:06,427 RX_BYTE F1
2026-10-09 18:39:06,427 RX_BYTE B1
2026-10-09 18:39:06,427 RX_BYTE 61
2026-10-09 18:39:06,427 RX_BYTE 01
2026-10-09 18:39:06,427 RX_BYTE 90
2026-10-09 18:39:06,427 RX_BYTE D2
2026-10-09 18:39:06,427 RX_BYTE A6
2026-10-09 18:39:06,427 RX_BYTE 93
2026-10-09 18:39:06,427 RX_BYTE 94
2026-10-09 18:39:06,427 RX_BYTE B0
2026-10-09 18:39:06,427 RX_BYTE FB
2026-10-09 18:39:06,427 RX_BYTE 04
2026-10-09 18:39:06,427 RX_BYTE 00
2026-10-09 18:39:06,427 RX_BYTE 6D
2026-10-09 18:39:06,427 RX 8B F1 B1 61 01 90 D2 A6 93 94 B0 FB 04 00 6D
2026-10-09 18:39:06,427 RX_BYTE 8B
2026-10-09 18:39:06,427 RX_BYTE F1
2026-10-09 18:39:06,428 RX_BYTE B1
2026-10-09 18:39:06,428 RX_BYTE 61
2026-10-09 18:39:06,428 RX_BYTE 01
2026-10-09 18:39:06,428 RX_BYTE 90
2026-10-09 18:39:06,428 RX_BYTE D2
2026-10-09 18:39:06,428 RX_BYTE A6
2026-10-09 18:39:06,428 RX_BYTE 93
2026-10-09 18:39:06,428 RX_BYTE 94
2026-10-09 18:39:06,428 RX_BYTE B0
2026-10-09 18:39:06,428 RX_BYTE FB
2026-10-09 18:39:06,428 RX_BYTE 04
2026-10-09 18:39:06,428 RX_BYTE 00
2026-10-09 18:39:06,428 RX_BYTE 6D
2026-10-09 18:39:06,428 RX 8B F1 B1 61 01 90 D2 A6 93 94 B0 FB 04 00 6D
2026-10-09 18:39:06,428 RX_BYTE 8B
2026-10-09 18:39:06,428 RX_BYTE F1
2026-10-09 18:39:06,428 RX_BYTE B1
2026-10-09 18:39:06,428 RX_BYTE 61
2026-10-09 18:39:06,428 RX_BYTE 01
2026-10-09 18:39:06,428 RX_BYTE 90
2026-10-09 18:39:06,428 RX_BYTE D2
2026-10-09 18:39:06,428 RX_BYTE A6
2026-10-09 18:39:06,428 RX_BYTE 93
2026-10-09 18:39:06,428 RX_BYTE 94
2026-10-09 18:39:06,428 RX_BYTE B0
2026-10-09 18:39:06,428 RX_BYTE FB
2026-10-09 18:39:06,428 RX_BYTE 04
2026-10-09 18:39:06,428 RX_BYTE 00
2026-10-09 18:39:06,428 RX_BYTE 6D
2026-10-09 18:39:06,428 RX 8B F1 B1 61 01 90 D2 A6 93 94 B0 FB 04 00 6D
2026-10-09 18:39:06,428 RX_BYTE 8B
2026-10-09 18:39:06,428 RX_BYTE F1
2026-10-09 18:39:06,428 RX_BYTE B1
2026-10-09 18:39:06,428 RX_BYTE 61
2026-10-09 18:39:06,428 RX_BYTE 01
2026-10-09 18:39:06,428 RX_BYTE 90
2026-10-09 18:39:06,428 RX_BYTE D2
2026-10-09 18:39:06,428 RX_BYTE A6
2026-10-09 18:39:06,428 RX_BYTE 93
2026-10-09 18:39:06,428 RX_BYTE 94
2026-10-09 18:39:06,428 RX_BYTE B0
2026-10-09 18:39:06,428 RX_BYTE FB
2026-10-09 18:39:06,428 RX_BYTE 04
2026-10-09 18:39:06,428 RX_BYTE 00
2026-10-09 18:39:06,428 RX_BYTE 6D
2026-10-09 18:39:06,428 RX 8B F1 B1 61 01 90 D2 A6 93 94 B0 FB 04 00 6D
2026-10-09 18:39:06,428 RX_BYTE 8B
2026-10-09 18:39:06,428 RX_BYTE F1
2026-10-09 18:39:06,428 RX_BYTE B1
2026-10-09 18:39:06,428 RX_BYTE 61
2026-10-09 18:39:06,428 RX_BYTE 01
2026-10-09 18:39:06,428 RX_BYTE 90
2026-10-09 18:39:06,428 RX_BYTE D2
2026-10-09 18:39:06,428 RX_BYTE A6
2026-10-09 18:39:06,428 RX_BYTE 93
2026-10-09 18:39:06,428 RX_BYTE 94
2026-10-09 18:39:06,428 RX_BYTE B0
2026-10-09 18:39:06,428 RX_BYTE FB
2026-10-09 18:39:06,428 RX_BYTE 04
2026-10-09 18:39:06,429 RX_BYTE 00
2026-10-09 18:39:06,429 RX_BYTE 6D
2026-10-09 18:39:06,429 RX 8B F1 B1 61 01 90 D2 A6 93 94 B0 FB 04 00 6D
2026-10-09 18:39:06,429 RX_BYTE 8B
2026-10-09 18:39:06,429 RX_BYTE F1
2026-10-09 18:39:06,429 RX_BYTE B1
2026-10-09 18:39:06,429 RX_BYTE 61
2026-10-09 18:39:06,429 RX_BYTE 01
2026-10-09 18:39:06,429 RX_BYTE 90
2026-10-09 18:39:06,429 RX_BYTE D2
2026-10-09 18:39:06,429 RX_BYTE A6
2026-10-09 18:39:06,429 RX_BYTE 93
2026-10-09 18:39:06,429 RX_BYTE 94
2026-10-09 18:39:06,429 RX_BYTE B0
2026-10-09 18:39:06,429 RX_BYTE FB
2026-10-09 18:39:06,429 RX_BYTE 04
2026-10-09 18:39:06,429 RX_BYTE 00
2026-10-09 18:39:06,429 RX_BYTE 6D
2026-10-09 18:39:06,429 RX 8B F1 B1 61 01 90 D2 A6 93 94 B0 FB 04 00 6D
2026-10-09 18:39:06,429 RX_BYTE 8B
2026-10-09 18:39:06,429 RX_BYTE F1
2026-10-09 18:39:06,429 RX_BYTE B1
2026-10-09 18:39:06,429 RX_BYTE 61
2026-10-09 18:39:06,429 RX_BYTE 01
2026-10-09 18:39:06,429 RX_BYTE 90
2026-10-09 18:39:06,429 RX_BYTE D2
2026-10-09 18:39:06,429 RX_BYTE A6
2026-10-09 18:39:06,429 RX_BYTE 93
2026-10-09 18:39:06,429 RX_BYTE 94
2026-10-09 18:39:06,429 RX_BYTE B0
2026-10-09 18:39:06,429 RX_BYTE FB
2026-10-09 18:39:06,429 RX_BYTE 04
2026-10-09 18:39:06,429 RX_BYTE 00
2026-10-09 18:39:06,429 RX_BYTE 6D
2026-10-09 18:39:06,429 RX 8B F1 B1 61 01 90 D2 A6 93 94 B0 FB 04 00 6D
2026-10-09 18:39:06,429 RX_BYTE 8B
2026-10-09 18:39:06,429 RX_BYTE F1
2026-10-09 18:39:06,429 RX_BYTE B1
2026-10-09 18:39:06,429 RX_BYTE 61
2026-10-09 18:39:06,429 RX_BYTE 01
2026-10-09 18:39:06,429 RX_BYTE 90
2026-10-09 18:39:06,429 RX_BYTE D2
2026-10-09 18:39:06,429 RX_BYTE A6
2026-10-09 18:39:06,429 RX_BYTE 93
2026-10-09 18:39:06,429 RX_BYTE 94
2026-10-09 18:39:06,429 RX_BYTE B0
2026-10-09 18:39:06,429 RX_BYTE FB
2026-10-09 18:39:06,429 RX_BYTE 04
2026-10-09 18:39:06,429 RX_BYTE 00
2026-10-09 18:39:06,429 RX_BYTE 6D
2026-10-09 18:39:06,429 RX 8B F1 B1 61 01 90 D2 A6 93 94 B0 FB 04 00 6D
2026-10-09 18:39:06,429 RX_BYTE 8B
2026-10-09 18:39:06,429 RX_BYTE F1
2026-10-09 18:39:06,429 RX_BYTE B1
2026-10-09 18:39:06,429 RX_BYTE 61
2026-10-09 18:39:06,429 RX_BYTE 01
2026-10-09 18:39:06,429 RX_BYTE 90
2026-10-09 18:39:06,429 RX_BYTE D2
2026-10-09 18:39:06,429 RX_BYTE A6
2026-10-09 18:39:06,429 RX_BYTE 93
2026-10-09 18:39:06,429 RX_BYTE 94
2026-10-09 18:39:06,429 RX_BYTE B0
2026-10-09 18:39:06,430 RX_BYTE FB
2026-10-09 18:39:06,430 RX_BYTE 04
2026-10-09 18:39:06,430 RX_BYTE 00
2026-10-09 18:39:06,430 RX_BYTE 6D
2026-10-09 18:39:06,430 RX 8B F1 B1 61 01 90 D2 A6 93 94 B0 FB 04 00 6D
2026-10-09 18:39:06,430 RX_BYTE 8B
2026-10-09 18:39:06,430 RX_BYTE F1
2026-10-09 18:39:06,430 RX_BYTE B1
2026-10-09 18:39:06,430 RX_BYTE 61
2026-10-09 18:39:06,430 RX_BYTE 01
2026-10-09 18:39:06,430 RX_BYTE 90
2026-10-09 18:39:06,430 RX_BYTE D2
2026-10-09 18:39:06,430 RX_BYTE A6
2026-10-09 18:39:06,430 RX_BYTE 93
2026-10-09 18:39:06,430 RX_BYTE 94
2026-10-09 18:39:06,430 RX_BYTE B0
2026-10-09 18:39:06,430 RX_BYTE FB
2026-10-09 18:39:06,430 RX_BYTE 04
2026-10-09 18:39:06,430 RX_BYTE 00
2026-10-09 18:39:06,430 RX_BYTE 6D
2026-10-09 18:39:06,430 RX 8B F1 B1 61 01 90 D2 A6 93 94 B0 FB 04 00 6D
2026-10-09 18:39:06,430 RX_BYTE 8B
2026-10-09 18:39:06,430 RX_BYTE F1
2026-10-09 18:39:06,430 RX_BYTE B1
2026-10-09 18:39:06,430 RX_BYTE 61
2026-10-09 18:39:06,430 RX_BYTE 01
2026-10-09 18:39:06,430 RX_BYTE 90
2026-10-09 18:39:06,430 RX_BYTE D2
2026-10-09 18:39:06,430 RX_BYTE A6
2026-10-09 18:39:06,430 RX_BYTE 93
2026-10-09 18:39:06,430 RX_BYTE 94
2026-10-09 18:39:06,430 RX_BYTE B0
2026-10-09 18:39:06,430 RX_BYTE FB
2026-10-09 18:39:06,430 RX_BYTE 04
2026-10-09 18:39:06,430 RX_BYTE 00
2026-10-09 18:39:06,430 RX_BYTE 6D
2026-10-09 18:39:06,430 RX 8B F1 B1 61 01 90 D2 A6 93 94 B0 FB 04 00 6D
2026-10-09 18:39:06,430 RX_BYTE 8B
2026-10-09 18:39:06,430 RX_BYTE F1
2026-10-09 18:39:06,430 RX_BYTE B1
2026-10-09 18:39:06,430 RX_BYTE 61
2026-10-09 18:39:06,430 RX_BYTE 01
2026-10-09 18:39:06,430 RX_BYTE 90
2026-10-09 18:39:06,430 RX_BYTE D2
2026-10-09 18:39:06,430 RX_BYTE A6
2026-10-09 18:39:06,430 RX_BYTE 93
2026-10-09 18:39:06,430 RX_BYTE 94
2026-10-09 18:39:06,430 RX_BYTE B0
2026-10-09 18:39:06,430 RX_BYTE FB
2026-10-09 18:39:06,430 RX_BYTE 04
2026-10-09 18:39:06,430 RX_BYTE 00
2026-10-09 18:39:06,430 RX_BYTE 6D
2026-10-09 18:39:06,430 RX 8B F1 B1 61 01 90 D2 A6 93 94 B0 FB 04 00 6D
2026-10-09 18:39:06,430 RX_BYTE 8B
2026-10-09 18:39:06,430 RX_BYTE F1
2026-10-09 18:39:06,430 RX_BYTE B1
2026-10-09 18:39:06,430 RX_BYTE 61
2026-10-09 18:39:06,430 RX_BYTE 01
2026-10-09 18:39:06,430 RX_BYTE 90
2026-10-09 18:39:06,430 RX_BYTE D2
2026-10-09 18:39:06,430 RX_BYTE A6
2026-10-09 18:39:06,430 RX_BYTE 93
2026-10-09 18:39:06,430 RX_BYTE 94
2026-10-09 18:39:06,431 RX_BYTE B0
2026-10-09 18:39:06,431 RX_BYTE FB
2026-10-09 18:39:06,431 RX_BYTE 04
2026-10-09 18:39:06,431 RX_BYTE 00
2026-10-09 18:39:06,431 RX_BYTE 6D
2026-10-09 18:39:06,431 RX 8B F1 B1 61 01 90 D2 A6 93 94 B0 FB 04 00 6D
2026-10-09 18:39:06,431 RX_BYTE 8B
2026-10-09 18:39:06,431 RX_BYTE F1
2026-10-09 18:39:06,431 RX_BYTE B1
2026-10-09 18:39:06,431 RX_BYTE 61
2026-10-09 18:39:06,431 RX_BYTE 01
2026-10-09 18:39:06,431 RX_BYTE 90
2026-10-09 18:39:06,431 RX_BYTE D2
2026-10-09 18:39:06,431 RX_BYTE A6
2026-10-09 18:39:06,431 RX_BYTE 93
2026-10-09 18:39:06,431 RX_BYTE 94
2026-10-09 18:39:06,431 RX_BYTE B0
2026-10-09 18:39:06,431 RX_BYTE FB
2026-10-09 18:39:06,431 RX_BYTE 04
2026-10-09 18:39:06,431 RX_BYTE 00
2026-10-09 18:39:06,431 RX_BYTE 6D
2026-10-09 18:39:06,431 RX 8B F1 B1 61 01 90 D2 A6 93 94 B0 FB 04 00 6D
2026-10-09 18:39:06,431 RX_BYTE 8B
2026-10-09 18:39:06,431 RX_BYTE F1
2026-10-09 18:39:06,431 RX_BYTE B1
2026-10-09 18:39:06,431 RX_BYTE 61
2026-10-09 18:39:06,431 RX_BYTE 01
2026-10-09 18:39:06,431 RX_BYTE 90
2026-10-09 18:39:06,431 RX_BYTE D2
2026-10-09 18:39:06,431 RX_BYTE A6
2026-10-09 18:39:06,431 RX_BYTE 93
2026-10-09 18:39:06,431 RX_BYTE 94
2026-10-09 18:39:06,431 RX_BYTE B0
2026-10-09 18:39:06,431 RX_BYTE FB
2026-10-09 18:39:06,431 RX_BYTE 04
2026-10-09 18:39:06,431 RX_BYTE 00
2026-10-09 18:39:06,431 RX_BYTE 6D
2026-10-09 18:39:06,431 RX 8B F1 B1 61 01 90 D2 A6 93 94 B0 FB 04 00 6D
2026-10-09 18:39:06,431 RX_BYTE 8B
2026-10-09 18:39:06,431 RX_BYTE F1
2026-10-09 18:39:06,431 RX_BYTE B1
2026-10-09 18:39:06,431 RX_BYTE 61
2026-10-09 18:39:06,431 RX_BYTE 01
2026-10-09 18:39:06,431 RX_BYTE 90
2026-10-09 18:39:06,431 RX_BYTE D2
2026-10-09 18:39:06,431 RX_BYTE A6
2026-10-09 18:39:06,431 RX_BYTE 93
2026-10-09 18:39:06,431 RX_BYTE 94
2026-10-09 18:39:06,431 RX_BYTE B0
2026-10-09 18:39:06,431 RX_BYTE FB
2026-10-09 18:39:06,431 RX_BYTE 04
2026-10-09 18:39:06,431 RX_BYTE 00
2026-10-09 18:39:06,431 RX_BYTE 6D
2026-10-09 18:39:06,431 RX 8B F1 B1 61 01 90 D2 A6 93 94 B0 FB 04 00 6D
2026-10-09 18:39:06,431 RX_BYTE 8B
2026-10-09 18:39:06,431 RX_BYTE F1
2026-10-09 18:39:06,431 RX_BYTE B1
2026-10-09 18:39:06,431 RX_BYTE 61
2026-10-09 18:39:06,431 RX_BYTE 01
2026-10-09 18:39:06,431 RX_BYTE 90
2026-10-09 18:39:06,431 RX_BYTE D2
2026-10-09 18:39:06,431 RX_BYTE A6
2026-10-09 18:39:06,431 RX_BYTE 93
2026-10-09 18:39:06,431 RX_BYTE 94
2026-10-09 18:39:06,432 RX_BYTE B0
2026-10-09 18:39:06,432 RX_BYTE FB
2026-10-09 18:39:06,432 RX_BYTE 04
2026-10-09 18:39:06,432 RX_BYTE 00
2026-10-09 18:39:06,432 RX_BYTE 6D
2026-10-09 18:39:06,432 RX 8B F1 B1 61 01 90 D2 A6 93 94 B0 FB 04 00 6D
2026-10-09 18:39:06,432 RX_BYTE 8B
2026-10-09 18:39:06,432 RX_BYTE F1
2026-10-09 18:39:06,432 RX_BYTE B1
2026-10-09 18:39:06,432 RX_BYTE 61
2026-10-09 18:39:06,432 RX_BYTE 01
2026-10-09 18:39:06,432 RX_BYTE 90
2026-10-09 18:39:06,432 RX_BYTE D2
2026-10-09 18:39:06,432 RX_BYTE A6
2026-10-09 18:39:06,432 RX_BYTE 93
2026-10-09 18:39:06,432 RX_BYTE 94
2026-10-09 18:39:06,432 RX_BYTE B0
2026-10-09 18:39:06,432 RX_BYTE FB
2026-10-09 18:39:06,432 RX_BYTE 04
2026-10-09 18:39:06,432 RX_BYTE 00
2026-10-09 18:39:06,432 RX_BYTE 6D
2026-10-09 18:39:06,432 RX 8B F1 B1 61 01 90 D2 A6 93 94 B0 FB 04 00 6D
2026-10-09 18:39:06,432 RX_BYTE 8B
2026-10-09 18:39:06,432 RX_BYTE F1
2026-10-09 18:39:06,432 RX_BYTE B1
2026-10-09 18:39:06,432 RX_BYTE 61
2026-10-09 18:39:06,432 RX_BYTE 01
2026-10-09 18:39:06,432 RX_BYTE 90
2026-10-09 18:39:06,432 RX_BYTE D2
2026-10-09 18:39:06,432 RX_BYTE A6
2026-10-09 18:39:06,432 RX_BYTE 93
2026-10-09 18:39:06,432 RX_BYTE 94
2026-10-09 18:39:06,432 RX_BYTE B0
2026-10-09 18:39:06,432 RX_BYTE FB
2026-10-09 18:39:06,432 RX_BYTE 04
2026-10-09 18:39:06,432 RX_BYTE 00
2026-10-09 18:39:06,432 RX_BYTE 6D
2026-10-09 18:39:06,432 RX 8B F1 B1 61 01 90 D2 A6 93 94 B0 FB 04 00 6D
2026-10-09 18:39:06,432 RX_BYTE 8B
2026-10-09 18:39:06,432 RX_BYTE F1
2026-10-09 18:39:06,432 RX_BYTE B1
2026-10-09 18:39:06,432 RX_BYTE 61
2026-10-09 18:39:06,432 RX_BYTE 01
2026-10-09 18:39:06,432 RX_BYTE 90
2026-10-09 18:39:06,432 RX_BYTE D2
2026-10-09 18:39:06,432 RX_BYTE A6
2026-10-09 18:39:06,432 RX_BYTE 93
2026-10-09 18:39:06,432 RX_BYTE 94
2026-10-09 18:39:06,432 RX_BYTE B0
2026-10-09 18:39:06,432 RX_BYTE FB
2026-10-09 18:39:06,432 RX_BYTE 04
2026-10-09 18:39:06,432 RX_BYTE 00
2026-10-09 18:39:06,432 RX_BYTE 6D
2026-10-09 18:39:06,432 RX 8B F1 B1 61 01 90 D2 A6 93 94 B0 FB 04 00 6D
2026-10-09 18:39:06,432 RX_BYTE 8B
2026-10-09 18:39:06,432 RX_BYTE F1
2026-10-09 18:39:06,432 RX_BYTE B1
2026-10-09 18:39:06,432 RX_BYTE 61
2026-10-09 18:39:06,432 RX_BYTE 01
2026-10-09 18:39:06,432 RX_BYTE 90
2026-10-09 18:39:06,432 RX_BYTE D2
2026-10-09 18:39:06,432 RX_BYTE A6
2026-10-09 18:39:06,432 RX_BYTE 93
2026-10-09 18:39:06,433 RX_BYTE 94
2026-10-09 18:39:06,433 RX_BYTE B0
2026-10-09 18:39:06,433 RX_BYTE FB
2026-10-09 18:39:06,433 RX_BYTE 04
2026-10-09 18:39:06,433 RX_BYTE 00
2026-10-09 18:39:06,433 RX_BYTE 6D
2026-10-09 18:39:06,433 RX 8B F1 B1 61 01 90 D2 A6 93 94 B0 FB 04 00 6D
2026-10-09 18:39:06,433 RX_BYTE 8B
2026-10-09 18:39:06,433 RX_BYTE F1
2026-10-09 18:39:06,433 RX_BYTE B1
2026-10-09 18:39:06,433 RX_BYTE 61
2026-10-09 18:39:06,433 RX_BYTE 01
2026-10-09 18:39:06,433 RX_BYTE 90
2026-10-09 18:39:06,433 RX_BYTE D2
2026-10-09 18:39:06,433 RX_BYTE A6
2026-10-09 18:39:06,433 RX_BYTE 93
2026-10-09 18:39:06,433 RX_BYTE 94
2026-10-09 18:39:06,433 RX_BYTE B0
2026-10-09 18:39:06,433 RX_BYTE FB
2026-10-09 18:39:06,433 RX_BYTE 04
2026-10-09 18:39:06,433 RX_BYTE 00
2026-10-09 18:39:06,433 RX_BYTE 6D
2026-10-09 18:39:06,433 RX 8B F1 B1 61 01 90 D2 A6 93 94 B0 FB 04 00 6D
2026-10-09 18:39:06,433 RX_BYTE 8B
2026-10-09 18:39:06,433 RX_BYTE F1
2026-10-09 18:39:06,433 RX_BYTE B1
2026-10-09 18:39:06,433 RX_BYTE 61
2026-10-09 18:39:06,433 RX_BYTE 01
2026-10-09 18:39:06,433 RX_BYTE 90
2026-10-09 18:39:06,433 RX_BYTE D2
2026-10-09 18:39:06,433 RX_BYTE A6
2026-10-09 18:39:06,433 RX_BYTE 93
2026-10-09 18:39:06,433 RX_BYTE 94
2026-10-09 18:39:06,433 RX_BYTE B0
2026-10-09 18:39:06,433 RX_BYTE FB
2026-10-09 18:39:06,433 RX_BYTE 04
2026-10-09 18:39:06,433 RX_BYTE 00
2026-10-09 18:39:06,433 RX_BYTE 6D
2026-10-09 18:39:06,433 RX 8B F1 B1 61 01 90 D2 A6 93 94 B0 FB 04 00 6D
2026-10-09 18:39:06,433 RX_BYTE 8B
2026-10-09 18:39:06,433 RX_BYTE F1
2026-10-09 18:39:06,433 RX_BYTE B1
2026-10-09 18:39:06,433 RX_BYTE 61
2026-10-09 18:39:06,433 RX_BYTE 01
2026-10-09 18:39:06,433 RX_BYTE 90
2026-10-09 18:39:06,433 RX_BYTE D2
2026-10-09 18:39:06,433 RX_BYTE A6
2026-10-09 18:39:06,433 RX_BYTE 93
2026-10-09 18:39:06,433 RX_BYTE 94
2026-10-09 18:39:06,433 RX_BYTE B0
2026-10-09 18:39:06,433 RX_BYTE FB
2026-10-09 18:39:06,433 RX_BYTE 04
2026-10-09 18:39:06,433 RX_BYTE 00
2026-10-09 18:39:06,433 RX_BYTE 6D
2026-10-09 18:39:06,433 RX 8B F1 B1 61 01 90 D2 A6 93 94 B0 FB 04 00 6D
2026-10-09 18:39:06,433 RX_BYTE 8B
2026-10-09 18:39:06,433 RX_BYTE F1
2026-10-09 18:39:06,433 RX_BYTE B1
2026-10-09 18:39:06,433 RX_BYTE 61
2026-10-09 18:39:06,433 RX_BYTE 01
2026-10-09 18:39:06,433 RX_BYTE 90
2026-10-09 18:39:06,433 RX_BYTE D2
2026-10-09 18:39:06,434 RX_BYTE A6
2026-10-09 18:39:06,434 RX_BYTE 93
2026-10-09 18:39:06,434 RX_BYTE 94
2026-10-09 18:39:06,434 RX_BYTE B0
2026-10-09 18:39:06,434 RX_BYTE FB
2026-10-09 18:39:06,434 RX_BYTE 04
2026-10-09 18:39:06,434 RX_BYTE 00
2026-10-09 18:39:06,434 RX_BYTE 6D
2026-10-09 18:39:06,434 RX 8B F1 B1 61 01 90 D2 A6 93 94 B0 FB 04 00 6D
2026-10-09 18:39:06,434 RX_BYTE 8B
2026-10-09 18:39:06,434 RX_BYTE F1
2026-10-09 18:39:06,434 RX_BYTE B1
2026-10-09 18:39:06,434 RX_BYTE 61
2026-10-09 18:39:06,434 RX_BYTE 01
2026-10-09 18:39:06,434 RX_BYTE 90
2026-10-09 18:39:06,434 RX_BYTE D2
2026-10-09 18:39:06,434 RX_BYTE A6
2026-10-09 18:39:06,434 RX_BYTE 93
2026-10-09 18:39:06,434 RX_BYTE 94
2026-10-09 18:39:06,434 RX_BYTE B0
2026-10-09 18:39:06,434 RX_BYTE FB
2026-10-09 18:39:06,434 RX_BYTE 04
2026-10-09 18:39:06,434 RX_BYTE 00
2026-10-09 18:39:06,434 RX_BYTE 6D
2026-10-09 18:39:06,434 RX 8B F1 B1 61 01 90 D2 A6 93 94 B0 FB 04 00 6D
2026-10-09 18:39:06,434 RX_BYTE 8B
2026-10-09 18:39:06,434 RX_BYTE F1
2026-10-09 18:39:06,434 RX_BYTE B1
2026-10-09 18:39:06,434 RX_BYTE 61
2026-10-09 18:39:06,434 RX_BYTE 01
2026-10-09 18:39:06,434 RX_BYTE 90
2026-10-09 18:39:06,434 RX_BYTE D2
2026-10-09 18:39:06,434 RX_BYTE A6
2026-10-09 18:39:06,434 RX_BYTE 93
2026-10-09 18:39:06,434 RX_BYTE 94
2026-10-09 18:39:06,434 RX_BYTE B0
2026-10-09 18:39:06,434 RX_BYTE FB
2026-10-09 18:39:06,434 RX_BYTE 04
2026-10-09 18:39:06,434 RX_BYTE 00
2026-10-09 18:39:06,434 RX_BYTE 6D
2026-10-09 18:39:06,434 RX 8B F1 B1 61 01 90 D2 A6 93 94 B0 FB 04 00 6D
2026-10-09 18:39:06,434 RX_BYTE 8B
2026-10-09 18:39:06,434 RX_BYTE F1
2026-10-09 18:39:06,434 RX_BYTE B1
2026-10-09 18:39:06,434 RX_BYTE 61
2026-10-09 18:39:06,434 RX_BYTE 01
2026-10-09 18:39:06,434 RX_BYTE 90
2026-10-09 18:39:06,434 RX_BYTE D2
2026-10-09 18:39:06,434 RX_BYTE A6
2026-10-09 18:39:06,434 RX_BYTE 93
2026-10-09 18:39:06,434 RX_BYTE 94
2026-10-09 18:39:06,434 RX_BYTE B0
2026-10-09 18:39:06,434 RX_BYTE FB
2026-10-09 18:39:06,434 RX_BYTE 04
2026-10-09 18:39:06,434 RX_BYTE 00
2026-10-09 18:39:06,434 RX_BYTE 6D
2026-10-09 18:39:06,434 RX 8B F1 B1 61 01 90 D2 A6 93 94 B0 FB 04 00 6D
2026-10-09 18:39:06,434 RX_BYTE 8B
2026-10-09 18:39:06,434 RX_BYTE F1
2026-10-09 18:39:06,434 RX_BYTE B1
2026-10-09 18:39:06,434 RX_BYTE 61
2026-10-09 18:39:06,434 RX_BYTE 01
2026-10-09 18:39:06,434 RX_BYTE 90
2026-10-09 18:39:06,435 RX_BYTE D2
2026-10-09 18:39:06,435 RX_BYTE A6
2026-10-09 18:39:06,435 RX_BYTE 93
2026-10-09 18:39:06,435 RX_BYTE 94
2026-10-09 18:39:06,435 RX_BYTE B0
2026-10-09 18:39:06,435 RX_BYTE FB
2026-10-09 18:39:06,435 RX_BYTE 04
2026-10-09 18:39:06,435 RX_BYTE 00
2026-10-09 18:39:06,435 RX_BYTE 6D
2026-10-09 18:39:06,435 RX 8B F1 B1 61 01 90 D2 A6 93 94 B0 FB 04 00 6D
2026-10-09 18:39:06,435 RX_BYTE 8B
2026-10-09 18:39:06,435 RX_BYTE F1
2026-10-09 18:39:06,435 RX_BYTE B1
2026-10-09 18:39:06,435 RX_BYTE 61
2026-10-09 18:39:06,435 RX_BYTE 01
2026-10-09 18:39:06,435 RX_BYTE 90
2026-10-09 18:39:06,435 RX_BYTE D2
2026-10-09 18:39:06,435 RX_BYTE A6
2026-10-09 18:39:06,435 RX_BYTE 93
2026-10-09 18:39:06,435 RX_BYTE 94
2026-10-09 18:39:06,435 RX_BYTE B0
2026-10-09 18:39:06,435 RX_BYTE FB
2026-10-09 18:39:06,435 RX_BYTE 04
2026-10-09 18:39:06,435 RX_BYTE 00
2026-10-09 18:39:06,435 RX_BYTE 6D
2026-10-09 18:39:06,435 RX 8B F1 B1 61 01 90 D2 A6 93 94 B0 FB 04 00 6D
2026-10-09 18:39:06,435 RX_BYTE 8B
2026-10-09 18:39:06,435 RX_BYTE F1
2026-10-09 18:39:06,435 RX_BYTE B1
2026-10-09 18:39:06,435 RX_BYTE 61
2026-10-09 18:39:06,435 RX_BYTE 01
2026-10-09 18:39:06,435 RX_BYTE 90
2026-10-09 18:39:06,435 RX_BYTE D2
2026-10-09 18:39:06,435 RX_BYTE A6
2026-10-09 18:39:06,435 RX_BYTE 93
2026-10-09 18:39:06,435 RX_BYTE 94
2026-10-09 18:39:06,435 RX_BYTE B0
2026-10-09 18:39:06,435 RX_BYTE FB
2026-10-09 18:39:06,435 RX_BYTE 04
2026-10-09 18:39:06,435 RX_BYTE 00
2026-10-09 18:39:06,435 RX_BYTE 6D
2026-10-09 18:39:06,435 RX 8B F1 B1 61 01 90 D2 A6 93 94 B0 FB 04 00 6D
2026-10-09 18:39:06,435 RX_BYTE 8B
2026-10-09 18:39:06,435 RX_BYTE F1
2026-10-09 18:39:06,435 RX_BYTE B1
2026-10-09 18:39:06,435 RX_BYTE 61
2026-10-09 18:39:06,435 RX_BYTE 01
2026-10-09 18:39:06,435 RX_BYTE 90
2026-10-09 18:39:06,435 RX_BYTE D2
2026-10-09 18:39:06,435 RX_BYTE A6
2026-10-09 18:39:06,435 RX_BYTE 93
2026-10-09 18:39:06,435 RX_BYTE 94
2026-10-09 18:39:06,435 RX_BYTE B0
2026-10-09 18:39:06,435 RX_BYTE FB
2026-10-09 18:39:06,435 RX_BYTE 04
2026-10-09 18:39:06,435 RX_BYTE 00
2026-10-09 18:39:06,435 RX_BYTE 6D
2026-10-09 18:39:06,435 RX 8B F1 B1 61 01 90 D2 A6 93 94 B0 FB 04 00 6D
2026-10-09 18:39:06,435 RX_BYTE 8B
2026-10-09 18:39:06,435 RX_BYTE F1
2026-10-09 18:39:06,435 RX_BYTE B1
2026-10-09 18:39:06,435 RX_BYTE 61
2026-10-09 18:39:06,436 RX_BYTE 01
2026-10-09 18:39:06,436 RX_BYTE 90
2026-10-09 18:39:06,436 RX_BYTE D2
2026-10-09 18:39:06,436 RX_BYTE A6
2026-10-09 18:39:06,436 RX_BYTE 93
2026-10-09 18:39:06,436 RX_BYTE 94
2026-10-09 18:39:06,436 RX_BYTE B0
2026-10-09 18:39:06,436 RX_BYTE FB
2026-10-09 18:39:06,436 RX_BYTE 04
2026-10-09 18:39:06,436 RX_BYTE 00
2026-10-09 18:39:06,436 RX_BYTE 6D
2026-10-09 18:39:06,436 RX 8B F1 B1 61 01 90 D2 A6 93 94 B0 FB 04 00 6D
2026-10-09 18:39:06,436 RX_BYTE 8B
2026-10-09 18:39:06,436 RX_BYTE F1
2026-10-09 18:39:06,436 RX_BYTE B1
2026-10-09 18:39:06,436 RX_BYTE 61
2026-10-09 18:39:06,436 RX_BYTE 01
2026-10-09 18:39:06,436 RX_BYTE 90
2026-10-09 18:39:06,436 RX_BYTE D2
2026-10-09 18:39:06,436 RX_BYTE A6
2026-10-09 18:39:06,436 RX_BYTE 93
2026-10-09 18:39:06,436 RX_BYTE 94
2026-10-09 18:39:06,436 RX_BYTE B0
2026-10-09 18:39:06,436 RX_BYTE FB
2026-10-09 18:39:06,436 RX_BYTE 04
2026-10-09 18:39:06,436 RX_BYTE 00
2026-10-09 18:39:06,436 RX_BYTE 6D
2026-10-09 18:39:06,436 RX 8B F1 B1 61 01 90 D2 A6 93 94 B0 FB 04 00 6D
2026-10-09 18:39:06,436 RX_BYTE 8B
2026-10-09 18:39:06,436 RX_BYTE F1
2026-10-09 18:39:06,436 RX_BYTE B1
2026-10-09 18:39:06,436 RX_BYTE 61
2026-10-09 18:39:06,436 RX_BYTE 01
2026-10-09 18:39:06,436 RX_BYTE 90
2026-10-09 18:39:06,436 RX_BYTE D2
2026-10-09 18:39:06,436 RX_BYTE A6
2026-10-09 18:39:06,436 RX_BYTE 93
2026-10-09 18:39:06,436 RX_BYTE 94
2026-10-09 18:39:06,436 RX_BYTE B0
2026-10-09 18:39:06,436 RX_BYTE FB
2026-10-09 18:39:06,436 RX_BYTE 04
2026-10-09 18:39:06,436 RX_BYTE 00
2026-10-09 18:39:06,436 RX_BYTE 6D
2026-10-09 18:39:06,436 RX 8B F1 B1 61 01 90 D2 A6 93 94 B0 FB 04 00 6D
2026-10-09 18:39:06,436 RX_BYTE 8B
2026-10-09 18:39:06,436 RX_BYTE F1
2026-10-09 18:39:06,436 RX_BYTE B1
2026-10-09 18:39:06,436 RX_BYTE 61
2026-10-09 18:39:06,436 RX_BYTE 01
2026-10-09 18:39:06,436 RX_BYTE 90
2026-10-09 18:39:06,436 RX_BYTE D2
2026-10-09 18:39:06,436 RX_BYTE A6
2026-10-09 18:39:06,436 RX_BYTE 93
2026-10-09 18:39:06,436 RX_BYTE 94
2026-10-09 18:39:06,436 RX_BYTE B0
2026-10-09 18:39:06,436 RX_BYTE FB
2026-10-09 18:39:06,436 RX_BYTE 04
2026-10-09 18:39:06,436 RX_BYTE 00
2026-10-09 18:39:06,436 RX_BYTE 6D
2026-10-09 18:39:06,436 RX 8B F1 B1 61 01 90 D2 A6 93 94 B0 FB 04 00 6D
2026-10-09 18:39:06,436 RX_BYTE 8B
2026-10-09 18:39:06,436 RX_BYTE F1
2026-10-09 18:39:06,437 RX_BYTE B1
2026-10-09 18:39:06,437 RX_BYTE 61
2026-10-09 18:39:06,437 RX_BYTE 01
2026-10-09 18:39:06,437 RX_BYTE 90
2026-10-09 18:39:06,437 RX_BYTE D2
2026-10-09 18:39:06,437 RX_BYTE A6
2026-10-09 18:39:06,437 RX_BYTE 93
2026-10-09 18:39:06,437 RX_BYTE 94
2026-10-09 18:39:06,437 RX_BYTE B0
2026-10-09 18:39:06,437 RX_BYTE FB
2026-10-09 18:39:06,437 RX_BYTE 04
2026-10-09 18:39:06,437 RX_BYTE 00
2026-10-09 18:39:06,437 RX_BYTE 6D
2026-10-09 18:39:06,437 RX 8B F1 B1 61 01 90 D2 A6 93 94 B0 FB 04 00 6D
2026-10-09 18:39:06,437 RX_BYTE 8B
2026-10-09 18:39:06,437 RX_BYTE F1
2026-10-09 18:39:06,437 RX_BYTE B1
2026-10-09 18:39:06,437 RX_BYTE 61
2026-10-09 18:39:06,437 RX_BYTE 01
2026-10-09 18:39:06,437 RX_BYTE 90
2026-10-09 18:39:06,437 RX_BYTE D2
2026-10-09 18:39:06,437 RX_BYTE A6
2026-10-09 18:39:06,437 RX_BYTE 93
2026-10-09 18:39:06,437 RX_BYTE 94
2026-10-09 18:39:06,437 RX_BYTE B0
2026-10-09 18:39:06,437 RX_BYTE FB
2026-10-09 18:39:06,437 RX_BYTE 04
2026-10-09 18:39:06,437 RX_BYTE 00
2026-10-09 18:39:06,437 RX_BYTE 6D
2026-10-09 18:39:06,437 RX 8B F1 B1 61 01 90 D2 A6 93 94 B0 FB 04 00 6D
2026-10-09 18:39:06,437 RX_BYTE 8B
2026-10-09 18:39:06,437 RX_BYTE F1
2026-10-09 18:39:06,437 RX_BYTE B1
2026-10-09 18:39:06,437 RX_BYTE 61
2026-10-09 18:39:06,437 RX_BYTE 01
2026-10-09 18:39:06,437 RX_BYTE 90
2026-10-09 18:39:06,437 RX_BYTE D2
2026-10-09 18:39:06,437 RX_BYTE A6
2026-10-09 18:39:06,437 RX_BYTE 93
2026-10-09 18:39:06,437 RX_BYTE 94
2026-10-09 18:39:06,437 RX_BYTE B0
2026-10-09 18:39:06,437 RX_BYTE FB
2026-10-09 18:39:06,437 RX_BYTE 04
2026-10-09 18:39:06,437 RX_BYTE 00
2026-10-09 18:39:06,437 RX_BYTE 6D
2026-10-09 18:39:06,437 RX 8B F1 B1 61 01 90 D2 A6 93 94 B0 FB 04 00 6D
2026-10-09 18:39:06,437 RX_BYTE 8B
2026-10-09 18:39:06,437 RX_BYTE F1
2026-10-09 18:39:06,437 RX_BYTE B1
2026-10-09 18:39:06,437 RX_BYTE 61
2026-10-09 18:39:06,437 RX_BYTE 01
2026-10-09 18:39:06,437 RX_BYTE 90
2026-10-09 18:39:06,437 RX_BYTE D2
2026-10-09 18:39:06,437 RX_BYTE A6
2026-10-09 18:39:06,437 RX_BYTE 93
2026-10-09 18:39:06,437 RX_BYTE 94
2026-10-09 18:39:06,437 RX_BYTE B0
2026-10-09 18:39:06,437 RX_BYTE FB
2026-10-09 18:39:06,437 RX_BYTE 04
2026-10-09 18:39:06,437 RX_BYTE 00
2026-10-09 18:39:06,437 RX_BYTE 6D
2026-10-09 18:39:06,438 RX 8B F1 B1 61 01 90 D2 A6 93 94 B0 FB 04 00 6D
2026-10-09 18:39:06,438 RX_BYTE 8B
2026-10-09 18:39:06,438 RX_BYTE F1
2026-10-09 18:39:06,438 RX_BYTE B1
2026-10-09 18:39:06,438 RX_BYTE 61
2026-10-09 18:39:06,438 RX_BYTE 01
2026-10-09 18:39:06,438 RX_BYTE 90
2026-10-09 18:39:06,438 RX_BYTE D2
2026-10-09 18:39:06,438 RX_BYTE A6
2026-10-09 18:39:06,438 RX_BYTE 93
2026-10-09 18:39:06,438 RX_BYTE 94
2026-10-09 18:39:06,438 RX_BYTE B0
2026-10-09 18:39:06,438 RX_BYTE FB
2026-10-09 18:39:06,438 RX_BYTE 04
2026-10-09 18:39:06,438 RX_BYTE 00
2026-10-09 18:39:06,438 RX_BYTE 6D
2026-10-09 18:39:06,438 RX 8B F1 B1 61 01 90 D2 A6 93 94 B0 FB 04 00 6D
2026-10-09 18:39:06,438 RX_BYTE 8B
2026-10-09 18:39:06,438 RX_BYTE F1
2026-10-09 18:39:06,438 RX_BYTE B1
2026-10-09 18:39:06,438 RX_BYTE 61
2026-10-09 18:39:06,438 RX_BYTE 01
2026-10-09 18:39:06,438 RX_BYTE 90
2026-10-09 18:39:06,438 RX_BYTE D2
2026-10-09 18:39:06,438 RX_BYTE A6
2026-10-09 18:39:06,438 RX_BYTE 93
2026-10-09 18:39:06,438 RX_BYTE 94
2026-10-09 18:39:06,438 RX_BYTE B0
2026-10-09 18:39:06,438 RX_BYTE FB
2026-10-09 18:39:06,438 RX_BYTE 04
2026-10-09 18:39:06,438 RX_BYTE 00
2026-10-09 18:39:06,438 RX_BYTE 6D
2026-10-09 18:39:06,438 RX 8B F1 B1 61 01 90 D2 A6 93 94 B0 FB 04 00 6D
2026-10-09 18:39:06,438 RX_BYTE 8B
2026-10-09 18:39:06,438 RX_BYTE F1
2026-10-09 18:39:06,438 RX_BYTE B1
2026-10-09 18:39:06,438 RX_BYTE 61
2026-10-09 18:39:06,438 RX_BYTE 01
2026-10-09 18:39:06,438 RX_BYTE 90
2026-10-09 18:39:06,438 RX_BYTE D2
2026-10-09 18:39:06,438 RX_BYTE A6
2026-10-09 18:39:06,438 RX_BYTE 93
2026-10-09 18:39:06,438 RX_BYTE 94
2026-10-09 18:39:06,438 RX_BYTE B0
2026-10-09 18:39:06,438 RX_BYTE FB
2026-10-09 18:39:06,438 RX_BYTE 04
2026-10-09 18:39:06,438 RX_BYTE 00
2026-10-09 18:39:06,439 RX_BYTE 6D
2026-10-09 18:39:06,439 RX 8B F1 B1 61 01 90 D2 A6 93 94 B0 FB 04 00 6D
2026-10-09 18:39:06,439 RX_BYTE 8B
2026-10-09 18:39:06,439 RX_BYTE F1
2026-10-09 18:39:06,439 RX_BYTE B1
2026-10-09 18:39:06,439 RX_BYTE 61
2026-10-09 18:39:06,439 RX_BYTE 01
2026-10-09 18:39:06,439 RX_BYTE 90
2026-10-09 18:39:06,439 RX_BYTE D2
2026-10-09 18:39:06,439 RX_BYTE A6
2026-10-09 18:39:06,439 RX_BYTE 93
2026-10-09 18:39:06,439 RX_BYTE 94
2026-10-09 18:39:06,439 RX_BYTE B0
2026-10-09 18:39:06,439 RX_BYTE FB
2026-10-09 18:39:06,439 RX_BYTE 04
2026-10-09 18:39:06,439 RX_BYTE 00
2026-10-09 18:39:06,439 RX_BYTE 6D
2026-10-09 18:39:06,439 RX 8B F1 B1 61 01 90 D2 A6 93 94 B0 FB 04 00 6D
2026-10-09 18:39:06,439 RX_BYTE 8B
2026-10-09 18:39:06,439 RX_BYTE F1
2026-10-09 18:39:06,439 RX_BYTE B1
2026-10-09 18:39:06,439 RX_BYTE 61
2026-10-09 18:39:06,439 RX_BYTE 01
2026-10-09 18:39:06,439 RX_BYTE 90
2026-10-09 18:39:06,439 RX_BYTE D2
2026-10-09 18:39:06,439 RX_BYTE A6
2026-10-09 18:39:06,439 RX_BYTE 93
2026-10-09 18:39:06,439 RX_BYTE 94
2026-10-09 18:39:06,439 RX_BYTE B0
2026-10-09 18:39:06,439 RX_BYTE FB
2026-10-09 18:39:06,439 RX_BYTE 04
2026-10-09 18:39:06,439 RX_BYTE 00
2026-10-09 18:39:06,439 RX_BYTE 6D
2026-10-09 18:39:06,439 RX 8B F1 B1 61 01 90 D2 A6 93 94 B0 FB 04 00 6D
2026-10-09 18:39:06,439 RX_BYTE 8B
2026-10-09 18:39:06,439 RX_BYTE F1
2026-10-09 18:39:06,439 RX_BYTE B1
2026-10-09 18:39:06,439 RX_BYTE 61
2026-10-09 18:39:06,439 RX_BYTE 01
2026-10-09 18:39:06,439 RX_BYTE 90
2026-10-09 18:39:06,439 RX_BYTE D2
2026-10-09 18:39:06,440 RX_BYTE A6
2026-10-09 18:39:06,440 RX_BYTE 93
2026-10-09 18:39:06,440 RX_BYTE 94
2026-10-09 18:39:06,440 RX_BYTE B0
2026-10-09 18:39:06,440 RX_BYTE FB
2026-10-09 18:39:06,440 RX_BYTE 04
2026-10-09 18:39:06,440 RX_BYTE 00
2026-10-09 18:39:06,440 RX_BYTE 6D
2026-10-09 18:39:06,440 RX 8B F1 B1 61 01 90 D2 A6 93 94 B0 FB 04 00 6D
2026-10-09 18:39:06,440 RX_BYTE 8B
2026-10-09 18:39:06,440 RX_BYTE F1
2026-10-09 18:39:06,440 RX_BYTE B1
2026-10-09 18:39:06,440 RX_BYTE 61
2026-10-09 18:39:06,440 RX_BYTE 01
2026-10-09 18:39:06,440 RX_BYTE 90
2026-10-09 18:39:06,440 RX_BYTE D2
2026-10-09 18:39:06,440 RX_BYTE A6
2026-10-09 18:39:06,440 RX_BYTE 93
2026-10-09 18:39:06,440 RX_BYTE 94
2026-10-09 18:39:06,440 RX_BYTE B0
2026-10-09 18:39:06,440 RX_BYTE FB
2026-10-09 18:39:06,440 RX_BYTE 04
2026-10-09 18:39:06,440 RX_BYTE 00
2026-10-09 18:39:06,440 RX_BYTE 6D
2026-10-09 18:39:06,440 RX 8B F1 B1 61 01 90 D2 A6 93 94 B0 FB 04 00 6D
2026-10-09 18:39:06,440 RX_BYTE 8B
2026-10-09 18:39:06,440 RX_BYTE F1
2026-10-09 18:39:06,440 RX_BYTE B1
2026-10-09 18:39:06,440 RX_BYTE 61
2026-10-09 18:39:06,440 RX_BYTE 01
2026-10-09 18:39:06,440 RX_BYTE 90
2026-10-09 18:39:06,440 RX_BYTE D2
2026-10-09 18:39:06,440 RX_BYTE A6
2026-10-09 18:39:06,440 RX_BYTE 93
2026-10-09 18:39:06,440 RX_BYTE 94
2026-10-09 18:39:06,440 RX_BYTE B0
2026-10-09 18:39:06,440 RX_BYTE FB
2026-10-09 18:39:06,440 RX_BYTE 04
2026-10-09 18:39:06,440 RX_BYTE 00
2026-10-09 18:39:06,440 RX_BYTE 6D
2026-10-09 18:39:06,440 RX 8B F1 B1 61 01 90 D2 A6 93 94 B0 FB 04 00 6D
2026-10-09 18:39:06,440 RX_BYTE 8B
2026-10-09 18:39:06,440 RX_BYTE F1
2026-10-09 18:39:06,440 RX_BYTE B1
2026-10-09 18:39:06,440 RX_BYTE 61
2026-10-09 18:39:06,440 RX_BYTE 01
2026-10-09 18:39:06,440 RX_BYTE 90
2026-10-09 18:39:06,440 RX_BYTE D2
2026-10-09 18:39:06,440 RX_BYTE A6
2026-10-09 18:39:06,440 RX_BYTE 93
2026-10-09 18:39:06,440 RX_BYTE 94
2026-10-09 18:39:06,440 RX_BYTE B0
2026-10-09 18:39:06,440 RX_BYTE FB
2026-10-09 18:39:06,440 RX_BYTE 04
2026-10-09 18:39:06,440 RX_BYTE 00
2026-10-09 18:39:06,440 RX_BYTE 6D
2026-10-09 18:39:06,440 RX 8B F1 B1 61 01 90 D2 A6 93 94 B0 FB 04 00 6D
2026-10-09 18:39:06,441 RX_BYTE 8B
2026-10-09 18:39:06,441 RX_BYTE F1
2026-10-09 18:39:06,441 RX_BYTE B1
2026-10-09 18:39:06,441 RX_BYTE 61
2026-10-09 18:39:06,441 RX_BYTE 01
2026-10-09 18:39:06,441 RX_BYTE 90
2026-10-09 18:39:06,441 RX_BYTE D2
2026-10-09 18:39:06,441 RX_BYTE A6
2026-10-09 18:39:06,441 RX_BYTE 93
2026-10-09 18:39:06,441 RX_BYTE 94
2026-10-09 18:39:06,441 RX_BYTE B0
2026-10-09 18:39:06,441 RX_BYTE FB
2026-10-09 18:39:06,441 RX_BYTE 04
2026-10-09 18:39:06,441 RX_BYTE 00
2026-10-09 18:39:06,441 RX_BYTE 6D
2026-10-09 18:39:06,441 RX 8B F1 B1 61 01 90 D2 A6 93 94 B0 FB 04 00 6D
2026-10-09 18:39:06,441 RX_BYTE 8B
2026-10-09 18:39:06,441 RX_BYTE F1
2026-10-09 18:39:06,441 RX_BYTE B1
2026-10-09 18:39:06,441 RX_BYTE 61
2026-10-09 18:39:06,441 RX_BYTE 01
2026-10-09 18:39:06,441 RX_BYTE 90
2026-10-09 18:39:06,441 RX_BYTE D2
2026-10-09 18:39:06,441 RX_BYTE A6
2026-10-09 18:39:06,441 RX_BYTE 93
2026-10-09 18:39:06,441 RX_BYTE 94
2026-10-09 18:39:06,441 RX_BYTE B0
2026-10-09 18:39:06,441 RX_BYTE FB
2026-10-09 18:39:06,441 RX_BYTE 04
2026-10-09 18:39:06,441 RX_BYTE 00
2026-10-09 18:39:06,441 RX_BYTE 6D
2026-10-09 18:39:06,441 RX 8B F1 B1 61 01 90 D2 A6 93 94 B0 FB 04 00 6D
2026-10-09 18:39:06,441 RX_BYTE 8B
2026-10-09 18:39:06,441 RX_BYTE F1
2026-10-09 18:39:06,441 RX_BYTE B1
2026-10-09 18:39:06,441 RX_BYTE 61
2026-10-09 18:39:06,441 RX_BYTE 01
2026-10-09 18:39:06,441 RX_BYTE 90
2026-10-09 18:39:06,441 RX_BYTE D2
2026-10-09 18:39:06,441 RX_BYTE A6
2026-10-09 18:39:06,441 RX_BYTE 93
2026-10-09 18:39:06,441 RX_BYTE 94
2026-10-09 18:39:06,441 RX_BYTE B0
2026-10-09 18:39:06,441 RX_BYTE FB
2026-10-09 18:39:06,441 RX_BYTE 04
2026-10-09 18:39:06,441 RX_BYTE 00
2026-10-09 18:39:06,441 RX_BYTE 6D
2026-10-09 18:39:06,441 RX 8B F1 B1 61 01 90 D2 A6 93 94 B0 FB 04 00 6D
2026-10-09 18:39:06,441 RX_BYTE 8B
2026-10-09 18:39:06,441 RX_BYTE F1
2026-10-09 18:39:06,441 RX_BYTE B1
2026-10-09 18:39:06,441 RX_BYTE 61
2026-10-09 18:39:06,441 RX_BYTE 01
2026-10-09 18:39:06,441 RX_BYTE 90
2026-10-09 18:39:06,441 RX_BYTE D2
2026-10-09 18:39:06,441 RX_BYTE A6
2026-10-09 18:39:06,441 RX_BYTE 93
2026-10-09 18:39:06,441 RX_BYTE 94
2026-10-09 18:39:06,441 RX_BYTE B0
2026-10-09 18:39:06,441 RX_BYTE FB
2026-10-09 18:39:06,441 RX_BYTE 04
2026-10-09 18:39:06,441 RX_BYTE 00
2026-10-09 18:39:06,442 RX_BYTE 6D
2026-10-09 18:39:06,442 RX 8B F1 B1 61 01 90 D2 A6 93 94 B0 FB 04 00 6D
2026-10-09 18:39:06,442 RX_BYTE 8B
2026-10-09 18:39:06,442 RX_BYTE F1
2026-10-09 18:39:06,442 RX_BYTE B1
2026-10-09 18:39:06,442 RX_BYTE 61
2026-10-09 18:39:06,442 RX_BYTE 01
2026-10-09 18:39:06,442 RX_BYTE 90
2026-10-09 18:39:06,442 RX_BYTE D2
2026-10-09 18:39:06,442 RX_BYTE A6
2026-10-09 18:39:06,442 RX_BYTE 93
2026-10-09 18:39:06,442 RX_BYTE 94
2026-10-09 18:39:06,442 RX_BYTE B0
2026-10-09 18:39:06,442 RX_BYTE FB
2026-10-09 18:39:06,442 RX_BYTE 04
2026-10-09 18:39:06,442 RX_BYTE 00
2026-10-09 18:39:06,442 RX_BYTE 6D
2026-10-09 18:39:06,442 RX 8B F1 B1 61 01 90 D2 A6 93 94 B0 FB 04 00 6D
2026-10-09 18:39:06,442 RX_BYTE 8B
2026-10-09 18:39:06,442 RX_BYTE F1
2026-10-09 18:39:06,442 RX_BYTE B1
2026-10-09 18:39:06,442 RX_BYTE 61
2026-10-09 18:39:06,442 RX_BYTE 01
2026-10-09 18:39:06,442 RX_BYTE 90
2026-10-09 18:39:06,442 RX_BYTE D2
2026-10-09 18:39:06,442 RX_BYTE A6
2026-10-09 18:39:06,442 RX_BYTE 93
2026-10-09 18:39:06,442 RX_BYTE 94
2026-10-09 18:39:06,442 RX_BYTE B0
2026-10-09 18:39:06,442 RX_BYTE FB
2026-10-09 18:39:06,442 RX_BYTE 04
2026-10-09 18:39:06,442 RX_BYTE 00
2026-10-09 18:39:06,442 RX_BYTE 6D
2026-10-09 18:39:06,442 RX 8B F1 B1 61 01 90 D2 A6 93 94 B0 FB 04 00 6D
2026-10-09 18:39:06,442 RX_BYTE 8B
2026-10-09 18:39:06,442 RX_BYTE F1
2026-10-09 18:39:06,442 RX_BYTE B1
2026-10-09 18:39:06,442 RX_BYTE 61
2026-10-09 18:39:06,442 RX_BYTE 01
2026-10-09 18:39:06,442 RX_BYTE 90
2026-10-09 18:39:06,442 RX_BYTE D2
2026-10-09 18:39:06,442 RX_BYTE A6
2026-10-09 18:39:06,442 RX_BYTE 93
2026-10-09 18:39:06,442 RX_BYTE 94
2026-10-09 18:39:06,442 RX_BYTE B0
2026-10-09 18:39:06,442 RX_BYTE FB
2026-10-09 18:39:06,442 RX_BYTE 04
2026-10-09 18:39:06,442 RX_BYTE 00
2026-10-09 18:39:06,442 RX_BYTE 6D
2026-10-09 18:39:06,442 RX 8B F1 B1 61 01 90 D2 A6 93 94 B0 FB 04 00 6D
2026-10-09 18:39:06,442 RX_BYTE 8B
2026-10-09 18:39:06,442 RX_BYTE F1
2026-10-09 18:39:06,442 RX_BYTE B1
2026-10-09 18:39:06,442 RX_BYTE 61
2026-10-09 18:39:06,442 RX_BYTE 01
2026-10-09 18:39:06,442 RX_BYTE 90
2026-10-09 18:39:06,442 RX_BYTE D2
2026-10-09 18:39:06,442 RX_BYTE A6
2026-10-09 18:39:06,442 RX_BYTE 93
2026-10-09 18:39:06,442 RX_BYTE 94
2026-10-09 18:39:06,442 RX_BYTE B0
2026-10-09 18:39:06,442 RX_BYTE FB
2026-10-09 18:39:06,443 RX_BYTE 04
2026-10-09 18:39:06,443 RX_BYTE 00
2026-10-09 18:39:06,443 RX_BYTE 6D
2026-10-09 18:39:06,443 RX 8B F1 B1 61 01 90 D2 A6 93 94 B0 FB 04 00 6D
2026-10-09 18:39:06,443 RX_BYTE 8B
2026-10-09 18:39:06,443 RX_BYTE F1
2026-10-09 18:39:06,443 RX_BYTE B1
2026-10-09 18:39:06,443 RX_BYTE 61
2026-10-09 18:39:06,443 RX_BYTE 01
2026-10-09 18:39:06,443 RX_BYTE 90
2026-10-09 18:39:06,443 RX_BYTE D2
2026-10-09 18:39:06,443 RX_BYTE A6
2026-10-09 18:39:06,443 RX_BYTE 93
2026-10-09 18:39:06,443 RX_BYTE 94
2026-10-09 18:39:06,443 RX_BYTE B0
2026-10-09 18:39:06,443 RX_BYTE FB
2026-10-09 18:39:06,443 RX_BYTE 04
2026-10-09 18:39:06,443 RX_BYTE 00
2026-10-09 18:39:06,443 RX_BYTE 6D
2026-10-09 18:39:06,443 RX 8B F1 B1 61 01 90 D2 A6 93 94 B0 FB 04 00 6D
2026-10-09 18:39:06,443 RX_BYTE 8B
2026-10-09 18:39:06,443 RX_BYTE F1
2026-10-09 18:39:06,443 RX_BYTE B1
2026-10-09 18:39:06,443 RX_BYTE 61
2026-10-09 18:39:06,443 RX_BYTE 01
2026-10-09 18:39:06,443 RX_BYTE 90
2026-10-09 18:39:06,443 RX_BYTE D2
2026-10-09 18:39:06,443 RX_BYTE A6
2026-10-09 18:39:06,443 RX_BYTE 93
2026-10-09 18:39:06,443 RX_BYTE 94
2026-10-09 18:39:06,443 RX_BYTE B0
2026-10-09 18:39:06,443 RX_BYTE FB
2026-10-09 18:39:06,443 RX_BYTE 04
2026-10-09 18:39:06,443 RX_BYTE 00
2026-10-09 18:39:06,443 RX_BYTE 6D
2026-10-09 18:39:06,443 RX 8B F1 B1 61 01 90 D2 A6 93 94 B0 FB 04 00 6D
2026-10-09 18:39:06,443 RX_BYTE 8B
2026-10-09 18:39:06,443 RX_BYTE F1
2026-10-09 18:39:06,443 RX_BYTE B1
2026-10-09 18:39:06,443 RX_BYTE 61
2026-10-09 18:39:06,443 RX_BYTE 01
2026-10-09 18:39:06,443 RX_BYTE 90
2026-10-09 18:39:06,443 RX_BYTE D2
2026-10-09 18:39:06,443 RX_BYTE A6
2026-10-09 18:39:06,443 RX_BYTE 93
2026-10-09 18:39:06,443 RX_BYTE 94
2026-10-09 18:39:06,443 RX_BYTE B0
2026-10-09 18:39:06,443 RX_BYTE FB
2026-10-09 18:39:06,443 RX_BYTE 04
2026-10-09 18:39:06,443 RX_BYTE 00
2026-10-09 18:39:06,443 RX_BYTE 6D
2026-10-09 18:39:06,443 RX 8B F1 B1 61 01 90 D2 A6 93 94 B0 FB 04 00 6D
2026-10-09 18:39:06,443 RX_BYTE 8B
2026-10-09 18:39:06,443 RX_BYTE F1
2026-10-09 18:39:06,443 RX_BYTE B1
2026-10-09 18:39:06,443 RX_BYTE 61
2026-10-09 18:39:06,443 RX_BYTE 01
2026-10-09 18:39:06,443 RX_BYTE 90
2026-10-09 18:39:06,443 RX_BYTE D2
2026-10-09 18:39:06,443 RX_BYTE A6
2026-10-09 18:39:06,443 RX_BYTE 93
2026-10-09 18:39:06,443 RX_BYTE 94
2026-10-09 18:39:06,443 RX_BYTE B0
2026-10-09 18:39:06,444 RX_BYTE FB
2026-10-09 18:39:06,444 RX_BYTE 04
2026-10-09 18:39:06,444 RX_BYTE 00
2026-10-09 18:39:06,444 RX_BYTE 6D
2026-10-09 18:39:06,444 RX 8B F1 B1 61 01 90 D2 A6 93 94 B0 FB 04 00 6D
2026-10-09 18:39:06,444 RX_BYTE 8B
2026-10-09 18:39:06,444 RX_BYTE F1
2026-10-09 18:39:06,444 RX_BYTE B1
2026-10-09 18:39:06,444 RX_BYTE 61
2026-10-09 18:39:06,444 RX_BYTE 01
2026-10-09 18:39:06,444 RX_BYTE 90
2026-10-09 18:39:06,444 RX_BYTE D2
2026-10-09 18:39:06,444 RX_BYTE A6
2026-10-09 18:39:06,444 RX_BYTE 93
2026-10-09 18:39:06,444 RX_BYTE 94
2026-10-09 18:39:06,444 RX_BYTE B0
2026-10-09 18:39:06,444 RX_BYTE FB
2026-10-09 18:39:06,444 RX_BYTE 04
2026-10-09 18:39:06,444 RX_BYTE 00
2026-10-09 18:39:06,444 RX_BYTE 6D
2026-10-09 18:39:06,444 RX 8B F1 B1 61 01 90 D2 A6 93 94 B0 FB 04 00 6D
2026-10-09 18:39:06,444 RX_BYTE 8B
2026-10-09 18:39:06,444 RX_BYTE F1
2026-10-09 18:39:06,444 RX_BYTE B1
2026-10-09 18:39:06,444 RX_BYTE 61
2026-10-09 18:39:06,444 RX_BYTE 01
2026-10-09 18:39:06,444 RX_BYTE 90
2026-10-09 18:39:06,444 RX_BYTE D2
2026-10-09 18:39:06,444 RX_BYTE A6
2026-10-09 18:39:06,444 RX_BYTE 93
2026-10-09 18:39:06,444 RX_BYTE 94
2026-10-09 18:39:06,444 RX_BYTE B0
2026-10-09 18:39:06,444 RX_BYTE FB
2026-10-09 18:39:06,444 RX_BYTE 04
2026-10-09 18:39:06,444 RX_BYTE 00
2026-10-09 18:39:06,444 RX_BYTE 6D
2026-10-09 18:39:06,444 RX 8B F1 B1 61 01 90 D2 A6 93 94 B0 FB 04 00 6D
2026-10-09 18:39:06,444 RX_BYTE 8B
2026-10-09 18:39:06,444 RX_BYTE F1
2026-10-09 18:39:06,444 RX_BYTE B1
2026-10-09 18:39:06,444 RX_BYTE 61
2026-10-09 18:39:06,444 RX_BYTE 01
2026-10-09 18:39:06,444 RX_BYTE 90
2026-10-09 18:39:06,444 RX_BYTE D2
2026-10-09 18:39:06,444 RX_BYTE A6
2026-10-09 18:39:06,444 RX_BYTE 93
2026-10-09 18:39:06,444 RX_BYTE 94
2026-10-09 18:39:06,444 RX_BYTE B0
2026-10-09 18:39:06,444 RX_BYTE FB
2026-10-09 18:39:06,444 RX_BYTE 04
2026-10-09 18:39:06,444 RX_BYTE 00
2026-10-09 18:39:06,444 RX_BYTE 6D
2026-10-09 18:39:06,444 RX 8B F1 B1 61 01 90 D2 A6 93 94 B0 FB 04 00 6D
2026-10-09 18:39:06,444 RX_BYTE 8B
2026-10-09 18:39:06,444 RX_BYTE F1
2026-10-09 18:39:06,444 RX_BYTE B1
2026-10-09 18:39:06,444 RX_BYTE 61
2026-10-09 18:39:06,444 RX_BYTE 01
2026-10-09 18:39:06,444 RX_BYTE 90
2026-10-09 18:39:06,444 RX_BYTE D2
2026-10-09 18:39:06,444 RX_BYTE A6
2026-10-09 18:39:06,444 RX_BYTE 93
2026-10-09 18:39:06,445 RX_BYTE 94
2026-10-09 18:39:06,445 RX_BYTE B0
2026-10-09 18:39:06,445 RX_BYTE FB
2026-10-09 18:39:06,445 RX_BYTE 04
2026-10-09 18:39:06,445 RX_BYTE 00
2026-10-09 18:39:06,445 RX_BYTE 6D
2026-10-09 18:39:06,445 RX 8B F1 B1 61 01 90 D2 A6 93 94 B0 FB 04 00 6D
2026-10-09 18:39:06,445 RX_BYTE 8B
2026-10-09 18:39:06,445 RX_BYTE F1
2026-10-09 18:39:06,445 RX_BYTE B1
2026-10-09 18:39:06,445 RX_BYTE 61
2026-10-09 18:39:06,445 RX_BYTE 01
2026-10-09 18:39:06,445 RX_BYTE 90
2026-10-09 18:39:06,445 RX_BYTE D2
2026-10-09 18:39:06,445 RX_BYTE A6
2026-10-09 18:39:06,445 RX_BYTE 93
2026-10-09 18:39:06,445 RX_BYTE 94
2026-10-09 18:39:06,445 RX_BYTE B0
2026-10-09 18:39:06,445 RX_BYTE FB
2026-10-09 18:39:06,445 RX_BYTE 04
2026-10-09 18:39:06,445 RX_BYTE 00
2026-10-09 18:39:06,445 RX_BYTE 6D
2026-10-09 18:39:06,445 RX 8B F1 B1 61 01 90 D2 A6 93 94 B0 FB 04 00 6D
2026-10-09 18:39:06,445 RX_BYTE 8B
2026-10-09 18:39:06,445 RX_BYTE F1
2026-10-09 18:39:06,445 RX_BYTE B1
2026-10-09 18:39:06,445 RX_BYTE 61
2026-10-09 18:39:06,445 RX_BYTE 01
2026-10-09 18:39:06,445 RX_BYTE 90
2026-10-09 18:39:06,445 RX_BYTE D2
2026-10-09 18:39:06,445 RX_BYTE A6
2026-10-09 18:39:06,445 RX_BYTE 93
2026-10-09 18:39:06,445 RX_BYTE 94
2026-10-09 18:39:06,445 RX_BYTE B0
2026-10-09 18:39:06,445 RX_BYTE FB
2026-10-09 18:39:06,445 RX_BYTE 04
2026-10-09 18:39:06,445 RX_BYTE 00
2026-10-09 18:39:06,445 RX_BYTE 6D
2026-10-09 18:39:06,445 RX 8B F1 B1 61 01 90 D2 A6 93 94 B0 FB 04 00 6D
2026-10-09 18:39:06,445 RX_BYTE 8B
2026-10-09 18:39:06,445 RX_BYTE F1
2026-10-09 18:39:06,445 RX_BYTE B1
2026-10-09 18:39:06,445 RX_BYTE 61
2026-10-09 18:39:06,445 RX_BYTE 01
2026-10-09 18:39:06,445 RX_BYTE 90
2026-10-09 18:39:06,445 RX_BYTE D2
2026-10-09 18:39:06,445 RX_BYTE A6
2026-10-09 18:39:06,445 RX_BYTE 93
2026-10-09 18:39:06,445 RX_BYTE 94
2026-10-09 18:39:06,445 RX_BYTE B0
2026-10-09 18:39:06,445 RX_BYTE FB
2026-10-09 18:39:06,445 RX_BYTE 04
2026-10-09 18:39:06,445 RX_BYTE 00
2026-10-09 18:39:06,445 RX_BYTE 6D
2026-10-09 18:39:06,445 RX 8B F1 B1 61 01 90 D2 A6 93 94 B0 FB 04 00 6D
2026-10-09 18:39:06,445 RX_BYTE 8B
2026-10-09 18:39:06,445 RX_BYTE F1
2026-10-09 18:39:06,445 RX_BYTE B1
2026-10-09 18:39:06,445 RX_BYTE 61
2026-10-09 18:39:06,445 RX_BYTE 01
2026-10-09 18:39:06,445 RX_BYTE 90
2026-10-09 18:39:06,446 RX_BYTE D2
2026-10-09 18:39:06,446 RX_BYTE A6
2026-10-09 18:39:06,446 RX_BYTE 93
2026-10-09 18:39:06,446 RX_BYTE 94
2026-10-09 18:39:06,446 RX_BYTE B0
2026-10-09 18:39:06,446 RX_BYTE FB
2026-10-09 18:39:06,446 RX_BYTE 04
2026-10-09 18:39:06,446 RX_BYTE 00
2026-10-09 18:39:06,446 RX_BYTE 6D
2026-10-09 18:39:06,446 RX 8B F1 B1 61 01 90 D2 A6 93 94 B0 FB 04 00 6D
2026-10-09 18:39:06,446 RX_BYTE 8B
2026-10-09 18:39:06,446 RX_BYTE F1
2026-10-09 18:39:06,446 RX_BYTE B1
2026-10-09 18:39:06,446 RX_BYTE 61
2026-10-09 18:39:06,446 RX_BYTE 01
2026-10-09 18:39:06,446 RX_BYTE 90
2026-10-09 18:39:06,446 RX_BYTE D2
2026-10-09 18:39:06,446 RX_BYTE A6
2026-10-09 18:39:06,446 RX_BYTE 93
2026-10-09 18:39:06,446 RX_BYTE 94
2026-10-09 18:39:06,446 RX_BYTE B0
2026-10-09 18:39:06,446 RX_BYTE FB
2026-10-09 18:39:06,446 RX_BYTE 04
2026-10-09 18:39:06,446 RX_BYTE 00
2026-10-09 18:39:06,446 RX_BYTE 6D
2026-10-09 18:39:06,446 RX 8B F1 B1 61 01 90 D2 A6 93 94 B0 FB 04 00 6D
2026-10-09 18:39:06,446 RX_BYTE 8B
2026-10-09 18:39:06,446 RX_BYTE F1
2026-10-09 18:39:06,446 RX_BYTE B1
2026-10-09 18:39:06,446 RX_BYTE 61
2026-10-09 18:39:06,446 RX_BYTE 01
2026-10-09 18:39:06,446 RX_BYTE 90
2026-10-09 18:39:06,446 RX_BYTE D2
2026-10-09 18:39:06,446 RX_BYTE A6
2026-10-09 18:39:06,446 RX_BYTE 93
2026-10-09 18:39:06,446 RX_BYTE 94
2026-10-09 18:39:06,446 RX_BYTE B0
2026-10-09 18:39:06,446 RX_BYTE FB
2026-10-09 18:39:06,446 RX_BYTE 04
2026-10-09 18:39:06,446 RX_BYTE 00
2026-10-09 18:39:06,446 RX_BYTE 6D
2026-10-09 18:39:06,446 RX 8B F1 B1 61 01 90 D2 A6 93 94 B0 FB 04 00 6D
2026-10-09 18:39:06,446 RX_BYTE 8B
2026-10-09 18:39:06,446 RX_BYTE F1
2026-10-09 18:39:06,446 RX_BYTE B1
2026-10-09 18:39:06,446 RX_BYTE 61
2026-10-09 18:39:06,446 RX_BYTE 01
2026-10-09 18:39:06,446 RX_BYTE 90
2026-10-09 18:39:06,446 RX_BYTE D2
2026-10-09 18:39:06,446 RX_BYTE A6
2026-10-09 18:39:06,446 RX_BYTE 93
2026-10-09 18:39:06,446 RX_BYTE 94
2026-10-09 18:39:06,446 RX_BYTE B0
2026-10-09 18:39:06,446 RX_BYTE FB
2026-10-09 18:39:06,446 RX_BYTE 04
2026-10-09 18:39:06,446 RX_BYTE 00
2026-10-09 18:39:06,446 RX_BYTE 6D
2026-10-09 18:39:06,446 RX 8B F1 B1 61 01 90 D2 A6 93 94 B0 FB 04 00 6D
2026-10-09 18:39:06,446 RX_BYTE 8B
2026-10-09 18:39:06,446 RX_BYTE F1
2026-10-09 18:39:06,446 RX_BYTE B1
2026-10-09 18:39:06,447 RX_BYTE 61
2026-10-09 18:39:06,447 RX_BYTE 01
2026-10-09 18:39:06,447 RX_BYTE 90
2026-10-09 18:39:06,447 RX_BYTE D2
2026-10-09 18:39:06,447 RX_BYTE A6
2026-10-09 18:39:06,447 RX_BYTE 93
2026-10-09 18:39:06,447 RX_BYTE 94
2026-10-09 18:39:06,447 RX_BYTE B0
2026-10-09 18:39:06,447 RX_BYTE FB
2026-10-09 18:39:06,447 RX_BYTE 04
2026-10-09 18:39:06,447 RX_BYTE 00
2026-10-09 18:39:06,447 RX_BYTE 6D
2026-10-09 18:39:06,447 RX 8B F1 B1 61 01 90 D2 A6 93 94 B0 FB 04 00 6D
2026-10-09 18:39:06,447 RX_BYTE 8B
2026-10-09 18:39:06,447 RX_BYTE F1
2026-10-09 18:39:06,447 RX_BYTE B1
2026-10-09 18:39:06,447 RX_BYTE 61
2026-10-09 18:39:06,447 RX_BYTE 01
2026-10-09 18:39:06,447 RX_BYTE 90
2026-10-09 18:39:06,447 RX_BYTE D2
2026-10-09 18:39:06,447 RX_BYTE A6
2026-10-09 18:39:06,447 RX_BYTE 93
2026-10-09 18:39:06,447 RX_BYTE 94
2026-10-09 18:39:06,447 RX_BYTE B0
2026-10-09 18:39:06,447 RX_BYTE FB
2026-10-09 18:39:06,447 RX_BYTE 04
2026-10-09 18:39:06,447 RX_BYTE 00
2026-10-09 18:39:06,447 RX_BYTE 6D
2026-10-09 18:39:06,447 RX 8B F1 B1 61 01 90 D2 A6 93 94 B0 FB 04 00 6D
2026-10-09 18:39:06,447 RX_BYTE 8B
2026-10-09 18:39:06,447 RX_BYTE F1
2026-10-09 18:39:06,447 RX_BYTE B1
2026-10-09 18:39:06,447 RX_BYTE 61
2026-10-09 18:39:06,447 RX_BYTE 01
2026-10-09 18:39:06,447 RX_BYTE 90
2026-10-09 18:39:06,447 RX_BYTE D2
2026-10-09 18:39:06,447 RX_BYTE A6
2026-10-09 18:39:06,447 RX_BYTE 93
2026-10-09 18:39:06,447 RX_BYTE 94
2026-10-09 18:39:06,447 RX_BYTE B0
2026-10-09 18:39:06,447 RX_BYTE FB
2026-10-09 18:39:06,447 RX_BYTE 04
2026-10-09 18:39:06,447 RX_BYTE 00
2026-10-09 18:39:06,447 RX_BYTE 6D
2026-10-09 18:39:06,447 RX 8B F1 B1 61 01 90 D2 A6 93 94 B0 FB 04 00 6D
2026-10-09 18:39:06,447 RX_BYTE 8B
2026-10-09 18:39:06,447 RX_BYTE F1
2026-10-09 18:39:06,447 RX_BYTE B1
2026-10-09 18:39:06,447 RX_BYTE 61
2026-10-09 18:39:06,447 RX_BYTE 01
2026-10-09 18:39:06,447 RX_BYTE 90
2026-10-09 18:39:06,447 RX_BYTE D2
2026-10-09 18:39:06,447 RX_BYTE A6
2026-10-09 18:39:06,447 RX_BYTE 93
2026-10-09 18:39:06,447 RX_BYTE 94
2026-10-09 18:39:06,447 RX_BYTE B0
2026-10-09 18:39:06,447 RX_BYTE FB
2026-10-09 18:39:06,447 RX_BYTE 04
2026-10-09 18:39:06,447 RX_BYTE 00
2026-10-09 18:39:06,447 RX_BYTE 6D
2026-10-09 18:39:06,447 RX 8B F1 B1 61 01 90 D2 A6 93 94 B0 FB 04 00 6D
2026-10-09 18:39:06,447 RX_BYTE 8B
2026-10-09 18:39:06,447 RX_BYTE F1
2026-10-09 18:39:06,448 RX_BYTE B1
2026-10-09 18:39:06,448 RX_BYTE 61
2026-10-09 18:39:06,448 RX_BYTE 01
2026-10-09 18:39:06,448 RX_BYTE 90
2026-10-09 18:39:06,448 RX_BYTE D2
2026-10-09 18:39:06,448 RX_BYTE A6
2026-10-09 18:39:06,448 RX_BYTE 93
2026-10-09 18:39:06,448 RX_BYTE 94
2026-10-09 18:39:06,448 RX_BYTE B0
2026-10-09 18:39:06,448 RX_BYTE FB
2026-10-09 18:39:06,448 RX_BYTE 04
2026-10-09 18:39:06,448 RX_BYTE 00
2026-10-09 18:39:06,448 RX_BYTE 6D
2026-10-09 18:39:06,448 RX 8B F1 B1 61 01 90 D2 A6 93 94 B0 FB 04 00 6D
2026-10-09 18:39:06,448 RX_BYTE 8B
2026-10-09 18:39:06,448 RX_BYTE F1
2026-10-09 18:39:06,448 RX_BYTE B1
2026-10-09 18:39:06,448 RX_BYTE 61
2026-10-09 18:39:06,448 RX_BYTE 01
2026-10-09 18:39:06,448 RX_BYTE 90
2026-10-09 18:39:06,448 RX_BYTE D2
2026-10-09 18:39:06,448 RX_BYTE A6
2026-10-09 18:39:06,448 RX_BYTE 93
2026-10-09 18:39:06,448 RX_BYTE 94
2026-10-09 18:39:06,448 RX_BYTE B0
2026-10-09 18:39:06,448 RX_BYTE FB
2026-10-09 18:39:06,448 RX_BYTE 04
2026-10-09 18:39:06,448 RX_BYTE 00
2026-10-09 18:39:06,448 RX_BYTE 6D
2026-10-09 18:39:06,448 RX 8B F1 B1 61 01 90 D2 A6 93 94 B0 FB 04 00 6D
2026-10-09 18:39:06,448 RX_BYTE 8B
2026-10-09 18:39:06,448 RX_BYTE F1
2026-10-09 18:39:06,448 RX_BYTE B1
2026-10-09 18:39:06,448 RX_BYTE 61
2026-10-09 18:39:06,448 RX_BYTE 01
2026-10-09 18:39:06,448 RX_BYTE 90
2026-10-09 18:39:06,448 RX_BYTE D2
2026-10-09 18:39:06,448 RX_BYTE A6
2026-10-09 18:39:06,448 RX_BYTE 93
2026-10-09 18:39:06,448 RX_BYTE 94
2026-10-09 18:39:06,448 RX_BYTE B0
2026-10-09 18:39:06,448 RX_BYTE FB
2026-10-09 18:39:06,448 RX_BYTE 04
2026-10-09 18:39:06,448 RX_BYTE 00
2026-10-09 18:39:06,448 RX_BYTE 6D
2026-10-09 18:39:06,448 RX 8B F1 B1 61 01 90 D2 A6 93 94 B0 FB 04 00 6D
2026-10-09 18:39:06,448 RX_BYTE 8B
2026-10-09 18:39:06,448 RX_BYTE F1
2026-10-09 18:39:06,448 RX_BYTE B1
2026-10-09 18:39:06,448 RX_BYTE 61
2026-10-09 18:39:06,448 RX_BYTE 01
2026-10-09 18:39:06,448 RX_BYTE 90
2026-10-09 18:39:06,448 RX_BYTE D2
2026-10-09 18:39:06,448 RX_BYTE A6
2026-10-09 18:39:06,448 RX_BYTE 93
2026-10-09 18:39:06,448 RX_BYTE 94
2026-10-09 18:39:06,448 RX_BYTE B0
2026-10-09 18:39:06,448 RX_BYTE FB
2026-10-09 18:39:06,448 RX_BYTE 04
2026-10-09 18:39:06,448 RX_BYTE 00
2026-10-09 18:39:06,448 RX_BYTE 6D
2026-10-09 18:39:06,448 RX 8B F1 B1 61 01 90 D2 A6 93 94 B0 FB 04 00 6D
2026-10-09 18:39:06,448 RX_BYTE 8B
2026-10-09 18:39:06,449 RX_BYTE F1
2026-10-09 18:39:06,449 RX_BYTE B1
2026-10-09 18:39:06,449 RX_BYTE 61
2026-10-09 18:39:06,449 RX_BYTE 01
2026-10-09 18:39:06,449 RX_BYTE 90
2026-10-09 18:39:06,449 RX_BYTE D2
2026-10-09 18:39:06,449 RX_BYTE A6
2026-10-09 18:39:06,449 RX_BYTE 93
2026-10-09 18:39:06,449 RX_BYTE 94
2026-10-09 18:39:06,449 RX_BYTE B0
2026-10-09 18:39:06,449 RX_BYTE FB
2026-10-09 18:39:06,449 RX_BYTE 04
2026-10-09 18:39:06,449 RX_BYTE 00
2026-10-09 18:39:06,449 RX_BYTE 6D
2026-10-09 18:39:06,449 RX 8B F1 B1 61 01 90 D2 A6 93 94 B0 FB 04 00 6D
2026-10-09 18:39:06,449 RX_BYTE 8B
2026-10-09 18:39:06,449 RX_BYTE F1
2026-10-09 18:39:06,449 RX_BYTE B1
2026-10-09 18:39:06,449 RX_BYTE 61
2026-10-09 18:39:06,449 RX_BYTE 01
2026-10-09 18:39:06,449 RX_BYTE 90
2026-10-09 18:39:06,449 RX_BYTE D2
2026-10-09 18:39:06,449 RX_BYTE A6
2026-10-09 18:39:06,449 RX_BYTE 93
2026-10-09 18:39:06,449 RX_BYTE 94
2026-10-09 18:39:06,449 RX_BYTE B0
2026-10-09 18:39:06,449 RX_BYTE FB
2026-10-09 18:39:06,449 RX_BYTE 04
2026-10-09 18:39:06,449 RX_BYTE 00
2026-10-09 18:39:06,449 RX_BYTE 6D
2026-10-09 18:39:06,449 RX 8B F1 B1 61 01 90 D2 A6 93 94 B0 FB 04 00 6D
2026-10-09 18:39:06,449 RX_BYTE 8B
2026-10-09 18:39:06,449 RX_BYTE F1
2026-10-09 18:39:06,449 RX_BYTE B1
2026-10-09 18:39:06,449 RX_BYTE 61
2026-10-09 18:39:06,449 RX_BYTE 01
2026-10-09 18:39:06,449 RX_BYTE 90
2026-10-09 18:39:06,449 RX_BYTE D2
2026-10-09 18:39:06,449 RX_BYTE A6
2026-10-09 18:39:06,449 RX_BYTE 93
2026-10-09 18:39:06,449 RX_BYTE 94
2026-10-09 18:39:06,449 RX_BYTE B0
2026-10-09 18:39:06,449 RX_BYTE FB
2026-10-09 18:39:06,449 RX_BYTE 04
2026-10-09 18:39:06,449 RX_BYTE 00
2026-10-09 18:39:06,449 RX_BYTE 6D
2026-10-09 18:39:06,449 RX 8B F1 B1 61 01 90 D2 A6 93 94 B0 FB 04 00 6D
2026-10-09 18:39:06,449 RX_BYTE 8B
2026-10-09 18:39:06,449 RX_BYTE F1
2026-10-09 18:39:06,449 RX_BYTE B1
2026-10-09 18:39:06,449 RX_BYTE 61
2026-10-09 18:39:06,449 RX_BYTE 01
2026-10-09 18:39:06,449 RX_BYTE 90
2026-10-09 18:39:06,449 RX_BYTE D2
2026-10-09 18:39:06,449 RX_BYTE A6
2026-10-09 18:39:06,449 RX_BYTE 93
2026-10-09 18:39:06,449 RX_BYTE 94
2026-10-09 18:39:06,449 RX_BYTE B0
2026-10-09 18:39:06,449 RX_BYTE FB
2026-10-09 18:39:06,449 RX_BYTE 04
2026-10-09 18:39:06,450 RX_BYTE 00
2026-10-09 18:39:06,450 RX_BYTE 6D
2026-10-09 18:39:06,450 RX 8B F1 B1 61 01 90 D2 A6 93 94 B0 FB 04 00 6D
2026-10-09 18:39:06,450 RX_BYTE 8B
2026-10-09 18:39:06,450 RX_BYTE F1
2026-10-09 18:39:06,450 RX_BYTE B1
2026-10-09 18:39:06,450 RX_BYTE 61
2026-10-09 18:39:06,450 RX_BYTE 01
2026-10-09 18:39:06,450 RX_BYTE 90
2026-10-09 18:39:06,450 RX_BYTE D2
2026-10-09 18:39:06,450 RX_BYTE A6
2026-10-09 18:39:06,450 RX_BYTE 93
2026-10-09 18:39:06,450 RX_BYTE 94
2026-10-09 18:39:06,450 RX_BYTE B0
2026-10-09 18:39:06,450 RX_BYTE FB
2026-10-09 18:39:06,450 RX_BYTE 04
2026-10-09 18:39:06,450 RX_BYTE 00
2026-10-09 18:39:06,450 RX_BYTE 6D
2026-10-09 18:39:06,450 RX 8B F1 B1 61 01 90 D2 A6 93 94 B0 FB 04 00 6D
2026-10-09 18:39:06,450 RX_BYTE 8B
2026-10-09 18:39:06,450 RX_BYTE F1
2026-10-09 18:39:06,450 RX_BYTE B1
2026-10-09 18:39:06,450 RX_BYTE 61
2026-10-09 18:39:06,450 RX_BYTE 01
2026-10-09 18:39:06,450 RX_BYTE 90
2026-10-09 18:39:06,450 RX_BYTE D2
2026-10-09 18:39:06,450 RX_BYTE A6
2026-10-09 18:39:06,450 RX_BYTE 93
2026-10-09 18:39:06,450 RX_BYTE 94
2026-10-09 18:39:06,450 RX_BYTE B0
2026-10-09 18:39:06,450 RX_BYTE FB
2026-10-09 18:39:06,450 RX_BYTE 04
2026-10-09 18:39:06,450 RX_BYTE 00
2026-10-09 18:39:06,450 RX_BYTE 6D
2026-10-09 18:39:06,450 RX 8B F1 B1 61 01 90 D2 A6 93 94 B0 FB 04 00 6D
2026-10-09 18:39:06,450 RX_BYTE 8B
2026-10-09 18:39:06,450 RX_BYTE F1
2026-10-09 18:39:06,450 RX_BYTE B1
2026-10-09 18:39:06,450 RX_BYTE 61
2026-10-09 18:39:06,450 RX_BYTE 01
2026-10-09 18:39:06,450 RX_BYTE 90
2026-10-09 18:39:06,450 RX_BYTE D2
2026-10-09 18:39:06,450 RX_BYTE A6
2026-10-09 18:39:06,450 RX_BYTE 93
2026-10-09 18:39:06,450 RX_BYTE 94
2026-10-09 18:39:06,450 RX_BYTE B0
2026-10-09 18:39:06,450 RX_BYTE FB
2026-10-09 18:39:06,450 RX_BYTE 04
2026-10-09 18:39:06,450 RX_BYTE 00
2026-10-09 18:39:06,450 RX_BYTE 6D
2026-10-09 18:39:06,450 RX 8B F1 B1 61 01 90 D2 A6 93 94 B0 FB 04 00 6D
2026-10-09 18:39:06,450 RX_BYTE 8B
2026-10-09 18:39:06,450 RX_BYTE F1
2026-10-09 18:39:06,450 RX_BYTE B1
2026-10-09 18:39:06,450 RX_BYTE 61
2026-10-09 18:39:06,450 RX_BYTE 01
2026-10-09 18:39:06,450 RX_BYTE 90
2026-10-09 18:39:06,450 RX_BYTE D2
2026-10-09 18:39:06,450 RX_BYTE A6
2026-10-09 18:39:06,450 RX_BYTE 93
2026-10-09 18:39:06,450 RX_BYTE 94
2026-10-09 18:39:06,450 RX_BYTE B0
2026-10-09 18:39:06,450 RX_BYTE FB
2026-10-09 18:39:06,451 RX_BYTE 04
2026-10-09 18:39:06,451 RX_BYTE 00
2026-10-09 18:39:06,451 RX_BYTE 6D
2026-10-09 18:39:06,451 RX 8B F1 B1 61 01 90 D2 A6 93 94 B0 FB 04 00 6D
2026-10-09 18:39:06,451 RX_BYTE 8B
2026-10-09 18:39:06,451 RX_BYTE F1
2026-10-09 18:39:06,451 RX_BYTE B1
2026-10-09 18:39:06,451 RX_BYTE 61
2026-10-09 18:39:06,451 RX_BYTE 01
2026-10-09 18:39:06,451 RX_BYTE 90
2026-10-09 18:39:06,451 RX_BYTE D2
2026-10-09 18:39:06,451 RX_BYTE A6
2026-10-09 18:39:06,451 RX_BYTE 93
2026-10-09 18:39:06,451 RX_BYTE 94
2026-10-09 18:39:06,451 RX_BYTE B0
2026-10-09 18:39:06,451 RX_BYTE FB
2026-10-09 18:39:06,451 RX_BYTE 04
2026-10-09 18:39:06,451 RX_BYTE 00
2026-10-09 18:39:06,451 RX_BYTE 6D
2026-10-09 18:39:06,451 RX 8B F1 B1 61 01 90 D2 A6 93 94 B0 FB 04 00 6D
2026-10-09 18:39:06,451 RX_BYTE 8B
2026-10-09 18:39:06,451 RX_BYTE F1
2026-10-09 18:39:06,451 RX_BYTE B1
2026-10-09 18:39:06,451 RX_BYTE 61
2026-10-09 18:39:06,451 RX_BYTE 01
2026-10-09 18:39:06,451 RX_BYTE 90
2026-10-09 18:39:06,451 RX_BYTE D2
2026-10-09 18:39:06,451 RX_BYTE A6
2026-10-09 18:39:06,451 RX_BYTE 93
2026-10-09 18:39:06,451 RX_BYTE 94
2026-10-09 18:39:06,451 RX_BYTE B0
2026-10-09 18:39:06,451 RX_BYTE FB
2026-10-09 18:39:06,451 RX_BYTE 04
2026-10-09 18:39:06,451 RX_BYTE 00
2026-10-09 18:39:06,451 RX_BYTE 6D
2026-10-09 18:39:06,451 RX 8B F1 B1 61 01 90 D2 A6 93 94 B0 FB 04 00 6D
2026-10-09 18:39:06,451 RX_BYTE 8B
2026-10-09 18:39:06,451 RX_BYTE F1
2026-10-09 18:39:06,451 RX_BYTE B1
2026-10-09 18:39:06,451 RX_BYTE 61
2026-10-09 18:39:06,451 RX_BYTE 01
2026-10-09 18:39:06,451 RX_BYTE 90
2026-10-09 18:39:06,451 RX_BYTE D2
2026-10-09 18:39:06,451 RX_BYTE A6
2026-10-09 18:39:06,451 RX_BYTE 93
2026-10-09 18:39:06,451 RX_BYTE 94
2026-10-09 18:39:06,451 RX_BYTE B0
2026-10-09 18:39:06,451 RX_BYTE FB
2026-10-09 18:39:06,451 RX_BYTE 04
2026-10-09 18:39:06,451 RX_BYTE 00
2026-10-09 18:39:06,451 RX_BYTE 6D
2026-10-09 18:39:06,451 RX 8B F1 B1 61 01 90 D2 A6 93 94 B0 FB 04 00 6D
2026-10-09 18:39:06,451 RX_BYTE 8B
2026-10-09 18:39:06,451 RX_BYTE F1
2026-10-09 18:39:06,451 RX_BYTE B1
2026-10-09 18:39:06,451 RX_BYTE 61
2026-10-09 18:39:06,451 RX_BYTE 01
2026-10-09 18:39:06,451 RX_BYTE 90
2026-10-09 18:39:06,451 RX_BYTE D2
2026-10-09 18:39:06,451 RX_BYTE A6
2026-10-09 18:39:06,451 RX_BYTE 93
2026-10-09 18:39:06,452 RX_BYTE 94
2026-10-09 18:39:06,452 RX_BYTE B0
2026-10-09 18:39:06,452 RX_BYTE FB
2026-10-09 18:39:06,452 RX_BYTE 04
2026-10-09 18:39:06,452 RX_BYTE 00
2026-10-09 18:39:06,452 RX_BYTE 6D
2026-10-09 18:39:06,452 RX 8B F1 B1 61 01 90 D2 A6 93 94 B0 FB 04 00 6D
2026-10-09 18:39:06,452 RX_BYTE 8B
2026-10-09 18:39:06,452 RX_BYTE F1
2026-10-09 18:39:06,452 RX_BYTE B1
2026-10-09 18:39:06,452 RX_BYTE 61
2026-10-09 18:39:06,452 RX_BYTE 01
2026-10-09 18:39:06,452 RX_BYTE 90
2026-10-09 18:39:06,452 RX_BYTE D2
2026-10-09 18:39:06,452 RX_BYTE A6
2026-10-09 18:39:06,452 RX_BYTE 93
2026-10-09 18:39:06,452 RX_BYTE 94
2026-10-09 18:39:06,452 RX_BYTE B0
2026-10-09 18:39:06,452 RX_BYTE FB
2026-10-09 18:39:06,452 RX_BYTE 04
2026-10-09 18:39:06,452 RX_BYTE 00
2026-10-09 18:39:06,452 RX_BYTE 6D
2026-10-09 18:39:06,452 RX 8B F1 B1 61 01 90 D2 A6 93 94 B0 FB 04 00 6D
2026-10-09 18:39:06,452 RX_BYTE 8B
2026-10-09 18:39:06,452 RX_BYTE F1
2026-10-09 18:39:06,452 RX_BYTE B1
2026-10-09 18:39:06,452 RX_BYTE 61
2026-10-09 18:39:06,452 RX_BYTE 01
2026-10-09 18:39:06,452 RX_BYTE 90
2026-10-09 18:39:06,452 RX_BYTE D2
2026-10-09 18:39:06,452 RX_BYTE A6
2026-10-09 18:39:06,452 RX_BYTE 93
2026-10-09 18:39:06,452 RX_BYTE 94
2026-10-09 18:39:06,452 RX_BYTE B0
2026-10-09 18:39:06,452 RX_BYTE FB
2026-10-09 18:39:06,452 RX_BYTE 04
2026-10-09 18:39:06,452 RX_BYTE 00
2026-10-09 18:39:06,452 RX_BYTE 6D
2026-10-09 18:39:06,452 RX 8B F1 B1 61 01 90 D2 A6 93 94 B0 FB 04 00 6D
2026-10-09 18:39:06,452 RX_BYTE 8B
2026-10-09 18:39:06,452 RX_BYTE F1
2026-10-09 18:39:06,452 RX_BYTE B1
2026-10-09 18:39:06,452 RX_BYTE 61
2026-10-09 18:39:06,452 RX_BYTE 01
2026-10-09 18:39:06,452 RX_BYTE 90
2026-10-09 18:39:06,452 RX_BYTE D2
2026-10-09 18:39:06,452 RX_BYTE A6
2026-10-09 18:39:06,452 RX_BYTE 93
2026-10-09 18:39:06,452 RX_BYTE 94
2026-10-09 18:39:06,452 RX_BYTE B0
2026-10-09 18:39:06,452 RX_BYTE FB
2026-10-09 18:39:06,452 RX_BYTE 04
2026-10-09 18:39:06,452 RX_BYTE 00
2026-10-09 18:39:06,452 RX_BYTE 6D
2026-10-09 18:39:06,452 RX 8B F1 B1 61 01 90 D2 A6 93 94 B0 FB 04 00 6D
2026-10-09 18:39:06,452 RX_BYTE 8B
2026-10-09 18:39:06,452 RX_BYTE F1
2026-10-09 18:39:06,452 RX_BYTE B1
2026-10-09 18:39:06,452 RX_BYTE 61
2026-10-09 18:39:06,452 RX_BYTE 01
2026-10-09 18:39:06,452 RX_BYTE 90
2026-10-09 18:39:06,452 RX_BYTE D2
2026-10-09 18:39:06,453 RX_BYTE A6
2026-10-09 18:39:06,453 RX_BYTE 93
2026-10-09 18:39:06,453 RX_BYTE 94
2026-10-09 18:39:06,453 RX_BYTE B0
2026-10-09 18:39:06,453 RX_BYTE FB
2026-10-09 18:39:06,453 RX_BYTE 04
2026-10-09 18:39:06,453 RX_BYTE 00
2026-10-09 18:39:06,453 RX_BYTE 6D
2026-10-09 18:39:06,453 RX 8B F1 B1 61 01 90 D2 A6 93 94 B0 FB 04 00 6D
2026-10-09 18:39:06,453 RX_BYTE 8B
2026-10-09 18:39:06,453 RX_BYTE F1
2026-10-09 18:39:06,453 RX_BYTE B1
2026-10-09 18:39:06,453 RX_BYTE 61
2026-10-09 18:39:06,453 RX_BYTE 01
2026-10-09 18:39:06,453 RX_BYTE 90
2026-10-09 18:39:06,453 RX_BYTE D2
2026-10-09 18:39:06,453 RX_BYTE A6
2026-10-09 18:39:06,453 RX_BYTE 93
2026-10-09 18:39:06,453 RX_BYTE 94
2026-10-09 18:39:06,453 RX_BYTE B0
2026-10-09 18:39:06,453 RX_BYTE FB
2026-10-09 18:39:06,453 RX_BYTE 04
2026-10-09 18:39:06,453 RX_BYTE 00
2026-10-09 18:39:06,453 RX_BYTE 6D
2026-10-09 18:39:06,453 RX 8B F1 B1 61 01 90 D2 A6 93 94 B0 FB 04 00 6D
2026-10-09 18:39:06,453 RX_BYTE 8B
2026-10-09 18:39:06,453 RX_BYTE F1
2026-10-09 18:39:06,453 RX_BYTE B1
2026-10-09 18:39:06,453 RX_BYTE 61
2026-10-09 18:39:06,453 RX_BYTE 01
2026-10-09 18:39:06,453 RX_BYTE 90
2026-10-09 18:39:06,453 RX_BYTE D2
2026-10-09 18:39:06,453 RX_BYTE A6
2026-10-09 18:39:06,453 RX_BYTE 93
2026-10-09 18:39:06,453 RX_BYTE 94
2026-10-09 18:39:06,453 RX_BYTE B0
2026-10-09 18:39:06,453 RX_BYTE FB
2026-10-09 18:39:06,453 RX_BYTE 04
2026-10-09 18:39:06,453 RX_BYTE 00
2026-10-09 18:39:06,453 RX_BYTE 6D
2026-10-09 18:39:06,453 RX 8B F1 B1 61 01 90 D2 A6 93 94 B0 FB 04 00 6D
2026-10-09 18:39:06,453 RX_BYTE 8B
2026-10-09 18:39:06,453 RX_BYTE F1
2026-10-09 18:39:06,453 RX_BYTE B1
2026-10-09 18:39:06,453 RX_BYTE 61
2026-10-09 18:39:06,453 RX_BYTE 01
2026-10-09 18:39:06,453 RX_BYTE 90
2026-10-09 18:39:06,453 RX_BYTE D2
2026-10-09 18:39:06,453 RX_BYTE A6
2026-10-09 18:39:06,453 RX_BYTE 93
2026-10-09 18:39:06,453 RX_BYTE 94
2026-10-09 18:39:06,453 RX_BYTE B0
2026-10-09 18:39:06,453 RX_BYTE FB
2026-10-09 18:39:06,453 RX_BYTE 04
2026-10-09 18:39:06,453 RX_BYTE 00
2026-10-09 18:39:06,453 RX_BYTE 6D
2026-10-09 18:39:06,453 RX 8B F1 B1 61 01 90 D2 A6 93 94 B0 FB 04 00 6D
2026-10-09 18:39:06,453 RX_BYTE 8B
2026-10-09 18:39:06,453 RX_BYTE F1
2026-10-09 18:39:06,453 RX_BYTE B1
2026-10-09 18:39:06,453 RX_BYTE 61
2026-10-09 18:39:06,453 RX_BYTE 01
2026-10-09 18:39:06,454 RX_BYTE 90
2026-10-09 18:39:06,454 RX_BYTE D2
2026-10-09 18:39:06,454 RX_BYTE A6
2026-10-09 18:39:06,454 RX_BYTE 93
2026-10-09 18:39:06,454 RX_BYTE 94
2026-10-09 18:39:06,454 RX_BYTE B0
2026-10-09 18:39:06,454 RX_BYTE FB
2026-10-09 18:39:06,454 RX_BYTE 04
2026-10-09 18:39:06,454 RX_BYTE 00
2026-10-09 18:39:06,454 RX_BYTE 6D
2026-10-09 18:39:06,454 RX 8B F1 B1 61 01 90 D2 A6 93 94 B0 FB 04 00 6D
2026-10-09 18:39:06,454 RX_BYTE 8B
2026-10-09 18:39:06,454 RX_BYTE F1
2026-10-09 18:39:06,454 RX_BYTE B1
2026-10-09 18:39:06,454 RX_BYTE 61
2026-10-09 18:39:06,454 RX_BYTE 01
2026-10-09 18:39:06,454 RX_BYTE 90
2026-10-09 18:39:06,454 RX_BYTE D2
2026-10-09 18:39:06,454 RX_BYTE A6
2026-10-09 18:39:06,454 RX_BYTE 93
2026-10-09 18:39:06,454 RX_BYTE 94
2026-10-09 18:39:06,454 RX_BYTE B0
2026-10-09 18:39:06,454 RX_BYTE FB
2026-10-09 18:39:06,454 RX_BYTE 04
2026-10-09 18:39:06,454 RX_BYTE 00
2026-10-09 18:39:06,454 RX_BYTE 6D
2026-10-09 18:39:06,454 RX 8B F1 B1 61 01 90 D2 A6 93 94 B0 FB 04 00 6D
2026-10-09 18:39:06,454 RX_BYTE 8B
2026-10-09 18:39:06,454 RX_BYTE F1
2026-10-09 18:39:06,454 RX_BYTE B1
2026-10-09 18:39:06,454 RX_BYTE 61
2026-10-09 18:39:06,454 RX_BYTE 01
2026-10-09 18:39:06,454 RX_BYTE 90
2026-10-09 18:39:06,454 RX_BYTE D2
2026-10-09 18:39:06,454 RX_BYTE A6
2026-10-09 18:39:06,454 RX_BYTE 93
2026-10-09 18:39:06,454 RX_BYTE 94
2026-10-09 18:39:06,454 RX_BYTE B0
2026-10-09 18:39:06,454 RX_BYTE FB
2026-10-09 18:39:06,454 RX_BYTE 04
2026-10-09 18:39:06,454 RX_BYTE 00
2026-10-09 18:39:06,454 RX_BYTE 6D
2026-10-09 18:39:06,454 RX 8B F1 B1 61 01 90 D2 A6 93 94 B0 FB 04 00 6D
2026-10-09 18:39:06,454 RX_BYTE 8B
2026-10-09 18:39:06,454 RX_BYTE F1
2026-10-09 18:39:06,454 RX_BYTE B1
2026-10-09 18:39:06,454 RX_BYTE 61
2026-10-09 18:39:06,454 RX_BYTE 01
2026-10-09 18:39:06,454 RX_BYTE 90
2026-10-09 18:39:06,454 RX_BYTE D2
2026-10-09 18:39:06,454 RX_BYTE A6
2026-10-09 18:39:06,454 RX_BYTE 93
2026-10-09 18:39:06,454 RX_BYTE 94
2026-10-09 18:39:06,454 RX_BYTE B0
2026-10-09 18:39:06,454 RX_BYTE FB
2026-10-09 18:39:06,454 RX_BYTE 04
2026-10-09 18:39:06,454 RX_BYTE 00
2026-10-09 18:39:06,454 RX_BYTE 6D
2026-10-09 18:39:06,454 RX 8B F1 B1 61 01 90 D2 A6 93 94 B0 FB 04 00 6D
2026-10-09 18:39:06,454 RX_BYTE 8B
2026-10-09 18:39:06,454 RX_BYTE F1
2026-10-09 18:39:06,455 RX_BYTE B1
2026-10-09 18:39:06,455 RX_BYTE 61
2026-10-09 18:39:06,455 RX_BYTE 01
2026-10-09 18:39:06,455 RX_BYTE 90
2026-10-09 18:39:06,455 RX_BYTE D2
2026-10-09 18:39:06,455 RX_BYTE A6
2026-10-09 18:39:06,455 RX_BYTE 93
2026-10-09 18:39:06,455 RX_BYTE 94
2026-10-09 18:39:06,455 RX_BYTE B0
2026-10-09 18:39:06,455 RX_BYTE FB
2026-10-09 18:39:06,455 RX_BYTE 04
2026-10-09 18:39:06,455 RX_BYTE 00
2026-10-09 18:39:06,455 RX_BYTE 6D
2026-10-09 18:39:06,455 RX 8B F1 B1 61 01 90 D2 A6 93 94 B0 FB 04 00 6D
2026-10-09 18:39:06,455 RX_BYTE 8B
2026-10-09 18:39:06,455 RX_BYTE F1
2026-10-09 18:39:06,455 RX_BYTE B1
2026-10-09 18:39:06,455 RX_BYTE 61
2026-10-09 18:39:06,455 RX_BYTE 01
2026-10-09 18:39:06,455 RX_BYTE 90
2026-10-09 18:39:06,455 RX_BYTE D2
2026-10-09 18:39:06,455 RX_BYTE A6
2026-10-09 18:39:06,455 RX_BYTE 93
2026-10-09 18:39:06,455 RX_BYTE 94
2026-10-09 18:39:06,455 RX_BYTE B0
2026-10-09 18:39:06,455 RX_BYTE FB
2026-10-09 18:39:06,455 RX_BYTE 04
2026-10-09 18:39:06,455 RX_BYTE 00
2026-10-09 18:39:06,455 RX_BYTE 6D
2026-10-09 18:39:06,455 RX 8B F1 B1 61 01 90 D2 A6 93 94 B0 FB 04 00 6D
2026-10-09 18:39:06,455 RX_BYTE 8B
2026-10-09 18:39:06,455 RX_BYTE F1
2026-10-09 18:39:06,455 RX_BYTE B1
2026-10-09 18:39:06,455 RX_BYTE 61
2026-10-09 18:39:06,455 RX_BYTE 01
2026-10-09 18:39:06,455 RX_BYTE 90
2026-10-09 18:39:06,455 RX_BYTE D2
2026-10-09 18:39:06,455 RX_BYTE A6
2026-10-09 18:39:06,455 RX_BYTE 93
2026-10-09 18:39:06,455 RX_BYTE 94
2026-10-09 18:39:06,455 RX_BYTE B0
2026-10-09 18:39:06,456 RX_BYTE FB
2026-10-09 18:39:06,456 RX_BYTE 04
2026-10-09 18:39:06,456 RX_BYTE 00
2026-10-09 18:39:06,456 RX_BYTE 6D
2026-10-09 18:39:06,456 RX 8B F1 B1 61 01 90 D2 A6 93 94 B0 FB 04 00 6D
2026-10-09 18:39:06,456 RX_BYTE 8B
2026-10-09 18:39:06,456 RX_BYTE F1
2026-10-09 18:39:06,456 RX_BYTE B1
2026-10-09 18:39:06,456 RX_BYTE 61
2026-10-09 18:39:06,456 RX_BYTE 01
2026-10-09 18:39:06,456 RX_BYTE 90
2026-10-09 18:39:06,456 RX_BYTE D2
2026-10-09 18:39:06,456 RX_BYTE A6
2026-10-09 18:39:06,456 RX_BYTE 93
2026-10-09 18:39:06,456 RX_BYTE 94
2026-10-09 18:39:06,456 RX_BYTE B0
2026-10-09 18:39:06,456 RX_BYTE FB
2026-10-09 18:39:06,456 RX_BYTE 04
2026-10-09 18:39:06,456 RX_BYTE 00
2026-10-09 18:39:06,456 RX_BYTE 6D
2026-10-09 18:39:06,456 RX 8B F1 B1 61 01 90 D2 A6 93 94 B0 FB 04 00 6D
2026-10-09 18:39:06,456 RX_BYTE 8B
2026-10-09 18:39:06,456 RX_BYTE F1
2026-10-09 18:39:06,456 RX_BYTE B1
2026-10-09 18:39:06,456 RX_BYTE 61
2026-10-09 18:39:06,456 RX_BYTE 01
2026-10-09 18:39:06,456 RX_BYTE 90
2026-10-09 18:39:06,456 RX_BYTE D2
2026-10-09 18:39:06,456 RX_BYTE A6
2026-10-09 18:39:06,456 RX_BYTE 93
2026-10-09 18:39:06,456 RX_BYTE 94
2026-10-09 18:39:06,456 RX_BYTE B0
2026-10-09 18:39:06,456 RX_BYTE FB
2026-10-09 18:39:06,456 RX_BYTE 04
2026-10-09 18:39:06,456 RX_BYTE 00
2026-10-09 18:39:06,456 RX_BYTE 6D
2026-10-09 18:39:06,456 RX 8B F1 B1 61 01 90 D2 A6 93 94 B0 FB 04 00 6D
2026-10-09 18:39:06,456 RX_BYTE 8B
2026-10-09 18:39:06,456 RX_BYTE F1
2026-10-09 18:39:06,456 RX_BYTE B1
2026-10-09 18:39:06,456 RX_BYTE 61
2026-10-09 18:39:06,456 RX_BYTE 01
2026-10-09 18:39:06,456 RX_BYTE 90
2026-10-09 18:39:06,456 RX_BYTE D2
2026-10-09 18:39:06,456 RX_BYTE A6
2026-10-09 18:39:06,456 RX_BYTE 93
2026-10-09 18:39:06,456 RX_BYTE 94
2026-10-09 18:39:06,456 RX_BYTE B0
2026-10-09 18:39:06,456 RX_BYTE FB
2026-10-09 18:39:06,456 RX_BYTE 04
2026-10-09 18:39:06,457 RX_BYTE 00
2026-10-09 18:39:06,457 RX_BYTE 6D
2026-10-09 18:39:06,457 RX 8B F1 B1 61 01 90 D2 A6 93 94 B0 FB 04 00 6D
2026-10-09 18:39:06,457 RX_BYTE 00
2026-10-09 18:39:06,457 RX_BYTE 00
2026-10-09 18:39:06,457 RX_BYTE 00
2026-10-09 18:39:06,457 RX_BYTE 00
2026-10-09 18:39:06,457 RX_BYTE 00
2026-10-09 18:39:06,457 RX_BYTE 00
2026-10-09 18:39:06,457 RX_BYTE 8B
2026-10-09 18:39:06,457 RX_BYTE F1
2026-10-09 18:39:06,457 RX_BYTE B1
2026-10-09 18:39:06,457 RX_BYTE 61
2026-10-09 18:39:06,457 RX_BYTE 01
2026-10-09 18:39:06,457 RX_BYTE 90
2026-10-09 18:39:06,457 RX_BYTE D2
2026-10-09 18:39:06,457 RX_BYTE A6
2026-10-09 18:39:06,457 RX_BYTE 93
2026-10-09 18:39:06,457 RX_BYTE 94
2026-10-09 18:39:06,457 RX_BYTE B0
2026-10-09 18:39:06,457 RX_BYTE FB
2026-10-09 18:39:06,457 RX_BYTE 04
2026-10-09 18:39:06,457 RX_BYTE 00
2026-10-09 18:39:06,457 RX_BYTE 6D
2026-10-09 18:39:06,457 RX 8B F1 B1 61 01 90 D2 A6 93 94 B0 FB 04 00 6D
2026-10-09 18:39:06,457 RX_BYTE 81
2026-10-09 18:39:06,457 RX_BYTE B1
2026-10-09 18:39:06,457 RX_BYTE F1
2026-10-09 18:39:06,457 RX_BYTE 81
2026-10-09 18:39:06,457 RX_BYTE A4
2026-10-09 18:39:06,457 RX 81 B1 F1 81 A4
2026-10-09 18:39:06,457 RX_ECHO ignored
2026-10-09 18:39:06,457 RX_BYTE 83
2026-10-09 18:39:06,457 RX_BYTE F1
2026-10-09 18:39:06,457 RX_BYTE B1
2026-10-09 18:39:06,457 RX_BYTE C1
2026-10-09 18:39:06,457 RX_BYTE D9
2026-10-09 18:39:06,457 RX_BYTE 8F
2026-10-09 18:39:06,457 RX_BYTE 4E
2026-10-09 18:39:06,457 RX 83 F1 B1 C1 D9 8F 4E
2026-10-09 18:39:06,457 INIT success key_bytes=D9 8F
2026-10-09 18:39:06,512 TX 82 B1 F1 21 01 46
2026-10-09 18:39:06,522 RX_BYTE 82
2026-10-09 18:39:06,522 RX_BYTE B1
2026-10-09 18:39:06,522 RX_BYTE F1
2026-10-09 18:39:06,522 RX_BYTE 21
2026-10-09 18:39:06,522 RX_BYTE 01
2026-10-09 18:39:06,522 RX_BYTE 46
2026-10-09 18:39:06,522 RX 82 B1 F1 21 01 46
2026-10-09 18:39:06,522 RX_ECHO ignored
2026-10-09 18:39:06,655 RX_BYTE 8B
2026-10-09 18:39:06,655 RX_BYTE F1
2026-10-09 18:39:06,655 RX_BYTE B1
2026-10-09 18:39:06,655 RX_BYTE 61
2026-10-09 18:39:06,655 RX_BYTE 01
2026-10-09 18:39:06,655 RX_BYTE 90
2026-10-09 18:39:06,655 RX_BYTE D2
2026-10-09 18:39:06,656 RX_BYTE A6
2026-10-09 18:39:06,656 RX_BYTE 93
2026-10-09 18:39:06,656 RX_BYTE 94
2026-10-09 18:39:06,656 RX_BYTE B0
2026-10-09 18:39:06,656 RX_BYTE FB
2026-10-09 18:39:06,656 RX_BYTE 04
2026-10-09 18:39:06,656 RX_BYTE 00
2026-10-09 18:39:06,656 RX_BYTE 6D
2026-10-09 18:39:06,656 RX 8B F1 B1 61 01 90 D2 A6 93 94 B0 FB 04 00 6D
2026-10-09 18:39:06,657 PROBE success REAL_DATA 8B F1 B1 61 01 90 D2 A6 93 94 B0 FB 04 00 6D
