2026-10-09 21:25:28,704 LOG_FILE /Users/alex/IdeaProjects/ELM327wifi/captures/elm-20261009-212528-703770.log
2026-10-09 21:25:28,750 INIT begin target=B1 tester=F1 attempts=30
2026-10-09 21:25:28,750 INIT attempt 1/30
2026-10-09 21:25:29,109 INIT host low=26.883 ms high=25.011 ms (not wire measurements)
2026-10-09 21:25:29,109 TX 81 B1 F1 81 A4
2026-10-09 21:25:29,109 RX 83 F1 B1 C1 D9 8F 4E
2026-10-09 21:25:29,109 INIT success key_bytes=D9 8F
2026-10-09 21:25:29,165 TX 82 B1 F1 21 01 46
2026-10-09 21:25:29,165 RX 83 F1 B1 C1 D9 8F 4E
2026-10-09 21:25:29,165 RX 83 F1 B1 C1 D9 8F 4E
2026-10-09 21:25:29,165 RX 83 F1 B1 C1 D9 8F 4E
2026-10-09 21:25:29,165 RX 83 F1 B1 C1 D9 8F 4E
2026-10-09 21:25:29,165 RX 83 F1 B1 C1 D9 8F 4E
2026-10-09 21:25:29,165 RX 83 F1 B1 C1 D9 8F 4E
2026-10-09 21:25:29,165 RX 83 F1 B1 C1 D9 8F 4E
2026-10-09 21:25:29,165 RX 83 F1 B1 C1 D9 8F 4E
2026-10-09 21:25:29,165 RX 83 F1 B1 C1 D9 8F 4E
2026-10-09 21:25:29,165 RX 83 F1 B1 C1 D9 8F 4E
2026-10-09 21:25:29,166 RX 83 F1 B1 C1 D9 8F 4E
2026-10-09 21:25:29,166 RX 83 F1 B1 C1 D9 8F 4E
2026-10-09 21:25:29,166 RX 83 F1 B1 C1 D9 8F 4E
2026-10-09 21:25:29,166 RX 83 F1 B1 C1 D9 8F 4E
2026-10-09 21:25:29,166 RX 83 F1 B1 C1 D9 8F 4E
2026-10-09 21:25:29,166 RX 83 F1 B1 C1 D9 8F 4E
2026-10-09 21:25:29,166 RX 83 F1 B1 C1 D9 8F 4E
2026-10-09 21:25:29,166 RX 83 F1 B1 C1 D9 8F 4E
2026-10-09 21:25:29,166 RX 83 F1 B1 C1 D9 8F 4E
2026-10-09 21:25:29,166 RX 83 F1 B1 C1 D9 8F 4E
2026-10-09 21:25:29,166 RX 83 F1 B1 C1 D9 8F 4E
2026-10-09 21:25:29,166 RX 83 F1 B1 C1 D9 8F 4E
2026-10-09 21:25:29,166 RX 83 F1 B1 C1 D9 8F 4E
2026-10-09 21:25:29,166 RX 83 F1 B1 C1 D9 8F 4E
2026-10-09 21:25:29,166 RX 83 F1 B1 C1 D9 8F 4E
2026-10-09 21:25:29,166 RX 83 F1 B1 C1 D9 8F 4E
2026-10-09 21:25:29,166 RX 83 F1 B1 C1 D9 8F 4E
2026-10-09 21:25:29,166 RX 83 F1 B1 C1 D9 8F 4E
2026-10-09 21:25:29,166 RX 83 F1 B1 C1 D9 8F 4E
2026-10-09 21:25:29,166 RX 83 F1 B1 C1 D9 8F 4E
2026-10-09 21:25:29,167 RX 83 F1 B1 C1 D9 8F 4E
2026-10-09 21:25:29,167 RX 83 F1 B1 C1 D9 8F 4E
2026-10-09 21:25:29,167 RX 83 F1 B1 C1 D9 8F 4E
2026-10-09 21:25:29,167 RX 83 F1 B1 C1 D9 8F 4E
2026-10-09 21:25:29,167 RX 83 F1 B1 C1 D9 8F 4E
2026-10-09 21:25:29,167 RX 83 F1 B1 C1 D9 8F 4E
2026-10-09 21:25:29,167 RX 83 F1 B1 C1 D9 8F 4E
2026-10-09 21:25:29,167 RX 83 F1 B1 C1 D9 8F 4E
2026-10-09 21:25:29,167 RX 83 F1 B1 C1 D9 8F 4E
2026-10-09 21:25:29,167 RX 83 F1 B1 C1 D9 8F 4E
2026-10-09 21:25:29,167 RX 83 F1 B1 C1 D9 8F 4E
2026-10-09 21:25:29,167 RX 83 F1 B1 C1 D9 8F 4E
2026-10-09 21:25:29,167 RX 83 F1 B1 C1 D9 8F 4E
2026-10-09 21:25:29,167 RX 83 F1 B1 C1 D9 8F 4E
2026-10-09 21:25:29,167 RX 83 F1 B1 C1 D9 8F 4E
2026-10-09 21:25:29,167 RX 83 F1 B1 C1 D9 8F 4E
2026-10-09 21:25:29,167 RX 83 F1 B1 C1 D9 8F 4E
2026-10-09 21:25:29,167 RX 83 F1 B1 C1 D9 8F 4E
2026-10-09 21:25:29,167 RX 83 F1 B1 C1 D9 8F 4E
2026-10-09 21:25:29,167 RX 83 F1 B1 C1 D9 8F 4E
2026-10-09 21:25:29,167 RX 83 F1 B1 C1 D9 8F 4E
2026-10-09 21:25:29,167 RX 83 F1 B1 C1 D9 8F 4E
2026-10-09 21:25:29,167 RX 83 F1 B1 C1 D9 8F 4E
2026-10-09 21:25:29,167 RX 83 F1 B1 C1 D9 8F 4E
2026-10-09 21:25:29,167 RX 83 F1 B1 C1 D9 8F 4E
2026-10-09 21:25:29,168 RX 83 F1 B1 C1 D9 8F 4E
2026-10-09 21:25:29,168 RX 83 F1 B1 C1 D9 8F 4E
2026-10-09 21:25:29,168 RX 83 F1 B1 C1 D9 8F 4E
2026-10-09 21:25:29,168 RX 83 F1 B1 C1 D9 8F 4E
2026-10-09 21:25:29,168 RX 83 F1 B1 C1 D9 8F 4E
2026-10-09 21:25:29,168 RX 83 F1 B1 C1 D9 8F 4E
2026-10-09 21:25:29,168 RX 83 F1 B1 C1 D9 8F 4E
2026-10-09 21:25:29,168 RX 83 F1 B1 C1 D9 8F 4E
2026-10-09 21:25:29,168 RX 83 F1 B1 C1 D9 8F 4E
2026-10-09 21:25:29,168 RX 83 F1 B1 C1 D9 8F 4E
2026-10-09 21:25:29,168 RX 83 F1 B1 C1 D9 8F 4E
2026-10-09 21:25:29,168 RX 83 F1 B1 C1 D9 8F 4E
2026-10-09 21:25:29,168 RX 83 F1 B1 C1 D9 8F 4E
2026-10-09 21:25:29,168 RX 83 F1 B1 C1 D9 8F 4E
2026-10-09 21:25:29,168 RX 83 F1 B1 C1 D9 8F 4E
2026-10-09 21:25:29,168 RX 83 F1 B1 C1 D9 8F 4E
2026-10-09 21:25:29,168 RX 83 F1 B1 C1 D9 8F 4E
2026-10-09 21:25:29,168 RX 83 F1 B1 C1 D9 8F 4E
2026-10-09 21:25:29,168 RX 83 F1 B1 C1 D9 8F 4E
2026-10-09 21:25:29,168 RX 83 F1 B1 C1 D9 8F 4E
2026-10-09 21:25:29,169 RX 83 F1 B1 C1 D9 8F 4E
2026-10-09 21:25:29,169 RX 83 F1 B1 C1 D9 8F 4E
2026-10-09 21:25:29,169 RX 83 F1 B1 C1 D9 8F 4E
2026-10-09 21:25:29,169 RX 83 F1 B1 C1 D9 8F 4E
2026-10-09 21:25:29,169 RX 83 F1 B1 C1 D9 8F 4E
2026-10-09 21:25:29,169 RX 83 F1 B1 C1 D9 8F 4E
2026-10-09 21:25:29,169 RX 83 F1 B1 C1 D9 8F 4E
2026-10-09 21:25:29,169 RX 83 F1 B1 C1 D9 8F 4E
2026-10-09 21:25:29,169 RX 83 F1 B1 C1 D9 8F 4E
2026-10-09 21:25:29,169 RX 83 F1 B1 C1 D9 8F 4E
2026-10-09 21:25:29,169 RX 83 F1 B1 C1 D9 8F 4E
2026-10-09 21:25:29,169 RX 83 F1 B1 C1 D9 8F 4E
2026-10-09 21:25:29,169 RX 83 F1 B1 C1 D9 8F 4E
2026-10-09 21:25:29,169 RX 83 F1 B1 C1 D9 8F 4E
2026-10-09 21:25:29,169 RX 83 F1 B1 C1 D9 8F 4E
2026-10-09 21:25:29,169 RX 83 F1 B1 C1 D9 8F 4E
2026-10-09 21:25:29,169 RX 83 F1 B1 C1 D9 8F 4E
2026-10-09 21:25:29,169 RX 83 F1 B1 C1 D9 8F 4E
2026-10-09 21:25:29,169 RX 83 F1 B1 C1 D9 8F 4E
2026-10-09 21:25:29,169 RX 83 F1 B1 C1 D9 8F 4E
2026-10-09 21:25:29,169 RX 83 F1 B1 C1 D9 8F 4E
2026-10-09 21:25:29,170 RX 83 F1 B1 C1 D9 8F 4E
2026-10-09 21:25:29,170 RX 83 F1 B1 C1 D9 8F 4E
2026-10-09 21:25:29,170 RX 83 F1 B1 C1 D9 8F 4E
2026-10-09 21:25:29,170 RX 83 F1 B1 C1 D9 8F 4E
2026-10-09 21:25:29,170 RX 83 F1 B1 C1 D9 8F 4E
2026-10-09 21:25:29,170 RX 83 F1 B1 C1 D9 8F 4E
2026-10-09 21:25:29,170 RX 83 F1 B1 C1 D9 8F 4E
2026-10-09 21:25:29,170 RX 83 F1 B1 C1 D9 8F 4E
2026-10-09 21:25:29,170 RX 83 F1 B1 C1 D9 8F 4E
2026-10-09 21:25:29,170 RX 83 F1 B1 C1 D9 8F 4E
2026-10-09 21:25:29,170 RX 83 F1 B1 C1 D9 8F 4E
2026-10-09 21:25:29,170 RX 83 F1 B1 C1 D9 8F 4E
2026-10-09 21:25:29,170 RX 83 F1 B1 C1 D9 8F 4E
2026-10-09 21:25:29,170 RX 83 F1 B1 C1 D9 8F 4E
2026-10-09 21:25:29,170 RX 83 F1 B1 C1 D9 8F 4E
2026-10-09 21:25:29,170 RX 83 F1 B1 C1 D9 8F 4E
2026-10-09 21:25:29,170 RX 83 F1 B1 C1 D9 8F 4E
2026-10-09 21:25:29,170 RX 83 F1 B1 C1 D9 8F 4E
2026-10-09 21:25:29,170 RX 83 F1 B1 C1 D9 8F 4E
2026-10-09 21:25:29,170 RX 83 F1 B1 C1 D9 8F 4E
2026-10-09 21:25:29,170 RX 83 F1 B1 C1 D9 8F 4E
2026-10-09 21:25:29,170 RX 83 F1 B1 C1 D9 8F 4E
2026-10-09 21:25:29,171 RX 83 F1 B1 C1 D9 8F 4E
2026-10-09 21:25:29,171 RX 83 F1 B1 C1 D9 8F 4E
2026-10-09 21:25:29,171 RX 83 F1 B1 C1 D9 8F 4E
2026-10-09 21:25:29,171 RX 83 F1 B1 C1 D9 8F 4E
2026-10-09 21:25:29,171 RX 83 F1 B1 C1 D9 8F 4E
2026-10-09 21:25:29,171 RX 83 F1 B1 C1 D9 8F 4E
2026-10-09 21:25:29,171 RX 83 F1 B1 C1 D9 8F 4E
2026-10-09 21:25:29,171 RX 83 F1 B1 C1 D9 8F 4E
2026-10-09 21:25:29,171 RX 83 F1 B1 C1 D9 8F 4E
2026-10-09 21:25:29,171 RX 83 F1 B1 C1 D9 8F 4E
2026-10-09 21:25:29,171 RX 83 F1 B1 C1 D9 8F 4E
2026-10-09 21:25:29,171 RX 83 F1 B1 C1 D9 8F 4E
2026-10-09 21:25:29,171 RX 83 F1 B1 C1 D9 8F 4E
2026-10-09 21:25:29,171 RX 83 F1 B1 C1 D9 8F 4E
2026-10-09 21:25:29,171 RX 83 F1 B1 C1 D9 8F 4E
2026-10-09 21:25:29,171 RX 83 F1 B1 C1 D9 8F 4E
2026-10-09 21:25:29,171 RX 83 F1 B1 C1 D9 8F 4E
2026-10-09 21:25:29,171 RX 83 F1 B1 C1 D9 8F 4E
2026-10-09 21:25:29,171 RX 83 F1 B1 C1 D9 8F 4E
2026-10-09 21:25:29,171 RX 83 F1 B1 C1 D9 8F 4E
2026-10-09 21:25:29,171 RX 83 F1 B1 C1 D9 8F 4E
2026-10-09 21:25:29,171 RX 83 F1 B1 C1 D9 8F 4E
2026-10-09 21:25:29,172 RX 83 F1 B1 C1 D9 8F 4E
2026-10-09 21:25:29,172 RX 83 F1 B1 C1 D9 8F 4E
2026-10-09 21:25:29,172 RX 83 F1 B1 C1 D9 8F 4E
2026-10-09 21:25:29,172 RX 83 F1 B1 C1 D9 8F 4E
2026-10-09 21:25:29,172 RX 83 F1 B1 C1 D9 8F 4E
2026-10-09 21:25:29,172 RX 83 F1 B1 C1 D9 8F 4E
2026-10-09 21:25:29,172 RX 83 F1 B1 C1 D9 8F 4E
2026-10-09 21:25:29,172 RX 83 F1 B1 C1 D9 8F 4E
2026-10-09 21:25:29,172 RX 83 F1 B1 C1 D9 8F 4E
2026-10-09 21:25:29,172 RX 83 F1 B1 C1 D9 8F 4E
2026-10-09 21:25:29,172 RX 83 F1 B1 C1 D9 8F 4E
2026-10-09 21:25:29,172 RX 83 F1 B1 C1 D9 8F 4E
2026-10-09 21:25:29,172 RX 83 F1 B1 C1 D9 8F 4E
2026-10-09 21:25:29,172 RX 83 F1 B1 C1 D9 8F 4E
2026-10-09 21:25:29,172 RX 83 F1 B1 C1 D9 8F 4E
2026-10-09 21:25:29,172 RX 83 F1 B1 C1 D9 8F 4E
2026-10-09 21:25:29,172 RX 83 F1 B1 C1 D9 8F 4E
2026-10-09 21:25:29,172 RX 83 F1 B1 C1 D9 8F 4E
2026-10-09 21:25:29,172 RX 83 F1 B1 C1 D9 8F 4E
2026-10-09 21:25:29,172 RX 83 F1 B1 C1 D9 8F 4E
2026-10-09 21:25:29,172 RX 83 F1 B1 C1 D9 8F 4E
2026-10-09 21:25:29,172 RX 83 F1 B1 C1 D9 8F 4E
2026-10-09 21:25:29,172 RX 83 F1 B1 C1 D9 8F 4E
2026-10-09 21:25:29,172 RX 83 F1 B1 C1 D9 8F 4E
2026-10-09 21:25:29,172 RX 83 F1 B1 C1 D9 8F 4E
2026-10-09 21:25:29,172 RX 83 F1 B1 C1 D9 8F 4E
2026-10-09 21:25:29,172 RX 83 F1 B1 C1 D9 8F 4E
2026-10-09 21:25:29,172 RX 83 F1 B1 C1 D9 8F 4E
2026-10-09 21:25:29,172 RX 83 F1 B1 C1 D9 8F 4E
2026-10-09 21:25:29,172 RX 83 F1 B1 C1 D9 8F 4E
2026-10-09 21:25:29,172 RX 83 F1 B1 C1 D9 8F 4E
2026-10-09 21:25:29,172 RX 83 F1 B1 C1 D9 8F 4E
2026-10-09 21:25:29,172 RX 83 F1 B1 C1 D9 8F 4E
2026-10-09 21:25:29,172 RX 83 F1 B1 C1 D9 8F 4E
2026-10-09 21:25:29,172 RX 83 F1 B1 C1 D9 8F 4E
2026-10-09 21:25:29,173 RX 83 F1 B1 C1 D9 8F 4E
2026-10-09 21:25:29,173 RX 83 F1 B1 C1 D9 8F 4E
2026-10-09 21:25:29,173 RX 83 F1 B1 C1 D9 8F 4E
2026-10-09 21:25:29,173 RX 83 F1 B1 C1 D9 8F 4E
2026-10-09 21:25:29,173 RX 83 F1 B1 C1 D9 8F 4E
2026-10-09 21:25:29,173 RX 83 F1 B1 C1 D9 8F 4E
2026-10-09 21:25:29,173 RX 83 F1 B1 C1 D9 8F 4E
2026-10-09 21:25:29,173 RX 83 F1 B1 C1 D9 8F 4E
2026-10-09 21:25:29,173 RX 83 F1 B1 C1 D9 8F 4E
2026-10-09 21:25:29,173 RX 83 F1 B1 C1 D9 8F 4E
2026-10-09 21:25:29,173 RX 83 F1 B1 C1 D9 8F 4E
2026-10-09 21:25:29,173 RX 83 F1 B1 C1 D9 8F 4E
2026-10-09 21:25:29,173 RX 83 F1 B1 C1 D9 8F 4E
2026-10-09 21:25:29,173 RX 83 F1 B1 C1 D9 8F 4E
2026-10-09 21:25:29,173 RX 83 F1 B1 C1 D9 8F 4E
2026-10-09 21:25:29,173 RX 83 F1 B1 C1 D9 8F 4E
2026-10-09 21:25:29,173 RX 83 F1 B1 C1 D9 8F 4E
2026-10-09 21:25:29,173 RX 83 F1 B1 C1 D9 8F 4E
2026-10-09 21:25:29,173 RX 83 F1 B1 C1 D9 8F 4E
2026-10-09 21:25:29,173 RX 83 F1 B1 C1 D9 8F 4E
2026-10-09 21:25:29,173 RX 83 F1 B1 C1 D9 8F 4E
2026-10-09 21:25:29,173 RX 83 F1 B1 C1 D9 8F 4E
2026-10-09 21:25:29,173 RX 83 F1 B1 C1 D9 8F 4E
2026-10-09 21:25:29,174 RX 83 F1 B1 C1 D9 8F 4E
2026-10-09 21:25:29,174 RX 83 F1 B1 C1 D9 8F 4E
2026-10-09 21:25:29,174 RX 83 F1 B1 C1 D9 8F 4E
2026-10-09 21:25:29,174 RX 83 F1 B1 C1 D9 8F 4E
2026-10-09 21:25:29,174 RX 83 F1 B1 C1 D9 8F 4E
2026-10-09 21:25:29,174 RX 83 F1 B1 C1 D9 8F 4E
2026-10-09 21:25:29,174 RX 83 F1 B1 C1 D9 8F 4E
2026-10-09 21:25:29,174 RX 83 F1 B1 C1 D9 8F 4E
2026-10-09 21:25:29,174 RX 83 F1 B1 C1 D9 8F 4E
2026-10-09 21:25:29,174 RX 83 F1 B1 C1 D9 8F 4E
2026-10-09 21:25:29,174 RX 83 F1 B1 C1 D9 8F 4E
2026-10-09 21:25:29,174 RX 83 F1 B1 C1 D9 8F 4E
2026-10-09 21:25:29,174 RX 83 F1 B1 C1 D9 8F 4E
2026-10-09 21:25:29,174 RX 83 F1 B1 C1 D9 8F 4E
2026-10-09 21:25:29,174 RX 83 F1 B1 C1 D9 8F 4E
2026-10-09 21:25:29,174 RX 83 F1 B1 C1 D9 8F 4E
2026-10-09 21:25:29,174 RX 83 F1 B1 C1 D9 8F 4E
2026-10-09 21:25:29,174 RX 83 F1 B1 C1 D9 8F 4E
2026-10-09 21:25:29,174 RX 83 F1 B1 C1 D9 8F 4E
2026-10-09 21:25:29,175 RX 83 F1 B1 C1 D9 8F 4E
2026-10-09 21:25:29,175 RX 83 F1 B1 C1 D9 8F 4E
2026-10-09 21:25:29,175 RX 83 F1 B1 C1 D9 8F 4E
2026-10-09 21:25:29,175 RX 83 F1 B1 C1 D9 8F 4E
2026-10-09 21:25:29,175 RX 83 F1 B1 C1 D9 8F 4E
2026-10-09 21:25:29,175 RX 83 F1 B1 C1 D9 8F 4E
2026-10-09 21:25:29,175 RX 83 F1 B1 C1 D9 8F 4E
2026-10-09 21:25:29,175 RX 83 F1 B1 C1 D9 8F 4E
2026-10-09 21:25:29,175 RX 83 F1 B1 C1 D9 8F 4E
2026-10-09 21:25:29,175 RX 83 F1 B1 C1 D9 8F 4E
2026-10-09 21:25:29,175 RX 83 F1 B1 C1 D9 8F 4E
2026-10-09 21:25:29,175 RX 83 F1 B1 C1 D9 8F 4E
2026-10-09 21:25:29,175 RX 83 F1 B1 C1 D9 8F 4E
2026-10-09 21:25:29,175 RX 83 F1 B1 C1 D9 8F 4E
2026-10-09 21:25:29,175 RX 83 F1 B1 C1 D9 8F 4E
2026-10-09 21:25:29,175 RX 83 F1 B1 C1 D9 8F 4E
2026-10-09 21:25:29,175 RX 83 F1 B1 C1 D9 8F 4E
2026-10-09 21:25:29,175 RX 83 F1 B1 C1 D9 8F 4E
2026-10-09 21:25:29,175 RX 83 F1 B1 C1 D9 8F 4E
2026-10-09 21:25:29,175 RX 83 F1 B1 C1 D9 8F 4E
2026-10-09 21:25:29,175 RX 83 F1 B1 C1 D9 8F 4E
2026-10-09 21:25:29,175 RX 83 F1 B1 C1 D9 8F 4E
2026-10-09 21:25:29,175 RX 83 F1 B1 C1 D9 8F 4E
2026-10-09 21:25:29,175 RX 83 F1 B1 C1 D9 8F 4E
2026-10-09 21:25:29,175 RX 83 F1 B1 C1 D9 8F 4E
2026-10-09 21:25:29,175 RX 83 F1 B1 C1 D9 8F 4E
2026-10-09 21:25:29,176 RX 83 F1 B1 C1 D9 8F 4E
2026-10-09 21:25:29,176 RX 83 F1 B1 C1 D9 8F 4E
2026-10-09 21:25:29,176 RX 83 F1 B1 C1 D9 8F 4E
2026-10-09 21:25:29,176 RX 83 F1 B1 C1 D9 8F 4E
2026-10-09 21:25:29,176 RX 83 F1 B1 C1 D9 8F 4E
2026-10-09 21:25:29,176 RX 83 F1 B1 C1 D9 8F 4E
2026-10-09 21:25:29,176 RX 83 F1 B1 C1 D9 8F 4E
2026-10-09 21:25:29,176 RX 83 F1 B1 C1 D9 8F 4E
2026-10-09 21:25:29,176 RX 83 F1 B1 C1 D9 8F 4E
2026-10-09 21:25:29,176 RX 83 F1 B1 C1 D9 8F 4E
2026-10-09 21:25:29,176 RX 83 F1 B1 C1 D9 8F 4E
2026-10-09 21:25:29,176 RX 83 F1 B1 C1 D9 8F 4E
2026-10-09 21:25:29,176 RX 83 F1 B1 C1 D9 8F 4E
2026-10-09 21:25:29,176 RX 83 F1 B1 C1 D9 8F 4E
2026-10-09 21:25:29,176 RX 83 F1 B1 C1 D9 8F 4E
2026-10-09 21:25:29,176 RX 83 F1 B1 C1 D9 8F 4E
2026-10-09 21:25:29,176 RX 83 F1 B1 C1 D9 8F 4E
2026-10-09 21:25:29,176 RX 83 F1 B1 C1 D9 8F 4E
2026-10-09 21:25:29,176 RX 83 F1 B1 C1 D9 8F 4E
2026-10-09 21:25:29,176 RX 83 F1 B1 C1 D9 8F 4E
2026-10-09 21:25:29,176 RX 83 F1 B1 C1 D9 8F 4E
2026-10-09 21:25:29,176 RX 83 F1 B1 C1 D9 8F 4E
2026-10-09 21:25:29,176 RX 83 F1 B1 C1 D9 8F 4E
2026-10-09 21:25:29,176 RX 83 F1 B1 C1 D9 8F 4E
2026-10-09 21:25:29,177 RX 83 F1 B1 C1 D9 8F 4E
2026-10-09 21:25:29,177 RX 83 F1 B1 C1 D9 8F 4E
2026-10-09 21:25:29,177 RX 83 F1 B1 C1 D9 8F 4E
2026-10-09 21:25:29,177 RX 83 F1 B1 C1 D9 8F 4E
2026-10-09 21:25:29,177 RX 83 F1 B1 C1 D9 8F 4E
2026-10-09 21:25:29,177 RX 83 F1 B1 C1 D9 8F 4E
2026-10-09 21:25:29,177 RX 83 F1 B1 C1 D9 8F 4E
2026-10-09 21:25:29,177 RX 83 F1 B1 C1 D9 8F 4E
2026-10-09 21:25:29,177 RX 83 F1 B1 C1 D9 8F 4E
2026-10-09 21:25:29,177 RX 83 F1 B1 C1 D9 8F 4E
2026-10-09 21:25:29,177 RX 83 F1 B1 C1 D9 8F 4E
2026-10-09 21:25:29,177 RX 83 F1 B1 C1 D9 8F 4E
2026-10-09 21:25:29,177 RX 83 F1 B1 C1 D9 8F 4E
2026-10-09 21:25:29,177 RX 83 F1 B1 C1 D9 8F 4E
2026-10-09 21:25:29,177 RX 83 F1 B1 C1 D9 8F 4E
2026-10-09 21:25:29,177 RX 83 F1 B1 C1 D9 8F 4E
2026-10-09 21:25:29,177 RX 83 F1 B1 C1 D9 8F 4E
2026-10-09 21:25:29,177 RX 83 F1 B1 C1 D9 8F 4E
2026-10-09 21:25:29,177 RX 83 F1 B1 C1 D9 8F 4E
2026-10-09 21:25:29,177 RX 83 F1 B1 C1 D9 8F 4E
2026-10-09 21:25:29,177 RX 83 F1 B1 C1 D9 8F 4E
2026-10-09 21:25:29,177 RX 83 F1 B1 C1 D9 8F 4E
2026-10-09 21:25:29,177 RX 83 F1 B1 C1 D9 8F 4E
2026-10-09 21:25:29,177 RX 83 F1 B1 C1 D9 8F 4E
2026-10-09 21:25:29,177 RX 83 F1 B1 C1 D9 8F 4E
2026-10-09 21:25:29,177 RX 83 F1 B1 C1 D9 8F 4E
2026-10-09 21:25:29,177 RX 83 F1 B1 C1 D9 8F 4E
2026-10-09 21:25:29,177 RX 83 F1 B1 C1 D9 8F 4E
2026-10-09 21:25:29,177 RX 83 F1 B1 C1 D9 8F 4E
2026-10-09 21:25:29,177 RX 83 F1 B1 C1 D9 8F 4E
2026-10-09 21:25:29,177 RX 83 F1 B1 C1 D9 8F 4E
2026-10-09 21:25:29,177 RX 83 F1 B1 C1 D9 8F 4E
2026-10-09 21:25:29,177 RX 83 F1 B1 C1 D9 8F 4E
2026-10-09 21:25:29,177 RX 83 F1 B1 C1 D9 8F 4E
2026-10-09 21:25:29,177 RX 83 F1 B1 C1 D9 8F 4E
2026-10-09 21:25:29,177 RX 83 F1 B1 C1 D9 8F 4E
2026-10-09 21:25:29,177 RX 83 F1 B1 C1 D9 8F 4E
2026-10-09 21:25:29,177 RX 83 F1 B1 C1 D9 8F 4E
2026-10-09 21:25:29,178 RX 83 F1 B1 C1 D9 8F 4E
2026-10-09 21:25:29,178 RX 83 F1 B1 C1 D9 8F 4E
2026-10-09 21:25:29,178 RX 83 F1 B1 C1 D9 8F 4E
2026-10-09 21:25:29,178 RX 83 F1 B1 C1 D9 8F 4E
2026-10-09 21:25:29,178 RX 83 F1 B1 C1 D9 8F 4E
2026-10-09 21:25:29,178 RX 83 F1 B1 C1 D9 8F 4E
2026-10-09 21:25:29,178 RX 83 F1 B1 C1 D9 8F 4E
2026-10-09 21:25:29,178 RX 83 F1 B1 C1 D9 8F 4E
2026-10-09 21:25:29,178 RX 83 F1 B1 C1 D9 8F 4E
2026-10-09 21:25:29,178 RX 83 F1 B1 C1 D9 8F 4E
2026-10-09 21:25:29,178 RX 83 F1 B1 C1 D9 8F 4E
2026-10-09 21:25:29,178 RX 83 F1 B1 C1 D9 8F 4E
2026-10-09 21:25:29,178 RX 83 F1 B1 C1 D9 8F 4E
2026-10-09 21:25:29,178 RX 83 F1 B1 C1 D9 8F 4E
2026-10-09 21:25:29,178 RX 83 F1 B1 C1 D9 8F 4E
2026-10-09 21:25:29,178 RX 83 F1 B1 C1 D9 8F 4E
2026-10-09 21:25:29,178 RX 83 F1 B1 C1 D9 8F 4E
2026-10-09 21:25:29,178 RX 83 F1 B1 C1 D9 8F 4E
2026-10-09 21:25:29,178 RX 83 F1 B1 C1 D9 8F 4E
2026-10-09 21:25:29,178 RX 83 F1 B1 C1 D9 8F 4E
2026-10-09 21:25:29,178 RX 83 F1 B1 C1 D9 8F 4E
2026-10-09 21:25:29,178 RX 83 F1 B1 C1 D9 8F 4E
2026-10-09 21:25:29,178 RX 83 F1 B1 C1 D9 8F 4E
2026-10-09 21:25:29,178 RX 83 F1 B1 C1 D9 8F 4E
2026-10-09 21:25:29,178 RX 83 F1 B1 C1 D9 8F 4E
2026-10-09 21:25:29,178 RX 83 F1 B1 C1 D9 8F 4E
2026-10-09 21:25:29,178 RX 83 F1 B1 C1 D9 8F 4E
2026-10-09 21:25:29,178 RX 83 F1 B1 C1 D9 8F 4E
2026-10-09 21:25:29,178 RX 83 F1 B1 C1 D9 8F 4E
2026-10-09 21:25:29,178 RX 83 F1 B1 C1 D9 8F 4E
2026-10-09 21:25:29,178 RX 83 F1 B1 C1 D9 8F 4E
2026-10-09 21:25:29,178 RX 83 F1 B1 C1 D9 8F 4E
2026-10-09 21:25:29,178 RX 83 F1 B1 C1 D9 8F 4E
2026-10-09 21:25:29,178 RX 83 F1 B1 C1 D9 8F 4E
2026-10-09 21:25:29,178 RX 83 F1 B1 C1 D9 8F 4E
2026-10-09 21:25:29,178 RX 83 F1 B1 C1 D9 8F 4E
2026-10-09 21:25:29,178 RX 83 F1 B1 C1 D9 8F 4E
2026-10-09 21:25:29,178 RX 83 F1 B1 C1 D9 8F 4E
2026-10-09 21:25:29,178 RX 83 F1 B1 C1 D9 8F 4E
2026-10-09 21:25:29,178 RX 83 F1 B1 C1 D9 8F 4E
2026-10-09 21:25:29,178 RX 83 F1 B1 C1 D9 8F 4E
2026-10-09 21:25:29,178 RX 83 F1 B1 C1 D9 8F 4E
2026-10-09 21:25:29,178 RX 83 F1 B1 C1 D9 8F 4E
2026-10-09 21:25:29,178 RX 83 F1 B1 C1 D9 8F 4E
2026-10-09 21:25:29,178 RX 83 F1 B1 C1 D9 8F 4E
2026-10-09 21:25:29,179 RX 83 F1 B1 C1 D9 8F 4E
2026-10-09 21:25:29,179 RX 83 F1 B1 C1 D9 8F 4E
2026-10-09 21:25:29,179 RX 83 F1 B1 C1 D9 8F 4E
2026-10-09 21:25:29,179 RX 83 F1 B1 C1 D9 8F 4E
2026-10-09 21:25:29,179 RX 83 F1 B1 C1 D9 8F 4E
2026-10-09 21:25:29,179 RX 83 F1 B1 C1 D9 8F 4E
2026-10-09 21:25:29,179 RX 83 F1 B1 C1 D9 8F 4E
2026-10-09 21:25:29,179 RX 83 F1 B1 C1 D9 8F 4E
2026-10-09 21:25:29,179 RX 83 F1 B1 C1 D9 8F 4E
2026-10-09 21:25:29,179 RX 83 F1 B1 C1 D9 8F 4E
2026-10-09 21:25:29,179 RX 83 F1 B1 C1 D9 8F 4E
2026-10-09 21:25:29,179 RX 83 F1 B1 C1 D9 8F 4E
2026-10-09 21:25:29,179 RX 83 F1 B1 C1 D9 8F 4E
2026-10-09 21:25:29,179 RX 83 F1 B1 C1 D9 8F 4E
2026-10-09 21:25:29,179 RX 83 F1 B1 C1 D9 8F 4E
2026-10-09 21:25:29,179 RX 83 F1 B1 C1 D9 8F 4E
2026-10-09 21:25:29,179 RX 83 F1 B1 C1 D9 8F 4E
2026-10-09 21:25:29,179 RX 83 F1 B1 C1 D9 8F 4E
2026-10-09 21:25:29,179 RX 83 F1 B1 C1 D9 8F 4E
2026-10-09 21:25:29,179 RX 83 F1 B1 C1 D9 8F 4E
2026-10-09 21:25:29,179 RX 83 F1 B1 C1 D9 8F 4E
2026-10-09 21:25:29,179 RX 83 F1 B1 C1 D9 8F 4E
2026-10-09 21:25:29,179 RX 83 F1 B1 C1 D9 8F 4E
2026-10-09 21:25:29,179 RX 83 F1 B1 C1 D9 8F 4E
2026-10-09 21:25:29,179 RX 83 F1 B1 C1 D9 8F 4E
2026-10-09 21:25:29,179 RX 83 F1 B1 C1 D9 8F 4E
2026-10-09 21:25:29,179 RX 83 F1 B1 C1 D9 8F 4E
2026-10-09 21:25:29,179 RX 83 F1 B1 C1 D9 8F 4E
2026-10-09 21:25:29,179 RX 83 F1 B1 C1 D9 8F 4E
2026-10-09 21:25:29,179 RX 83 F1 B1 C1 D9 8F 4E
2026-10-09 21:25:29,179 RX 83 F1 B1 C1 D9 8F 4E
2026-10-09 21:25:29,179 RX 83 F1 B1 C1 D9 8F 4E
2026-10-09 21:25:29,179 RX 83 F1 B1 C1 D9 8F 4E
2026-10-09 21:25:29,179 RX 83 F1 B1 C1 D9 8F 4E
2026-10-09 21:25:29,179 RX 83 F1 B1 C1 D9 8F 4E
2026-10-09 21:25:29,179 RX 83 F1 B1 C1 D9 8F 4E
2026-10-09 21:25:29,179 RX 83 F1 B1 C1 D9 8F 4E
2026-10-09 21:25:29,179 RX 83 F1 B1 C1 D9 8F 4E
2026-10-09 21:25:29,179 RX 83 F1 B1 C1 D9 8F 4E
2026-10-09 21:25:29,179 RX 83 F1 B1 C1 D9 8F 4E
2026-10-09 21:25:29,180 RX 83 F1 B1 C1 D9 8F 4E
2026-10-09 21:25:29,180 RX 83 F1 B1 C1 D9 8F 4E
2026-10-09 21:25:29,180 RX 83 F1 B1 C1 D9 8F 4E
2026-10-09 21:25:29,180 RX 83 F1 B1 C1 D9 8F 4E
2026-10-09 21:25:29,180 RX 83 F1 B1 C1 D9 8F 4E
2026-10-09 21:25:29,180 RX 83 F1 B1 C1 D9 8F 4E
2026-10-09 21:25:29,180 RX 83 F1 B1 C1 D9 8F 4E
2026-10-09 21:25:29,180 RX 83 F1 B1 C1 D9 8F 4E
2026-10-09 21:25:29,180 RX 83 F1 B1 C1 D9 8F 4E
2026-10-09 21:25:29,180 RX 83 F1 B1 C1 D9 8F 4E
2026-10-09 21:25:29,180 RX 83 F1 B1 C1 D9 8F 4E
2026-10-09 21:25:29,180 RX 83 F1 B1 C1 D9 8F 4E
2026-10-09 21:25:29,180 RX 83 F1 B1 C1 D9 8F 4E
2026-10-09 21:25:29,180 RX 83 F1 B1 C1 D9 8F 4E
2026-10-09 21:25:29,180 RX 83 F1 B1 C1 D9 8F 4E
2026-10-09 21:25:29,180 RX 83 F1 B1 C1 D9 8F 4E
2026-10-09 21:25:29,180 RX 83 F1 B1 C1 D9 8F 4E
2026-10-09 21:25:29,180 RX 83 F1 B1 C1 D9 8F 4E
2026-10-09 21:25:29,180 RX 83 F1 B1 C1 D9 8F 4E
2026-10-09 21:25:29,180 RX 83 F1 B1 C1 D9 8F 4E
2026-10-09 21:25:29,180 RX 83 F1 B1 C1 D9 8F 4E
2026-10-09 21:25:29,180 RX 83 F1 B1 C1 D9 8F 4E
2026-10-09 21:25:29,180 RX 83 F1 B1 C1 D9 8F 4E
2026-10-09 21:25:29,180 RX 83 F1 B1 C1 D9 8F 4E
2026-10-09 21:25:29,180 RX 83 F1 B1 C1 D9 8F 4E
2026-10-09 21:25:29,180 RX 83 F1 B1 C1 D9 8F 4E
2026-10-09 21:25:29,180 RX 83 F1 B1 C1 D9 8F 4E
2026-10-09 21:25:29,180 RX 83 F1 B1 C1 D9 8F 4E
2026-10-09 21:25:29,180 RX 83 F1 B1 C1 D9 8F 4E
2026-10-09 21:25:29,180 RX 83 F1 B1 C1 D9 8F 4E
2026-10-09 21:25:29,180 RX 83 F1 B1 C1 D9 8F 4E
2026-10-09 21:25:29,180 RX 83 F1 B1 C1 D9 8F 4E
2026-10-09 21:25:29,180 RX 83 F1 B1 C1 D9 8F 4E
2026-10-09 21:25:29,180 RX 83 F1 B1 C1 D9 8F 4E
2026-10-09 21:25:29,180 RX 83 F1 B1 C1 D9 8F 4E
2026-10-09 21:25:29,180 RX 83 F1 B1 C1 D9 8F 4E
2026-10-09 21:25:29,181 RX 83 F1 B1 C1 D9 8F 4E
2026-10-09 21:25:29,181 RX 83 F1 B1 C1 D9 8F 4E
2026-10-09 21:25:29,181 RX 83 F1 B1 C1 D9 8F 4E
2026-10-09 21:25:29,181 RX 83 F1 B1 C1 D9 8F 4E
2026-10-09 21:25:29,181 RX 83 F1 B1 C1 D9 8F 4E
2026-10-09 21:25:29,181 RX 83 F1 B1 C1 D9 8F 4E
2026-10-09 21:25:29,181 RX 83 F1 B1 C1 D9 8F 4E
2026-10-09 21:25:29,181 RX 83 F1 B1 C1 D9 8F 4E
2026-10-09 21:25:29,181 RX 83 F1 B1 C1 D9 8F 4E
2026-10-09 21:25:29,181 RX 83 F1 B1 C1 D9 8F 4E
2026-10-09 21:25:29,181 RX 83 F1 B1 C1 D9 8F 4E
2026-10-09 21:25:29,181 RX 83 F1 B1 C1 D9 8F 4E
2026-10-09 21:25:29,181 RX 83 F1 B1 C1 D9 8F 4E
2026-10-09 21:25:29,181 RX 83 F1 B1 C1 D9 8F 4E
2026-10-09 21:25:29,181 RX 83 F1 B1 C1 D9 8F 4E
2026-10-09 21:25:29,181 RX 83 F1 B1 C1 D9 8F 4E
2026-10-09 21:25:29,181 RX 83 F1 B1 C1 D9 8F 4E
2026-10-09 21:25:29,181 RX 83 F1 B1 C1 D9 8F 4E
2026-10-09 21:25:29,181 RX 83 F1 B1 C1 D9 8F 4E
2026-10-09 21:25:29,181 RX 83 F1 B1 C1 D9 8F 4E
2026-10-09 21:25:29,181 RX 83 F1 B1 C1 D9 8F 4E
2026-10-09 21:25:29,181 RX 83 F1 B1 C1 D9 8F 4E
2026-10-09 21:25:29,181 RX 83 F1 B1 C1 D9 8F 4E
2026-10-09 21:25:29,181 RX 83 F1 B1 C1 D9 8F 4E
2026-10-09 21:25:29,181 RX 83 F1 B1 C1 D9 8F 4E
2026-10-09 21:25:29,181 RX 83 F1 B1 C1 D9 8F 4E
2026-10-09 21:25:29,181 RX 83 F1 B1 C1 D9 8F 4E
2026-10-09 21:25:29,181 RX 83 F1 B1 C1 D9 8F 4E
2026-10-09 21:25:29,181 RX 83 F1 B1 C1 D9 8F 4E
2026-10-09 21:25:29,181 RX 83 F1 B1 C1 D9 8F 4E
2026-10-09 21:25:29,181 RX 83 F1 B1 C1 D9 8F 4E
2026-10-09 21:25:29,181 RX 83 F1 B1 C1 D9 8F 4E
2026-10-09 21:25:29,181 RX 83 F1 B1 C1 D9 8F 4E
2026-10-09 21:25:29,181 RX 83 F1 B1 C1 D9 8F 4E
2026-10-09 21:25:29,181 RX 83 F1 B1 C1 D9 8F 4E
2026-10-09 21:25:29,181 RX 83 F1 B1 C1 D9 8F 4E
2026-10-09 21:25:29,182 RX 83 F1 B1 C1 D9 8F 4E
2026-10-09 21:25:29,182 RX 83 F1 B1 C1 D9 8F 4E
2026-10-09 21:25:29,182 RX 83 F1 B1 C1 D9 8F 4E
2026-10-09 21:25:29,182 RX 83 F1 B1 C1 D9 8F 4E
2026-10-09 21:25:29,182 RX 83 F1 B1 C1 D9 8F 4E
2026-10-09 21:25:29,182 RX 83 F1 B1 C1 D9 8F 4E
2026-10-09 21:25:29,182 RX 83 F1 B1 C1 D9 8F 4E
2026-10-09 21:25:29,182 RX 83 F1 B1 C1 D9 8F 4E
2026-10-09 21:25:29,182 RX 83 F1 B1 C1 D9 8F 4E
2026-10-09 21:25:29,182 RX 83 F1 B1 C1 D9 8F 4E
2026-10-09 21:25:29,182 RX 83 F1 B1 C1 D9 8F 4E
2026-10-09 21:25:29,182 RX 83 F1 B1 C1 D9 8F 4E
2026-10-09 21:25:29,182 RX 83 F1 B1 C1 D9 8F 4E
2026-10-09 21:25:29,182 RX 83 F1 B1 C1 D9 8F 4E
2026-10-09 21:25:29,182 RX 83 F1 B1 C1 D9 8F 4E
2026-10-09 21:25:29,182 RX 83 F1 B1 C1 D9 8F 4E
2026-10-09 21:25:29,182 RX 83 F1 B1 C1 D9 8F 4E
2026-10-09 21:25:29,182 RX 83 F1 B1 C1 D9 8F 4E
2026-10-09 21:25:29,182 RX 83 F1 B1 C1 D9 8F 4E
2026-10-09 21:25:29,182 RX 83 F1 B1 C1 D9 8F 4E
2026-10-09 21:25:29,182 RX 83 F1 B1 C1 D9 8F 4E
2026-10-09 21:25:29,182 RX 83 F1 B1 C1 D9 8F 4E
2026-10-09 21:25:29,182 RX 83 F1 B1 C1 D9 8F 4E
2026-10-09 21:25:29,182 RX 83 F1 B1 C1 D9 8F 4E
2026-10-09 21:25:29,182 RX 83 F1 B1 C1 D9 8F 4E
2026-10-09 21:25:29,182 RX 83 F1 B1 C1 D9 8F 4E
2026-10-09 21:25:29,182 RX 83 F1 B1 C1 D9 8F 4E
2026-10-09 21:25:29,182 RX 83 F1 B1 C1 D9 8F 4E
2026-10-09 21:25:29,182 RX 83 F1 B1 C1 D9 8F 4E
2026-10-09 21:25:29,182 RX 83 F1 B1 C1 D9 8F 4E
2026-10-09 21:25:29,182 RX 83 F1 B1 C1 D9 8F 4E
2026-10-09 21:25:29,182 RX 83 F1 B1 C1 D9 8F 4E
2026-10-09 21:25:29,182 RX 83 F1 B1 C1 D9 8F 4E
2026-10-09 21:25:29,182 RX 83 F1 B1 C1 D9 8F 4E
2026-10-09 21:25:29,182 RX 83 F1 B1 C1 D9 8F 4E
2026-10-09 21:25:29,182 RX 83 F1 B1 C1 D9 8F 4E
2026-10-09 21:25:29,182 RX 83 F1 B1 C1 D9 8F 4E
2026-10-09 21:25:29,183 RX 83 F1 B1 C1 D9 8F 4E
2026-10-09 21:25:29,183 RX 83 F1 B1 C1 D9 8F 4E
2026-10-09 21:25:29,183 RX 83 F1 B1 C1 D9 8F 4E
2026-10-09 21:25:29,183 RX 83 F1 B1 C1 D9 8F 4E
2026-10-09 21:25:29,183 RX 83 F1 B1 C1 D9 8F 4E
2026-10-09 21:25:29,183 RX 83 F1 B1 C1 D9 8F 4E
2026-10-09 21:25:29,183 RX 83 F1 B1 C1 D9 8F 4E
2026-10-09 21:25:29,183 RX 83 F1 B1 C1 D9 8F 4E
2026-10-09 21:25:29,183 RX 83 F1 B1 C1 D9 8F 4E
2026-10-09 21:25:29,183 RX 83 F1 B1 C1 D9 8F 4E
2026-10-09 21:25:29,183 RX 83 F1 B1 C1 D9 8F 4E
2026-10-09 21:25:29,183 RX 83 F1 B1 C1 D9 8F 4E
2026-10-09 21:25:29,183 RX 83 F1 B1 C1 D9 8F 4E
2026-10-09 21:25:29,183 RX 83 F1 B1 C1 D9 8F 4E
2026-10-09 21:25:29,183 RX 83 F1 B1 C1 D9 8F 4E
2026-10-09 21:25:29,183 RX 83 F1 B1 C1 D9 8F 4E
2026-10-09 21:25:29,183 RX 83 F1 B1 C1 D9 8F 4E
2026-10-09 21:25:29,183 RX 83 F1 B1 C1 D9 8F 4E
2026-10-09 21:25:29,183 RX 83 F1 B1 C1 D9 8F 4E
2026-10-09 21:25:29,183 RX 83 F1 B1 C1 D9 8F 4E
2026-10-09 21:25:29,183 RX 83 F1 B1 C1 D9 8F 4E
2026-10-09 21:25:29,183 RX 83 F1 B1 C1 D9 8F 4E
2026-10-09 21:25:29,183 RX 83 F1 B1 C1 D9 8F 4E
2026-10-09 21:25:29,183 RX 83 F1 B1 C1 D9 8F 4E
2026-10-09 21:25:29,183 RX 83 F1 B1 C1 D9 8F 4E
2026-10-09 21:25:29,183 RX 83 F1 B1 C1 D9 8F 4E
2026-10-09 21:25:29,183 RX 83 F1 B1 C1 D9 8F 4E
2026-10-09 21:25:29,183 RX 83 F1 B1 C1 D9 8F 4E
2026-10-09 21:25:29,183 RX 83 F1 B1 C1 D9 8F 4E
2026-10-09 21:25:29,183 RX 83 F1 B1 C1 D9 8F 4E
2026-10-09 21:25:29,183 RX 83 F1 B1 C1 D9 8F 4E
2026-10-09 21:25:29,183 RX 83 F1 B1 C1 D9 8F 4E
2026-10-09 21:25:29,183 RX 83 F1 B1 C1 D9 8F 4E
2026-10-09 21:25:29,183 RX 83 F1 B1 C1 D9 8F 4E
2026-10-09 21:25:29,183 RX 83 F1 B1 C1 D9 8F 4E
2026-10-09 21:25:29,183 RX 83 F1 B1 C1 D9 8F 4E
2026-10-09 21:25:29,184 RX 83 F1 B1 C1 D9 8F 4E
2026-10-09 21:25:29,184 RX 83 F1 B1 C1 D9 8F 4E
2026-10-09 21:25:29,184 RX 83 F1 B1 C1 D9 8F 4E
2026-10-09 21:25:29,184 RX 83 F1 B1 C1 D9 8F 4E
2026-10-09 21:25:29,184 RX 83 F1 B1 C1 D9 8F 4E
2026-10-09 21:25:29,184 RX 83 F1 B1 C1 D9 8F 4E
2026-10-09 21:25:29,184 RX 83 F1 B1 C1 D9 8F 4E
2026-10-09 21:25:29,184 RX 83 F1 B1 C1 D9 8F 4E
2026-10-09 21:25:29,184 RX 83 F1 B1 C1 D9 8F 4E
2026-10-09 21:25:29,184 RX 83 F1 B1 C1 D9 8F 4E
2026-10-09 21:25:29,184 RX 83 F1 B1 C1 D9 8F 4E
2026-10-09 21:25:29,184 RX 83 F1 B1 C1 D9 8F 4E
2026-10-09 21:25:29,184 RX 83 F1 B1 C1 D9 8F 4E
2026-10-09 21:25:29,184 RX 83 F1 B1 C1 D9 8F 4E
2026-10-09 21:25:29,184 RX 83 F1 B1 C1 D9 8F 4E
2026-10-09 21:25:29,184 RX 83 F1 B1 C1 D9 8F 4E
2026-10-09 21:25:29,184 RX 83 F1 B1 C1 D9 8F 4E
2026-10-09 21:25:29,184 RX 83 F1 B1 C1 D9 8F 4E
2026-10-09 21:25:29,184 RX 83 F1 B1 C1 D9 8F 4E
2026-10-09 21:25:29,184 RX 83 F1 B1 C1 D9 8F 4E
2026-10-09 21:25:29,184 RX 83 F1 B1 C1 D9 8F 4E
2026-10-09 21:25:29,184 RX 83 F1 B1 C1 D9 8F 4E
2026-10-09 21:25:29,184 RX 83 F1 B1 C1 D9 8F 4E
2026-10-09 21:25:29,184 RX 83 F1 B1 C1 D9 8F 4E
2026-10-09 21:25:29,184 RX 83 F1 B1 C1 D9 8F 4E
2026-10-09 21:25:29,184 RX 83 F1 B1 C1 D9 8F 4E
2026-10-09 21:25:29,184 RX 83 F1 B1 C1 D9 8F 4E
2026-10-09 21:25:29,184 RX 83 F1 B1 C1 D9 8F 4E
2026-10-09 21:25:29,184 RX 83 F1 B1 C1 D9 8F 4E
2026-10-09 21:25:29,184 RX 83 F1 B1 C1 D9 8F 4E
2026-10-09 21:25:29,184 RX 83 F1 B1 C1 D9 8F 4E
2026-10-09 21:25:29,184 RX 83 F1 B1 C1 D9 8F 4E
2026-10-09 21:25:29,184 RX 83 F1 B1 C1 D9 8F 4E
2026-10-09 21:25:29,184 RX 83 F1 B1 C1 D9 8F 4E
2026-10-09 21:25:29,184 RX 83 F1 B1 C1 D9 8F 4E
2026-10-09 21:25:29,184 RX 83 F1 B1 C1 D9 8F 4E
2026-10-09 21:25:29,184 RX 83 F1 B1 C1 D9 8F 4E
2026-10-09 21:25:29,185 RX 83 F1 B1 C1 D9 8F 4E
2026-10-09 21:25:29,185 RX 83 F1 B1 C1 D9 8F 4E
2026-10-09 21:25:29,185 RX 83 F1 B1 C1 D9 8F 4E
2026-10-09 21:25:29,185 RX 83 F1 B1 C1 D9 8F 4E
2026-10-09 21:25:29,185 RX 83 F1 B1 C1 D9 8F 4E
2026-10-09 21:25:29,185 RX 83 F1 B1 C1 D9 8F 4E
2026-10-09 21:25:29,185 RX 83 F1 B1 C1 D9 8F 4E
2026-10-09 21:25:29,185 RX 83 F1 B1 C1 D9 8F 4E
2026-10-09 21:25:29,185 RX 83 F1 B1 C1 D9 8F 4E
2026-10-09 21:25:29,185 RX 83 F1 B1 C1 D9 8F 4E
2026-10-09 21:25:29,185 RX 83 F1 B1 C1 D9 8F 4E
2026-10-09 21:25:29,185 RX 83 F1 B1 C1 D9 8F 4E
2026-10-09 21:25:29,185 RX 83 F1 B1 C1 D9 8F 4E
2026-10-09 21:25:29,185 RX 83 F1 B1 C1 D9 8F 4E
2026-10-09 21:25:29,185 RX 83 F1 B1 C1 D9 8F 4E
2026-10-09 21:25:29,185 RX 83 F1 B1 C1 D9 8F 4E
2026-10-09 21:25:29,185 RX 83 F1 B1 C1 D9 8F 4E
2026-10-09 21:25:29,185 RX 83 F1 B1 C1 D9 8F 4E
2026-10-09 21:25:29,185 RX 83 F1 B1 C1 D9 8F 4E
2026-10-09 21:25:29,185 RX 83 F1 B1 C1 D9 8F 4E
2026-10-09 21:25:29,185 RX 83 F1 B1 C1 D9 8F 4E
2026-10-09 21:25:29,185 RX 83 F1 B1 C1 D9 8F 4E
2026-10-09 21:25:29,185 RX 83 F1 B1 C1 D9 8F 4E
2026-10-09 21:25:29,185 RX 83 F1 B1 C1 D9 8F 4E
2026-10-09 21:25:29,185 RX 83 F1 B1 C1 D9 8F 4E
2026-10-09 21:25:29,185 RX 83 F1 B1 C1 D9 8F 4E
2026-10-09 21:25:29,185 RX 83 F1 B1 C1 D9 8F 4E
2026-10-09 21:25:29,185 RX 83 F1 B1 C1 D9 8F 4E
2026-10-09 21:25:29,185 RX 83 F1 B1 C1 D9 8F 4E
2026-10-09 21:25:29,185 RX 83 F1 B1 C1 D9 8F 4E
2026-10-09 21:25:29,185 RX 83 F1 B1 C1 D9 8F 4E
2026-10-09 21:25:29,185 RX 83 F1 B1 C1 D9 8F 4E
2026-10-09 21:25:29,185 RX 83 F1 B1 C1 D9 8F 4E
2026-10-09 21:25:29,185 RX 83 F1 B1 C1 D9 8F 4E
2026-10-09 21:25:29,185 RX 83 F1 B1 C1 D9 8F 4E
2026-10-09 21:25:29,185 RX 83 F1 B1 C1 D9 8F 4E
2026-10-09 21:25:29,186 RX 83 F1 B1 C1 D9 8F 4E
2026-10-09 21:25:29,186 RX 83 F1 B1 C1 D9 8F 4E
2026-10-09 21:25:29,186 RX 83 F1 B1 C1 D9 8F 4E
2026-10-09 21:25:29,186 RX 83 F1 B1 C1 D9 8F 4E
2026-10-09 21:25:29,186 RX 83 F1 B1 C1 D9 8F 4E
2026-10-09 21:25:29,186 RX 83 F1 B1 C1 D9 8F 4E
2026-10-09 21:25:29,186 RX 83 F1 B1 C1 D9 8F 4E
2026-10-09 21:25:29,186 RX 83 F1 B1 C1 D9 8F 4E
2026-10-09 21:25:29,186 RX 83 F1 B1 C1 D9 8F 4E
2026-10-09 21:25:29,186 RX 83 F1 B1 C1 D9 8F 4E
2026-10-09 21:25:29,186 RX 83 F1 B1 C1 D9 8F 4E
2026-10-09 21:25:29,186 RX 83 F1 B1 C1 D9 8F 4E
2026-10-09 21:25:29,186 RX 83 F1 B1 C1 D9 8F 4E
2026-10-09 21:25:29,186 RX 83 F1 B1 C1 D9 8F 4E
2026-10-09 21:25:29,186 RX 83 F1 B1 C1 D9 8F 4E
2026-10-09 21:25:29,186 RX 83 F1 B1 C1 D9 8F 4E
2026-10-09 21:25:29,186 RX 83 F1 B1 C1 D9 8F 4E
2026-10-09 21:25:29,186 RX 83 F1 B1 C1 D9 8F 4E
2026-10-09 21:25:29,186 RX 83 F1 B1 C1 D9 8F 4E
2026-10-09 21:25:29,186 RX 83 F1 B1 C1 D9 8F 4E
2026-10-09 21:25:29,186 RX 83 F1 B1 C1 D9 8F 4E
2026-10-09 21:25:29,186 RX 83 F1 B1 C1 D9 8F 4E
2026-10-09 21:25:29,186 RX 83 F1 B1 C1 D9 8F 4E
2026-10-09 21:25:29,186 RX 83 F1 B1 C1 D9 8F 4E
2026-10-09 21:25:29,186 RX 83 F1 B1 C1 D9 8F 4E
2026-10-09 21:25:29,186 RX 83 F1 B1 C1 D9 8F 4E
2026-10-09 21:25:29,186 RX 83 F1 B1 C1 D9 8F 4E
2026-10-09 21:25:29,186 RX 83 F1 B1 C1 D9 8F 4E
2026-10-09 21:25:29,186 RX 83 F1 B1 C1 D9 8F 4E
2026-10-09 21:25:29,186 RX 83 F1 B1 C1 D9 8F 4E
2026-10-09 21:25:29,186 RX 83 F1 B1 C1 D9 8F 4E
2026-10-09 21:25:29,186 RX 83 F1 B1 C1 D9 8F 4E
2026-10-09 21:25:29,186 RX 83 F1 B1 C1 D9 8F 4E
2026-10-09 21:25:29,186 RX 83 F1 B1 C1 D9 8F 4E
2026-10-09 21:25:29,186 RX 83 F1 B1 C1 D9 8F 4E
2026-10-09 21:25:29,186 RX 83 F1 B1 C1 D9 8F 4E
2026-10-09 21:25:29,186 RX 83 F1 B1 C1 D9 8F 4E
2026-10-09 21:25:29,187 RX 83 F1 B1 C1 D9 8F 4E
2026-10-09 21:25:29,187 RX 83 F1 B1 C1 D9 8F 4E
2026-10-09 21:25:29,187 RX 83 F1 B1 C1 D9 8F 4E
2026-10-09 21:25:29,187 RX 83 F1 B1 C1 D9 8F 4E
2026-10-09 21:25:29,187 RX 83 F1 B1 C1 D9 8F 4E
2026-10-09 21:25:29,187 RX 83 F1 B1 C1 D9 8F 4E
2026-10-09 21:25:29,187 RX 83 F1 B1 C1 D9 8F 4E
2026-10-09 21:25:29,187 RX 83 F1 B1 C1 D9 8F 4E
2026-10-09 21:25:29,187 RX 83 F1 B1 C1 D9 8F 4E
2026-10-09 21:25:29,187 RX 83 F1 B1 C1 D9 8F 4E
2026-10-09 21:25:29,187 RX 83 F1 B1 C1 D9 8F 4E
2026-10-09 21:25:29,187 RX 83 F1 B1 C1 D9 8F 4E
2026-10-09 21:25:29,187 RX 83 F1 B1 C1 D9 8F 4E
2026-10-09 21:25:29,187 RX 83 F1 B1 C1 D9 8F 4E
2026-10-09 21:25:29,187 RX 83 F1 B1 C1 D9 8F 4E
2026-10-09 21:25:29,187 RX 83 F1 B1 C1 D9 8F 4E
2026-10-09 21:25:29,187 RX 83 F1 B1 C1 D9 8F 4E
2026-10-09 21:25:29,187 RX 83 F1 B1 C1 D9 8F 4E
2026-10-09 21:25:29,187 RX 83 F1 B1 C1 D9 8F 4E
2026-10-09 21:25:29,187 RX 83 F1 B1 C1 D9 8F 4E
2026-10-09 21:25:29,187 RX 83 F1 B1 C1 D9 8F 4E
2026-10-09 21:25:29,187 RX 83 F1 B1 C1 D9 8F 4E
2026-10-09 21:25:29,187 RX 83 F1 B1 C1 D9 8F 4E
2026-10-09 21:25:29,187 RX 83 F1 B1 C1 D9 8F 4E
2026-10-09 21:25:29,187 RX 83 F1 B1 C1 D9 8F 4E
2026-10-09 21:25:29,187 RX 83 F1 B1 C1 D9 8F 4E
2026-10-09 21:25:29,187 RX 83 F1 B1 C1 D9 8F 4E
2026-10-09 21:25:29,187 RX 83 F1 B1 C1 D9 8F 4E
2026-10-09 21:25:29,187 RX 83 F1 B1 C1 D9 8F 4E
2026-10-09 21:25:29,187 RX 83 F1 B1 C1 D9 8F 4E
2026-10-09 21:25:29,187 RX 83 F1 B1 C1 D9 8F 4E
2026-10-09 21:25:29,187 RX 83 F1 B1 C1 D9 8F 4E
2026-10-09 21:25:29,188 RX 83 F1 B1 C1 D9 8F 4E
2026-10-09 21:25:29,188 RX 83 F1 B1 C1 D9 8F 4E
2026-10-09 21:25:29,188 RX 83 F1 B1 C1 D9 8F 4E
2026-10-09 21:25:29,188 RX 83 F1 B1 C1 D9 8F 4E
2026-10-09 21:25:29,188 RX 83 F1 B1 C1 D9 8F 4E
2026-10-09 21:25:29,188 RX 83 F1 B1 C1 D9 8F 4E
2026-10-09 21:25:29,188 RX 83 F1 B1 C1 D9 8F 4E
2026-10-09 21:25:29,188 RX 83 F1 B1 C1 D9 8F 4E
2026-10-09 21:25:29,188 RX 83 F1 B1 C1 D9 8F 4E
2026-10-09 21:25:29,188 RX 83 F1 B1 C1 D9 8F 4E
2026-10-09 21:25:29,188 RX 83 F1 B1 C1 D9 8F 4E
2026-10-09 21:25:29,188 RX 83 F1 B1 C1 D9 8F 4E
2026-10-09 21:25:29,188 RX 83 F1 B1 C1 D9 8F 4E
2026-10-09 21:25:29,188 RX 83 F1 B1 C1 D9 8F 4E
2026-10-09 21:25:29,188 RX 83 F1 B1 C1 D9 8F 4E
2026-10-09 21:25:29,188 RX 83 F1 B1 C1 D9 8F 4E
2026-10-09 21:25:29,188 RX 83 F1 B1 C1 D9 8F 4E
2026-10-09 21:25:29,188 RX 83 F1 B1 C1 D9 8F 4E
2026-10-09 21:25:29,188 RX 83 F1 B1 C1 D9 8F 4E
2026-10-09 21:25:29,188 RX 83 F1 B1 C1 D9 8F 4E
2026-10-09 21:25:29,188 RX 83 F1 B1 C1 D9 8F 4E
2026-10-09 21:25:29,188 RX 83 F1 B1 C1 D9 8F 4E
2026-10-09 21:25:29,188 RX 83 F1 B1 C1 D9 8F 4E
2026-10-09 21:25:29,188 RX 83 F1 B1 C1 D9 8F 4E
2026-10-09 21:25:29,188 RX 83 F1 B1 C1 D9 8F 4E
2026-10-09 21:25:29,188 RX 83 F1 B1 C1 D9 8F 4E
2026-10-09 21:25:29,188 RX 83 F1 B1 C1 D9 8F 4E
2026-10-09 21:25:29,188 RX 83 F1 B1 C1 D9 8F 4E
2026-10-09 21:25:29,188 RX 83 F1 B1 C1 D9 8F 4E
2026-10-09 21:25:29,188 RX 83 F1 B1 C1 D9 8F 4E
2026-10-09 21:25:29,188 RX 83 F1 B1 C1 D9 8F 4E
2026-10-09 21:25:29,188 RX 83 F1 B1 C1 D9 8F 4E
2026-10-09 21:25:29,188 RX 83 F1 B1 C1 D9 8F 4E
2026-10-09 21:25:29,188 RX 83 F1 B1 C1 D9 8F 4E
2026-10-09 21:25:29,188 RX 83 F1 B1 C1 D9 8F 4E
2026-10-09 21:25:29,188 RX 83 F1 B1 C1 D9 8F 4E
2026-10-09 21:25:29,189 RX 83 F1 B1 C1 D9 8F 4E
2026-10-09 21:25:29,189 RX 83 F1 B1 C1 D9 8F 4E
2026-10-09 21:25:29,189 RX 83 F1 B1 C1 D9 8F 4E
2026-10-09 21:25:29,189 RX 83 F1 B1 C1 D9 8F 4E
2026-10-09 21:25:29,189 RX 83 F1 B1 C1 D9 8F 4E
2026-10-09 21:25:29,189 RX 83 F1 B1 C1 D9 8F 4E
2026-10-09 21:25:29,189 RX 83 F1 B1 C1 D9 8F 4E
2026-10-09 21:25:29,189 RX 83 F1 B1 C1 D9 8F 4E
2026-10-09 21:25:29,189 RX 83 F1 B1 C1 D9 8F 4E
2026-10-09 21:25:29,189 RX 83 F1 B1 C1 D9 8F 4E
2026-10-09 21:25:29,189 RX 83 F1 B1 C1 D9 8F 4E
2026-10-09 21:25:29,189 RX 83 F1 B1 C1 D9 8F 4E
2026-10-09 21:25:29,189 RX 83 F1 B1 C1 D9 8F 4E
2026-10-09 21:25:29,189 RX 83 F1 B1 C1 D9 8F 4E
2026-10-09 21:25:29,189 RX 83 F1 B1 C1 D9 8F 4E
2026-10-09 21:25:29,189 RX 83 F1 B1 C1 D9 8F 4E
2026-10-09 21:25:29,189 RX 83 F1 B1 C1 D9 8F 4E
2026-10-09 21:25:29,189 RX 83 F1 B1 C1 D9 8F 4E
2026-10-09 21:25:29,189 RX 83 F1 B1 C1 D9 8F 4E
2026-10-09 21:25:29,189 RX 83 F1 B1 C1 D9 8F 4E
2026-10-09 21:25:29,189 RX 83 F1 B1 C1 D9 8F 4E
2026-10-09 21:25:29,189 RX 83 F1 B1 C1 D9 8F 4E
2026-10-09 21:25:29,189 RX 83 F1 B1 C1 D9 8F 4E
2026-10-09 21:25:29,189 RX 83 F1 B1 C1 D9 8F 4E
2026-10-09 21:25:29,189 RX 83 F1 B1 C1 D9 8F 4E
2026-10-09 21:25:29,189 RX 83 F1 B1 C1 D9 8F 4E
2026-10-09 21:25:29,189 RX 83 F1 B1 C1 D9 8F 4E
2026-10-09 21:25:29,189 RX 83 F1 B1 C1 D9 8F 4E
2026-10-09 21:25:29,189 RX 83 F1 B1 C1 D9 8F 4E
2026-10-09 21:25:29,189 RX 83 F1 B1 C1 D9 8F 4E
2026-10-09 21:25:29,189 RX 83 F1 B1 C1 D9 8F 4E
2026-10-09 21:25:29,189 RX 83 F1 B1 C1 D9 8F 4E
2026-10-09 21:25:29,189 RX 83 F1 B1 C1 D9 8F 4E
2026-10-09 21:25:29,189 RX 83 F1 B1 C1 D9 8F 4E
2026-10-09 21:25:29,189 RX 83 F1 B1 C1 D9 8F 4E
2026-10-09 21:25:29,189 RX 83 F1 B1 C1 D9 8F 4E
2026-10-09 21:25:29,190 RX 83 F1 B1 C1 D9 8F 4E
2026-10-09 21:25:29,190 RX 83 F1 B1 C1 D9 8F 4E
2026-10-09 21:25:29,190 RX 83 F1 B1 C1 D9 8F 4E
2026-10-09 21:25:29,190 RX 83 F1 B1 C1 D9 8F 4E
2026-10-09 21:25:29,190 RX 83 F1 B1 C1 D9 8F 4E
2026-10-09 21:25:29,190 RX 83 F1 B1 C1 D9 8F 4E
2026-10-09 21:25:29,190 RX 83 F1 B1 C1 D9 8F 4E
2026-10-09 21:25:29,190 RX 83 F1 B1 C1 D9 8F 4E
2026-10-09 21:25:29,190 RX 83 F1 B1 C1 D9 8F 4E
2026-10-09 21:25:29,190 RX 83 F1 B1 C1 D9 8F 4E
2026-10-09 21:25:29,190 RX 83 F1 B1 C1 D9 8F 4E
2026-10-09 21:25:29,190 RX 83 F1 B1 C1 D9 8F 4E
2026-10-09 21:25:29,190 RX 83 F1 B1 C1 D9 8F 4E
2026-10-09 21:25:29,190 RX 83 F1 B1 C1 D9 8F 4E
2026-10-09 21:25:29,190 RX 83 F1 B1 C1 D9 8F 4E
2026-10-09 21:25:29,190 RX 83 F1 B1 C1 D9 8F 4E
2026-10-09 21:25:29,190 RX 83 F1 B1 C1 D9 8F 4E
2026-10-09 21:25:29,190 RX 83 F1 B1 C1 D9 8F 4E
2026-10-09 21:25:29,190 RX 83 F1 B1 C1 D9 8F 4E
2026-10-09 21:25:29,190 RX 83 F1 B1 C1 D9 8F 4E
2026-10-09 21:25:29,190 RX 83 F1 B1 C1 D9 8F 4E
2026-10-09 21:25:29,190 RX 83 F1 B1 C1 D9 8F 4E
2026-10-09 21:25:29,190 RX 83 F1 B1 C1 D9 8F 4E
2026-10-09 21:25:29,190 RX 83 F1 B1 C1 D9 8F 4E
2026-10-09 21:25:29,190 RX 83 F1 B1 C1 D9 8F 4E
2026-10-09 21:25:29,190 RX 83 F1 B1 C1 D9 8F 4E
2026-10-09 21:25:29,190 RX 83 F1 B1 C1 D9 8F 4E
2026-10-09 21:25:29,191 RX 83 F1 B1 C1 D9 8F 4E
2026-10-09 21:25:29,191 RX 83 F1 B1 C1 D9 8F 4E
2026-10-09 21:25:29,191 RX 83 F1 B1 C1 D9 8F 4E
2026-10-09 21:25:29,191 RX 83 F1 B1 C1 D9 8F 4E
2026-10-09 21:25:29,191 RX 83 F1 B1 C1 D9 8F 4E
2026-10-09 21:25:29,191 RX 83 F1 B1 C1 D9 8F 4E
2026-10-09 21:25:29,191 RX 83 F1 B1 C1 D9 8F 4E
2026-10-09 21:25:29,191 RX 83 F1 B1 C1 D9 8F 4E
2026-10-09 21:25:29,191 RX 83 F1 B1 C1 D9 8F 4E
2026-10-09 21:25:29,191 RX 83 F1 B1 C1 D9 8F 4E
2026-10-09 21:25:29,191 RX 83 F1 B1 C1 D9 8F 4E
2026-10-09 21:25:29,191 RX 83 F1 B1 C1 D9 8F 4E
2026-10-09 21:25:29,191 RX 83 F1 B1 C1 D9 8F 4E
2026-10-09 21:25:29,191 RX 83 F1 B1 C1 D9 8F 4E
2026-10-09 21:25:29,191 RX 83 F1 B1 C1 D9 8F 4E
2026-10-09 21:25:29,191 RX 83 F1 B1 C1 D9 8F 4E
2026-10-09 21:25:29,191 RX 83 F1 B1 C1 D9 8F 4E
2026-10-09 21:25:29,191 RX 83 F1 B1 C1 D9 8F 4E
2026-10-09 21:25:29,191 RX 83 F1 B1 C1 D9 8F 4E
2026-10-09 21:25:29,191 RX 83 F1 B1 C1 D9 8F 4E
2026-10-09 21:25:29,191 RX 83 F1 B1 C1 D9 8F 4E
2026-10-09 21:25:29,192 RX 83 F1 B1 C1 D9 8F 4E
2026-10-09 21:25:29,192 RX 83 F1 B1 C1 D9 8F 4E
2026-10-09 21:25:29,192 RX 83 F1 B1 C1 D9 8F 4E
2026-10-09 21:25:29,192 RX 83 F1 B1 C1 D9 8F 4E
2026-10-09 21:25:29,192 RX 83 F1 B1 C1 D9 8F 4E
2026-10-09 21:25:29,192 RX 83 F1 B1 C1 D9 8F 4E
2026-10-09 21:25:29,192 RX 83 F1 B1 C1 D9 8F 4E
2026-10-09 21:25:29,192 RX 83 F1 B1 C1 D9 8F 4E
2026-10-09 21:25:29,192 RX 83 F1 B1 C1 D9 8F 4E
2026-10-09 21:25:29,192 RX 83 F1 B1 C1 D9 8F 4E
2026-10-09 21:25:29,192 RX 83 F1 B1 C1 D9 8F 4E
2026-10-09 21:25:29,192 RX 83 F1 B1 C1 D9 8F 4E
2026-10-09 21:25:29,192 RX 83 F1 B1 C1 D9 8F 4E
2026-10-09 21:25:29,192 RX 83 F1 B1 C1 D9 8F 4E
2026-10-09 21:25:29,192 RX 83 F1 B1 C1 D9 8F 4E
2026-10-09 21:25:29,192 RX 83 F1 B1 C1 D9 8F 4E
2026-10-09 21:25:29,192 RX 83 F1 B1 C1 D9 8F 4E
2026-10-09 21:25:29,192 RX 83 F1 B1 C1 D9 8F 4E
2026-10-09 21:25:29,192 RX 83 F1 B1 C1 D9 8F 4E
2026-10-09 21:25:29,192 RX 83 F1 B1 C1 D9 8F 4E
2026-10-09 21:25:29,192 RX 83 F1 B1 C1 D9 8F 4E
2026-10-09 21:25:29,192 RX 83 F1 B1 C1 D9 8F 4E
2026-10-09 21:25:29,192 RX 83 F1 B1 C1 D9 8F 4E
2026-10-09 21:25:29,192 RX 83 F1 B1 C1 D9 8F 4E
2026-10-09 21:25:29,192 RX 83 F1 B1 C1 D9 8F 4E
2026-10-09 21:25:29,192 RX 83 F1 B1 C1 D9 8F 4E
2026-10-09 21:25:29,193 RX 83 F1 B1 C1 D9 8F 4E
2026-10-09 21:25:29,193 RX 83 F1 B1 C1 D9 8F 4E
2026-10-09 21:25:29,193 RX 83 F1 B1 C1 D9 8F 4E
2026-10-09 21:25:29,193 RX 83 F1 B1 C1 D9 8F 4E
2026-10-09 21:25:29,193 RX 83 F1 B1 C1 D9 8F 4E
2026-10-09 21:25:29,193 RX 83 F1 B1 C1 D9 8F 4E
2026-10-09 21:25:29,193 RX 83 F1 B1 C1 D9 8F 4E
2026-10-09 21:25:29,193 RX 83 F1 B1 C1 D9 8F 4E
2026-10-09 21:25:29,193 RX 83 F1 B1 C1 D9 8F 4E
2026-10-09 21:25:29,193 RX 83 F1 B1 C1 D9 8F 4E
2026-10-09 21:25:29,193 RX 83 F1 B1 C1 D9 8F 4E
2026-10-09 21:25:29,193 RX 83 F1 B1 C1 D9 8F 4E
2026-10-09 21:25:29,193 RX 83 F1 B1 C1 D9 8F 4E
2026-10-09 21:25:29,193 RX 83 F1 B1 C1 D9 8F 4E
2026-10-09 21:25:29,193 RX 83 F1 B1 C1 D9 8F 4E
2026-10-09 21:25:29,193 RX 83 F1 B1 C1 D9 8F 4E
2026-10-09 21:25:29,193 RX 83 F1 B1 C1 D9 8F 4E
2026-10-09 21:25:29,193 RX 83 F1 B1 C1 D9 8F 4E
2026-10-09 21:25:29,193 RX 83 F1 B1 C1 D9 8F 4E
2026-10-09 21:25:29,193 RX 83 F1 B1 C1 D9 8F 4E
2026-10-09 21:25:29,193 RX 83 F1 B1 C1 D9 8F 4E
2026-10-09 21:25:29,193 RX 83 F1 B1 C1 D9 8F 4E
2026-10-09 21:25:29,193 RX 83 F1 B1 C1 D9 8F 4E
2026-10-09 21:25:29,193 RX 83 F1 B1 C1 D9 8F 4E
2026-10-09 21:25:29,193 RX 83 F1 B1 C1 D9 8F 4E
2026-10-09 21:25:29,193 RX 83 F1 B1 C1 D9 8F 4E
2026-10-09 21:25:29,193 RX 83 F1 B1 C1 D9 8F 4E
2026-10-09 21:25:29,193 RX 83 F1 B1 C1 D9 8F 4E
2026-10-09 21:25:29,193 RX 83 F1 B1 C1 D9 8F 4E
2026-10-09 21:25:29,193 RX 83 F1 B1 C1 D9 8F 4E
2026-10-09 21:25:29,193 RX 83 F1 B1 C1 D9 8F 4E
2026-10-09 21:25:29,194 RX 83 F1 B1 C1 D9 8F 4E
2026-10-09 21:25:29,194 RX 83 F1 B1 C1 D9 8F 4E
2026-10-09 21:25:29,194 RX 83 F1 B1 C1 D9 8F 4E
2026-10-09 21:25:29,194 RX 83 F1 B1 C1 D9 8F 4E
2026-10-09 21:25:29,194 RX 83 F1 B1 C1 D9 8F 4E
2026-10-09 21:25:29,194 RX 83 F1 B1 C1 D9 8F 4E
2026-10-09 21:25:29,194 RX 83 F1 B1 C1 D9 8F 4E
2026-10-09 21:25:29,194 RX 83 F1 B1 C1 D9 8F 4E
2026-10-09 21:25:29,194 RX 83 F1 B1 C1 D9 8F 4E
2026-10-09 21:25:29,194 RX 83 F1 B1 C1 D9 8F 4E
2026-10-09 21:25:29,194 RX 83 F1 B1 C1 D9 8F 4E
2026-10-09 21:25:29,194 RX 83 F1 B1 C1 D9 8F 4E
2026-10-09 21:25:29,194 RX 83 F1 B1 C1 D9 8F 4E
2026-10-09 21:25:29,194 RX 83 F1 B1 C1 D9 8F 4E
2026-10-09 21:25:29,194 RX 83 F1 B1 C1 D9 8F 4E
2026-10-09 21:25:29,194 RX 83 F1 B1 C1 D9 8F 4E
2026-10-09 21:25:29,194 RX 83 F1 B1 C1 D9 8F 4E
2026-10-09 21:25:29,194 RX 83 F1 B1 C1 D9 8F 4E
2026-10-09 21:25:29,194 RX 83 F1 B1 C1 D9 8F 4E
2026-10-09 21:25:29,194 RX 83 F1 B1 C1 D9 8F 4E
2026-10-09 21:25:29,194 RX 83 F1 B1 C1 D9 8F 4E
2026-10-09 21:25:29,194 RX 83 F1 B1 C1 D9 8F 4E
2026-10-09 21:25:29,194 RX 83 F1 B1 C1 D9 8F 4E
2026-10-09 21:25:29,194 RX 83 F1 B1 C1 D9 8F 4E
2026-10-09 21:25:29,194 RX 83 F1 B1 C1 D9 8F 4E
2026-10-09 21:25:29,194 RX 83 F1 B1 C1 D9 8F 4E
2026-10-09 21:25:29,194 RX 83 F1 B1 C1 D9 8F 4E
2026-10-09 21:25:29,194 RX 83 F1 B1 C1 D9 8F 4E
2026-10-09 21:25:29,194 RX 83 F1 B1 C1 D9 8F 4E
2026-10-09 21:25:29,194 RX 83 F1 B1 C1 D9 8F 4E
2026-10-09 21:25:29,194 RX 83 F1 B1 C1 D9 8F 4E
2026-10-09 21:25:29,194 RX 83 F1 B1 C1 D9 8F 4E
2026-10-09 21:25:29,194 RX 83 F1 B1 C1 D9 8F 4E
2026-10-09 21:25:29,194 RX 83 F1 B1 C1 D9 8F 4E
2026-10-09 21:25:29,194 RX 83 F1 B1 C1 D9 8F 4E
2026-10-09 21:25:29,194 RX 83 F1 B1 C1 D9 8F 4E
2026-10-09 21:25:29,195 RX 83 F1 B1 C1 D9 8F 4E
2026-10-09 21:25:29,195 RX 83 F1 B1 C1 D9 8F 4E
2026-10-09 21:25:29,195 RX 83 F1 B1 C1 D9 8F 4E
2026-10-09 21:25:29,195 RX 83 F1 B1 C1 D9 8F 4E
2026-10-09 21:25:29,195 RX 83 F1 B1 C1 D9 8F 4E
2026-10-09 21:25:29,195 RX 83 F1 B1 C1 D9 8F 4E
2026-10-09 21:25:29,195 RX 83 F1 B1 C1 D9 8F 4E
2026-10-09 21:25:29,195 RX 83 F1 B1 C1 D9 8F 4E
2026-10-09 21:25:29,195 RX 83 F1 B1 C1 D9 8F 4E
2026-10-09 21:25:29,195 RX 83 F1 B1 C1 D9 8F 4E
2026-10-09 21:25:29,195 RX 83 F1 B1 C1 D9 8F 4E
2026-10-09 21:25:29,195 RX 83 F1 B1 C1 D9 8F 4E
2026-10-09 21:25:29,195 RX 83 F1 B1 C1 D9 8F 4E
2026-10-09 21:25:29,195 RX 83 F1 B1 C1 D9 8F 4E
2026-10-09 21:25:29,195 RX 83 F1 B1 C1 D9 8F 4E
2026-10-09 21:25:29,195 RX 83 F1 B1 C1 D9 8F 4E
2026-10-09 21:25:29,195 RX 83 F1 B1 C1 D9 8F 4E
2026-10-09 21:25:29,195 RX 83 F1 B1 C1 D9 8F 4E
2026-10-09 21:25:29,195 RX 83 F1 B1 C1 D9 8F 4E
2026-10-09 21:25:29,195 RX 83 F1 B1 C1 D9 8F 4E
2026-10-09 21:25:29,195 RX 83 F1 B1 C1 D9 8F 4E
2026-10-09 21:25:29,195 RX 83 F1 B1 C1 D9 8F 4E
2026-10-09 21:25:29,195 RX 83 F1 B1 C1 D9 8F 4E
2026-10-09 21:25:29,195 RX 83 F1 B1 C1 D9 8F 4E
2026-10-09 21:25:29,195 RX 83 F1 B1 C1 D9 8F 4E
2026-10-09 21:25:29,195 RX 83 F1 B1 C1 D9 8F 4E
2026-10-09 21:25:29,195 RX 83 F1 B1 C1 D9 8F 4E
2026-10-09 21:25:29,195 RX 83 F1 B1 C1 D9 8F 4E
2026-10-09 21:25:29,195 RX 83 F1 B1 C1 D9 8F 4E
2026-10-09 21:25:29,195 RX 83 F1 B1 C1 D9 8F 4E
2026-10-09 21:25:29,195 RX 83 F1 B1 C1 D9 8F 4E
2026-10-09 21:25:29,195 RX 83 F1 B1 C1 D9 8F 4E
2026-10-09 21:25:29,195 RX 83 F1 B1 C1 D9 8F 4E
2026-10-09 21:25:29,195 RX 83 F1 B1 C1 D9 8F 4E
2026-10-09 21:25:29,195 RX 83 F1 B1 C1 D9 8F 4E
2026-10-09 21:25:29,196 RX 83 F1 B1 C1 D9 8F 4E
2026-10-09 21:25:29,196 RX 83 F1 B1 C1 D9 8F 4E
2026-10-09 21:25:29,196 RX 83 F1 B1 C1 D9 8F 4E
2026-10-09 21:25:29,196 RX 83 F1 B1 C1 D9 8F 4E
2026-10-09 21:25:29,196 RX 83 F1 B1 C1 D9 8F 4E
2026-10-09 21:25:29,196 RX 83 F1 B1 C1 D9 8F 4E
2026-10-09 21:25:29,196 RX 83 F1 B1 C1 D9 8F 4E
2026-10-09 21:25:29,196 RX 83 F1 B1 C1 D9 8F 4E
2026-10-09 21:25:29,196 RX 83 F1 B1 C1 D9 8F 4E
2026-10-09 21:25:29,196 RX 83 F1 B1 C1 D9 8F 4E
2026-10-09 21:25:29,196 RX 83 F1 B1 C1 D9 8F 4E
2026-10-09 21:25:29,196 RX 83 F1 B1 C1 D9 8F 4E
2026-10-09 21:25:29,196 RX 83 F1 B1 C1 D9 8F 4E
2026-10-09 21:25:29,196 RX 83 F1 B1 C1 D9 8F 4E
2026-10-09 21:25:29,196 RX 83 F1 B1 C1 D9 8F 4E
2026-10-09 21:25:29,196 RX 83 F1 B1 C1 D9 8F 4E
2026-10-09 21:25:29,196 RX 83 F1 B1 C1 D9 8F 4E
2026-10-09 21:25:29,196 RX 83 F1 B1 C1 D9 8F 4E
2026-10-09 21:25:29,196 RX 83 F1 B1 C1 D9 8F 4E
2026-10-09 21:25:29,196 RX 83 F1 B1 C1 D9 8F 4E
2026-10-09 21:25:29,196 RX 83 F1 B1 C1 D9 8F 4E
2026-10-09 21:25:29,196 RX 83 F1 B1 C1 D9 8F 4E
2026-10-09 21:25:29,196 RX 83 F1 B1 C1 D9 8F 4E
2026-10-09 21:25:29,196 RX 83 F1 B1 C1 D9 8F 4E
2026-10-09 21:25:29,196 RX 83 F1 B1 C1 D9 8F 4E
2026-10-09 21:25:29,196 RX 83 F1 B1 C1 D9 8F 4E
2026-10-09 21:25:29,196 RX 83 F1 B1 C1 D9 8F 4E
2026-10-09 21:25:29,196 RX 83 F1 B1 C1 D9 8F 4E
2026-10-09 21:25:29,196 RX 83 F1 B1 C1 D9 8F 4E
2026-10-09 21:25:29,196 RX 83 F1 B1 C1 D9 8F 4E
2026-10-09 21:25:29,196 RX 83 F1 B1 C1 D9 8F 4E
2026-10-09 21:25:29,196 RX 83 F1 B1 C1 D9 8F 4E
2026-10-09 21:25:29,196 RX 83 F1 B1 C1 D9 8F 4E
2026-10-09 21:25:29,196 RX 83 F1 B1 C1 D9 8F 4E
2026-10-09 21:25:29,196 RX 83 F1 B1 C1 D9 8F 4E
2026-10-09 21:25:29,197 RX 83 F1 B1 C1 D9 8F 4E
2026-10-09 21:25:29,197 RX 83 F1 B1 C1 D9 8F 4E
2026-10-09 21:25:29,197 RX 83 F1 B1 C1 D9 8F 4E
2026-10-09 21:25:29,197 RX 83 F1 B1 C1 D9 8F 4E
2026-10-09 21:25:29,197 RX 83 F1 B1 C1 D9 8F 4E
2026-10-09 21:25:29,197 RX 83 F1 B1 C1 D9 8F 4E
2026-10-09 21:25:29,197 RX 83 F1 B1 C1 D9 8F 4E
2026-10-09 21:25:29,197 RX 83 F1 B1 C1 D9 8F 4E
2026-10-09 21:25:29,197 RX 83 F1 B1 C1 D9 8F 4E
2026-10-09 21:25:29,197 RX 83 F1 B1 C1 D9 8F 4E
2026-10-09 21:25:29,197 RX 83 F1 B1 C1 D9 8F 4E
2026-10-09 21:25:29,197 RX 83 F1 B1 C1 D9 8F 4E
2026-10-09 21:25:29,197 RX 83 F1 B1 C1 D9 8F 4E
2026-10-09 21:25:29,197 RX 83 F1 B1 C1 D9 8F 4E
2026-10-09 21:25:29,197 RX 83 F1 B1 C1 D9 8F 4E
2026-10-09 21:25:29,197 RX 83 F1 B1 C1 D9 8F 4E
2026-10-09 21:25:29,197 RX 83 F1 B1 C1 D9 8F 4E
2026-10-09 21:25:29,197 RX 83 F1 B1 C1 D9 8F 4E
2026-10-09 21:25:29,197 RX 83 F1 B1 C1 D9 8F 4E
2026-10-09 21:25:29,197 RX 83 F1 B1 C1 D9 8F 4E
2026-10-09 21:25:29,197 RX 83 F1 B1 C1 D9 8F 4E
2026-10-09 21:25:29,197 RX 83 F1 B1 C1 D9 8F 4E
2026-10-09 21:25:29,197 RX 83 F1 B1 C1 D9 8F 4E
2026-10-09 21:25:29,197 RX 83 F1 B1 C1 D9 8F 4E
2026-10-09 21:25:29,197 RX 83 F1 B1 C1 D9 8F 4E
2026-10-09 21:25:29,197 RX 83 F1 B1 C1 D9 8F 4E
2026-10-09 21:25:29,197 RX 83 F1 B1 C1 D9 8F 4E
2026-10-09 21:25:29,197 RX 83 F1 B1 C1 D9 8F 4E
2026-10-09 21:25:29,197 RX 83 F1 B1 C1 D9 8F 4E
2026-10-09 21:25:29,197 RX 83 F1 B1 C1 D9 8F 4E
2026-10-09 21:25:29,197 RX 83 F1 B1 C1 D9 8F 4E
2026-10-09 21:25:29,197 RX 83 F1 B1 C1 D9 8F 4E
2026-10-09 21:25:29,197 RX 83 F1 B1 C1 D9 8F 4E
2026-10-09 21:25:29,197 RX 83 F1 B1 C1 D9 8F 4E
2026-10-09 21:25:29,197 RX 83 F1 B1 C1 D9 8F 4E
2026-10-09 21:25:29,198 RX 83 F1 B1 C1 D9 8F 4E
2026-10-09 21:25:29,198 RX 83 F1 B1 C1 D9 8F 4E
2026-10-09 21:25:29,198 RX 83 F1 B1 C1 D9 8F 4E
2026-10-09 21:25:29,198 RX 83 F1 B1 C1 D9 8F 4E
2026-10-09 21:25:29,198 RX 83 F1 B1 C1 D9 8F 4E
2026-10-09 21:25:29,198 RX 83 F1 B1 C1 D9 8F 4E
2026-10-09 21:25:29,198 RX 83 F1 B1 C1 D9 8F 4E
2026-10-09 21:25:29,198 RX 83 F1 B1 C1 D9 8F 4E
2026-10-09 21:25:29,198 RX 83 F1 B1 C1 D9 8F 4E
2026-10-09 21:25:29,198 RX 83 F1 B1 C1 D9 8F 4E
2026-10-09 21:25:29,198 RX 83 F1 B1 C1 D9 8F 4E
2026-10-09 21:25:29,198 RX 83 F1 B1 C1 D9 8F 4E
2026-10-09 21:25:29,198 RX 83 F1 B1 C1 D9 8F 4E
2026-10-09 21:25:29,198 RX 83 F1 B1 C1 D9 8F 4E
2026-10-09 21:25:29,198 RX 83 F1 B1 C1 D9 8F 4E
2026-10-09 21:25:29,198 RX 83 F1 B1 C1 D9 8F 4E
2026-10-09 21:25:29,198 RX 83 F1 B1 C1 D9 8F 4E
2026-10-09 21:25:29,198 RX 83 F1 B1 C1 D9 8F 4E
2026-10-09 21:25:29,198 RX 83 F1 B1 C1 D9 8F 4E
2026-10-09 21:25:29,198 RX 83 F1 B1 C1 D9 8F 4E
2026-10-09 21:25:29,198 RX 83 F1 B1 C1 D9 8F 4E
2026-10-09 21:25:29,198 RX 83 F1 B1 C1 D9 8F 4E
2026-10-09 21:25:29,198 RX 83 F1 B1 C1 D9 8F 4E
2026-10-09 21:25:29,198 RX 83 F1 B1 C1 D9 8F 4E
2026-10-09 21:25:29,198 RX 83 F1 B1 C1 D9 8F 4E
2026-10-09 21:25:29,198 RX 83 F1 B1 C1 D9 8F 4E
2026-10-09 21:25:29,198 RX 83 F1 B1 C1 D9 8F 4E
2026-10-09 21:25:29,198 RX 83 F1 B1 C1 D9 8F 4E
2026-10-09 21:25:29,198 RX 83 F1 B1 C1 D9 8F 4E
2026-10-09 21:25:29,198 RX 83 F1 B1 C1 D9 8F 4E
2026-10-09 21:25:29,198 RX 83 F1 B1 C1 D9 8F 4E
2026-10-09 21:25:29,198 RX 83 F1 B1 C1 D9 8F 4E
2026-10-09 21:25:29,198 RX 83 F1 B1 C1 D9 8F 4E
2026-10-09 21:25:29,198 RX 83 F1 B1 C1 D9 8F 4E
2026-10-09 21:25:29,198 RX 83 F1 B1 C1 D9 8F 4E
2026-10-09 21:25:29,199 RX 83 F1 B1 C1 D9 8F 4E
2026-10-09 21:25:29,199 RX 83 F1 B1 C1 D9 8F 4E
2026-10-09 21:25:29,199 RX 83 F1 B1 C1 D9 8F 4E
2026-10-09 21:25:29,199 RX 83 F1 B1 C1 D9 8F 4E
2026-10-09 21:25:29,199 RX 83 F1 B1 C1 D9 8F 4E
2026-10-09 21:25:29,199 RX 83 F1 B1 C1 D9 8F 4E
2026-10-09 21:25:29,199 RX 83 F1 B1 C1 D9 8F 4E
2026-10-09 21:25:29,199 RX 83 F1 B1 C1 D9 8F 4E
2026-10-09 21:25:29,199 RX 83 F1 B1 C1 D9 8F 4E
2026-10-09 21:25:29,199 RX 83 F1 B1 C1 D9 8F 4E
2026-10-09 21:25:29,199 RX 83 F1 B1 C1 D9 8F 4E
2026-10-09 21:25:29,199 RX 83 F1 B1 C1 D9 8F 4E
2026-10-09 21:25:29,199 RX 83 F1 B1 C1 D9 8F 4E
2026-10-09 21:25:29,199 RX 83 F1 B1 C1 D9 8F 4E
2026-10-09 21:25:29,199 RX 83 F1 B1 C1 D9 8F 4E
2026-10-09 21:25:29,199 RX 83 F1 B1 C1 D9 8F 4E
2026-10-09 21:25:29,199 RX 83 F1 B1 C1 D9 8F 4E
2026-10-09 21:25:29,199 RX 83 F1 B1 C1 D9 8F 4E
2026-10-09 21:25:29,199 RX 83 F1 B1 C1 D9 8F 4E
2026-10-09 21:25:29,199 RX 83 F1 B1 C1 D9 8F 4E
2026-10-09 21:25:29,199 RX 83 F1 B1 C1 D9 8F 4E
2026-10-09 21:25:29,199 RX 83 F1 B1 C1 D9 8F 4E
2026-10-09 21:25:29,199 RX 83 F1 B1 C1 D9 8F 4E
2026-10-09 21:25:29,199 RX 83 F1 B1 C1 D9 8F 4E
2026-10-09 21:25:29,199 RX 83 F1 B1 C1 D9 8F 4E
2026-10-09 21:25:29,199 RX 83 F1 B1 C1 D9 8F 4E
2026-10-09 21:25:29,199 RX 83 F1 B1 C1 D9 8F 4E
2026-10-09 21:25:29,199 RX 83 F1 B1 C1 D9 8F 4E
2026-10-09 21:25:29,199 RX 83 F1 B1 C1 D9 8F 4E
2026-10-09 21:25:29,199 RX 83 F1 B1 C1 D9 8F 4E
2026-10-09 21:25:29,199 RX 83 F1 B1 C1 D9 8F 4E
2026-10-09 21:25:29,199 RX 83 F1 B1 C1 D9 8F 4E
2026-10-09 21:25:29,199 RX 83 F1 B1 C1 D9 8F 4E
2026-10-09 21:25:29,199 RX 83 F1 B1 C1 D9 8F 4E
2026-10-09 21:25:29,199 RX 83 F1 B1 C1 D9 8F 4E
2026-10-09 21:25:29,199 RX 83 F1 B1 C1 D9 8F 4E
2026-10-09 21:25:29,199 RX 83 F1 B1 C1 D9 8F 4E
2026-10-09 21:25:29,200 RX 83 F1 B1 C1 D9 8F 4E
2026-10-09 21:25:29,200 RX 83 F1 B1 C1 D9 8F 4E
2026-10-09 21:25:29,200 RX 83 F1 B1 C1 D9 8F 4E
2026-10-09 21:25:29,200 RX 83 F1 B1 C1 D9 8F 4E
2026-10-09 21:25:29,200 RX 83 F1 B1 C1 D9 8F 4E
2026-10-09 21:25:29,200 RX 83 F1 B1 C1 D9 8F 4E
2026-10-09 21:25:29,200 RX 83 F1 B1 C1 D9 8F 4E
2026-10-09 21:25:29,200 RX 83 F1 B1 C1 D9 8F 4E
2026-10-09 21:25:29,200 RX 83 F1 B1 C1 D9 8F 4E
2026-10-09 21:25:29,200 RX 83 F1 B1 C1 D9 8F 4E
2026-10-09 21:25:29,200 RX 83 F1 B1 C1 D9 8F 4E
2026-10-09 21:25:29,200 RX 83 F1 B1 C1 D9 8F 4E
2026-10-09 21:25:29,200 RX 83 F1 B1 C1 D9 8F 4E
2026-10-09 21:25:29,200 RX 83 F1 B1 C1 D9 8F 4E
2026-10-09 21:25:29,200 RX 83 F1 B1 C1 D9 8F 4E
2026-10-09 21:25:29,200 RX 83 F1 B1 C1 D9 8F 4E
2026-10-09 21:25:29,200 RX 83 F1 B1 C1 D9 8F 4E
2026-10-09 21:25:29,200 RX 83 F1 B1 C1 D9 8F 4E
2026-10-09 21:25:29,200 RX 83 F1 B1 C1 D9 8F 4E
2026-10-09 21:25:29,200 RX 83 F1 B1 C1 D9 8F 4E
2026-10-09 21:25:29,200 RX 83 F1 B1 C1 D9 8F 4E
2026-10-09 21:25:29,200 RX 83 F1 B1 C1 D9 8F 4E
2026-10-09 21:25:29,200 RX 83 F1 B1 C1 D9 8F 4E
2026-10-09 21:25:29,200 RX 83 F1 B1 C1 D9 8F 4E
2026-10-09 21:25:29,200 RX 83 F1 B1 C1 D9 8F 4E
2026-10-09 21:25:29,200 RX 83 F1 B1 C1 D9 8F 4E
2026-10-09 21:25:29,200 RX 83 F1 B1 C1 D9 8F 4E
2026-10-09 21:25:29,200 RX 83 F1 B1 C1 D9 8F 4E
2026-10-09 21:25:29,200 RX 83 F1 B1 C1 D9 8F 4E
2026-10-09 21:25:29,200 RX 83 F1 B1 C1 D9 8F 4E
2026-10-09 21:25:29,200 RX 83 F1 B1 C1 D9 8F 4E
2026-10-09 21:25:29,200 RX 83 F1 B1 C1 D9 8F 4E
2026-10-09 21:25:29,200 RX 83 F1 B1 C1 D9 8F 4E
2026-10-09 21:25:29,200 RX 83 F1 B1 C1 D9 8F 4E
2026-10-09 21:25:29,200 RX 83 F1 B1 C1 D9 8F 4E
2026-10-09 21:25:29,200 RX 83 F1 B1 C1 D9 8F 4E
2026-10-09 21:25:29,201 RX 83 F1 B1 C1 D9 8F 4E
2026-10-09 21:25:29,201 RX 83 F1 B1 C1 D9 8F 4E
2026-10-09 21:25:29,201 RX 83 F1 B1 C1 D9 8F 4E
2026-10-09 21:25:29,201 RX 83 F1 B1 C1 D9 8F 4E
2026-10-09 21:25:29,201 RX 83 F1 B1 C1 D9 8F 4E
2026-10-09 21:25:29,201 RX 83 F1 B1 C1 D9 8F 4E
2026-10-09 21:25:29,201 RX 83 F1 B1 C1 D9 8F 4E
2026-10-09 21:25:29,201 RX 83 F1 B1 C1 D9 8F 4E
2026-10-09 21:25:29,201 RX 83 F1 B1 C1 D9 8F 4E
2026-10-09 21:25:29,201 RX 83 F1 B1 C1 D9 8F 4E
2026-10-09 21:25:29,201 RX 83 F1 B1 C1 D9 8F 4E
2026-10-09 21:25:29,201 RX 83 F1 B1 C1 D9 8F 4E
2026-10-09 21:25:29,201 RX 83 F1 B1 C1 D9 8F 4E
2026-10-09 21:25:29,201 RX 83 F1 B1 C1 D9 8F 4E
2026-10-09 21:25:29,201 RX 83 F1 B1 C1 D9 8F 4E
2026-10-09 21:25:29,201 RX 83 F1 B1 C1 D9 8F 4E
2026-10-09 21:25:29,201 RX 83 F1 B1 C1 D9 8F 4E
2026-10-09 21:25:29,201 RX 83 F1 B1 C1 D9 8F 4E
2026-10-09 21:25:29,201 RX 83 F1 B1 C1 D9 8F 4E
2026-10-09 21:25:29,201 RX 83 F1 B1 C1 D9 8F 4E
2026-10-09 21:25:29,201 RX 83 F1 B1 C1 D9 8F 4E
2026-10-09 21:25:29,201 RX 83 F1 B1 C1 D9 8F 4E
2026-10-09 21:25:29,201 RX 83 F1 B1 C1 D9 8F 4E
2026-10-09 21:25:29,201 RX 83 F1 B1 C1 D9 8F 4E
2026-10-09 21:25:29,201 RX 83 F1 B1 C1 D9 8F 4E
2026-10-09 21:25:29,201 RX 83 F1 B1 C1 D9 8F 4E
2026-10-09 21:25:29,201 RX 83 F1 B1 C1 D9 8F 4E
2026-10-09 21:25:29,201 RX 83 F1 B1 C1 D9 8F 4E
2026-10-09 21:25:29,201 RX 83 F1 B1 C1 D9 8F 4E
2026-10-09 21:25:29,201 RX 83 F1 B1 C1 D9 8F 4E
2026-10-09 21:25:29,201 RX 83 F1 B1 C1 D9 8F 4E
2026-10-09 21:25:29,201 RX 83 F1 B1 C1 D9 8F 4E
2026-10-09 21:25:29,201 RX 83 F1 B1 C1 D9 8F 4E
2026-10-09 21:25:29,201 RX 83 F1 B1 C1 D9 8F 4E
2026-10-09 21:25:29,201 RX 83 F1 B1 C1 D9 8F 4E
2026-10-09 21:25:29,201 RX 83 F1 B1 C1 D9 8F 4E
2026-10-09 21:25:29,201 RX 83 F1 B1 C1 D9 8F 4E
2026-10-09 21:25:29,202 RX 83 F1 B1 C1 D9 8F 4E
2026-10-09 21:25:29,202 RX 83 F1 B1 C1 D9 8F 4E
2026-10-09 21:25:29,202 RX 83 F1 B1 C1 D9 8F 4E
2026-10-09 21:25:29,202 RX 83 F1 B1 C1 D9 8F 4E
2026-10-09 21:25:29,202 RX 83 F1 B1 C1 D9 8F 4E
2026-10-09 21:25:29,202 RX 83 F1 B1 C1 D9 8F 4E
2026-10-09 21:25:29,202 RX 83 F1 B1 C1 D9 8F 4E
2026-10-09 21:25:29,202 RX 83 F1 B1 C1 D9 8F 4E
2026-10-09 21:25:29,202 RX 83 F1 B1 C1 D9 8F 4E
2026-10-09 21:25:29,202 RX 83 F1 B1 C1 D9 8F 4E
2026-10-09 21:25:29,202 RX 83 F1 B1 C1 D9 8F 4E
2026-10-09 21:25:29,202 RX 83 F1 B1 C1 D9 8F 4E
2026-10-09 21:25:29,202 RX 83 F1 B1 C1 D9 8F 4E
2026-10-09 21:25:29,202 RX 83 F1 B1 C1 D9 8F 4E
2026-10-09 21:25:29,202 RX 83 F1 B1 C1 D9 8F 4E
2026-10-09 21:25:29,202 RX 83 F1 B1 C1 D9 8F 4E
2026-10-09 21:25:29,202 RX 83 F1 B1 C1 D9 8F 4E
2026-10-09 21:25:29,202 RX 83 F1 B1 C1 D9 8F 4E
2026-10-09 21:25:29,202 RX 83 F1 B1 C1 D9 8F 4E
2026-10-09 21:25:29,202 RX 83 F1 B1 C1 D9 8F 4E
2026-10-09 21:25:29,202 RX 83 F1 B1 C1 D9 8F 4E
2026-10-09 21:25:29,202 RX 83 F1 B1 C1 D9 8F 4E
2026-10-09 21:25:29,202 RX 83 F1 B1 C1 D9 8F 4E
2026-10-09 21:25:29,202 RX 83 F1 B1 C1 D9 8F 4E
2026-10-09 21:25:29,202 RX 83 F1 B1 C1 D9 8F 4E
2026-10-09 21:25:29,202 RX 83 F1 B1 C1 D9 8F 4E
2026-10-09 21:25:29,202 RX 83 F1 B1 C1 D9 8F 4E
2026-10-09 21:25:29,202 RX 83 F1 B1 C1 D9 8F 4E
2026-10-09 21:25:29,202 RX 83 F1 B1 C1 D9 8F 4E
2026-10-09 21:25:29,202 RX 83 F1 B1 C1 D9 8F 4E
2026-10-09 21:25:29,202 RX 83 F1 B1 C1 D9 8F 4E
2026-10-09 21:25:29,202 RX 83 F1 B1 C1 D9 8F 4E
2026-10-09 21:25:29,202 RX 83 F1 B1 C1 D9 8F 4E
2026-10-09 21:25:29,202 RX 83 F1 B1 C1 D9 8F 4E
2026-10-09 21:25:29,202 RX 83 F1 B1 C1 D9 8F 4E
2026-10-09 21:25:29,202 RX 83 F1 B1 C1 D9 8F 4E
2026-10-09 21:25:29,202 RX 83 F1 B1 C1 D9 8F 4E
2026-10-09 21:25:29,203 RX 83 F1 B1 C1 D9 8F 4E
2026-10-09 21:25:29,203 RX 83 F1 B1 C1 D9 8F 4E
2026-10-09 21:25:29,203 RX 83 F1 B1 C1 D9 8F 4E
2026-10-09 21:25:29,203 RX 83 F1 B1 C1 D9 8F 4E
2026-10-09 21:25:29,203 RX 83 F1 B1 C1 D9 8F 4E
2026-10-09 21:25:29,203 RX 83 F1 B1 C1 D9 8F 4E
2026-10-09 21:25:29,203 RX 83 F1 B1 C1 D9 8F 4E
2026-10-09 21:25:29,203 RX 83 F1 B1 C1 D9 8F 4E
2026-10-09 21:25:29,203 RX 83 F1 B1 C1 D9 8F 4E
2026-10-09 21:25:29,203 RX 83 F1 B1 C1 D9 8F 4E
2026-10-09 21:25:29,203 RX 83 F1 B1 C1 D9 8F 4E
2026-10-09 21:25:29,203 RX 83 F1 B1 C1 D9 8F 4E
2026-10-09 21:25:29,203 RX 83 F1 B1 C1 D9 8F 4E
2026-10-09 21:25:29,203 RX 83 F1 B1 C1 D9 8F 4E
2026-10-09 21:25:29,203 RX 83 F1 B1 C1 D9 8F 4E
2026-10-09 21:25:29,203 RX 83 F1 B1 C1 D9 8F 4E
2026-10-09 21:25:29,203 RX 83 F1 B1 C1 D9 8F 4E
2026-10-09 21:25:29,203 RX 83 F1 B1 C1 D9 8F 4E
2026-10-09 21:25:29,203 RX 83 F1 B1 C1 D9 8F 4E
2026-10-09 21:25:29,203 RX 83 F1 B1 C1 D9 8F 4E
2026-10-09 21:25:29,203 RX 83 F1 B1 C1 D9 8F 4E
2026-10-09 21:25:29,203 RX 83 F1 B1 C1 D9 8F 4E
2026-10-09 21:25:29,203 RX 83 F1 B1 C1 D9 8F 4E
2026-10-09 21:25:29,203 RX 83 F1 B1 C1 D9 8F 4E
2026-10-09 21:25:29,203 RX 83 F1 B1 C1 D9 8F 4E
2026-10-09 21:25:29,203 RX 83 F1 B1 C1 D9 8F 4E
2026-10-09 21:25:29,203 RX 83 F1 B1 C1 D9 8F 4E
2026-10-09 21:25:29,203 RX 83 F1 B1 C1 D9 8F 4E
2026-10-09 21:25:29,203 RX 83 F1 B1 C1 D9 8F 4E
2026-10-09 21:25:29,203 RX 83 F1 B1 C1 D9 8F 4E
2026-10-09 21:25:29,203 RX 83 F1 B1 C1 D9 8F 4E
2026-10-09 21:25:29,203 RX 83 F1 B1 C1 D9 8F 4E
2026-10-09 21:25:29,203 RX 83 F1 B1 C1 D9 8F 4E
2026-10-09 21:25:29,203 RX 83 F1 B1 C1 D9 8F 4E
2026-10-09 21:25:29,203 RX 83 F1 B1 C1 D9 8F 4E
2026-10-09 21:25:29,203 RX 83 F1 B1 C1 D9 8F 4E
2026-10-09 21:25:29,204 RX 83 F1 B1 C1 D9 8F 4E
2026-10-09 21:25:29,204 RX 83 F1 B1 C1 D9 8F 4E
2026-10-09 21:25:29,204 RX 83 F1 B1 C1 D9 8F 4E
2026-10-09 21:25:29,204 RX 83 F1 B1 C1 D9 8F 4E
2026-10-09 21:25:29,204 RX 83 F1 B1 C1 D9 8F 4E
2026-10-09 21:25:29,204 RX 83 F1 B1 C1 D9 8F 4E
2026-10-09 21:25:29,204 RX 83 F1 B1 C1 D9 8F 4E
2026-10-09 21:25:29,204 RX 83 F1 B1 C1 D9 8F 4E
2026-10-09 21:25:29,204 RX 83 F1 B1 C1 D9 8F 4E
2026-10-09 21:25:29,204 RX 83 F1 B1 C1 D9 8F 4E
2026-10-09 21:25:29,204 RX 83 F1 B1 C1 D9 8F 4E
2026-10-09 21:25:29,204 RX 83 F1 B1 C1 D9 8F 4E
2026-10-09 21:25:29,204 RX 83 F1 B1 C1 D9 8F 4E
2026-10-09 21:25:29,204 RX 83 F1 B1 C1 D9 8F 4E
2026-10-09 21:25:29,204 RX 83 F1 B1 C1 D9 8F 4E
2026-10-09 21:25:29,204 RX 83 F1 B1 C1 D9 8F 4E
2026-10-09 21:25:29,204 RX 83 F1 B1 C1 D9 8F 4E
2026-10-09 21:25:29,204 RX 83 F1 B1 C1 D9 8F 4E
2026-10-09 21:25:29,204 RX 83 F1 B1 C1 D9 8F 4E
2026-10-09 21:25:29,204 RX 83 F1 B1 C1 D9 8F 4E
2026-10-09 21:25:29,204 RX 83 F1 B1 C1 D9 8F 4E
2026-10-09 21:25:29,204 RX 83 F1 B1 C1 D9 8F 4E
2026-10-09 21:25:29,204 RX 83 F1 B1 C1 D9 8F 4E
2026-10-09 21:25:29,204 RX 83 F1 B1 C1 D9 8F 4E
2026-10-09 21:25:29,204 RX 83 F1 B1 C1 D9 8F 4E
2026-10-09 21:25:29,204 RX 83 F1 B1 C1 D9 8F 4E
2026-10-09 21:25:29,204 RX 83 F1 B1 C1 D9 8F 4E
2026-10-09 21:25:29,204 RX 83 F1 B1 C1 D9 8F 4E
2026-10-09 21:25:29,204 RX 83 F1 B1 C1 D9 8F 4E
2026-10-09 21:25:29,204 RX 83 F1 B1 C1 D9 8F 4E
2026-10-09 21:25:29,204 RX 83 F1 B1 C1 D9 8F 4E
2026-10-09 21:25:29,204 RX 83 F1 B1 C1 D9 8F 4E
2026-10-09 21:25:29,204 RX 83 F1 B1 C1 D9 8F 4E
2026-10-09 21:25:29,204 RX 83 F1 B1 C1 D9 8F 4E
2026-10-09 21:25:29,204 RX 83 F1 B1 C1 D9 8F 4E
2026-10-09 21:25:29,204 RX 83 F1 B1 C1 D9 8F 4E
2026-10-09 21:25:29,205 RX 83 F1 B1 C1 D9 8F 4E
2026-10-09 21:25:29,205 RX 83 F1 B1 C1 D9 8F 4E
2026-10-09 21:25:29,205 RX 83 F1 B1 C1 D9 8F 4E
2026-10-09 21:25:29,205 RX 83 F1 B1 C1 D9 8F 4E
2026-10-09 21:25:29,205 RX 83 F1 B1 C1 D9 8F 4E
2026-10-09 21:25:29,205 RX 83 F1 B1 C1 D9 8F 4E
2026-10-09 21:25:29,205 RX 83 F1 B1 C1 D9 8F 4E
2026-10-09 21:25:29,205 RX 83 F1 B1 C1 D9 8F 4E
2026-10-09 21:25:29,205 RX 83 F1 B1 C1 D9 8F 4E
2026-10-09 21:25:29,205 RX 83 F1 B1 C1 D9 8F 4E
2026-10-09 21:25:29,205 RX 83 F1 B1 C1 D9 8F 4E
2026-10-09 21:25:29,205 RX 83 F1 B1 C1 D9 8F 4E
2026-10-09 21:25:29,205 RX 83 F1 B1 C1 D9 8F 4E
2026-10-09 21:25:29,205 RX 83 F1 B1 C1 D9 8F 4E
2026-10-09 21:25:29,205 RX 83 F1 B1 C1 D9 8F 4E
2026-10-09 21:25:29,205 RX 83 F1 B1 C1 D9 8F 4E
2026-10-09 21:25:29,205 RX 83 F1 B1 C1 D9 8F 4E
2026-10-09 21:25:29,205 RX 83 F1 B1 C1 D9 8F 4E
2026-10-09 21:25:29,205 RX 83 F1 B1 C1 D9 8F 4E
2026-10-09 21:25:29,205 RX 83 F1 B1 C1 D9 8F 4E
2026-10-09 21:25:29,205 RX 83 F1 B1 C1 D9 8F 4E
2026-10-09 21:25:29,205 RX 83 F1 B1 C1 D9 8F 4E
2026-10-09 21:25:29,205 RX 83 F1 B1 C1 D9 8F 4E
2026-10-09 21:25:29,205 RX 83 F1 B1 C1 D9 8F 4E
2026-10-09 21:25:29,205 RX 83 F1 B1 C1 D9 8F 4E
2026-10-09 21:25:29,205 RX 83 F1 B1 C1 D9 8F 4E
2026-10-09 21:25:29,205 RX 83 F1 B1 C1 D9 8F 4E
2026-10-09 21:25:29,205 RX 83 F1 B1 C1 D9 8F 4E
2026-10-09 21:25:29,205 RX 83 F1 B1 C1 D9 8F 4E
2026-10-09 21:25:29,205 RX 83 F1 B1 C1 D9 8F 4E
2026-10-09 21:25:29,205 RX 83 F1 B1 C1 D9 8F 4E
2026-10-09 21:25:29,205 RX 83 F1 B1 C1 D9 8F 4E
2026-10-09 21:25:29,205 RX 83 F1 B1 C1 D9 8F 4E
2026-10-09 21:25:29,205 RX 83 F1 B1 C1 D9 8F 4E
2026-10-09 21:25:29,205 RX 83 F1 B1 C1 D9 8F 4E
2026-10-09 21:25:29,205 RX 83 F1 B1 C1 D9 8F 4E
2026-10-09 21:25:29,205 RX 83 F1 B1 C1 D9 8F 4E
2026-10-09 21:25:29,205 RX 83 F1 B1 C1 D9 8F 4E
2026-10-09 21:25:29,205 RX 83 F1 B1 C1 D9 8F 4E
2026-10-09 21:25:29,205 RX 83 F1 B1 C1 D9 8F 4E
2026-10-09 21:25:29,205 RX 83 F1 B1 C1 D9 8F 4E
2026-10-09 21:25:29,206 RX 83 F1 B1 C1 D9 8F 4E
2026-10-09 21:25:29,206 RX 83 F1 B1 C1 D9 8F 4E
2026-10-09 21:25:29,206 RX 83 F1 B1 C1 D9 8F 4E
2026-10-09 21:25:29,206 RX 83 F1 B1 C1 D9 8F 4E
2026-10-09 21:25:29,206 RX 83 F1 B1 C1 D9 8F 4E
2026-10-09 21:25:29,206 RX 83 F1 B1 C1 D9 8F 4E
2026-10-09 21:25:29,206 RX 83 F1 B1 C1 D9 8F 4E
2026-10-09 21:25:29,206 RX 83 F1 B1 C1 D9 8F 4E
2026-10-09 21:25:29,206 RX 83 F1 B1 C1 D9 8F 4E
2026-10-09 21:25:29,206 RX 83 F1 B1 C1 D9 8F 4E
2026-10-09 21:25:29,206 RX 83 F1 B1 C1 D9 8F 4E
2026-10-09 21:25:29,206 RX 83 F1 B1 C1 D9 8F 4E
2026-10-09 21:25:29,206 RX 83 F1 B1 C1 D9 8F 4E
2026-10-09 21:25:29,206 RX 83 F1 B1 C1 D9 8F 4E
2026-10-09 21:25:29,206 RX 83 F1 B1 C1 D9 8F 4E
2026-10-09 21:25:29,206 RX 83 F1 B1 C1 D9 8F 4E
2026-10-09 21:25:29,206 RX 83 F1 B1 C1 D9 8F 4E
2026-10-09 21:25:29,206 RX 83 F1 B1 C1 D9 8F 4E
2026-10-09 21:25:29,206 RX 83 F1 B1 C1 D9 8F 4E
2026-10-09 21:25:29,206 RX 83 F1 B1 C1 D9 8F 4E
2026-10-09 21:25:29,206 RX 83 F1 B1 C1 D9 8F 4E
2026-10-09 21:25:29,206 RX 83 F1 B1 C1 D9 8F 4E
2026-10-09 21:25:29,206 RX 83 F1 B1 C1 D9 8F 4E
2026-10-09 21:25:29,206 RX 83 F1 B1 C1 D9 8F 4E
2026-10-09 21:25:29,206 RX 83 F1 B1 C1 D9 8F 4E
2026-10-09 21:25:29,206 RX 83 F1 B1 C1 D9 8F 4E
2026-10-09 21:25:29,207 RX 83 F1 B1 C1 D9 8F 4E
2026-10-09 21:25:29,207 RX 83 F1 B1 C1 D9 8F 4E
2026-10-09 21:25:29,207 RX 83 F1 B1 C1 D9 8F 4E
2026-10-09 21:25:29,207 RX 83 F1 B1 C1 D9 8F 4E
2026-10-09 21:25:29,207 RX 83 F1 B1 C1 D9 8F 4E
2026-10-09 21:25:29,207 RX 83 F1 B1 C1 D9 8F 4E
2026-10-09 21:25:29,207 RX 83 F1 B1 C1 D9 8F 4E
2026-10-09 21:25:29,207 RX 83 F1 B1 C1 D9 8F 4E
2026-10-09 21:25:29,207 RX 83 F1 B1 C1 D9 8F 4E
2026-10-09 21:25:29,207 RX 83 F1 B1 C1 D9 8F 4E
2026-10-09 21:25:29,207 RX 83 F1 B1 C1 D9 8F 4E
2026-10-09 21:25:29,207 RX 83 F1 B1 C1 D9 8F 4E
2026-10-09 21:25:29,207 RX 83 F1 B1 C1 D9 8F 4E
2026-10-09 21:25:29,207 RX 83 F1 B1 C1 D9 8F 4E
2026-10-09 21:25:29,207 RX 83 F1 B1 C1 D9 8F 4E
2026-10-09 21:25:29,207 RX 83 F1 B1 C1 D9 8F 4E
2026-10-09 21:25:29,207 RX 83 F1 B1 C1 D9 8F 4E
2026-10-09 21:25:29,207 RX 83 F1 B1 C1 D9 8F 4E
2026-10-09 21:25:29,207 RX 83 F1 B1 C1 D9 8F 4E
2026-10-09 21:25:29,207 RX 83 F1 B1 C1 D9 8F 4E
2026-10-09 21:25:29,207 RX 83 F1 B1 C1 D9 8F 4E
2026-10-09 21:25:29,207 RX 83 F1 B1 C1 D9 8F 4E
2026-10-09 21:25:29,207 RX 83 F1 B1 C1 D9 8F 4E
2026-10-09 21:25:29,207 RX 83 F1 B1 C1 D9 8F 4E
2026-10-09 21:25:29,207 RX 83 F1 B1 C1 D9 8F 4E
2026-10-09 21:25:29,208 RX 83 F1 B1 C1 D9 8F 4E
2026-10-09 21:25:29,208 RX 83 F1 B1 C1 D9 8F 4E
2026-10-09 21:25:29,208 RX 83 F1 B1 C1 D9 8F 4E
2026-10-09 21:25:29,208 RX 83 F1 B1 C1 D9 8F 4E
2026-10-09 21:25:29,208 RX 83 F1 B1 C1 D9 8F 4E
2026-10-09 21:25:29,208 RX 83 F1 B1 C1 D9 8F 4E
2026-10-09 21:25:29,208 RX 83 F1 B1 C1 D9 8F 4E
2026-10-09 21:25:29,208 RX 83 F1 B1 C1 D9 8F 4E
2026-10-09 21:25:29,208 RX 83 F1 B1 C1 D9 8F 4E
2026-10-09 21:25:29,208 RX 83 F1 B1 C1 D9 8F 4E
2026-10-09 21:25:29,208 RX 83 F1 B1 C1 D9 8F 4E
2026-10-09 21:25:29,208 RX 83 F1 B1 C1 D9 8F 4E
2026-10-09 21:25:29,208 RX 83 F1 B1 C1 D9 8F 4E
2026-10-09 21:25:29,208 RX 83 F1 B1 C1 D9 8F 4E
2026-10-09 21:25:29,208 RX 83 F1 B1 C1 D9 8F 4E
2026-10-09 21:25:29,208 RX 83 F1 B1 C1 D9 8F 4E
2026-10-09 21:25:29,208 RX 83 F1 B1 C1 D9 8F 4E
2026-10-09 21:25:29,208 RX 83 F1 B1 C1 D9 8F 4E
2026-10-09 21:25:29,208 RX 83 F1 B1 C1 D9 8F 4E
2026-10-09 21:25:29,208 RX 83 F1 B1 C1 D9 8F 4E
2026-10-09 21:25:29,208 RX 83 F1 B1 C1 D9 8F 4E
2026-10-09 21:25:29,208 RX 83 F1 B1 C1 D9 8F 4E
2026-10-09 21:25:29,208 RX 83 F1 B1 C1 D9 8F 4E
2026-10-09 21:25:29,208 RX 83 F1 B1 C1 D9 8F 4E
2026-10-09 21:25:29,208 RX 83 F1 B1 C1 D9 8F 4E
2026-10-09 21:25:29,208 RX 83 F1 B1 C1 D9 8F 4E
2026-10-09 21:25:29,208 RX 83 F1 B1 C1 D9 8F 4E
2026-10-09 21:25:29,208 RX 83 F1 B1 C1 D9 8F 4E
2026-10-09 21:25:29,208 RX 83 F1 B1 C1 D9 8F 4E
2026-10-09 21:25:29,208 RX 83 F1 B1 C1 D9 8F 4E
2026-10-09 21:25:29,208 RX 83 F1 B1 C1 D9 8F 4E
2026-10-09 21:25:29,208 RX 83 F1 B1 C1 D9 8F 4E
2026-10-09 21:25:29,208 RX 83 F1 B1 C1 D9 8F 4E
2026-10-09 21:25:29,208 RX 83 F1 B1 C1 D9 8F 4E
2026-10-09 21:25:29,208 RX 83 F1 B1 C1 D9 8F 4E
2026-10-09 21:25:29,208 RX 83 F1 B1 C1 D9 8F 4E
2026-10-09 21:25:29,208 RX 83 F1 B1 C1 D9 8F 4E
2026-10-09 21:25:29,208 RX 83 F1 B1 C1 D9 8F 4E
2026-10-09 21:25:29,208 RX 83 F1 B1 C1 D9 8F 4E
2026-10-09 21:25:29,209 RX 83 F1 B1 C1 D9 8F 4E
2026-10-09 21:25:29,209 RX 83 F1 B1 C1 D9 8F 4E
2026-10-09 21:25:29,209 RX 83 F1 B1 C1 D9 8F 4E
2026-10-09 21:25:29,209 RX 83 F1 B1 C1 D9 8F 4E
2026-10-09 21:25:29,209 RX 83 F1 B1 C1 D9 8F 4E
2026-10-09 21:25:29,209 RX 83 F1 B1 C1 D9 8F 4E
2026-10-09 21:25:29,209 RX 83 F1 B1 C1 D9 8F 4E
2026-10-09 21:25:29,209 RX 83 F1 B1 C1 D9 8F 4E
2026-10-09 21:25:29,209 RX 83 F1 B1 C1 D9 8F 4E
2026-10-09 21:25:29,209 RX 83 F1 B1 C1 D9 8F 4E
2026-10-09 21:25:29,209 RX 83 F1 B1 C1 D9 8F 4E
2026-10-09 21:25:29,209 RX 83 F1 B1 C1 D9 8F 4E
2026-10-09 21:25:29,209 RX 83 F1 B1 C1 D9 8F 4E
2026-10-09 21:25:29,209 RX 83 F1 B1 C1 D9 8F 4E
2026-10-09 21:25:29,209 RX 83 F1 B1 C1 D9 8F 4E
2026-10-09 21:25:29,209 RX 83 F1 B1 C1 D9 8F 4E
2026-10-09 21:25:29,209 RX 83 F1 B1 C1 D9 8F 4E
2026-10-09 21:25:29,209 RX 83 F1 B1 C1 D9 8F 4E
2026-10-09 21:25:29,209 RX 83 F1 B1 C1 D9 8F 4E
2026-10-09 21:25:29,209 RX 83 F1 B1 C1 D9 8F 4E
2026-10-09 21:25:29,209 RX 83 F1 B1 C1 D9 8F 4E
2026-10-09 21:25:29,209 RX 83 F1 B1 C1 D9 8F 4E
2026-10-09 21:25:29,209 RX 83 F1 B1 C1 D9 8F 4E
2026-10-09 21:25:29,209 RX 83 F1 B1 C1 D9 8F 4E
2026-10-09 21:25:29,209 RX 83 F1 B1 C1 D9 8F 4E
2026-10-09 21:25:29,209 RX 83 F1 B1 C1 D9 8F 4E
2026-10-09 21:25:29,209 RX 83 F1 B1 C1 D9 8F 4E
2026-10-09 21:25:29,209 RX 83 F1 B1 C1 D9 8F 4E
2026-10-09 21:25:29,209 RX 83 F1 B1 C1 D9 8F 4E
2026-10-09 21:25:29,209 RX 83 F1 B1 C1 D9 8F 4E
2026-10-09 21:25:29,209 RX 83 F1 B1 C1 D9 8F 4E
2026-10-09 21:25:29,209 RX 83 F1 B1 C1 D9 8F 4E
2026-10-09 21:25:29,209 RX 83 F1 B1 C1 D9 8F 4E
2026-10-09 21:25:29,209 RX 83 F1 B1 C1 D9 8F 4E
2026-10-09 21:25:29,209 RX 83 F1 B1 C1 D9 8F 4E
2026-10-09 21:25:29,209 RX 83 F1 B1 C1 D9 8F 4E
2026-10-09 21:25:29,209 RX 83 F1 B1 C1 D9 8F 4E
2026-10-09 21:25:29,209 RX 83 F1 B1 C1 D9 8F 4E
2026-10-09 21:25:29,210 RX 83 F1 B1 C1 D9 8F 4E
2026-10-09 21:25:29,210 RX 83 F1 B1 C1 D9 8F 4E
2026-10-09 21:25:29,210 RX 83 F1 B1 C1 D9 8F 4E
2026-10-09 21:25:29,210 RX 83 F1 B1 C1 D9 8F 4E
2026-10-09 21:25:29,210 RX 83 F1 B1 C1 D9 8F 4E
2026-10-09 21:25:29,210 RX 83 F1 B1 C1 D9 8F 4E
2026-10-09 21:25:29,210 RX 83 F1 B1 C1 D9 8F 4E
2026-10-09 21:25:29,210 RX 83 F1 B1 C1 D9 8F 4E
2026-10-09 21:25:29,210 RX 83 F1 B1 C1 D9 8F 4E
2026-10-09 21:25:29,210 RX 83 F1 B1 C1 D9 8F 4E
2026-10-09 21:25:29,210 RX 83 F1 B1 C1 D9 8F 4E
2026-10-09 21:25:29,210 RX 83 F1 B1 C1 D9 8F 4E
2026-10-09 21:25:29,210 RX 83 F1 B1 C1 D9 8F 4E
2026-10-09 21:25:29,210 RX 83 F1 B1 C1 D9 8F 4E
2026-10-09 21:25:29,210 RX 83 F1 B1 C1 D9 8F 4E
2026-10-09 21:25:29,210 RX 83 F1 B1 C1 D9 8F 4E
2026-10-09 21:25:29,210 RX 83 F1 B1 C1 D9 8F 4E
2026-10-09 21:25:29,210 RX 83 F1 B1 C1 D9 8F 4E
2026-10-09 21:25:29,210 RX 83 F1 B1 C1 D9 8F 4E
2026-10-09 21:25:29,210 RX 83 F1 B1 C1 D9 8F 4E
2026-10-09 21:25:29,210 RX 83 F1 B1 C1 D9 8F 4E
2026-10-09 21:25:29,210 RX 83 F1 B1 C1 D9 8F 4E
2026-10-09 21:25:29,210 RX 83 F1 B1 C1 D9 8F 4E
2026-10-09 21:25:29,210 RX 83 F1 B1 C1 D9 8F 4E
2026-10-09 21:25:29,210 RX 83 F1 B1 C1 D9 8F 4E
2026-10-09 21:25:29,210 RX 83 F1 B1 C1 D9 8F 4E
2026-10-09 21:25:29,210 RX 83 F1 B1 C1 D9 8F 4E
2026-10-09 21:25:29,210 RX 83 F1 B1 C1 D9 8F 4E
2026-10-09 21:25:29,210 RX 83 F1 B1 C1 D9 8F 4E
2026-10-09 21:25:29,210 RX 83 F1 B1 C1 D9 8F 4E
2026-10-09 21:25:29,210 RX 83 F1 B1 C1 D9 8F 4E
2026-10-09 21:25:29,210 RX 83 F1 B1 C1 D9 8F 4E
2026-10-09 21:25:29,210 RX 83 F1 B1 C1 D9 8F 4E
2026-10-09 21:25:29,210 RX 83 F1 B1 C1 D9 8F 4E
2026-10-09 21:25:29,210 RX 83 F1 B1 C1 D9 8F 4E
2026-10-09 21:25:29,210 RX 83 F1 B1 C1 D9 8F 4E
2026-10-09 21:25:29,210 RX 83 F1 B1 C1 D9 8F 4E
2026-10-09 21:25:29,210 RX 83 F1 B1 C1 D9 8F 4E
2026-10-09 21:25:29,210 RX 83 F1 B1 C1 D9 8F 4E
2026-10-09 21:25:29,210 RX 83 F1 B1 C1 D9 8F 4E
2026-10-09 21:25:29,210 RX 83 F1 B1 C1 D9 8F 4E
2026-10-09 21:25:29,211 RX 83 F1 B1 C1 D9 8F 4E
2026-10-09 21:25:29,211 RX 83 F1 B1 C1 D9 8F 4E
2026-10-09 21:25:29,211 RX 83 F1 B1 C1 D9 8F 4E
2026-10-09 21:25:29,211 RX 83 F1 B1 C1 D9 8F 4E
2026-10-09 21:25:29,211 RX 83 F1 B1 C1 D9 8F 4E
2026-10-09 21:25:29,211 RX 83 F1 B1 C1 D9 8F 4E
2026-10-09 21:25:29,211 RX 83 F1 B1 C1 D9 8F 4E
2026-10-09 21:25:29,211 RX 83 F1 B1 C1 D9 8F 4E
2026-10-09 21:25:29,211 RX 83 F1 B1 C1 D9 8F 4E
2026-10-09 21:25:29,211 RX 83 F1 B1 C1 D9 8F 4E
2026-10-09 21:25:29,211 RX 83 F1 B1 C1 D9 8F 4E
2026-10-09 21:25:29,211 RX 83 F1 B1 C1 D9 8F 4E
2026-10-09 21:25:29,211 RX 83 F1 B1 C1 D9 8F 4E
2026-10-09 21:25:29,211 RX 83 F1 B1 C1 D9 8F 4E
2026-10-09 21:25:29,211 RX 83 F1 B1 C1 D9 8F 4E
2026-10-09 21:25:29,211 RX 83 F1 B1 C1 D9 8F 4E
2026-10-09 21:25:29,211 RX 83 F1 B1 C1 D9 8F 4E
2026-10-09 21:25:29,211 RX 83 F1 B1 C1 D9 8F 4E
2026-10-09 21:25:29,211 RX 83 F1 B1 C1 D9 8F 4E
2026-10-09 21:25:29,211 RX 83 F1 B1 C1 D9 8F 4E
2026-10-09 21:25:29,211 RX 83 F1 B1 C1 D9 8F 4E
2026-10-09 21:25:29,211 RX 83 F1 B1 C1 D9 8F 4E
2026-10-09 21:25:29,211 RX 83 F1 B1 C1 D9 8F 4E
2026-10-09 21:25:29,211 RX 83 F1 B1 C1 D9 8F 4E
2026-10-09 21:25:29,211 RX 83 F1 B1 C1 D9 8F 4E
2026-10-09 21:25:29,211 RX 83 F1 B1 C1 D9 8F 4E
2026-10-09 21:25:29,211 RX 83 F1 B1 C1 D9 8F 4E
2026-10-09 21:25:29,211 RX 83 F1 B1 C1 D9 8F 4E
2026-10-09 21:25:29,211 RX 83 F1 B1 C1 D9 8F 4E
2026-10-09 21:25:29,211 RX 83 F1 B1 C1 D9 8F 4E
2026-10-09 21:25:29,211 RX 83 F1 B1 C1 D9 8F 4E
2026-10-09 21:25:29,211 RX 83 F1 B1 C1 D9 8F 4E
2026-10-09 21:25:29,211 RX 83 F1 B1 C1 D9 8F 4E
2026-10-09 21:25:29,211 RX 83 F1 B1 C1 D9 8F 4E
2026-10-09 21:25:29,211 RX 83 F1 B1 C1 D9 8F 4E
2026-10-09 21:25:29,211 RX 83 F1 B1 C1 D9 8F 4E
2026-10-09 21:25:29,211 RX 83 F1 B1 C1 D9 8F 4E
2026-10-09 21:25:29,211 RX 83 F1 B1 C1 D9 8F 4E
2026-10-09 21:25:29,211 RX 83 F1 B1 C1 D9 8F 4E
2026-10-09 21:25:29,211 RX 83 F1 B1 C1 D9 8F 4E
2026-10-09 21:25:29,211 RX 83 F1 B1 C1 D9 8F 4E
2026-10-09 21:25:29,212 RX 83 F1 B1 C1 D9 8F 4E
2026-10-09 21:25:29,212 RX 83 F1 B1 C1 D9 8F 4E
2026-10-09 21:25:29,212 RX 83 F1 B1 C1 D9 8F 4E
2026-10-09 21:25:29,212 RX 83 F1 B1 C1 D9 8F 4E
2026-10-09 21:25:29,212 RX 83 F1 B1 C1 D9 8F 4E
2026-10-09 21:25:29,212 RX 83 F1 B1 C1 D9 8F 4E
2026-10-09 21:25:29,212 RX 83 F1 B1 C1 D9 8F 4E
2026-10-09 21:25:29,212 RX 83 F1 B1 C1 D9 8F 4E
2026-10-09 21:25:29,212 RX 83 F1 B1 C1 D9 8F 4E
2026-10-09 21:25:29,212 RX 83 F1 B1 C1 D9 8F 4E
2026-10-09 21:25:29,212 RX 83 F1 B1 C1 D9 8F 4E
2026-10-09 21:25:29,212 RX 83 F1 B1 C1 D9 8F 4E
2026-10-09 21:25:29,212 RX 83 F1 B1 C1 D9 8F 4E
2026-10-09 21:25:29,212 RX 83 F1 B1 C1 D9 8F 4E
2026-10-09 21:25:29,212 RX 83 F1 B1 C1 D9 8F 4E
2026-10-09 21:25:29,212 RX 83 F1 B1 C1 D9 8F 4E
2026-10-09 21:25:29,212 RX 83 F1 B1 C1 D9 8F 4E
2026-10-09 21:25:29,212 RX 83 F1 B1 C1 D9 8F 4E
2026-10-09 21:25:29,212 RX 83 F1 B1 C1 D9 8F 4E
2026-10-09 21:25:29,212 RX 83 F1 B1 C1 D9 8F 4E
2026-10-09 21:25:29,212 RX 83 F1 B1 C1 D9 8F 4E
2026-10-09 21:25:29,212 RX 83 F1 B1 C1 D9 8F 4E
2026-10-09 21:25:29,212 RX 83 F1 B1 C1 D9 8F 4E
2026-10-09 21:25:29,212 RX 83 F1 B1 C1 D9 8F 4E
2026-10-09 21:25:29,212 RX 83 F1 B1 C1 D9 8F 4E
2026-10-09 21:25:29,212 RX 83 F1 B1 C1 D9 8F 4E
2026-10-09 21:25:29,212 RX 83 F1 B1 C1 D9 8F 4E
2026-10-09 21:25:29,212 RX 83 F1 B1 C1 D9 8F 4E
2026-10-09 21:25:29,212 RX 83 F1 B1 C1 D9 8F 4E
2026-10-09 21:25:29,212 RX 83 F1 B1 C1 D9 8F 4E
2026-10-09 21:25:29,212 RX 83 F1 B1 C1 D9 8F 4E
2026-10-09 21:25:29,212 RX 83 F1 B1 C1 D9 8F 4E
2026-10-09 21:25:29,212 RX 83 F1 B1 C1 D9 8F 4E
2026-10-09 21:25:29,212 RX 83 F1 B1 C1 D9 8F 4E
2026-10-09 21:25:29,212 RX 83 F1 B1 C1 D9 8F 4E
2026-10-09 21:25:29,212 RX 83 F1 B1 C1 D9 8F 4E
2026-10-09 21:25:29,212 RX 83 F1 B1 C1 D9 8F 4E
2026-10-09 21:25:29,212 RX 83 F1 B1 C1 D9 8F 4E
2026-10-09 21:25:29,212 RX 83 F1 B1 C1 D9 8F 4E
2026-10-09 21:25:29,212 RX 83 F1 B1 C1 D9 8F 4E
2026-10-09 21:25:29,212 RX 83 F1 B1 C1 D9 8F 4E
2026-10-09 21:25:29,213 RX 83 F1 B1 C1 D9 8F 4E
2026-10-09 21:25:29,213 RX 83 F1 B1 C1 D9 8F 4E
2026-10-09 21:25:29,213 RX 83 F1 B1 C1 D9 8F 4E
2026-10-09 21:25:29,213 RX 83 F1 B1 C1 D9 8F 4E
2026-10-09 21:25:29,213 RX 83 F1 B1 C1 D9 8F 4E
2026-10-09 21:25:29,213 RX 83 F1 B1 C1 D9 8F 4E
2026-10-09 21:25:29,213 RX 83 F1 B1 C1 D9 8F 4E
2026-10-09 21:25:29,213 RX 83 F1 B1 C1 D9 8F 4E
2026-10-09 21:25:29,213 RX 83 F1 B1 C1 D9 8F 4E
2026-10-09 21:25:29,213 RX 83 F1 B1 C1 D9 8F 4E
2026-10-09 21:25:29,213 RX 83 F1 B1 C1 D9 8F 4E
2026-10-09 21:25:29,213 RX 83 F1 B1 C1 D9 8F 4E
2026-10-09 21:25:29,213 RX 83 F1 B1 C1 D9 8F 4E
2026-10-09 21:25:29,213 RX 83 F1 B1 C1 D9 8F 4E
2026-10-09 21:25:29,213 RX 83 F1 B1 C1 D9 8F 4E
2026-10-09 21:25:29,213 RX 83 F1 B1 C1 D9 8F 4E
2026-10-09 21:25:29,213 RX 83 F1 B1 C1 D9 8F 4E
2026-10-09 21:25:29,213 RX 83 F1 B1 C1 D9 8F 4E
2026-10-09 21:25:29,213 RX 83 F1 B1 C1 D9 8F 4E
2026-10-09 21:25:29,213 RX 83 F1 B1 C1 D9 8F 4E
2026-10-09 21:25:29,213 RX 83 F1 B1 C1 D9 8F 4E
2026-10-09 21:25:29,213 RX 83 F1 B1 C1 D9 8F 4E
2026-10-09 21:25:29,213 RX 83 F1 B1 C1 D9 8F 4E
2026-10-09 21:25:29,213 RX 83 F1 B1 C1 D9 8F 4E
2026-10-09 21:25:29,213 RX 83 F1 B1 C1 D9 8F 4E
2026-10-09 21:25:29,213 RX 83 F1 B1 C1 D9 8F 4E
2026-10-09 21:25:29,213 RX 83 F1 B1 C1 D9 8F 4E
2026-10-09 21:25:29,213 RX 83 F1 B1 C1 D9 8F 4E
2026-10-09 21:25:29,213 RX 83 F1 B1 C1 D9 8F 4E
2026-10-09 21:25:29,213 RX 83 F1 B1 C1 D9 8F 4E
2026-10-09 21:25:29,213 RX 83 F1 B1 C1 D9 8F 4E
2026-10-09 21:25:29,213 RX 83 F1 B1 C1 D9 8F 4E
2026-10-09 21:25:29,213 RX 83 F1 B1 C1 D9 8F 4E
2026-10-09 21:25:29,213 RX 83 F1 B1 C1 D9 8F 4E
2026-10-09 21:25:29,213 RX 83 F1 B1 C1 D9 8F 4E
2026-10-09 21:25:29,213 RX 83 F1 B1 C1 D9 8F 4E
2026-10-09 21:25:29,213 RX 83 F1 B1 C1 D9 8F 4E
2026-10-09 21:25:29,213 RX 83 F1 B1 C1 D9 8F 4E
2026-10-09 21:25:29,213 RX 83 F1 B1 C1 D9 8F 4E
2026-10-09 21:25:29,213 RX 83 F1 B1 C1 D9 8F 4E
2026-10-09 21:25:29,213 RX 83 F1 B1 C1 D9 8F 4E
2026-10-09 21:25:29,214 RX 83 F1 B1 C1 D9 8F 4E
2026-10-09 21:25:29,214 RX 83 F1 B1 C1 D9 8F 4E
2026-10-09 21:25:29,214 RX 83 F1 B1 C1 D9 8F 4E
2026-10-09 21:25:29,214 RX 83 F1 B1 C1 D9 8F 4E
2026-10-09 21:25:29,214 RX 83 F1 B1 C1 D9 8F 4E
2026-10-09 21:25:29,214 RX 83 F1 B1 C1 D9 8F 4E
2026-10-09 21:25:29,214 RX 83 F1 B1 C1 D9 8F 4E
2026-10-09 21:25:29,214 RX 83 F1 B1 C1 D9 8F 4E
2026-10-09 21:25:29,214 RX 83 F1 B1 C1 D9 8F 4E
2026-10-09 21:25:29,214 RX 83 F1 B1 C1 D9 8F 4E
2026-10-09 21:25:29,214 RX 83 F1 B1 C1 D9 8F 4E
2026-10-09 21:25:29,214 RX 83 F1 B1 C1 D9 8F 4E
2026-10-09 21:25:29,214 RX 83 F1 B1 C1 D9 8F 4E
2026-10-09 21:25:29,214 RX 83 F1 B1 C1 D9 8F 4E
2026-10-09 21:25:29,214 RX 83 F1 B1 C1 D9 8F 4E
2026-10-09 21:25:29,214 RX 83 F1 B1 C1 D9 8F 4E
2026-10-09 21:25:29,214 RX 83 F1 B1 C1 D9 8F 4E
2026-10-09 21:25:29,214 RX 83 F1 B1 C1 D9 8F 4E
2026-10-09 21:25:29,214 RX 83 F1 B1 C1 D9 8F 4E
2026-10-09 21:25:29,214 RX 83 F1 B1 C1 D9 8F 4E
2026-10-09 21:25:29,214 RX 83 F1 B1 C1 D9 8F 4E
2026-10-09 21:25:29,214 RX 83 F1 B1 C1 D9 8F 4E
2026-10-09 21:25:29,214 RX 83 F1 B1 C1 D9 8F 4E
2026-10-09 21:25:29,214 RX 83 F1 B1 C1 D9 8F 4E
2026-10-09 21:25:29,214 RX 83 F1 B1 C1 D9 8F 4E
2026-10-09 21:25:29,214 RX 83 F1 B1 C1 D9 8F 4E
2026-10-09 21:25:29,214 RX 83 F1 B1 C1 D9 8F 4E
2026-10-09 21:25:29,214 RX 83 F1 B1 C1 D9 8F 4E
2026-10-09 21:25:29,214 RX 83 F1 B1 C1 D9 8F 4E
2026-10-09 21:25:29,214 RX 83 F1 B1 C1 D9 8F 4E
2026-10-09 21:25:29,214 RX 83 F1 B1 C1 D9 8F 4E
2026-10-09 21:25:29,214 RX 83 F1 B1 C1 D9 8F 4E
2026-10-09 21:25:29,214 RX 83 F1 B1 C1 D9 8F 4E
2026-10-09 21:25:29,214 RX 83 F1 B1 C1 D9 8F 4E
2026-10-09 21:25:29,214 RX 83 F1 B1 C1 D9 8F 4E
2026-10-09 21:25:29,214 RX 83 F1 B1 C1 D9 8F 4E
2026-10-09 21:25:29,214 RX 83 F1 B1 C1 D9 8F 4E
2026-10-09 21:25:29,214 RX 83 F1 B1 C1 D9 8F 4E
2026-10-09 21:25:29,214 RX 83 F1 B1 C1 D9 8F 4E
2026-10-09 21:25:29,214 RX 83 F1 B1 C1 D9 8F 4E
2026-10-09 21:25:29,214 RX 83 F1 B1 C1 D9 8F 4E
2026-10-09 21:25:29,215 RX 83 F1 B1 C1 D9 8F 4E
2026-10-09 21:25:29,215 RX 83 F1 B1 C1 D9 8F 4E
2026-10-09 21:25:29,215 RX 83 F1 B1 C1 D9 8F 4E
2026-10-09 21:25:29,215 RX 83 F1 B1 C1 D9 8F 4E
2026-10-09 21:25:29,215 RX 83 F1 B1 C1 D9 8F 4E
2026-10-09 21:25:29,215 RX 83 F1 B1 C1 D9 8F 4E
2026-10-09 21:25:29,215 RX 83 F1 B1 C1 D9 8F 4E
2026-10-09 21:25:29,215 RX 83 F1 B1 C1 D9 8F 4E
2026-10-09 21:25:29,215 RX 83 F1 B1 C1 D9 8F 4E
2026-10-09 21:25:29,215 RX 83 F1 B1 C1 D9 8F 4E
2026-10-09 21:25:29,215 RX 83 F1 B1 C1 D9 8F 4E
2026-10-09 21:25:29,215 RX 83 F1 B1 C1 D9 8F 4E
2026-10-09 21:25:29,215 RX 83 F1 B1 C1 D9 8F 4E
2026-10-09 21:25:29,215 RX 83 F1 B1 C1 D9 8F 4E
2026-10-09 21:25:29,215 RX 83 F1 B1 C1 D9 8F 4E
2026-10-09 21:25:29,215 RX 83 F1 B1 C1 D9 8F 4E
2026-10-09 21:25:29,215 RX 83 F1 B1 C1 D9 8F 4E
2026-10-09 21:25:29,215 RX 83 F1 B1 C1 D9 8F 4E
2026-10-09 21:25:29,215 RX 83 F1 B1 C1 D9 8F 4E
2026-10-09 21:25:29,215 RX 83 F1 B1 C1 D9 8F 4E
2026-10-09 21:25:29,215 RX 83 F1 B1 C1 D9 8F 4E
2026-10-09 21:25:29,215 RX 83 F1 B1 C1 D9 8F 4E
2026-10-09 21:25:29,215 RX 83 F1 B1 C1 D9 8F 4E
2026-10-09 21:25:29,215 RX 83 F1 B1 C1 D9 8F 4E
2026-10-09 21:25:29,215 RX 83 F1 B1 C1 D9 8F 4E
2026-10-09 21:25:29,215 RX 83 F1 B1 C1 D9 8F 4E
2026-10-09 21:25:29,215 RX 83 F1 B1 C1 D9 8F 4E
2026-10-09 21:25:29,215 RX 83 F1 B1 C1 D9 8F 4E
2026-10-09 21:25:29,215 RX 83 F1 B1 C1 D9 8F 4E
2026-10-09 21:25:29,215 RX 83 F1 B1 C1 D9 8F 4E
2026-10-09 21:25:29,215 RX 83 F1 B1 C1 D9 8F 4E
2026-10-09 21:25:29,215 RX 83 F1 B1 C1 D9 8F 4E
2026-10-09 21:25:29,215 RX 83 F1 B1 C1 D9 8F 4E
2026-10-09 21:25:29,215 RX 83 F1 B1 C1 D9 8F 4E
2026-10-09 21:25:29,215 RX 83 F1 B1 C1 D9 8F 4E
2026-10-09 21:25:29,215 RX 83 F1 B1 C1 D9 8F 4E
2026-10-09 21:25:29,215 RX 83 F1 B1 C1 D9 8F 4E
2026-10-09 21:25:29,215 RX 83 F1 B1 C1 D9 8F 4E
2026-10-09 21:25:29,215 RX 83 F1 B1 C1 D9 8F 4E
2026-10-09 21:25:29,215 RX 83 F1 B1 C1 D9 8F 4E
2026-10-09 21:25:29,215 RX 83 F1 B1 C1 D9 8F 4E
2026-10-09 21:25:29,215 RX 83 F1 B1 C1 D9 8F 4E
2026-10-09 21:25:29,215 RX 83 F1 B1 C1 D9 8F 4E
2026-10-09 21:25:29,215 RX 83 F1 B1 C1 D9 8F 4E
2026-10-09 21:25:29,215 RX 83 F1 B1 C1 D9 8F 4E
2026-10-09 21:25:29,215 RX 83 F1 B1 C1 D9 8F 4E
2026-10-09 21:25:29,215 RX 83 F1 B1 C1 D9 8F 4E
2026-10-09 21:25:29,216 RX 83 F1 B1 C1 D9 8F 4E
2026-10-09 21:25:29,216 RX 83 F1 B1 C1 D9 8F 4E
2026-10-09 21:25:29,216 RX 83 F1 B1 C1 D9 8F 4E
2026-10-09 21:25:29,216 RX 83 F1 B1 C1 D9 8F 4E
2026-10-09 21:25:29,216 RX 83 F1 B1 C1 D9 8F 4E
2026-10-09 21:25:29,216 RX 83 F1 B1 C1 D9 8F 4E
2026-10-09 21:25:29,216 RX 83 F1 B1 C1 D9 8F 4E
2026-10-09 21:25:29,216 RX 83 F1 B1 C1 D9 8F 4E
2026-10-09 21:25:29,216 RX 83 F1 B1 C1 D9 8F 4E
2026-10-09 21:25:29,216 RX 83 F1 B1 C1 D9 8F 4E
2026-10-09 21:25:29,216 RX 83 F1 B1 C1 D9 8F 4E
2026-10-09 21:25:29,216 RX 83 F1 B1 C1 D9 8F 4E
2026-10-09 21:25:29,216 RX 83 F1 B1 C1 D9 8F 4E
2026-10-09 21:25:29,216 RX 83 F1 B1 C1 D9 8F 4E
2026-10-09 21:25:29,216 RX 83 F1 B1 C1 D9 8F 4E
2026-10-09 21:25:29,216 RX 83 F1 B1 C1 D9 8F 4E
2026-10-09 21:25:29,216 RX 83 F1 B1 C1 D9 8F 4E
2026-10-09 21:25:29,216 RX 83 F1 B1 C1 D9 8F 4E
2026-10-09 21:25:29,216 RX 83 F1 B1 C1 D9 8F 4E
2026-10-09 21:25:29,216 RX 83 F1 B1 C1 D9 8F 4E
2026-10-09 21:25:29,216 RX 83 F1 B1 C1 D9 8F 4E
2026-10-09 21:25:29,216 RX 83 F1 B1 C1 D9 8F 4E
2026-10-09 21:25:29,216 RX 83 F1 B1 C1 D9 8F 4E
2026-10-09 21:25:29,216 RX 83 F1 B1 C1 D9 8F 4E
2026-10-09 21:25:29,216 RX 83 F1 B1 C1 D9 8F 4E
2026-10-09 21:25:29,216 RX 83 F1 B1 C1 D9 8F 4E
2026-10-09 21:25:29,216 RX 83 F1 B1 C1 D9 8F 4E
2026-10-09 21:25:29,216 RX 83 F1 B1 C1 D9 8F 4E
2026-10-09 21:25:29,216 RX 83 F1 B1 C1 D9 8F 4E
2026-10-09 21:25:29,216 RX 83 F1 B1 C1 D9 8F 4E
2026-10-09 21:25:29,216 RX 83 F1 B1 C1 D9 8F 4E
2026-10-09 21:25:29,216 RX 83 F1 B1 C1 D9 8F 4E
2026-10-09 21:25:29,216 RX 83 F1 B1 C1 D9 8F 4E
2026-10-09 21:25:29,216 RX 83 F1 B1 C1 D9 8F 4E
2026-10-09 21:25:29,216 RX 83 F1 B1 C1 D9 8F 4E
2026-10-09 21:25:29,216 RX 83 F1 B1 C1 D9 8F 4E
2026-10-09 21:25:29,216 RX 83 F1 B1 C1 D9 8F 4E
2026-10-09 21:25:29,216 RX 83 F1 B1 C1 D9 8F 4E
2026-10-09 21:25:29,216 RX 83 F1 B1 C1 D9 8F 4E
2026-10-09 21:25:29,216 RX 83 F1 B1 C1 D9 8F 4E
2026-10-09 21:25:29,216 RX 83 F1 B1 C1 D9 8F 4E
2026-10-09 21:25:29,216 RX 83 F1 B1 C1 D9 8F 4E
2026-10-09 21:25:29,216 RX 83 F1 B1 C1 D9 8F 4E
2026-10-09 21:25:29,216 RX 83 F1 B1 C1 D9 8F 4E
2026-10-09 21:25:29,216 RX 83 F1 B1 C1 D9 8F 4E
2026-10-09 21:25:29,216 RX 83 F1 B1 C1 D9 8F 4E
2026-10-09 21:25:29,217 RX 83 F1 B1 C1 D9 8F 4E
2026-10-09 21:25:29,217 RX 83 F1 B1 C1 D9 8F 4E
2026-10-09 21:25:29,217 RX 83 F1 B1 C1 D9 8F 4E
2026-10-09 21:25:29,217 RX 83 F1 B1 C1 D9 8F 4E
2026-10-09 21:25:29,217 RX 83 F1 B1 C1 D9 8F 4E
2026-10-09 21:25:29,217 RX 83 F1 B1 C1 D9 8F 4E
2026-10-09 21:25:29,217 RX 83 F1 B1 C1 D9 8F 4E
2026-10-09 21:25:29,217 RX 83 F1 B1 C1 D9 8F 4E
2026-10-09 21:25:29,217 RX 83 F1 B1 C1 D9 8F 4E
2026-10-09 21:25:29,217 RX 83 F1 B1 C1 D9 8F 4E
2026-10-09 21:25:29,217 RX 83 F1 B1 C1 D9 8F 4E
2026-10-09 21:25:29,217 RX 83 F1 B1 C1 D9 8F 4E
2026-10-09 21:25:29,217 RX 83 F1 B1 C1 D9 8F 4E
2026-10-09 21:25:29,217 RX 83 F1 B1 C1 D9 8F 4E
2026-10-09 21:25:29,217 RX 83 F1 B1 C1 D9 8F 4E
2026-10-09 21:25:29,217 RX 83 F1 B1 C1 D9 8F 4E
2026-10-09 21:25:29,217 RX 83 F1 B1 C1 D9 8F 4E
2026-10-09 21:25:29,217 RX 83 F1 B1 C1 D9 8F 4E
2026-10-09 21:25:29,217 RX 83 F1 B1 C1 D9 8F 4E
2026-10-09 21:25:29,217 RX 83 F1 B1 C1 D9 8F 4E
2026-10-09 21:25:29,217 RX 83 F1 B1 C1 D9 8F 4E
2026-10-09 21:25:29,217 RX 83 F1 B1 C1 D9 8F 4E
2026-10-09 21:25:29,217 RX 83 F1 B1 C1 D9 8F 4E
2026-10-09 21:25:29,217 RX 83 F1 B1 C1 D9 8F 4E
2026-10-09 21:25:29,217 RX 83 F1 B1 C1 D9 8F 4E
2026-10-09 21:25:29,217 RX 83 F1 B1 C1 D9 8F 4E
2026-10-09 21:25:29,217 RX 83 F1 B1 C1 D9 8F 4E
2026-10-09 21:25:29,217 RX 83 F1 B1 C1 D9 8F 4E
2026-10-09 21:25:29,217 RX 83 F1 B1 C1 D9 8F 4E
2026-10-09 21:25:29,217 RX 83 F1 B1 C1 D9 8F 4E
2026-10-09 21:25:29,217 RX 83 F1 B1 C1 D9 8F 4E
2026-10-09 21:25:29,217 RX 83 F1 B1 C1 D9 8F 4E
2026-10-09 21:25:29,217 RX 83 F1 B1 C1 D9 8F 4E
2026-10-09 21:25:29,217 RX 83 F1 B1 C1 D9 8F 4E
2026-10-09 21:25:29,217 RX 83 F1 B1 C1 D9 8F 4E
2026-10-09 21:25:29,217 RX 83 F1 B1 C1 D9 8F 4E
2026-10-09 21:25:29,217 RX 83 F1 B1 C1 D9 8F 4E
2026-10-09 21:25:29,217 RX 83 F1 B1 C1 D9 8F 4E
2026-10-09 21:25:29,217 RX 83 F1 B1 C1 D9 8F 4E
2026-10-09 21:25:29,217 RX 83 F1 B1 C1 D9 8F 4E
2026-10-09 21:25:29,217 RX 83 F1 B1 C1 D9 8F 4E
2026-10-09 21:25:29,217 RX 83 F1 B1 C1 D9 8F 4E
2026-10-09 21:25:29,217 RX 83 F1 B1 C1 D9 8F 4E
2026-10-09 21:25:29,217 RX 83 F1 B1 C1 D9 8F 4E
2026-10-09 21:25:29,217 RX 83 F1 B1 C1 D9 8F 4E
2026-10-09 21:25:29,217 RX 83 F1 B1 C1 D9 8F 4E
2026-10-09 21:25:29,218 RX 83 F1 B1 C1 D9 8F 4E
2026-10-09 21:25:29,218 RX 83 F1 B1 C1 D9 8F 4E
2026-10-09 21:25:29,218 RX 83 F1 B1 C1 D9 8F 4E
2026-10-09 21:25:29,218 RX 83 F1 B1 C1 D9 8F 4E
2026-10-09 21:25:29,218 RX 83 F1 B1 C1 D9 8F 4E
2026-10-09 21:25:29,218 RX 83 F1 B1 C1 D9 8F 4E
2026-10-09 21:25:29,218 RX 83 F1 B1 C1 D9 8F 4E
2026-10-09 21:25:29,218 RX 83 F1 B1 C1 D9 8F 4E
2026-10-09 21:25:29,218 RX 83 F1 B1 C1 D9 8F 4E
2026-10-09 21:25:29,218 RX 83 F1 B1 C1 D9 8F 4E
2026-10-09 21:25:29,218 RX 83 F1 B1 C1 D9 8F 4E
2026-10-09 21:25:29,218 RX 83 F1 B1 C1 D9 8F 4E
2026-10-09 21:25:29,218 RX 83 F1 B1 C1 D9 8F 4E
2026-10-09 21:25:29,218 RX 83 F1 B1 C1 D9 8F 4E
2026-10-09 21:25:29,218 RX 83 F1 B1 C1 D9 8F 4E
2026-10-09 21:25:29,218 RX 83 F1 B1 C1 D9 8F 4E
2026-10-09 21:25:29,218 RX 83 F1 B1 C1 D9 8F 4E
2026-10-09 21:25:29,218 RX 83 F1 B1 C1 D9 8F 4E
2026-10-09 21:25:29,218 RX 83 F1 B1 C1 D9 8F 4E
2026-10-09 21:25:29,218 RX 83 F1 B1 C1 D9 8F 4E
2026-10-09 21:25:29,218 RX 83 F1 B1 C1 D9 8F 4E
2026-10-09 21:25:29,218 RX 83 F1 B1 C1 D9 8F 4E
2026-10-09 21:25:29,218 RX 83 F1 B1 C1 D9 8F 4E
2026-10-09 21:25:29,218 RX 83 F1 B1 C1 D9 8F 4E
2026-10-09 21:25:29,218 RX 83 F1 B1 C1 D9 8F 4E
2026-10-09 21:25:29,218 RX 83 F1 B1 C1 D9 8F 4E
2026-10-09 21:25:29,218 RX 83 F1 B1 C1 D9 8F 4E
2026-10-09 21:25:29,218 RX 83 F1 B1 C1 D9 8F 4E
2026-10-09 21:25:29,218 RX 83 F1 B1 C1 D9 8F 4E
2026-10-09 21:25:29,218 RX 83 F1 B1 C1 D9 8F 4E
2026-10-09 21:25:29,218 RX 83 F1 B1 C1 D9 8F 4E
2026-10-09 21:25:29,218 RX 83 F1 B1 C1 D9 8F 4E
2026-10-09 21:25:29,218 RX 83 F1 B1 C1 D9 8F 4E
2026-10-09 21:25:29,218 RX 83 F1 B1 C1 D9 8F 4E
2026-10-09 21:25:29,218 RX 83 F1 B1 C1 D9 8F 4E
2026-10-09 21:25:29,218 RX 83 F1 B1 C1 D9 8F 4E
2026-10-09 21:25:29,218 RX 83 F1 B1 C1 D9 8F 4E
2026-10-09 21:25:29,218 RX 83 F1 B1 C1 D9 8F 4E
2026-10-09 21:25:29,218 RX 83 F1 B1 C1 D9 8F 4E
2026-10-09 21:25:29,218 RX 83 F1 B1 C1 D9 8F 4E
2026-10-09 21:25:29,218 RX 83 F1 B1 C1 D9 8F 4E
2026-10-09 21:25:29,218 RX 83 F1 B1 C1 D9 8F 4E
2026-10-09 21:25:29,218 RX 83 F1 B1 C1 D9 8F 4E
2026-10-09 21:25:29,218 RX 83 F1 B1 C1 D9 8F 4E
2026-10-09 21:25:29,218 RX 83 F1 B1 C1 D9 8F 4E
2026-10-09 21:25:29,218 RX 83 F1 B1 C1 D9 8F 4E
2026-10-09 21:25:29,218 RX 83 F1 B1 C1 D9 8F 4E
2026-10-09 21:25:29,219 RX 83 F1 B1 C1 D9 8F 4E
2026-10-09 21:25:29,219 RX 83 F1 B1 C1 D9 8F 4E
2026-10-09 21:25:29,219 RX 83 F1 B1 C1 D9 8F 4E
2026-10-09 21:25:29,219 RX 83 F1 B1 C1 D9 8F 4E
2026-10-09 21:25:29,219 RX 83 F1 B1 C1 D9 8F 4E
2026-10-09 21:25:29,219 RX 83 F1 B1 C1 D9 8F 4E
2026-10-09 21:25:29,219 RX 83 F1 B1 C1 D9 8F 4E
2026-10-09 21:25:29,219 RX 83 F1 B1 C1 D9 8F 4E
2026-10-09 21:25:29,219 RX 83 F1 B1 C1 D9 8F 4E
2026-10-09 21:25:29,219 RX 83 F1 B1 C1 D9 8F 4E
2026-10-09 21:25:29,219 RX 83 F1 B1 C1 D9 8F 4E
2026-10-09 21:25:29,219 RX 83 F1 B1 C1 D9 8F 4E
2026-10-09 21:25:29,219 RX 83 F1 B1 C1 D9 8F 4E
2026-10-09 21:25:29,219 RX 83 F1 B1 C1 D9 8F 4E
2026-10-09 21:25:29,219 RX 83 F1 B1 C1 D9 8F 4E
2026-10-09 21:25:29,219 RX 83 F1 B1 C1 D9 8F 4E
2026-10-09 21:25:29,219 RX 83 F1 B1 C1 D9 8F 4E
2026-10-09 21:25:29,219 RX 83 F1 B1 C1 D9 8F 4E
2026-10-09 21:25:29,219 RX 83 F1 B1 C1 D9 8F 4E
2026-10-09 21:25:29,219 RX 83 F1 B1 C1 D9 8F 4E
2026-10-09 21:25:29,219 RX 83 F1 B1 C1 D9 8F 4E
2026-10-09 21:25:29,219 RX 83 F1 B1 C1 D9 8F 4E
2026-10-09 21:25:29,219 RX 83 F1 B1 C1 D9 8F 4E
2026-10-09 21:25:29,219 RX 83 F1 B1 C1 D9 8F 4E
2026-10-09 21:25:29,219 RX 83 F1 B1 C1 D9 8F 4E
2026-10-09 21:25:29,219 RX 83 F1 B1 C1 D9 8F 4E
2026-10-09 21:25:29,219 RX 83 F1 B1 C1 D9 8F 4E
2026-10-09 21:25:29,219 RX 83 F1 B1 C1 D9 8F 4E
2026-10-09 21:25:29,219 RX 83 F1 B1 C1 D9 8F 4E
2026-10-09 21:25:29,219 RX 83 F1 B1 C1 D9 8F 4E
2026-10-09 21:25:29,219 RX 83 F1 B1 C1 D9 8F 4E
2026-10-09 21:25:29,219 RX 83 F1 B1 C1 D9 8F 4E
2026-10-09 21:25:29,219 RX 83 F1 B1 C1 D9 8F 4E
2026-10-09 21:25:29,219 RX 83 F1 B1 C1 D9 8F 4E
2026-10-09 21:25:29,219 RX 83 F1 B1 C1 D9 8F 4E
2026-10-09 21:25:29,219 RX 83 F1 B1 C1 D9 8F 4E
2026-10-09 21:25:29,219 RX 83 F1 B1 C1 D9 8F 4E
2026-10-09 21:25:29,219 RX 83 F1 B1 C1 D9 8F 4E
2026-10-09 21:25:29,219 RX 83 F1 B1 C1 D9 8F 4E
2026-10-09 21:25:29,219 RX 83 F1 B1 C1 D9 8F 4E
2026-10-09 21:25:29,219 RX 83 F1 B1 C1 D9 8F 4E
2026-10-09 21:25:29,219 RX 83 F1 B1 C1 D9 8F 4E
2026-10-09 21:25:29,219 RX 83 F1 B1 C1 D9 8F 4E
2026-10-09 21:25:29,219 RX 83 F1 B1 C1 D9 8F 4E
2026-10-09 21:25:29,219 RX 83 F1 B1 C1 D9 8F 4E
2026-10-09 21:25:29,219 RX 83 F1 B1 C1 D9 8F 4E
2026-10-09 21:25:29,220 RX 83 F1 B1 C1 D9 8F 4E
2026-10-09 21:25:29,220 RX 83 F1 B1 C1 D9 8F 4E
2026-10-09 21:25:29,220 RX 83 F1 B1 C1 D9 8F 4E
2026-10-09 21:25:29,220 RX 83 F1 B1 C1 D9 8F 4E
2026-10-09 21:25:29,220 RX 83 F1 B1 C1 D9 8F 4E
2026-10-09 21:25:29,220 RX 83 F1 B1 C1 D9 8F 4E
2026-10-09 21:25:29,220 RX 83 F1 B1 C1 D9 8F 4E
2026-10-09 21:25:29,220 RX 83 F1 B1 C1 D9 8F 4E
2026-10-09 21:25:29,220 RX 83 F1 B1 C1 D9 8F 4E
2026-10-09 21:25:29,220 RX 83 F1 B1 C1 D9 8F 4E
2026-10-09 21:25:29,220 RX 83 F1 B1 C1 D9 8F 4E
2026-10-09 21:25:29,220 RX 83 F1 B1 C1 D9 8F 4E
2026-10-09 21:25:29,220 RX 83 F1 B1 C1 D9 8F 4E
2026-10-09 21:25:29,220 RX 83 F1 B1 C1 D9 8F 4E
2026-10-09 21:25:29,220 RX 83 F1 B1 C1 D9 8F 4E
2026-10-09 21:25:29,220 RX 83 F1 B1 C1 D9 8F 4E
2026-10-09 21:25:29,220 RX 83 F1 B1 C1 D9 8F 4E
2026-10-09 21:25:29,220 RX 83 F1 B1 C1 D9 8F 4E
2026-10-09 21:25:29,220 RX 83 F1 B1 C1 D9 8F 4E
2026-10-09 21:25:29,220 RX 83 F1 B1 C1 D9 8F 4E
2026-10-09 21:25:29,220 RX 83 F1 B1 C1 D9 8F 4E
2026-10-09 21:25:29,220 RX 83 F1 B1 C1 D9 8F 4E
2026-10-09 21:25:29,220 RX 83 F1 B1 C1 D9 8F 4E
2026-10-09 21:25:29,220 RX 83 F1 B1 C1 D9 8F 4E
2026-10-09 21:25:29,220 RX 83 F1 B1 C1 D9 8F 4E
2026-10-09 21:25:29,220 RX 83 F1 B1 C1 D9 8F 4E
2026-10-09 21:25:29,220 RX 83 F1 B1 C1 D9 8F 4E
2026-10-09 21:25:29,220 RX 83 F1 B1 C1 D9 8F 4E
2026-10-09 21:25:29,220 RX 83 F1 B1 C1 D9 8F 4E
2026-10-09 21:25:29,220 RX 83 F1 B1 C1 D9 8F 4E
2026-10-09 21:25:29,220 RX 83 F1 B1 C1 D9 8F 4E
2026-10-09 21:25:29,220 RX 83 F1 B1 C1 D9 8F 4E
2026-10-09 21:25:29,220 RX 83 F1 B1 C1 D9 8F 4E
2026-10-09 21:25:29,220 RX 83 F1 B1 C1 D9 8F 4E
2026-10-09 21:25:29,220 RX 83 F1 B1 C1 D9 8F 4E
2026-10-09 21:25:29,220 RX 83 F1 B1 C1 D9 8F 4E
2026-10-09 21:25:29,220 RX 83 F1 B1 C1 D9 8F 4E
2026-10-09 21:25:29,220 RX 83 F1 B1 C1 D9 8F 4E
2026-10-09 21:25:29,220 RX 83 F1 B1 C1 D9 8F 4E
2026-10-09 21:25:29,220 RX 83 F1 B1 C1 D9 8F 4E
2026-10-09 21:25:29,220 RX 83 F1 B1 C1 D9 8F 4E
2026-10-09 21:25:29,220 RX 83 F1 B1 C1 D9 8F 4E
2026-10-09 21:25:29,220 RX 83 F1 B1 C1 D9 8F 4E
2026-10-09 21:25:29,220 RX 83 F1 B1 C1 D9 8F 4E
2026-10-09 21:25:29,220 RX 83 F1 B1 C1 D9 8F 4E
2026-10-09 21:25:29,221 RX 83 F1 B1 C1 D9 8F 4E
2026-10-09 21:25:29,221 RX 83 F1 B1 C1 D9 8F 4E
2026-10-09 21:25:29,221 RX 83 F1 B1 C1 D9 8F 4E
2026-10-09 21:25:29,221 RX 83 F1 B1 C1 D9 8F 4E
2026-10-09 21:25:29,221 RX 83 F1 B1 C1 D9 8F 4E
2026-10-09 21:25:29,221 RX 83 F1 B1 C1 D9 8F 4E
2026-10-09 21:25:29,221 RX 83 F1 B1 C1 D9 8F 4E
2026-10-09 21:25:29,221 RX 83 F1 B1 C1 D9 8F 4E
2026-10-09 21:25:29,221 RX 83 F1 B1 C1 D9 8F 4E
2026-10-09 21:25:29,221 RX 83 F1 B1 C1 D9 8F 4E
2026-10-09 21:25:29,221 RX 83 F1 B1 C1 D9 8F 4E
2026-10-09 21:25:29,221 RX 83 F1 B1 C1 D9 8F 4E
2026-10-09 21:25:29,221 RX 83 F1 B1 C1 D9 8F 4E
2026-10-09 21:25:29,221 RX 83 F1 B1 C1 D9 8F 4E
2026-10-09 21:25:29,221 RX 83 F1 B1 C1 D9 8F 4E
2026-10-09 21:25:29,221 RX 83 F1 B1 C1 D9 8F 4E
2026-10-09 21:25:29,221 RX 83 F1 B1 C1 D9 8F 4E
2026-10-09 21:25:29,221 RX 83 F1 B1 C1 D9 8F 4E
2026-10-09 21:25:29,221 RX 83 F1 B1 C1 D9 8F 4E
2026-10-09 21:25:29,221 RX 83 F1 B1 C1 D9 8F 4E
2026-10-09 21:25:29,221 RX 83 F1 B1 C1 D9 8F 4E
2026-10-09 21:25:29,221 RX 83 F1 B1 C1 D9 8F 4E
2026-10-09 21:25:29,221 RX 83 F1 B1 C1 D9 8F 4E
2026-10-09 21:25:29,221 RX 83 F1 B1 C1 D9 8F 4E
2026-10-09 21:25:29,221 RX 83 F1 B1 C1 D9 8F 4E
2026-10-09 21:25:29,221 RX 83 F1 B1 C1 D9 8F 4E
2026-10-09 21:25:29,221 RX 83 F1 B1 C1 D9 8F 4E
2026-10-09 21:25:29,221 RX 83 F1 B1 C1 D9 8F 4E
2026-10-09 21:25:29,221 RX 83 F1 B1 C1 D9 8F 4E
2026-10-09 21:25:29,221 RX 83 F1 B1 C1 D9 8F 4E
2026-10-09 21:25:29,221 RX 83 F1 B1 C1 D9 8F 4E
2026-10-09 21:25:29,221 RX 83 F1 B1 C1 D9 8F 4E
2026-10-09 21:25:29,221 RX 83 F1 B1 C1 D9 8F 4E
2026-10-09 21:25:29,221 RX 83 F1 B1 C1 D9 8F 4E
2026-10-09 21:25:29,221 RX 83 F1 B1 C1 D9 8F 4E
2026-10-09 21:25:29,221 RX 83 F1 B1 C1 D9 8F 4E
2026-10-09 21:25:29,221 RX 83 F1 B1 C1 D9 8F 4E
2026-10-09 21:25:29,221 RX 83 F1 B1 C1 D9 8F 4E
2026-10-09 21:25:29,221 RX 83 F1 B1 C1 D9 8F 4E
2026-10-09 21:25:29,221 RX 83 F1 B1 C1 D9 8F 4E
2026-10-09 21:25:29,221 RX 83 F1 B1 C1 D9 8F 4E
2026-10-09 21:25:29,221 RX 83 F1 B1 C1 D9 8F 4E
2026-10-09 21:25:29,221 RX 83 F1 B1 C1 D9 8F 4E
2026-10-09 21:25:29,221 RX 83 F1 B1 C1 D9 8F 4E
2026-10-09 21:25:29,221 RX 83 F1 B1 C1 D9 8F 4E
2026-10-09 21:25:29,221 RX 83 F1 B1 C1 D9 8F 4E
2026-10-09 21:25:29,222 RX 83 F1 B1 C1 D9 8F 4E
2026-10-09 21:25:29,222 RX 83 F1 B1 C1 D9 8F 4E
2026-10-09 21:25:29,222 RX 83 F1 B1 C1 D9 8F 4E
2026-10-09 21:25:29,222 RX 83 F1 B1 C1 D9 8F 4E
2026-10-09 21:25:29,222 RX 83 F1 B1 C1 D9 8F 4E
2026-10-09 21:25:29,222 RX 83 F1 B1 C1 D9 8F 4E
2026-10-09 21:25:29,222 RX 83 F1 B1 C1 D9 8F 4E
2026-10-09 21:25:29,222 RX 83 F1 B1 C1 D9 8F 4E
2026-10-09 21:25:29,222 RX 83 F1 B1 C1 D9 8F 4E
2026-10-09 21:25:29,222 RX 83 F1 B1 C1 D9 8F 4E
2026-10-09 21:25:29,222 RX 83 F1 B1 C1 D9 8F 4E
2026-10-09 21:25:29,222 RX 83 F1 B1 C1 D9 8F 4E
2026-10-09 21:25:29,222 RX 83 F1 B1 C1 D9 8F 4E
2026-10-09 21:25:29,222 RX 83 F1 B1 C1 D9 8F 4E
2026-10-09 21:25:29,222 RX 83 F1 B1 C1 D9 8F 4E
2026-10-09 21:25:29,222 RX 83 F1 B1 C1 D9 8F 4E
2026-10-09 21:25:29,222 RX 83 F1 B1 C1 D9 8F 4E
2026-10-09 21:25:29,222 RX 83 F1 B1 C1 D9 8F 4E
2026-10-09 21:25:29,222 RX 83 F1 B1 C1 D9 8F 4E
2026-10-09 21:25:29,222 RX 83 F1 B1 C1 D9 8F 4E
2026-10-09 21:25:29,222 RX 83 F1 B1 C1 D9 8F 4E
2026-10-09 21:25:29,222 RX 83 F1 B1 C1 D9 8F 4E
2026-10-09 21:25:29,222 RX 83 F1 B1 C1 D9 8F 4E
2026-10-09 21:25:29,222 RX 83 F1 B1 C1 D9 8F 4E
2026-10-09 21:25:29,222 RX 83 F1 B1 C1 D9 8F 4E
2026-10-09 21:25:29,222 RX 83 F1 B1 C1 D9 8F 4E
2026-10-09 21:25:29,222 RX 83 F1 B1 C1 D9 8F 4E
2026-10-09 21:25:29,222 RX 83 F1 B1 C1 D9 8F 4E
2026-10-09 21:25:29,222 RX 83 F1 B1 C1 D9 8F 4E
2026-10-09 21:25:29,222 RX 83 F1 B1 C1 D9 8F 4E
2026-10-09 21:25:29,222 RX 83 F1 B1 C1 D9 8F 4E
2026-10-09 21:25:29,222 RX 83 F1 B1 C1 D9 8F 4E
2026-10-09 21:25:29,222 RX 83 F1 B1 C1 D9 8F 4E
2026-10-09 21:25:29,222 RX 83 F1 B1 C1 D9 8F 4E
2026-10-09 21:25:29,222 RX 83 F1 B1 C1 D9 8F 4E
2026-10-09 21:25:29,222 RX 83 F1 B1 C1 D9 8F 4E
2026-10-09 21:25:29,222 RX 83 F1 B1 C1 D9 8F 4E
2026-10-09 21:25:29,222 RX 83 F1 B1 C1 D9 8F 4E
2026-10-09 21:25:29,222 RX 83 F1 B1 C1 D9 8F 4E
2026-10-09 21:25:29,222 RX 83 F1 B1 C1 D9 8F 4E
2026-10-09 21:25:29,222 RX 83 F1 B1 C1 D9 8F 4E
2026-10-09 21:25:29,222 RX 83 F1 B1 C1 D9 8F 4E
2026-10-09 21:25:29,222 RX 83 F1 B1 C1 D9 8F 4E
2026-10-09 21:25:29,222 RX 83 F1 B1 C1 D9 8F 4E
2026-10-09 21:25:29,222 RX 83 F1 B1 C1 D9 8F 4E
2026-10-09 21:25:29,222 RX 83 F1 B1 C1 D9 8F 4E
2026-10-09 21:25:29,223 RX 83 F1 B1 C1 D9 8F 4E
2026-10-09 21:25:29,223 RX 83 F1 B1 C1 D9 8F 4E
2026-10-09 21:25:29,223 RX 83 F1 B1 C1 D9 8F 4E
2026-10-09 21:25:29,223 RX 83 F1 B1 C1 D9 8F 4E
2026-10-09 21:25:29,223 RX 83 F1 B1 C1 D9 8F 4E
2026-10-09 21:25:29,223 RX 83 F1 B1 C1 D9 8F 4E
2026-10-09 21:25:29,223 RX 83 F1 B1 C1 D9 8F 4E
2026-10-09 21:25:29,223 RX 83 F1 B1 C1 D9 8F 4E
2026-10-09 21:25:29,223 RX 83 F1 B1 C1 D9 8F 4E
2026-10-09 21:25:29,223 RX 83 F1 B1 C1 D9 8F 4E
2026-10-09 21:25:29,223 RX 83 F1 B1 C1 D9 8F 4E
2026-10-09 21:25:29,223 RX 83 F1 B1 C1 D9 8F 4E
2026-10-09 21:25:29,223 RX 83 F1 B1 C1 D9 8F 4E
2026-10-09 21:25:29,223 RX 83 F1 B1 C1 D9 8F 4E
2026-10-09 21:25:29,223 RX 83 F1 B1 C1 D9 8F 4E
2026-10-09 21:25:29,223 RX 83 F1 B1 C1 D9 8F 4E
2026-10-09 21:25:29,223 RX 83 F1 B1 C1 D9 8F 4E
2026-10-09 21:25:29,223 RX 83 F1 B1 C1 D9 8F 4E
2026-10-09 21:25:29,223 RX 83 F1 B1 C1 D9 8F 4E
2026-10-09 21:25:29,223 RX 83 F1 B1 C1 D9 8F 4E
2026-10-09 21:25:29,223 RX 83 F1 B1 C1 D9 8F 4E
2026-10-09 21:25:29,223 RX 83 F1 B1 C1 D9 8F 4E
2026-10-09 21:25:29,223 RX 83 F1 B1 C1 D9 8F 4E
2026-10-09 21:25:29,223 RX 83 F1 B1 C1 D9 8F 4E
2026-10-09 21:25:29,223 RX 83 F1 B1 C1 D9 8F 4E
2026-10-09 21:25:29,223 RX 83 F1 B1 C1 D9 8F 4E
2026-10-09 21:25:29,223 RX 83 F1 B1 C1 D9 8F 4E
2026-10-09 21:25:29,223 RX 83 F1 B1 C1 D9 8F 4E
2026-10-09 21:25:29,223 RX 83 F1 B1 C1 D9 8F 4E
2026-10-09 21:25:29,223 RX 83 F1 B1 C1 D9 8F 4E
2026-10-09 21:25:29,223 RX 83 F1 B1 C1 D9 8F 4E
2026-10-09 21:25:29,223 RX 83 F1 B1 C1 D9 8F 4E
2026-10-09 21:25:29,223 RX 83 F1 B1 C1 D9 8F 4E
2026-10-09 21:25:29,223 RX 83 F1 B1 C1 D9 8F 4E
2026-10-09 21:25:29,223 RX 83 F1 B1 C1 D9 8F 4E
2026-10-09 21:25:29,223 RX 83 F1 B1 C1 D9 8F 4E
2026-10-09 21:25:29,223 RX 83 F1 B1 C1 D9 8F 4E
2026-10-09 21:25:29,223 RX 83 F1 B1 C1 D9 8F 4E
2026-10-09 21:25:29,223 RX 83 F1 B1 C1 D9 8F 4E
2026-10-09 21:25:29,223 RX 83 F1 B1 C1 D9 8F 4E
2026-10-09 21:25:29,223 RX 83 F1 B1 C1 D9 8F 4E
2026-10-09 21:25:29,223 RX 83 F1 B1 C1 D9 8F 4E
2026-10-09 21:25:29,223 RX 83 F1 B1 C1 D9 8F 4E
2026-10-09 21:25:29,223 RX 83 F1 B1 C1 D9 8F 4E
2026-10-09 21:25:29,224 RX 83 F1 B1 C1 D9 8F 4E
2026-10-09 21:25:29,224 RX 83 F1 B1 C1 D9 8F 4E
2026-10-09 21:25:29,224 RX 83 F1 B1 C1 D9 8F 4E
2026-10-09 21:25:29,224 RX 83 F1 B1 C1 D9 8F 4E
2026-10-09 21:25:29,224 RX 83 F1 B1 C1 D9 8F 4E
2026-10-09 21:25:29,224 RX 83 F1 B1 C1 D9 8F 4E
2026-10-09 21:25:29,224 RX 83 F1 B1 C1 D9 8F 4E
2026-10-09 21:25:29,224 RX 83 F1 B1 C1 D9 8F 4E
2026-10-09 21:25:29,224 RX 83 F1 B1 C1 D9 8F 4E
2026-10-09 21:25:29,224 RX 83 F1 B1 C1 D9 8F 4E
2026-10-09 21:25:29,224 RX 83 F1 B1 C1 D9 8F 4E
2026-10-09 21:25:29,224 RX 83 F1 B1 C1 D9 8F 4E
2026-10-09 21:25:29,224 RX 83 F1 B1 C1 D9 8F 4E
2026-10-09 21:25:29,224 RX 83 F1 B1 C1 D9 8F 4E
2026-10-09 21:25:29,224 RX 83 F1 B1 C1 D9 8F 4E
2026-10-09 21:25:29,224 RX 83 F1 B1 C1 D9 8F 4E
2026-10-09 21:25:29,224 RX 83 F1 B1 C1 D9 8F 4E
2026-10-09 21:25:29,224 RX 83 F1 B1 C1 D9 8F 4E
2026-10-09 21:25:29,224 RX 83 F1 B1 C1 D9 8F 4E
2026-10-09 21:25:29,224 RX 83 F1 B1 C1 D9 8F 4E
2026-10-09 21:25:29,224 RX 83 F1 B1 C1 D9 8F 4E
2026-10-09 21:25:29,224 RX 83 F1 B1 C1 D9 8F 4E
2026-10-09 21:25:29,224 RX 83 F1 B1 C1 D9 8F 4E
2026-10-09 21:25:29,224 RX 83 F1 B1 C1 D9 8F 4E
2026-10-09 21:25:29,224 RX 83 F1 B1 C1 D9 8F 4E
2026-10-09 21:25:29,224 RX 83 F1 B1 C1 D9 8F 4E
2026-10-09 21:25:29,224 RX 83 F1 B1 C1 D9 8F 4E
2026-10-09 21:25:29,224 RX 83 F1 B1 C1 D9 8F 4E
2026-10-09 21:25:29,224 RX 83 F1 B1 C1 D9 8F 4E
2026-10-09 21:25:29,225 RX 83 F1 B1 C1 D9 8F 4E
2026-10-09 21:25:29,225 RX 83 F1 B1 C1 D9 8F 4E
2026-10-09 21:25:29,225 RX 83 F1 B1 C1 D9 8F 4E
2026-10-09 21:25:29,225 RX 83 F1 B1 C1 D9 8F 4E
2026-10-09 21:25:29,225 RX 83 F1 B1 C1 D9 8F 4E
2026-10-09 21:25:29,225 RX 83 F1 B1 C1 D9 8F 4E
2026-10-09 21:25:29,225 RX 83 F1 B1 C1 D9 8F 4E
2026-10-09 21:25:29,225 RX 83 F1 B1 C1 D9 8F 4E
2026-10-09 21:25:29,225 RX 83 F1 B1 C1 D9 8F 4E
2026-10-09 21:25:29,225 RX 83 F1 B1 C1 D9 8F 4E
2026-10-09 21:25:29,225 RX 83 F1 B1 C1 D9 8F 4E
2026-10-09 21:25:29,225 RX 83 F1 B1 C1 D9 8F 4E
2026-10-09 21:25:29,225 RX 83 F1 B1 C1 D9 8F 4E
2026-10-09 21:25:29,225 RX 83 F1 B1 C1 D9 8F 4E
2026-10-09 21:25:29,225 RX 83 F1 B1 C1 D9 8F 4E
2026-10-09 21:25:29,225 RX 83 F1 B1 C1 D9 8F 4E
2026-10-09 21:25:29,225 RX 83 F1 B1 C1 D9 8F 4E
2026-10-09 21:25:29,225 RX 83 F1 B1 C1 D9 8F 4E
2026-10-09 21:25:29,225 RX 83 F1 B1 C1 D9 8F 4E
2026-10-09 21:25:29,225 RX 83 F1 B1 C1 D9 8F 4E
2026-10-09 21:25:29,225 RX 83 F1 B1 C1 D9 8F 4E
2026-10-09 21:25:29,225 RX 83 F1 B1 C1 D9 8F 4E
2026-10-09 21:25:29,225 RX 83 F1 B1 C1 D9 8F 4E
2026-10-09 21:25:29,225 RX 83 F1 B1 C1 D9 8F 4E
2026-10-09 21:25:29,225 RX 83 F1 B1 C1 D9 8F 4E
2026-10-09 21:25:29,225 RX 83 F1 B1 C1 D9 8F 4E
2026-10-09 21:25:29,225 RX 83 F1 B1 C1 D9 8F 4E
2026-10-09 21:25:29,225 RX 83 F1 B1 C1 D9 8F 4E
2026-10-09 21:25:29,225 RX 83 F1 B1 C1 D9 8F 4E
2026-10-09 21:25:29,225 RX 83 F1 B1 C1 D9 8F 4E
2026-10-09 21:25:29,225 RX 83 F1 B1 C1 D9 8F 4E
2026-10-09 21:25:29,225 RX 83 F1 B1 C1 D9 8F 4E
2026-10-09 21:25:29,225 RX 83 F1 B1 C1 D9 8F 4E
2026-10-09 21:25:29,225 RX 83 F1 B1 C1 D9 8F 4E
2026-10-09 21:25:29,225 RX 83 F1 B1 C1 D9 8F 4E
2026-10-09 21:25:29,225 RX 83 F1 B1 C1 D9 8F 4E
2026-10-09 21:25:29,225 RX 83 F1 B1 C1 D9 8F 4E
2026-10-09 21:25:29,225 RX 83 F1 B1 C1 D9 8F 4E
2026-10-09 21:25:29,225 RX 83 F1 B1 C1 D9 8F 4E
2026-10-09 21:25:29,225 RX 83 F1 B1 C1 D9 8F 4E
2026-10-09 21:25:29,225 RX 83 F1 B1 C1 D9 8F 4E
2026-10-09 21:25:29,225 RX 83 F1 B1 C1 D9 8F 4E
2026-10-09 21:25:29,225 RX 83 F1 B1 C1 D9 8F 4E
2026-10-09 21:25:29,225 RX 83 F1 B1 C1 D9 8F 4E
2026-10-09 21:25:29,225 RX 83 F1 B1 C1 D9 8F 4E
2026-10-09 21:25:29,225 RX 83 F1 B1 C1 D9 8F 4E
2026-10-09 21:25:29,225 RX 83 F1 B1 C1 D9 8F 4E
2026-10-09 21:25:29,226 RX 83 F1 B1 C1 D9 8F 4E
2026-10-09 21:25:29,226 RX 83 F1 B1 C1 D9 8F 4E
2026-10-09 21:25:29,226 RX 83 F1 B1 C1 D9 8F 4E
2026-10-09 21:25:29,226 RX 83 F1 B1 C1 D9 8F 4E
2026-10-09 21:25:29,226 RX 83 F1 B1 C1 D9 8F 4E
2026-10-09 21:25:29,226 RX 83 F1 B1 C1 D9 8F 4E
2026-10-09 21:25:29,226 RX 83 F1 B1 C1 D9 8F 4E
2026-10-09 21:25:29,226 RX 83 F1 B1 C1 D9 8F 4E
2026-10-09 21:25:29,226 RX 83 F1 B1 C1 D9 8F 4E
2026-10-09 21:25:29,226 RX 83 F1 B1 C1 D9 8F 4E
2026-10-09 21:25:29,226 RX 83 F1 B1 C1 D9 8F 4E
2026-10-09 21:25:29,226 RX 83 F1 B1 C1 D9 8F 4E
2026-10-09 21:25:29,226 RX 83 F1 B1 C1 D9 8F 4E
2026-10-09 21:25:29,226 RX 83 F1 B1 C1 D9 8F 4E
2026-10-09 21:25:29,226 RX 83 F1 B1 C1 D9 8F 4E
2026-10-09 21:25:29,226 RX 83 F1 B1 C1 D9 8F 4E
2026-10-09 21:25:29,226 RX 83 F1 B1 C1 D9 8F 4E
2026-10-09 21:25:29,226 RX 83 F1 B1 C1 D9 8F 4E
2026-10-09 21:25:29,226 RX 83 F1 B1 C1 D9 8F 4E
2026-10-09 21:25:29,226 RX 83 F1 B1 C1 D9 8F 4E
2026-10-09 21:25:29,226 RX 83 F1 B1 C1 D9 8F 4E
2026-10-09 21:25:29,226 RX 83 F1 B1 C1 D9 8F 4E
2026-10-09 21:25:29,226 RX 83 F1 B1 C1 D9 8F 4E
2026-10-09 21:25:29,226 RX 83 F1 B1 C1 D9 8F 4E
2026-10-09 21:25:29,226 RX 83 F1 B1 C1 D9 8F 4E
2026-10-09 21:25:29,226 RX 83 F1 B1 C1 D9 8F 4E
2026-10-09 21:25:29,226 RX 83 F1 B1 C1 D9 8F 4E
2026-10-09 21:25:29,226 RX 83 F1 B1 C1 D9 8F 4E
2026-10-09 21:25:29,226 RX 83 F1 B1 C1 D9 8F 4E
2026-10-09 21:25:29,226 RX 83 F1 B1 C1 D9 8F 4E
2026-10-09 21:25:29,226 RX 83 F1 B1 C1 D9 8F 4E
2026-10-09 21:25:29,226 RX 83 F1 B1 C1 D9 8F 4E
2026-10-09 21:25:29,226 RX 83 F1 B1 C1 D9 8F 4E
2026-10-09 21:25:29,226 RX 83 F1 B1 C1 D9 8F 4E
2026-10-09 21:25:29,226 RX 83 F1 B1 C1 D9 8F 4E
2026-10-09 21:25:29,226 RX 83 F1 B1 C1 D9 8F 4E
2026-10-09 21:25:29,226 RX 83 F1 B1 C1 D9 8F 4E
2026-10-09 21:25:29,226 RX 83 F1 B1 C1 D9 8F 4E
2026-10-09 21:25:29,226 RX 83 F1 B1 C1 D9 8F 4E
2026-10-09 21:25:29,226 RX 83 F1 B1 C1 D9 8F 4E
2026-10-09 21:25:29,226 RX 83 F1 B1 C1 D9 8F 4E
2026-10-09 21:25:29,226 RX 83 F1 B1 C1 D9 8F 4E
2026-10-09 21:25:29,226 RX 83 F1 B1 C1 D9 8F 4E
2026-10-09 21:25:29,226 RX 83 F1 B1 C1 D9 8F 4E
2026-10-09 21:25:29,226 RX 83 F1 B1 C1 D9 8F 4E
2026-10-09 21:25:29,226 RX 83 F1 B1 C1 D9 8F 4E
2026-10-09 21:25:29,226 RX 83 F1 B1 C1 D9 8F 4E
2026-10-09 21:25:29,226 RX 83 F1 B1 C1 D9 8F 4E
2026-10-09 21:25:29,226 RX 83 F1 B1 C1 D9 8F 4E
2026-10-09 21:25:29,226 RX 83 F1 B1 C1 D9 8F 4E
2026-10-09 21:25:29,226 RX 83 F1 B1 C1 D9 8F 4E
2026-10-09 21:25:29,227 RX 83 F1 B1 C1 D9 8F 4E
2026-10-09 21:25:29,227 RX 83 F1 B1 C1 D9 8F 4E
2026-10-09 21:25:29,227 RX 83 F1 B1 C1 D9 8F 4E
2026-10-09 21:25:29,227 RX 83 F1 B1 C1 D9 8F 4E
2026-10-09 21:25:29,227 RX 83 F1 B1 C1 D9 8F 4E
2026-10-09 21:25:29,227 RX 83 F1 B1 C1 D9 8F 4E
2026-10-09 21:25:29,227 RX 83 F1 B1 C1 D9 8F 4E
2026-10-09 21:25:29,227 RX 83 F1 B1 C1 D9 8F 4E
2026-10-09 21:25:29,227 RX 83 F1 B1 C1 D9 8F 4E
2026-10-09 21:25:29,227 RX 83 F1 B1 C1 D9 8F 4E
2026-10-09 21:25:29,227 RX 83 F1 B1 C1 D9 8F 4E
2026-10-09 21:25:29,227 RX 83 F1 B1 C1 D9 8F 4E
2026-10-09 21:25:29,227 RX 83 F1 B1 C1 D9 8F 4E
2026-10-09 21:25:29,227 RX 83 F1 B1 C1 D9 8F 4E
2026-10-09 21:25:29,227 RX 83 F1 B1 C1 D9 8F 4E
2026-10-09 21:25:29,227 RX 83 F1 B1 C1 D9 8F 4E
2026-10-09 21:25:29,227 RX 83 F1 B1 C1 D9 8F 4E
2026-10-09 21:25:29,227 RX 83 F1 B1 C1 D9 8F 4E
2026-10-09 21:25:29,227 RX 83 F1 B1 C1 D9 8F 4E
2026-10-09 21:25:29,227 RX 83 F1 B1 C1 D9 8F 4E
2026-10-09 21:25:29,227 RX 83 F1 B1 C1 D9 8F 4E
2026-10-09 21:25:29,239 RX 83 F1 B1 C1 D9 8F 4E
2026-10-09 21:25:29,240 RX 83 F1 B1 C1 D9 8F 4E
2026-10-09 21:25:29,240 RX 83 F1 B1 C1 D9 8F 4E
2026-10-09 21:25:29,240 RX 83 F1 B1 C1 D9 8F 4E
2026-10-09 21:25:29,240 RX 83 F1 B1 C1 D9 8F 4E
2026-10-09 21:25:29,240 RX 83 F1 B1 C1 D9 8F 4E
2026-10-09 21:25:29,240 RX_ECHO ignored
2026-10-09 21:25:30,173 RX_TIMEOUT service=21 partial=00 80 B1 F1 81 A4
2026-10-09 21:25:30,174 PROBE failed: no positive parameter response
